[
  {
    "taluk_code": "01",
    "taluk_lgd_code": "5731",
    "taluk_english_name": "Villupuram",
    "taluk_tamil_name": "விழுப்புரம்"
  },
  {
    "taluk_code": "02",
    "taluk_lgd_code": "5730",
    "taluk_english_name": "Vanur",
    "taluk_tamil_name": "வானூா்"
  },
  {
    "taluk_code": "03",
    "taluk_lgd_code": "5729",
    "taluk_english_name": "Tindivanamm",
    "taluk_tamil_name": "திண்டிவனம்"
  },
  {
    "taluk_code": "04",
    "taluk_lgd_code": "5728",
    "taluk_english_name": "Gingee",
    "taluk_tamil_name": "செஞ்சி"
  },
  {
    "taluk_code": "10",
    "taluk_lgd_code": "5978",
    "taluk_english_name": "Vikravandi",
    "taluk_tamil_name": "விக்கிரவாண்டி"
  },
  {
    "taluk_code": "11",
    "taluk_lgd_code": "6650",
    "taluk_english_name": "Marakkanam",
    "taluk_tamil_name": "மரக்காணம்"
  },
  {
    "taluk_code": "12",
    "taluk_lgd_code": "6651",
    "taluk_english_name": "Kandacheepuram",
    "taluk_tamil_name": "கண்டாச்சிபுரம்"
  },
  {
    "taluk_code": "13",
    "taluk_lgd_code": "6652",
    "taluk_english_name": "Melmalaiyanoor",
    "taluk_tamil_name": "மேல்மலையனூர்"
  },
  {
    "taluk_code": "14",
    "taluk_lgd_code": "7053",
    "taluk_english_name": "Thiruvennainallur",
    "taluk_tamil_name": "திருவெண்ணைநல்லூர்"
  }
]
