[
  {
    "taluk_code": "01",
    "taluk_lgd_code": "5967",
    "taluk_english_name": "Tiruppur North",
    "taluk_tamil_name": "திருப்பூர் வடக்கு"
  },
  {
    "taluk_code": "02",
    "taluk_lgd_code": "5903",
    "taluk_english_name": "Avinashi",
    "taluk_tamil_name": "அவிநாசி"
  },
  {
    "taluk_code": "03",
    "taluk_lgd_code": "5905",
    "taluk_english_name": "Palladam",
    "taluk_tamil_name": "பல்லடம்"
  },
  {
    "taluk_code": "04",
    "taluk_lgd_code": "5902",
    "taluk_english_name": "Dharapuram",
    "taluk_tamil_name": "தாராபுரம்"
  },
  {
    "taluk_code": "05",
    "taluk_lgd_code": "5901",
    "taluk_english_name": "Kangayam",
    "taluk_tamil_name": "காங்கயம்"
  },
  {
    "taluk_code": "06",
    "taluk_lgd_code": "5906",
    "taluk_english_name": "Udumalaipettai",
    "taluk_tamil_name": "உடுமலைப்பேட்டை"
  },
  {
    "taluk_code": "07",
    "taluk_lgd_code": "5907",
    "taluk_english_name": "Madathukulam",
    "taluk_tamil_name": "மடத்துக்குளம்"
  },
  {
    "taluk_code": "08",
    "taluk_lgd_code": "5968",
    "taluk_english_name": "Tiruppur South",
    "taluk_tamil_name": "திருப்பூர் தெற்கு"
  },
  {
    "taluk_code": "09",
    "taluk_lgd_code": "6616",
    "taluk_english_name": "Uthukkuli",
    "taluk_tamil_name": "ஊத்துக்குளி"
  }
]
