[
  {
    "taluk_code": "11",
    "taluk_lgd_code": "5705",
    "taluk_english_name": "Sholinganallur",
    "taluk_tamil_name": "சோழிங்கநல்லூர்"
  },
  {
    "taluk_code": "12",
    "taluk_lgd_code": "5704",
    "taluk_english_name": "Alandur",
    "taluk_tamil_name": "ஆலந்தூர்"
  },
  {
    "taluk_code": "13",
    "taluk_lgd_code": "5981",
    "taluk_english_name": "Maduravoyal",
    "taluk_tamil_name": "மதுரவாயல்"
  },
  {
    "taluk_code": "15",
    "taluk_lgd_code": "5701",
    "taluk_english_name": "Madhavaram",
    "taluk_tamil_name": "மாதவரம்"
  },
  {
    "taluk_code": "16",
    "taluk_lgd_code": "5982",
    "taluk_english_name": "Thiruvottiyur",
    "taluk_tamil_name": "திருவொற்றியூர்"
  }
]
