[
  {
    "taluk_code": "01",
    "taluk_lgd_code": "5727",
    "taluk_english_name": "Tiruvannamalai",
    "taluk_tamil_name": "திருவண்ணாமலை"
  },
  {
    "taluk_code": "02",
    "taluk_lgd_code": "5724",
    "taluk_english_name": "Polur",
    "taluk_tamil_name": "போளுர்"
  },
  {
    "taluk_code": "03",
    "taluk_lgd_code": "5725",
    "taluk_english_name": "Chengam",
    "taluk_tamil_name": "செங்கம்"
  },
  {
    "taluk_code": "04",
    "taluk_lgd_code": "5722",
    "taluk_english_name": "Cheyyar",
    "taluk_tamil_name": "செய்யார்"
  },
  {
    "taluk_code": "05",
    "taluk_lgd_code": "5721",
    "taluk_english_name": "Arani",
    "taluk_tamil_name": "ஆரணி"
  },
  {
    "taluk_code": "06",
    "taluk_lgd_code": "5723",
    "taluk_english_name": "Vandavasi",
    "taluk_tamil_name": "வந்தவாசி"
  },
  {
    "taluk_code": "07",
    "taluk_lgd_code": "5726",
    "taluk_english_name": "Thandarampattu",
    "taluk_tamil_name": "தண்டராம்பட்டு"
  },
  {
    "taluk_code": "08",
    "taluk_lgd_code": "5959",
    "taluk_english_name": "Kalasapakkam",
    "taluk_tamil_name": "கலசபாக்கம்"
  },
  {
    "taluk_code": "09",
    "taluk_lgd_code": "6617",
    "taluk_english_name": "Chetpet",
    "taluk_tamil_name": "சேத்துப்பட்டு"
  },
  {
    "taluk_code": "10",
    "taluk_lgd_code": "6624",
    "taluk_english_name": "Vembakkam",
    "taluk_tamil_name": "வெம்பாக்கம்"
  },
  {
    "taluk_code": "11",
    "taluk_lgd_code": "6630",
    "taluk_english_name": "Kilpennathur",
    "taluk_tamil_name": "கீழ்பென்னாத்தூர்"
  },
  {
    "taluk_code": "12",
    "taluk_lgd_code": "6631",
    "taluk_english_name": "Jamunamarathoor",
    "taluk_tamil_name": "ஜமுனாமரத்தூர்"
  }
]
