[
  {
    "taluk_code": "03",
    "taluk_lgd_code": "5871",
    "taluk_english_name": "Sankarankovil",
    "taluk_tamil_name": "சங்கரன்கோவில்"
  },
  {
    "taluk_code": "04",
    "taluk_lgd_code": "5873",
    "taluk_english_name": "Tenkasi",
    "taluk_tamil_name": "தென்காசி"
  },
  {
    "taluk_code": "05",
    "taluk_lgd_code": "5870",
    "taluk_english_name": "Sivagiri",
    "taluk_tamil_name": "சிவகிரி"
  },
  {
    "taluk_code": "06",
    "taluk_lgd_code": "5874",
    "taluk_english_name": "Shencottai",
    "taluk_tamil_name": "செங்கோட்டை"
  },
  {
    "taluk_code": "10",
    "taluk_lgd_code": "5872",
    "taluk_english_name": "Veerakeralampudur",
    "taluk_tamil_name": "வீரகேரளம்புதூர்"
  },
  {
    "taluk_code": "11",
    "taluk_lgd_code": "5875",
    "taluk_english_name": "Alangulam",
    "taluk_tamil_name": "ஆலங்குளம்"
  },
  {
    "taluk_code": "12",
    "taluk_lgd_code": "6639",
    "taluk_english_name": "Kadayanallur",
    "taluk_tamil_name": "கடையநல்லூர்"
  },
  {
    "taluk_code": "13",
    "taluk_lgd_code": "6642",
    "taluk_english_name": "Thiruvengadam",
    "taluk_tamil_name": "திருவேங்கடம்"
  }
]
