[
  {
    "taluk_code": "01",
    "taluk_lgd_code": "5876",
    "taluk_english_name": "Tirunelveli",
    "taluk_tamil_name": "திருநெல்வேலி"
  },
  {
    "taluk_code": "02",
    "taluk_lgd_code": "5877",
    "taluk_english_name": "Palayamkottai",
    "taluk_tamil_name": "பாளையங்கோட்டை"
  },
  {
    "taluk_code": "07",
    "taluk_lgd_code": "5878",
    "taluk_english_name": "Ambasamudram",
    "taluk_tamil_name": "அம்பாசமுத்திரம்"
  },
  {
    "taluk_code": "08",
    "taluk_lgd_code": "5879",
    "taluk_english_name": "Nanguneri",
    "taluk_tamil_name": "நாங்குநேரி"
  },
  {
    "taluk_code": "09",
    "taluk_lgd_code": "5880",
    "taluk_english_name": "Radhapuram",
    "taluk_tamil_name": "இராதாபுரம்"
  },
  {
    "taluk_code": "14",
    "taluk_lgd_code": "6647",
    "taluk_english_name": "Manur",
    "taluk_tamil_name": "மானூர்"
  },
  {
    "taluk_code": "15",
    "taluk_lgd_code": "6648",
    "taluk_english_name": "Cheranmahadevi",
    "taluk_tamil_name": "சேரன்மகாதேவி"
  },
  {
    "taluk_code": "16",
    "taluk_lgd_code": "6649",
    "taluk_english_name": "Thisayanvilai",
    "taluk_tamil_name": "திசையன்விளை"
  }
]
