[
  {
    "taluk_code": "05",
    "taluk_lgd_code": "5891",
    "taluk_english_name": "Krishnagiri",
    "taluk_tamil_name": "கிருஷ்ணகிரி"
  },
  {
    "taluk_code": "06",
    "taluk_lgd_code": "6613",
    "taluk_english_name": "Bargur",
    "taluk_tamil_name": "பர்கூர்"
  },
  {
    "taluk_code": "07",
    "taluk_lgd_code": "5894",
    "taluk_english_name": "Uthangarai",
    "taluk_tamil_name": "ஊத்தங்கரை"
  },
  {
    "taluk_code": "08",
    "taluk_lgd_code": "5893",
    "taluk_english_name": "Pochampalli",
    "taluk_tamil_name": "போச்சம்பள்ளி"
  },
  {
    "taluk_code": "09",
    "taluk_lgd_code": "5890",
    "taluk_english_name": "Hosur",
    "taluk_tamil_name": "ஓசூர்"
  },
  {
    "taluk_code": "10",
    "taluk_lgd_code": "5892",
    "taluk_english_name": "Denkanikotta",
    "taluk_tamil_name": "டெங்கனிகோட்டா"
  },
  {
    "taluk_code": "11",
    "taluk_lgd_code": "6641",
    "taluk_english_name": "Shoolagiri",
    "taluk_tamil_name": "சூளகிரி"
  },
  {
    "taluk_code": "12",
    "taluk_lgd_code": "6662",
    "taluk_english_name": "Anchetty",
    "taluk_tamil_name": "அஞ்செட்டி"
  }
]
