[
  {
    "taluk_code": "01",
    "taluk_lgd_code": "5756",
    "taluk_english_name": "Udhagai",
    "taluk_tamil_name": "உதகை"
  },
  {
    "taluk_code": "02",
    "taluk_lgd_code": "5758",
    "taluk_english_name": "Coonoor",
    "taluk_tamil_name": "குன்னூர்"
  },
  {
    "taluk_code": "03",
    "taluk_lgd_code": "5757",
    "taluk_english_name": "Kotagiri",
    "taluk_tamil_name": "கோத்தகிர"
  },
  {
    "taluk_code": "04",
    "taluk_lgd_code": "5755",
    "taluk_english_name": "Gudalur",
    "taluk_tamil_name": "கூடலூர்"
  },
  {
    "taluk_code": "05",
    "taluk_lgd_code": "5759",
    "taluk_english_name": "Kundah",
    "taluk_tamil_name": "குந்தா"
  },
  {
    "taluk_code": "06",
    "taluk_lgd_code": "5754",
    "taluk_english_name": "Pandalur",
    "taluk_tamil_name": "பந்தலுார்"
  }
]
