[
  {
    "taluk_code": "04",
    "taluk_lgd_code": "5798",
    "taluk_english_name": "Tharangambadi",
    "taluk_tamil_name": "தரங்கம்பாடி"
  },
  {
    "taluk_code": "05",
    "taluk_lgd_code": "5796",
    "taluk_english_name": "Mayiladuthurai",
    "taluk_tamil_name": "மயிலாடுதுறை"
  },
  {
    "taluk_code": "06",
    "taluk_lgd_code": "5795",
    "taluk_english_name": "Sirkazhi",
    "taluk_tamil_name": "சீர்காழி"
  },
  {
    "taluk_code": "08",
    "taluk_lgd_code": "5797",
    "taluk_english_name": "Kuthalam",
    "taluk_tamil_name": "குத்தாலம"
  }
]
