[
  {
    "taluk_code": "02",
    "taluk_lgd_code": "5976",
    "taluk_english_name": "Kunnam",
    "taluk_tamil_name": "குன்னம்"
  },
  {
    "taluk_code": "03",
    "taluk_lgd_code": "5973",
    "taluk_english_name": "Perambalur",
    "taluk_tamil_name": "பெரம்பலூர்"
  },
  {
    "taluk_code": "06",
    "taluk_lgd_code": "5974",
    "taluk_english_name": "Veppanthattai",
    "taluk_tamil_name": "வேப்பந்தட்டை"
  },
  {
    "taluk_code": "07",
    "taluk_lgd_code": "5951",
    "taluk_english_name": "Alathur",
    "taluk_tamil_name": "ஆலத்தூர்"
  }
]
