[
  {
    "taluk_code": "06",
    "taluk_lgd_code": "5718",
    "taluk_english_name": "Vaniyambadi",
    "taluk_tamil_name": "வாணியம்பாடி"
  },
  {
    "taluk_code": "07",
    "taluk_lgd_code": "5720",
    "taluk_english_name": "Tirupathur",
    "taluk_tamil_name": "திருப்பத்தூர்"
  },
  {
    "taluk_code": "09",
    "taluk_lgd_code": "5719",
    "taluk_english_name": "Ambur",
    "taluk_tamil_name": "ஆம்பூர்"
  },
  {
    "taluk_code": "11",
    "taluk_lgd_code": "5963",
    "taluk_english_name": "Natarampalli",
    "taluk_tamil_name": "நாட்றம்பள்ளி"
  }
]
