[
  {
    "taluk_code": "01",
    "taluk_lgd_code": "5866",
    "taluk_english_name": "Thoothukudi",
    "taluk_tamil_name": "தூத்துக்குடி"
  },
  {
    "taluk_code": "02",
    "taluk_lgd_code": "5868",
    "taluk_english_name": "Tiruchendur",
    "taluk_tamil_name": "திருச்செந்தூர்"
  },
  {
    "taluk_code": "03",
    "taluk_lgd_code": "5863",
    "taluk_english_name": "Ettayapuram",
    "taluk_tamil_name": "எட்டயபுரம்"
  },
  {
    "taluk_code": "04",
    "taluk_lgd_code": "5869",
    "taluk_english_name": "Sattankulam",
    "taluk_tamil_name": "சாத்தான்குளம்"
  },
  {
    "taluk_code": "05",
    "taluk_lgd_code": "5867",
    "taluk_english_name": "Srivaikundam",
    "taluk_tamil_name": "ஸ்ரீவைகுண்டம்"
  },
  {
    "taluk_code": "06",
    "taluk_lgd_code": "5862",
    "taluk_english_name": "Kovilpatti",
    "taluk_tamil_name": "கோவில்பட்டி"
  },
  {
    "taluk_code": "07",
    "taluk_lgd_code": "5864",
    "taluk_english_name": "Vilathikulam",
    "taluk_tamil_name": "விளாத்திகுளம்"
  },
  {
    "taluk_code": "08",
    "taluk_lgd_code": "5865",
    "taluk_english_name": "Ottapidaram",
    "taluk_tamil_name": "ஓட்டப்பிடாரம்"
  },
  {
    "taluk_code": "09",
    "taluk_lgd_code": "6628",
    "taluk_english_name": "Kayathar",
    "taluk_tamil_name": "கயத்தார்"
  },
  {
    "taluk_code": "10",
    "taluk_lgd_code": "6633",
    "taluk_english_name": "Eral",
    "taluk_tamil_name": "ஏரல்"
  }
]
