[
  {
    "taluk_code": "01",
    "taluk_lgd_code": "5806",
    "taluk_english_name": "Thiruvarur",
    "taluk_tamil_name": "திருவாரூர்"
  },
  {
    "taluk_code": "02",
    "taluk_lgd_code": "5805",
    "taluk_english_name": "Nannilam",
    "taluk_tamil_name": "நன்னிலம்"
  },
  {
    "taluk_code": "03",
    "taluk_lgd_code": "5804",
    "taluk_english_name": "Kudavasal",
    "taluk_tamil_name": "குடவாசல்"
  },
  {
    "taluk_code": "04",
    "taluk_lgd_code": "5803",
    "taluk_english_name": "Valangaiman",
    "taluk_tamil_name": "வலங்கைமான்"
  },
  {
    "taluk_code": "05",
    "taluk_lgd_code": "5807",
    "taluk_english_name": "Needamangalam",
    "taluk_tamil_name": "நீடாமங்கலம்"
  },
  {
    "taluk_code": "06",
    "taluk_lgd_code": "5808",
    "taluk_english_name": "Mannargudi",
    "taluk_tamil_name": "மன்னார்குடி"
  },
  {
    "taluk_code": "07",
    "taluk_lgd_code": "5809",
    "taluk_english_name": "Thiruthuraipoondi",
    "taluk_tamil_name": "திருத்துறைப்பூண்டி"
  },
  {
    "taluk_code": "08",
    "taluk_lgd_code": "6627",
    "taluk_english_name": "Koothanallur",
    "taluk_tamil_name": "கூத்தாநல்லூர்"
  },
  {
    "taluk_code": "09",
    "taluk_lgd_code": "7408",
    "taluk_english_name": "Muthpettai",
    "taluk_tamil_name": "முத்துப்பேட்டை"
  }
]
