[
  {
    "taluk_code": "01",
    "taluk_lgd_code": "5814",
    "taluk_english_name": "Thanjavur",
    "taluk_tamil_name": "தஞ்சாவூர்"
  },
  {
    "taluk_code": "02",
    "taluk_lgd_code": "5813",
    "taluk_english_name": "Thiruvaiyaru",
    "taluk_tamil_name": "திருவையாறு"
  },
  {
    "taluk_code": "03",
    "taluk_lgd_code": "5815",
    "taluk_english_name": "Orathanad",
    "taluk_tamil_name": "ஒரத்தநாடு"
  },
  {
    "taluk_code": "04",
    "taluk_lgd_code": "5810",
    "taluk_english_name": "Thiruvidaimarudur",
    "taluk_tamil_name": "திருவிடைமருதூர்"
  },
  {
    "taluk_code": "05",
    "taluk_lgd_code": "5811",
    "taluk_english_name": "Kumbakonam",
    "taluk_tamil_name": "கும்பகோணம்"
  },
  {
    "taluk_code": "06",
    "taluk_lgd_code": "5812",
    "taluk_english_name": "Papanasam",
    "taluk_tamil_name": "பாபநாசம்"
  },
  {
    "taluk_code": "07",
    "taluk_lgd_code": "5816",
    "taluk_english_name": "Pattukottai",
    "taluk_tamil_name": "பட்டுக்கோட்டை"
  },
  {
    "taluk_code": "08",
    "taluk_lgd_code": "5817",
    "taluk_english_name": "Peravurani",
    "taluk_tamil_name": "பேராவுரணி"
  },
  {
    "taluk_code": "09",
    "taluk_lgd_code": "5966",
    "taluk_english_name": "Budalur",
    "taluk_tamil_name": "புதலூர்"
  },
  {
    "taluk_code": "10",
    "taluk_lgd_code": "7406",
    "taluk_english_name": "Thiruvonam",
    "taluk_tamil_name": "திருவோணம்"
  }
]
