[
  {
    "taluk_code": "01",
    "taluk_lgd_code": "5787",
    "taluk_english_name": "Ariyalur",
    "taluk_tamil_name": "அரியலூர்"
  },
  {
    "taluk_code": "04",
    "taluk_lgd_code": "5785",
    "taluk_english_name": "Sendurai",
    "taluk_tamil_name": "செந்துறை"
  },
  {
    "taluk_code": "05",
    "taluk_lgd_code": "5786",
    "taluk_english_name": "Udayarpalayam",
    "taluk_tamil_name": "உடையார்பாளையம்"
  },
  {
    "taluk_code": "08",
    "taluk_lgd_code": "5983",
    "taluk_english_name": "Andimadam",
    "taluk_tamil_name": "ஆண்டிமடம்"
  }
]
