[
  {
    "taluk_code": "01",
    "taluk_lgd_code": "5821",
    "taluk_english_name": "Pudukkottai",
    "taluk_tamil_name": "புதுக்கோட்டை"
  },
  {
    "taluk_code": "02",
    "taluk_lgd_code": "5826",
    "taluk_english_name": "Aranthangi",
    "taluk_tamil_name": "அறந்தாங்கி"
  },
  {
    "taluk_code": "04",
    "taluk_lgd_code": "5822",
    "taluk_english_name": "Thirumayam",
    "taluk_tamil_name": "திருமயம்"
  },
  {
    "taluk_code": "05",
    "taluk_lgd_code": "5823",
    "taluk_english_name": "Ponnamaravathi",
    "taluk_tamil_name": "பொன்னமராவதி"
  },
  {
    "taluk_code": "09",
    "taluk_lgd_code": "5827",
    "taluk_english_name": "Manamelkudi",
    "taluk_tamil_name": "மணமேல்குடி"
  },
  {
    "taluk_code": "11",
    "taluk_lgd_code": "5819",
    "taluk_english_name": "Kulathur",
    "taluk_tamil_name": "குளத்தூர்"
  },
  {
    "taluk_code": "12",
    "taluk_lgd_code": "6614",
    "taluk_english_name": "Viralimalai",
    "taluk_tamil_name": "விராலிமலை"
  },
  {
    "taluk_code": "13",
    "taluk_lgd_code": "5820",
    "taluk_english_name": "Gandarvakottai",
    "taluk_tamil_name": "கந்தரவகோட்டை"
  },
  {
    "taluk_code": "14",
    "taluk_lgd_code": "5818",
    "taluk_english_name": "Illupur",
    "taluk_tamil_name": "இலுப்பூர்"
  },
  {
    "taluk_code": "15",
    "taluk_lgd_code": "5824",
    "taluk_english_name": "Alangudi",
    "taluk_tamil_name": "ஆலங்குடி"
  },
  {
    "taluk_code": "16",
    "taluk_lgd_code": "5825",
    "taluk_english_name": "Karambakudi",
    "taluk_tamil_name": "கறம்பக்குடி"
  },
  {
    "taluk_code": "22",
    "taluk_lgd_code": "5828",
    "taluk_english_name": "Avudaiyarkoil",
    "taluk_tamil_name": "ஆவுடையார்கோவில்"
  }
]
