[
  {
    "taluk_code": "01",
    "taluk_lgd_code": "5717",
    "taluk_english_name": "Vellore",
    "taluk_tamil_name": "வேலூர்"
  },
  {
    "taluk_code": "05",
    "taluk_lgd_code": "5712",
    "taluk_english_name": "Gudiyatham",
    "taluk_tamil_name": "குடியாத்தம்"
  },
  {
    "taluk_code": "08",
    "taluk_lgd_code": "5713",
    "taluk_english_name": "Katpadi",
    "taluk_tamil_name": "காட்பாடி"
  },
  {
    "taluk_code": "10",
    "taluk_lgd_code": "5964",
    "taluk_english_name": "Anaicut",
    "taluk_tamil_name": "அணைக்கட்டு"
  },
  {
    "taluk_code": "13",
    "taluk_lgd_code": "6663",
    "taluk_english_name": "Pernambut",
    "taluk_tamil_name": "பேரனாம்பட்டு"
  },
  {
    "taluk_code": "14",
    "taluk_lgd_code": "7052",
    "taluk_english_name": "K.V. Kuppam",
    "taluk_tamil_name": "கே.வி. குப்பம்"
  }
]
