[
  {
    "taluk_code": "01",
    "taluk_lgd_code": "5707",
    "taluk_english_name": "Kancheepuram",
    "taluk_tamil_name": "காஞ்சிபுரம்"
  },
  {
    "taluk_code": "02",
    "taluk_lgd_code": "5702",
    "taluk_english_name": "Sriperumbudur",
    "taluk_tamil_name": "திருப்பெரும்புதூர்"
  },
  {
    "taluk_code": "03",
    "taluk_lgd_code": "5708",
    "taluk_english_name": "Uthiramerur",
    "taluk_tamil_name": "உத்திரமேரூர்"
  },
  {
    "taluk_code": "12",
    "taluk_lgd_code": "6626",
    "taluk_english_name": "Walajabad",
    "taluk_tamil_name": "வாலாஜாபாத்"
  },
  {
    "taluk_code": "14",
    "taluk_lgd_code": "7057",
    "taluk_english_name": "Kundrathur",
    "taluk_tamil_name": "குன்றத்தூர்"
  }
]
