[
  {
    "taluk_code": "01",
    "taluk_lgd_code": "5847",
    "taluk_english_name": "Rajapalayam",
    "taluk_tamil_name": "இராஜபாளையம்"
  },
  {
    "taluk_code": "02",
    "taluk_lgd_code": "5848",
    "taluk_english_name": "Srivilliputhur",
    "taluk_tamil_name": "திருவில்லிபுத்துார"
  },
  {
    "taluk_code": "03",
    "taluk_lgd_code": "5854",
    "taluk_english_name": "Sattur",
    "taluk_tamil_name": "சாத்தூர்"
  },
  {
    "taluk_code": "04",
    "taluk_lgd_code": "5849",
    "taluk_english_name": "Sivakasi",
    "taluk_tamil_name": "சிவகாசி"
  },
  {
    "taluk_code": "05",
    "taluk_lgd_code": "5850",
    "taluk_english_name": "Virudhunagar",
    "taluk_tamil_name": "விருதுநகர்"
  },
  {
    "taluk_code": "06",
    "taluk_lgd_code": "5853",
    "taluk_english_name": "Aruppukkottai",
    "taluk_tamil_name": "அருப்புக்கோட்டை"
  },
  {
    "taluk_code": "07",
    "taluk_lgd_code": "5852",
    "taluk_english_name": "Tiruchuli",
    "taluk_tamil_name": "திருச்சுழி"
  },
  {
    "taluk_code": "08",
    "taluk_lgd_code": "5851",
    "taluk_english_name": "Kariyapatti",
    "taluk_tamil_name": "காரியாபட்டி"
  },
  {
    "taluk_code": "09",
    "taluk_lgd_code": "6640",
    "taluk_english_name": "Vembakkottai",
    "taluk_tamil_name": "வெம்பக்கோட்டை"
  },
  {
    "taluk_code": "10",
    "taluk_lgd_code": "6675",
    "taluk_english_name": "Watrap",
    "taluk_tamil_name": "வத்திராயிருப்பு"
  }
]
