[
  {
    "taluk_code": "04",
    "taluk_lgd_code": "5706",
    "taluk_english_name": "Chengalpattu",
    "taluk_tamil_name": "செங்கல்பட்டு"
  },
  {
    "taluk_code": "05",
    "taluk_lgd_code": "5703",
    "taluk_english_name": "Tambaram",
    "taluk_tamil_name": "தாம்பரம்"
  },
  {
    "taluk_code": "06",
    "taluk_lgd_code": "5709",
    "taluk_english_name": "Tirukalukundram",
    "taluk_tamil_name": "திருக்கழுக்குன்றம்"
  },
  {
    "taluk_code": "07",
    "taluk_lgd_code": "5710",
    "taluk_english_name": "Maduranthagam",
    "taluk_tamil_name": "மதுராந்தகம்"
  },
  {
    "taluk_code": "08",
    "taluk_lgd_code": "5711",
    "taluk_english_name": "Cheyyur",
    "taluk_tamil_name": "செய்யூர்"
  },
  {
    "taluk_code": "11",
    "taluk_lgd_code": "5958",
    "taluk_english_name": "Thiruporur",
    "taluk_tamil_name": "திருப்போரூர்"
  },
  {
    "taluk_code": "13",
    "taluk_lgd_code": "6629",
    "taluk_english_name": "Pallavaram",
    "taluk_tamil_name": "பல்லாவரம்"
  },
  {
    "taluk_code": "15",
    "taluk_lgd_code": "7058",
    "taluk_english_name": "Vandalur",
    "taluk_tamil_name": "வண்டலூர்"
  }
]
