[
  {
    "taluk_code": "11",
    "taluk_lgd_code": "5836",
    "taluk_english_name": "Madurai North",
    "taluk_tamil_name": "மதுரை வடக்கு"
  },
  {
    "taluk_code": "12",
    "taluk_lgd_code": "5841",
    "taluk_english_name": "Madurai South",
    "taluk_tamil_name": "மதுரை தெற்கு"
  },
  {
    "taluk_code": "13",
    "taluk_lgd_code": "5835",
    "taluk_english_name": "Melur",
    "taluk_tamil_name": "மேலூர்"
  },
  {
    "taluk_code": "14",
    "taluk_lgd_code": "5837",
    "taluk_english_name": "Vadipatti",
    "taluk_tamil_name": "வாடிப்பட்டி"
  },
  {
    "taluk_code": "15",
    "taluk_lgd_code": "5960",
    "taluk_english_name": "Madurai East",
    "taluk_tamil_name": "மதுரை கிழக்கு"
  },
  {
    "taluk_code": "16",
    "taluk_lgd_code": "5961",
    "taluk_english_name": "Madurai West",
    "taluk_tamil_name": "மதுரை மேற்கு"
  },
  {
    "taluk_code": "17",
    "taluk_lgd_code": "5962",
    "taluk_english_name": "Thirupparankundram",
    "taluk_tamil_name": "திருப்பரங்குன்றம்"
  },
  {
    "taluk_code": "21",
    "taluk_lgd_code": "5838",
    "taluk_english_name": "Usilampatti",
    "taluk_tamil_name": "உசிலம்பட்டி"
  },
  {
    "taluk_code": "22",
    "taluk_lgd_code": "5839",
    "taluk_english_name": "Peraiyur",
    "taluk_tamil_name": "பேரையூர்"
  },
  {
    "taluk_code": "23",
    "taluk_lgd_code": "5840",
    "taluk_english_name": "Tirumangalam",
    "taluk_tamil_name": "திருமங்கலம்"
  },
  {
    "taluk_code": "24",
    "taluk_lgd_code": "6615",
    "taluk_english_name": "Kalligudi",
    "taluk_tamil_name": "கள்ளிக்குடி"
  }
]
