[
  {
    "taluk_code": "01",
    "taluk_lgd_code": "5747",
    "taluk_english_name": "Namakkal",
    "taluk_tamil_name": "நாமக்கல்"
  },
  {
    "taluk_code": "02",
    "taluk_lgd_code": "5746",
    "taluk_english_name": "Rasipuram",
    "taluk_tamil_name": "இராசிபுரம்"
  },
  {
    "taluk_code": "03",
    "taluk_lgd_code": "5745",
    "taluk_english_name": "Tiruchengode",
    "taluk_tamil_name": "திருச்செங்கோடு"
  },
  {
    "taluk_code": "04",
    "taluk_lgd_code": "5748",
    "taluk_english_name": "Paramathivelur",
    "taluk_tamil_name": "பரமத்தி வேலுார்"
  },
  {
    "taluk_code": "05",
    "taluk_lgd_code": "6625",
    "taluk_english_name": "Kolli Hills",
    "taluk_tamil_name": "கொல்லிமலை"
  },
  {
    "taluk_code": "06",
    "taluk_lgd_code": "6632",
    "taluk_english_name": "Sendamangalam",
    "taluk_tamil_name": "சேந்தமங்கலம்"
  },
  {
    "taluk_code": "07",
    "taluk_lgd_code": "6634",
    "taluk_english_name": "Kumarapalayam",
    "taluk_tamil_name": "குமாரபாளையம்"
  },
  {
    "taluk_code": "08",
    "taluk_lgd_code": "6635",
    "taluk_english_name": "Mohanur",
    "taluk_tamil_name": "மோகனூர்"
  }
]
