[
  {
    "taluk_code": "11",
    "taluk_lgd_code": "5980",
    "taluk_english_name": "Dindigul East",
    "taluk_tamil_name": "திண்டுக்கல் கிழக்கு"
  },
  {
    "taluk_code": "12",
    "taluk_lgd_code": "5767",
    "taluk_english_name": "Nilakottai",
    "taluk_tamil_name": "நிலக்கோட்டை"
  },
  {
    "taluk_code": "13",
    "taluk_lgd_code": "5763",
    "taluk_english_name": "Natham",
    "taluk_tamil_name": "நத்தம்"
  },
  {
    "taluk_code": "14",
    "taluk_lgd_code": "5994",
    "taluk_english_name": "Athoor",
    "taluk_tamil_name": "ஆத்தூர்"
  },
  {
    "taluk_code": "21",
    "taluk_lgd_code": "5760",
    "taluk_english_name": "Palani",
    "taluk_tamil_name": "பழனி"
  },
  {
    "taluk_code": "22",
    "taluk_lgd_code": "5761",
    "taluk_english_name": "Oddenchatram",
    "taluk_tamil_name": "ஒட்டன்சத்திரம்"
  },
  {
    "taluk_code": "23",
    "taluk_lgd_code": "5762",
    "taluk_english_name": "Vedasandur",
    "taluk_tamil_name": "வேடசந்தூர்"
  },
  {
    "taluk_code": "24",
    "taluk_lgd_code": "6700",
    "taluk_english_name": "Gujiliamparai",
    "taluk_tamil_name": "குஜிலியம்பாறை"
  },
  {
    "taluk_code": "31",
    "taluk_lgd_code": "5766",
    "taluk_english_name": "Kodaikannal",
    "taluk_tamil_name": "கொடைக்கானல்"
  },
  {
    "taluk_code": "32",
    "taluk_lgd_code": "5979",
    "taluk_english_name": "Dindigul West",
    "taluk_tamil_name": "திண்டுக்கல் (மேற்கு)"
  }
]
