[
  {
    "taluk_code": "02",
    "taluk_lgd_code": "5777",
    "taluk_english_name": "Lalgudi",
    "taluk_tamil_name": "இலால்குடி"
  },
  {
    "taluk_code": "03",
    "taluk_lgd_code": "5781",
    "taluk_english_name": "Manapparai",
    "taluk_tamil_name": "மணப்பாறை"
  },
  {
    "taluk_code": "04",
    "taluk_lgd_code": "5774",
    "taluk_english_name": "Musiri",
    "taluk_tamil_name": "முசிறி"
  },
  {
    "taluk_code": "05",
    "taluk_lgd_code": "5775",
    "taluk_english_name": "Thuraiyur",
    "taluk_tamil_name": "துறையூர்"
  },
  {
    "taluk_code": "06",
    "taluk_lgd_code": "5776",
    "taluk_english_name": "Manachanallur",
    "taluk_tamil_name": "மண்ணச்சநல்லூர்"
  },
  {
    "taluk_code": "07",
    "taluk_lgd_code": "5778",
    "taluk_english_name": "Srirengam",
    "taluk_tamil_name": "ஸ்ரீரங்கம்"
  },
  {
    "taluk_code": "08",
    "taluk_lgd_code": "5773",
    "taluk_english_name": "Thottiam",
    "taluk_tamil_name": "தொட்டியம்"
  },
  {
    "taluk_code": "09",
    "taluk_lgd_code": "5780",
    "taluk_english_name": "Thiruverumbur",
    "taluk_tamil_name": "திருவெறும்பூர்"
  },
  {
    "taluk_code": "10",
    "taluk_lgd_code": "5954",
    "taluk_english_name": "Marungapuri",
    "taluk_tamil_name": "மருங்காபுரி"
  },
  {
    "taluk_code": "11",
    "taluk_lgd_code": "6620",
    "taluk_english_name": "Tiruchirappalli East",
    "taluk_tamil_name": "திருச்சிராப்பள்ளி கிழக்கு"
  }
]
