[
  {
    "taluk_code": "11",
    "taluk_lgd_code": "5860",
    "taluk_english_name": "Ramanathapuram",
    "taluk_tamil_name": "இராமநாதபுரம்"
  },
  {
    "taluk_code": "12",
    "taluk_lgd_code": "5861",
    "taluk_english_name": "Rameshwaram",
    "taluk_tamil_name": "இராமேஸ்வரம்"
  },
  {
    "taluk_code": "13",
    "taluk_lgd_code": "5855",
    "taluk_english_name": "Thiruvadani",
    "taluk_tamil_name": "திருவாடனை"
  },
  {
    "taluk_code": "14",
    "taluk_lgd_code": "6654",
    "taluk_english_name": "Kilakarai",
    "taluk_tamil_name": "கீழக்கரை"
  },
  {
    "taluk_code": "15",
    "taluk_lgd_code": "6653",
    "taluk_english_name": "Rajasingamangalam",
    "taluk_tamil_name": "இராஜசிங்கமங்கலம்"
  },
  {
    "taluk_code": "21",
    "taluk_lgd_code": "5859",
    "taluk_english_name": "Kadaladi",
    "taluk_tamil_name": "கடலாடி"
  },
  {
    "taluk_code": "22",
    "taluk_lgd_code": "5858",
    "taluk_english_name": "Kamuthi",
    "taluk_tamil_name": "கமுதி"
  },
  {
    "taluk_code": "23",
    "taluk_lgd_code": "5857",
    "taluk_english_name": "Mudukulathur",
    "taluk_tamil_name": "முதுகுளத்தூர்"
  },
  {
    "taluk_code": "24",
    "taluk_lgd_code": "5856",
    "taluk_english_name": "Paramakudi",
    "taluk_tamil_name": "பரமக்குடி"
  }
]
