[
  {
    "taluk_code": "01",
    "taluk_lgd_code": "5888",
    "taluk_english_name": "Dharmapuri",
    "taluk_tamil_name": "தருமபுரி"
  },
  {
    "taluk_code": "02",
    "taluk_lgd_code": "5886",
    "taluk_english_name": "Harur",
    "taluk_tamil_name": "அரூர்"
  },
  {
    "taluk_code": "03",
    "taluk_lgd_code": "5889",
    "taluk_english_name": "Pennagaram",
    "taluk_tamil_name": "பென்னாகரம்"
  },
  {
    "taluk_code": "04",
    "taluk_lgd_code": "5887",
    "taluk_english_name": "Pappireddipatty",
    "taluk_tamil_name": "பாப்பிரெட்டிப்பட்டி"
  },
  {
    "taluk_code": "06",
    "taluk_lgd_code": "5885",
    "taluk_english_name": "Palacode",
    "taluk_tamil_name": "பாலக்கோடு"
  },
  {
    "taluk_code": "07",
    "taluk_lgd_code": "6622",
    "taluk_english_name": "Karimangalam",
    "taluk_tamil_name": "காரிமங்கலம்"
  },
  {
    "taluk_code": "08",
    "taluk_lgd_code": "6623",
    "taluk_english_name": "Nallampalli",
    "taluk_tamil_name": "நல்லம்பள்ளி"
  }
]
