[
  {
    "taluk_code": "11",
    "taluk_lgd_code": "5844",
    "taluk_english_name": "Theni",
    "taluk_tamil_name": "தேனி"
  },
  {
    "taluk_code": "12",
    "taluk_lgd_code": "5842",
    "taluk_english_name": "Bodinayakkanur",
    "taluk_tamil_name": "போடிநாயக்கனூர்"
  },
  {
    "taluk_code": "13",
    "taluk_lgd_code": "5846",
    "taluk_english_name": "Aundipatti",
    "taluk_tamil_name": "ஆண்டிபட்டி"
  },
  {
    "taluk_code": "14",
    "taluk_lgd_code": "5845",
    "taluk_english_name": "Uthamapalayam",
    "taluk_tamil_name": "உத்தமபாளையம்"
  },
  {
    "taluk_code": "15",
    "taluk_lgd_code": "5843",
    "taluk_english_name": "Periyakulam",
    "taluk_tamil_name": "பெரியகுளம்"
  }
]
