[
  {
    "taluk_code": "01",
    "taluk_lgd_code": "5769",
    "taluk_english_name": "Karur",
    "taluk_tamil_name": "கரூர்"
  },
  {
    "taluk_code": "02",
    "taluk_lgd_code": "5768",
    "taluk_english_name": "Arvakurichi",
    "taluk_tamil_name": "அரவக்குறிச்சி"
  },
  {
    "taluk_code": "03",
    "taluk_lgd_code": "5771",
    "taluk_english_name": "Kulithalai",
    "taluk_tamil_name": "குளித்தலை"
  },
  {
    "taluk_code": "04",
    "taluk_lgd_code": "5770",
    "taluk_english_name": "Krishnarayapuram",
    "taluk_tamil_name": "கிருஷ்ணராயபுரம்"
  },
  {
    "taluk_code": "05",
    "taluk_lgd_code": "5772",
    "taluk_english_name": "Kadavur",
    "taluk_tamil_name": "கடவூர்"
  },
  {
    "taluk_code": "06",
    "taluk_lgd_code": "5985",
    "taluk_english_name": "Manmangalam",
    "taluk_tamil_name": "மண்மங்கலம்"
  },
  {
    "taluk_code": "07",
    "taluk_lgd_code": "6676",
    "taluk_english_name": "Pugalur",
    "taluk_tamil_name": "புகழூர்"
  }
]
