[
  {
    "taluk_code": "05",
    "taluk_lgd_code": "5732",
    "taluk_english_name": "Tirukkoilur",
    "taluk_tamil_name": "திருக்கோயிலூர்"
  },
  {
    "taluk_code": "06",
    "taluk_lgd_code": "5735",
    "taluk_english_name": "Ulundurpet",
    "taluk_tamil_name": "உளுந்தூர்பேட்டை"
  },
  {
    "taluk_code": "07",
    "taluk_lgd_code": "5734",
    "taluk_english_name": "Kallakurichi",
    "taluk_tamil_name": "கள்ளக்குறிச்சி"
  },
  {
    "taluk_code": "08",
    "taluk_lgd_code": "5733",
    "taluk_english_name": "Sankarapuram",
    "taluk_tamil_name": "சங்கராபுரம்"
  },
  {
    "taluk_code": "09",
    "taluk_lgd_code": "5977",
    "taluk_english_name": "Chinnasalem",
    "taluk_tamil_name": "சின்னசேலம்"
  },
  {
    "taluk_code": "10",
    "taluk_lgd_code": "7055",
    "taluk_english_name": "Kalvarayan Hills",
    "taluk_tamil_name": "கல்வராயன் மலை"
  },
  {
    "taluk_code": "11",
    "taluk_lgd_code": "7405",
    "taluk_english_name": "Vanapuram",
    "taluk_tamil_name": "வாணாபுரம்"
  }
]
