[
  {
    "taluk_code": "01",
    "taluk_lgd_code": "5789",
    "taluk_english_name": "Cuddalore",
    "taluk_tamil_name": "கடலூர்"
  },
  {
    "taluk_code": "02",
    "taluk_lgd_code": "5788",
    "taluk_english_name": "Panruti",
    "taluk_tamil_name": "பண்ருட்டி"
  },
  {
    "taluk_code": "03",
    "taluk_lgd_code": "5791",
    "taluk_english_name": "Chidambaram",
    "taluk_tamil_name": "சிதம்பரம்"
  },
  {
    "taluk_code": "04",
    "taluk_lgd_code": "5792",
    "taluk_english_name": "Kattumannarkoil",
    "taluk_tamil_name": "காட்டுமன்னாரகோயில்"
  },
  {
    "taluk_code": "05",
    "taluk_lgd_code": "5793",
    "taluk_english_name": "Vridhachalam",
    "taluk_tamil_name": "விருத்தாசலம்"
  },
  {
    "taluk_code": "06",
    "taluk_lgd_code": "5794",
    "taluk_english_name": "Titagudi",
    "taluk_tamil_name": "திட்டக்குடி"
  },
  {
    "taluk_code": "07",
    "taluk_lgd_code": "5790",
    "taluk_english_name": "Kurinjipadi",
    "taluk_tamil_name": "குறிஞ்சிப்பாடி"
  },
  {
    "taluk_code": "08",
    "taluk_lgd_code": "5953",
    "taluk_english_name": "Veppur",
    "taluk_tamil_name": "வேப்பூர்"
  },
  {
    "taluk_code": "09",
    "taluk_lgd_code": "6645",
    "taluk_english_name": "Bhuvanagiri",
    "taluk_tamil_name": "புவனகிரி"
  },
  {
    "taluk_code": "10",
    "taluk_lgd_code": "6646",
    "taluk_english_name": "Srimushnam",
    "taluk_tamil_name": "ஸ்ரீமுஷ்ணம்"
  }
]
