[
  {
    "taluk_code": "01",
    "taluk_lgd_code": "5740",
    "taluk_english_name": "Salem",
    "taluk_tamil_name": "சேலம்"
  },
  {
    "taluk_code": "02",
    "taluk_lgd_code": "5741",
    "taluk_english_name": "Yercaud",
    "taluk_tamil_name": "ஏற்காடு"
  },
  {
    "taluk_code": "03",
    "taluk_lgd_code": "5744",
    "taluk_english_name": "Gangavalli",
    "taluk_tamil_name": "கெங்கவல்லி"
  },
  {
    "taluk_code": "04",
    "taluk_lgd_code": "5743",
    "taluk_english_name": "Attur",
    "taluk_tamil_name": "ஆத்தூர்"
  },
  {
    "taluk_code": "05",
    "taluk_lgd_code": "5742",
    "taluk_english_name": "Valapady",
    "taluk_tamil_name": "வாழப்பாடி"
  },
  {
    "taluk_code": "06",
    "taluk_lgd_code": "5739",
    "taluk_english_name": "Sankari",
    "taluk_tamil_name": "சங்ககிரி"
  },
  {
    "taluk_code": "07",
    "taluk_lgd_code": "5738",
    "taluk_english_name": "Edappady",
    "taluk_tamil_name": "எடப்பாடி"
  },
  {
    "taluk_code": "09",
    "taluk_lgd_code": "5736",
    "taluk_english_name": "Mettur",
    "taluk_tamil_name": "மேட்டூர்"
  },
  {
    "taluk_code": "10",
    "taluk_lgd_code": "5737",
    "taluk_english_name": "Omalur",
    "taluk_tamil_name": "ஓமலூர்"
  },
  {
    "taluk_code": "11",
    "taluk_lgd_code": "5971",
    "taluk_english_name": "Salem West",
    "taluk_tamil_name": "சேலம் மேற்கு"
  },
  {
    "taluk_code": "12",
    "taluk_lgd_code": "5970",
    "taluk_english_name": "Salem South",
    "taluk_tamil_name": "சேலம் தெற்கு"
  },
  {
    "taluk_code": "13",
    "taluk_lgd_code": "6618",
    "taluk_english_name": "Pethanaickenpalayam",
    "taluk_tamil_name": "பெத்தநாயக்கன்பாளையம்"
  },
  {
    "taluk_code": "14",
    "taluk_lgd_code": "6619",
    "taluk_english_name": "Kadayampatti",
    "taluk_tamil_name": "காடையாம்பட்டி"
  },
  {
    "taluk_code": "15",
    "taluk_lgd_code": "7120",
    "taluk_english_name": "Thalaivasal",
    "taluk_tamil_name": "தலைவாசல்"
  }
]
