[
  {
    "taluk_code": "11",
    "taluk_lgd_code": "5753",
    "taluk_english_name": "Erode",
    "taluk_tamil_name": "ஈரோடு"
  },
  {
    "taluk_code": "12",
    "taluk_lgd_code": "5752",
    "taluk_english_name": "Perundurai",
    "taluk_tamil_name": "பெருந்துறை"
  },
  {
    "taluk_code": "13",
    "taluk_lgd_code": "6636",
    "taluk_english_name": "Modakkurichi",
    "taluk_tamil_name": "மொடக்குறிச்சி"
  },
  {
    "taluk_code": "14",
    "taluk_lgd_code": "6637",
    "taluk_english_name": "Kodumudi",
    "taluk_tamil_name": "கொடுமுடி"
  },
  {
    "taluk_code": "31",
    "taluk_lgd_code": "5751",
    "taluk_english_name": "Gobichettipalayam",
    "taluk_tamil_name": "கோபிசெட்டிபாளையம்"
  },
  {
    "taluk_code": "32",
    "taluk_lgd_code": "5749",
    "taluk_english_name": "Sathyamangalam",
    "taluk_tamil_name": "சத்தியமங்கலம்"
  },
  {
    "taluk_code": "33",
    "taluk_lgd_code": "5750",
    "taluk_english_name": "Bhavani",
    "taluk_tamil_name": "பவானி"
  },
  {
    "taluk_code": "34",
    "taluk_lgd_code": "5969",
    "taluk_english_name": "Anthiyur",
    "taluk_tamil_name": "அந்தியூர்"
  },
  {
    "taluk_code": "35",
    "taluk_lgd_code": "6539",
    "taluk_english_name": "Thalavadi",
    "taluk_tamil_name": "தாளவாடி"
  },
  {
    "taluk_code": "36",
    "taluk_lgd_code": "6638",
    "taluk_english_name": "Nambiyur",
    "taluk_tamil_name": "நம்பியூர்"
  }
]
