[
  {
    "talukCode": "12",
    "talukName": "Alandur"
  },
  {
    "talukCode": "14",
    "talukName": "Ambattur"
  },
  {
    "talukCode": "05",
    "talukName": "Aminjikarai"
  },
  {
    "talukCode": "04",
    "talukName": "Ayanavaram"
  },
  {
    "talukCode": "06",
    "talukName": "Egmore"
  },
  {
    "talukCode": "09",
    "talukName": "Guindy"
  },
  {
    "talukCode": "17",
    "talukName": "Kolathur"
  },
  {
    "talukCode": "15",
    "talukName": "Madhavaram"
  },
  {
    "talukCode": "13",
    "talukName": "Madhuravoyal"
  },
  {
    "talukCode": "07",
    "talukName": "Mambalam"
  },
  {
    "talukCode": "08",
    "talukName": "Mylapore"
  },
  {
    "talukCode": "03",
    "talukName": "Perambur"
  },
  {
    "talukCode": "02",
    "talukName": "Purasawalkam"
  },
  {
    "talukCode": "11",
    "talukName": "Shozhinganallur"
  },
  {
    "talukCode": "16",
    "talukName": "Thiruvottiyur"
  },
  {
    "talukCode": "01",
    "talukName": "Tondiarpet"
  },
  {
    "talukCode": "10",
    "talukName": "Velachery"
  }
]
