[
  {
    "taluk_code": "02",
    "taluk_lgd_code": "5693",
    "taluk_english_name": "Gummidipoondi",
    "taluk_tamil_name": "கும்மிடிப்பூண்டி"
  },
  {
    "taluk_code": "03",
    "taluk_lgd_code": "5697",
    "taluk_english_name": "Pallipet",
    "taluk_tamil_name": "பள்ளிப்பட்டு"
  },
  {
    "taluk_code": "04",
    "taluk_lgd_code": "5694",
    "taluk_english_name": "Ponneri",
    "taluk_tamil_name": "பொன்னேரி"
  },
  {
    "taluk_code": "05",
    "taluk_lgd_code": "5699",
    "taluk_english_name": "Poonamallee",
    "taluk_tamil_name": "புந்தமல்லி"
  },
  {
    "taluk_code": "06",
    "taluk_lgd_code": "5696",
    "taluk_english_name": "Tiruttani",
    "taluk_tamil_name": "திருத்தணி"
  },
  {
    "taluk_code": "07",
    "taluk_lgd_code": "5698",
    "taluk_english_name": "Tiruvallur",
    "taluk_tamil_name": "திருவள்ளுர"
  },
  {
    "taluk_code": "08",
    "taluk_lgd_code": "5695",
    "taluk_english_name": "Uthukottai",
    "taluk_tamil_name": "ஊத்துக்கோட்டை"
  },
  {
    "taluk_code": "12",
    "taluk_lgd_code": "6621",
    "taluk_english_name": "Avadi",
    "taluk_tamil_name": "ஆவடி"
  },
  {
    "taluk_code": "13",
    "taluk_lgd_code": "6674",
    "taluk_english_name": "R.K. Pet",
    "taluk_tamil_name": "ஆர்.கே. பேட்டை"
  }
]
