[
  {
    "taluk_code": "02",
    "taluk_lgd_code": "5716",
    "taluk_english_name": "Arcot",
    "taluk_tamil_name": "ஆற்காடு"
  },
  {
    "taluk_code": "03",
    "taluk_lgd_code": "5715",
    "taluk_english_name": "Arakkonam",
    "taluk_tamil_name": "அரக்கோணம்"
  },
  {
    "taluk_code": "04",
    "taluk_lgd_code": "5714",
    "taluk_english_name": "Walajah",
    "taluk_tamil_name": "வாலாசா"
  },
  {
    "taluk_code": "12",
    "taluk_lgd_code": "6664",
    "taluk_english_name": "Nemili",
    "taluk_tamil_name": "நெமிலி"
  },
  {
    "taluk_code": "13",
    "taluk_lgd_code": "7059",
    "taluk_english_name": "Kalavai",
    "taluk_tamil_name": "கலவை"
  },
  {
    "taluk_code": "14",
    "taluk_lgd_code": "7060",
    "taluk_english_name": "Sholinghur",
    "taluk_tamil_name": "சோளிங்கர்"
  }
]
