[
  {
    "taluk_code": "01",
    "taluk_lgd_code": "5799",
    "taluk_english_name": "Nagapattinam",
    "taluk_tamil_name": "நாகப்பட்டினம்"
  },
  {
    "taluk_code": "02",
    "taluk_lgd_code": "5800",
    "taluk_english_name": "Kilvelur",
    "taluk_tamil_name": "கீழ்வேளூர்"
  },
  {
    "taluk_code": "03",
    "taluk_lgd_code": "5801",
    "taluk_english_name": "Thirukkuvalai",
    "taluk_tamil_name": "திருக்குவளை"
  },
  {
    "taluk_code": "07",
    "taluk_lgd_code": "5802",
    "taluk_english_name": "Vedaranyam",
    "taluk_tamil_name": "வேதாரண்யம்"
  }
]
