[
  {
    "taluk_code": "02",
    "taluk_lgd_code": "5897",
    "taluk_english_name": "Coimbatore North",
    "taluk_tamil_name": "கோயம்புத்தூர் வடக்கு"
  },
  {
    "taluk_code": "03",
    "taluk_lgd_code": "5899",
    "taluk_english_name": "Pollachi",
    "taluk_tamil_name": "பொள்ளாச்சி"
  },
  {
    "taluk_code": "04",
    "taluk_lgd_code": "5895",
    "taluk_english_name": "Mettupalayam",
    "taluk_tamil_name": "மேட்டுப்பாளையம்"
  },
  {
    "taluk_code": "10",
    "taluk_lgd_code": "5896",
    "taluk_english_name": "Sulur",
    "taluk_tamil_name": "சூலூர்"
  },
  {
    "taluk_code": "11",
    "taluk_lgd_code": "5955",
    "taluk_english_name": "Annur",
    "taluk_tamil_name": "அன்னூர்"
  },
  {
    "taluk_code": "12",
    "taluk_lgd_code": "5956",
    "taluk_english_name": "Kinathukkdavu",
    "taluk_tamil_name": "கிணத்துக்கடவு"
  },
  {
    "taluk_code": "13",
    "taluk_lgd_code": "5957",
    "taluk_english_name": "Perur",
    "taluk_tamil_name": "பேரூர்"
  },
  {
    "taluk_code": "14",
    "taluk_lgd_code": "5986",
    "taluk_english_name": "Madukkarai",
    "taluk_tamil_name": "மதுக்கரை"
  },
  {
    "taluk_code": "15",
    "taluk_lgd_code": "6643",
    "taluk_english_name": "Anaimalai",
    "taluk_tamil_name": "ஆனைமலை"
  }
]
