[
  {
    "taluk_code": "11",
    "taluk_lgd_code": "5832",
    "taluk_english_name": "Sivaganga",
    "taluk_tamil_name": "சிவகங்கை"
  },
  {
    "taluk_code": "12",
    "taluk_lgd_code": "5833",
    "taluk_english_name": "Manamadurai",
    "taluk_tamil_name": "மானாமதுரை"
  },
  {
    "taluk_code": "13",
    "taluk_lgd_code": "5834",
    "taluk_english_name": "Ilayankudi",
    "taluk_tamil_name": "இளையான்குடி"
  },
  {
    "taluk_code": "14",
    "taluk_lgd_code": "5965",
    "taluk_english_name": "Thiruppuvanam",
    "taluk_tamil_name": "திருப்புவனம்"
  },
  {
    "taluk_code": "15",
    "taluk_lgd_code": "6644",
    "taluk_english_name": "Kalaiyarkovil",
    "taluk_tamil_name": "காளையார்கோவில்"
  },
  {
    "taluk_code": "21",
    "taluk_lgd_code": "5831",
    "taluk_english_name": "Devakottai",
    "taluk_tamil_name": "தேவகோட்டை"
  },
  {
    "taluk_code": "22",
    "taluk_lgd_code": "5830",
    "taluk_english_name": "Karaikudi",
    "taluk_tamil_name": "காரைக்குடி"
  },
  {
    "taluk_code": "23",
    "taluk_lgd_code": "5829",
    "taluk_english_name": "Thiruppattur",
    "taluk_tamil_name": "திருப்பத்தூர்"
  },
  {
    "taluk_code": "24",
    "taluk_lgd_code": "5995",
    "taluk_english_name": "Singampunari",
    "taluk_tamil_name": "சிங்கம்புணரி"
  }
]
