[
  {
    "tcode": "02",
    "tname": "Lalgudi             ",
    "ttname": "இலால்குடி           ",
    "nflag": "Y"
  },
  {
    "tcode": "06",
    "tname": "Manachanallur       ",
    "ttname": "மண்ணச்சநல்லூர்      ",
    "nflag": "Y"
  },
  {
    "tcode": "03",
    "tname": "Manapparai          ",
    "ttname": "மணப்பாறை            ",
    "nflag": "Y"
  },
  {
    "tcode": "10",
    "tname": "Marungapuri         ",
    "ttname": "மருங்காபுரி         ",
    "nflag": "N"
  },
  {
    "tcode": "04",
    "tname": "Musiri              ",
    "ttname": "முசிறி              ",
    "nflag": "Y"
  },
  {
    "tcode": "07",
    "tname": "Srirengam           ",
    "ttname": "ஸ்ரீரங்கம்",
    "nflag": "N"
  },
  {
    "tcode": "09",
    "tname": "Thiruverumbur       ",
    "ttname": "திருவெறும்பூர்      ",
    "nflag": "N"
  },
  {
    "tcode": "08",
    "tname": "Thottiam            ",
    "ttname": "தொட்டியம்           ",
    "nflag": "Y"
  },
  {
    "tcode": "05",
    "tname": "Thuraiyur           ",
    "ttname": "துறையூர்            ",
    "nflag": "N"
  },
  {
    "tcode": "11",
    "tname": "Tiruchirappalli East",
    "ttname": "திருச்சிராப்பள்ளி கிழக்கு",
    "nflag": "N"
  }
]
