[
  {
    "tcode": "05",
    "tname": "Kolli Hills",
    "ttname": "கொல்லிமலை",
    "nflag": "N"
  },
  {
    "tcode": "07",
    "tname": "Kumarapalayam       ",
    "ttname": "குமாரபாளையம்                  ",
    "nflag": "Y"
  },
  {
    "tcode": "08",
    "tname": "Mohanur             ",
    "ttname": "மோகனூர்                       ",
    "nflag": "Y"
  },
  {
    "tcode": "01",
    "tname": "Namakkal            ",
    "ttname": "நாமக்கல்            ",
    "nflag": "Y"
  },
  {
    "tcode": "04",
    "tname": "Paramathivelur",
    "ttname": "பரமத்தி வேலுார்     ",
    "nflag": "Y"
  },
  {
    "tcode": "02",
    "tname": "Rasipuram           ",
    "ttname": "இராசிபுரம்          ",
    "nflag": "Y"
  },
  {
    "tcode": "06",
    "tname": "Sendamangalam       ",
    "ttname": "சேந்தமங்கலம்        ",
    "nflag": "Y"
  },
  {
    "tcode": "03",
    "tname": "Tiruchengode        ",
    "ttname": "திருச்செங்கோடு      ",
    "nflag": "N"
  }
]
