[
  {
    "tcode": "12",
    "tname": "Anchetty",
    "ttname": "அஞ்செட்டி           ",
    "nflag": "Y"
  },
  {
    "tcode": "06",
    "tname": "Bargur",
    "ttname": "பர்கூர்             ",
    "nflag": "Y"
  },
  {
    "tcode": "10",
    "tname": "Denkanikottai",
    "ttname": "டெங்கனிகோட்டா       ",
    "nflag": "Y"
  },
  {
    "tcode": "09",
    "tname": "Hosur               ",
    "ttname": "ஓசூர்               ",
    "nflag": "Y"
  },
  {
    "tcode": "05",
    "tname": "Krishnagiri         ",
    "ttname": "கிருஷ்ணகிரி         ",
    "nflag": "Y"
  },
  {
    "tcode": "08",
    "tname": "Pochampalli         ",
    "ttname": "போச்சம்பள்ளி        ",
    "nflag": "Y"
  },
  {
    "tcode": "11",
    "tname": "Shoolagiri",
    "ttname": "சூளகிரி             ",
    "nflag": "Y"
  },
  {
    "tcode": "07",
    "tname": "Uthangarai          ",
    "ttname": "ஊத்தங்கரை           ",
    "nflag": "Y"
  }
]
