[
  {
    "tcode": "08",
    "tname": "Andimadam           ",
    "ttname": "ஆண்டிமடம்                     ",
    "nflag": "Y"
  },
  {
    "tcode": "01",
    "tname": "Ariyalur            ",
    "ttname": "அரியலூர் ",
    "nflag": "Y"
  },
  {
    "tcode": "04",
    "tname": "Sendurai            ",
    "ttname": "செந்துறை            ",
    "nflag": "Y"
  },
  {
    "tcode": "05",
    "tname": "Udayarpalayam       ",
    "ttname": "உடையார்பாளையம்      ",
    "nflag": "Y"
  }
]
