[
  {
    "tcode": "15",
    "tname": "Alangudi",
    "ttname": "ஆலங்குடி            ",
    "nflag": "Y"
  },
  {
    "tcode": "02",
    "tname": "Aranthangi          ",
    "ttname": "அறந்தாங்கி          ",
    "nflag": "Y"
  },
  {
    "tcode": "22",
    "tname": "Avudaiyarkoil       ",
    "ttname": "ஆவுடையார்கோவில்     ",
    "nflag": "Y"
  },
  {
    "tcode": "13",
    "tname": "Gandarvakottai      ",
    "ttname": "கந்தரவகோட்டை        ",
    "nflag": "Y"
  },
  {
    "tcode": "14",
    "tname": "Illupur             ",
    "ttname": "இலுப்பூர்           ",
    "nflag": "Y"
  },
  {
    "tcode": "16",
    "tname": "Karambakudi",
    "ttname": "கறம்பக்குடி         ",
    "nflag": "Y"
  },
  {
    "tcode": "11",
    "tname": "Kulathur            ",
    "ttname": "குளத்தூர்           ",
    "nflag": "Y"
  },
  {
    "tcode": "09",
    "tname": "Manamelkudi         ",
    "ttname": "மணமேல்குடி          ",
    "nflag": "Y"
  },
  {
    "tcode": "05",
    "tname": "Ponnamaravathi      ",
    "ttname": "பொன்னமராவதி         ",
    "nflag": "Y"
  },
  {
    "tcode": "01",
    "tname": "Pudukkottai         ",
    "ttname": "புதுக்கோட்டை        ",
    "nflag": "Y"
  },
  {
    "tcode": "04",
    "tname": "Thirumayam          ",
    "ttname": "திருமயம்            ",
    "nflag": "Y"
  },
  {
    "tcode": "12",
    "tname": "Viralimalai         ",
    "ttname": "விராலிமலை           ",
    "nflag": "Y"
  }
]
