[
  {
    "tcode": "34",
    "tname": "Anthiyur            ",
    "ttname": "அந்தியூர்           ",
    "nflag": "Y"
  },
  {
    "tcode": "33",
    "tname": "Bhavani             ",
    "ttname": "பவானி               ",
    "nflag": "Y"
  },
  {
    "tcode": "11",
    "tname": "Erode               ",
    "ttname": "ஈரோடு               ",
    "nflag": "Y"
  },
  {
    "tcode": "31",
    "tname": "Gobichettipalayam   ",
    "ttname": "கோபிசெட்டிபாளையம்   ",
    "nflag": "Y"
  },
  {
    "tcode": "14",
    "tname": "Kodumudi            ",
    "ttname": "கொடுமுடி            ",
    "nflag": "Y"
  },
  {
    "tcode": "13",
    "tname": "Modakkurichi        ",
    "ttname": "மொடக்குறிச்சி       ",
    "nflag": "Y"
  },
  {
    "tcode": "36",
    "tname": "Nambiyur",
    "ttname": "நம்பியூர்",
    "nflag": "Y"
  },
  {
    "tcode": "12",
    "tname": "Perundurai          ",
    "ttname": "பெருந்துறை          ",
    "nflag": "Y"
  },
  {
    "tcode": "32",
    "tname": "Sathyamangalam      ",
    "ttname": "சத்தியமங்கலம்       ",
    "nflag": "Y"
  },
  {
    "tcode": "35",
    "tname": "Thalavadi",
    "ttname": "தாளவாடி",
    "nflag": "Y"
  }
]
