[
  {
    "tcode": "07",
    "tname": "Ambasamudram",
    "ttname": "அம்பாசமுத்திரம்     ",
    "nflag": "Y"
  },
  {
    "tcode": "15",
    "tname": "Cheranmahadevi",
    "ttname": "சேரன்மகாதேவி",
    "nflag": "Y"
  },
  {
    "tcode": "14",
    "tname": "Manur",
    "ttname": "மானூர்",
    "nflag": "Y"
  },
  {
    "tcode": "08",
    "tname": "Nanguneri           ",
    "ttname": "நாங்குநேரி          ",
    "nflag": "Y"
  },
  {
    "tcode": "02",
    "tname": "Palayamkottai       ",
    "ttname": "பாளையங்கோட்டை       ",
    "nflag": "Y"
  },
  {
    "tcode": "09",
    "tname": "Radhapuram          ",
    "ttname": "இராதாபுரம்          ",
    "nflag": "Y"
  },
  {
    "tcode": "16",
    "tname": "Thisayanvilai",
    "ttname": "திசையன்விளை",
    "nflag": "Y"
  },
  {
    "tcode": "01",
    "tname": "Tirunelveli         ",
    "ttname": "திருநெல்வேலி        ",
    "nflag": "Y"
  }
]
