[
  {
    "tcode": "05",
    "tname": "Arani",
    "ttname": "ஆரணி ",
    "nflag": "Y"
  },
  {
    "tcode": "03",
    "tname": "Chengam             ",
    "ttname": "செங்கம்             ",
    "nflag": "Y"
  },
  {
    "tcode": "09",
    "tname": "Chetpet             ",
    "ttname": "சேத்துப்பட்டு",
    "nflag": "Y"
  },
  {
    "tcode": "04",
    "tname": "Cheyyar",
    "ttname": "செய்யார்            ",
    "nflag": "Y"
  },
  {
    "tcode": "12",
    "tname": "Jamunamarathoor   ",
    "ttname": "ஜமுனாமரத்தூர்",
    "nflag": "Y"
  },
  {
    "tcode": "08",
    "tname": "Kalasapakkam",
    "ttname": "கலசபாக்கம்",
    "nflag": "Y"
  },
  {
    "tcode": "11",
    "tname": "Kilpennathur        ",
    "ttname": "கீழ்பென்னாத்தூர்",
    "nflag": "Y"
  },
  {
    "tcode": "02",
    "tname": "Polur               ",
    "ttname": "போளுர்              ",
    "nflag": "Y"
  },
  {
    "tcode": "07",
    "tname": "Thandarampattu      ",
    "ttname": "தண்டராம்பட்டு",
    "nflag": "Y"
  },
  {
    "tcode": "01",
    "tname": "Tiruvannamalai      ",
    "ttname": "திருவண்ணாமலை        ",
    "nflag": "Y"
  },
  {
    "tcode": "06",
    "tname": "Vandavasi           ",
    "ttname": "வந்தவாசி            ",
    "nflag": "Y"
  },
  {
    "tcode": "10",
    "tname": "Vembakkam           ",
    "ttname": "வெம்பாக்கம்",
    "nflag": "Y"
  }
]
