[
  {
    "tcode": "09",
    "tname": "Budalur             ",
    "ttname": "புதலூர்             ",
    "nflag": "Y"
  },
  {
    "tcode": "05",
    "tname": "Kumbakonam          ",
    "ttname": "கும்பகோணம்          ",
    "nflag": "Y"
  },
  {
    "tcode": "03",
    "tname": "Orathanad           ",
    "ttname": "ஒரத்தநாடு           ",
    "nflag": "Y"
  },
  {
    "tcode": "06",
    "tname": "Papanasam",
    "ttname": "பாபநாசம்            ",
    "nflag": "Y"
  },
  {
    "tcode": "07",
    "tname": "Pattukottai         ",
    "ttname": "பட்டுக்கோட்டை       ",
    "nflag": "Y"
  },
  {
    "tcode": "08",
    "tname": "Peravurani          ",
    "ttname": "பேராவுரணி           ",
    "nflag": "Y"
  },
  {
    "tcode": "01",
    "tname": "Thanjavur           ",
    "ttname": "தஞ்சாவூர்           ",
    "nflag": "Y"
  },
  {
    "tcode": "02",
    "tname": "Thiruvaiyaru        ",
    "ttname": "திருவையாறு          ",
    "nflag": "Y"
  },
  {
    "tcode": "04",
    "tname": "Thiruvidaimarudur   ",
    "ttname": "திருவிடைமருதூர்     ",
    "nflag": "Y"
  },
  {
    "tcode": "10",
    "tname": "Thiruvonam",
    "ttname": "திருவோணம்",
    "nflag": "Y"
  }
]
