[
  {
    "tcode": "04",
    "tname": "Attur               ",
    "ttname": "ஆத்தூர்             ",
    "nflag": "Y"
  },
  {
    "tcode": "07",
    "tname": "Edappady            ",
    "ttname": "எடப்பாடி            ",
    "nflag": "Y"
  },
  {
    "tcode": "03",
    "tname": "Gangavalli          ",
    "ttname": "கெங்கவல்லி          ",
    "nflag": "Y"
  },
  {
    "tcode": "14",
    "tname": "Kadayampatti        ",
    "ttname": "காடையாம்பட்டி                 ",
    "nflag": "Y"
  },
  {
    "tcode": "09",
    "tname": "Mettur              ",
    "ttname": "மேட்டூர்            ",
    "nflag": "Y"
  },
  {
    "tcode": "10",
    "tname": "Omalur              ",
    "ttname": " ஓமலூர்             ",
    "nflag": "Y"
  },
  {
    "tcode": "13",
    "tname": "Pethanaickenpalayam ",
    "ttname": "பெத்தநாயக்கன்பாளையம்",
    "nflag": "Y"
  },
  {
    "tcode": "01",
    "tname": "Salem               ",
    "ttname": "சேலம்               ",
    "nflag": "Y"
  },
  {
    "tcode": "12",
    "tname": "Salem South         ",
    "ttname": "சேலம் தெற்கு        ",
    "nflag": "Y"
  },
  {
    "tcode": "11",
    "tname": "Salem West          ",
    "ttname": "சேலம் மேற்கு        ",
    "nflag": "Y"
  },
  {
    "tcode": "06",
    "tname": "Sankari             ",
    "ttname": "சங்ககிரி            ",
    "nflag": "Y"
  },
  {
    "tcode": "15",
    "tname": "Thalaivasal",
    "ttname": "தலைவாசல்",
    "nflag": "Y"
  },
  {
    "tcode": "05",
    "tname": "Valapady            ",
    "ttname": "வாழப்பாடி           ",
    "nflag": "Y"
  },
  {
    "tcode": "02",
    "tname": "Yercaud             ",
    "ttname": "ஏற்காடு             ",
    "nflag": "Y"
  }
]
