[
  {
    "tcode": "14",
    "tname": "Athoor              ",
    "ttname": "ஆத்தூர்             ",
    "nflag": "Y"
  },
  {
    "tcode": "11",
    "tname": "Dindigul East       ",
    "ttname": "திண்டுக்கல் கிழக்கு ",
    "nflag": "Y"
  },
  {
    "tcode": "32",
    "tname": "Dindigul West       ",
    "ttname": "திண்டுக்கல் (மேற்கு)",
    "nflag": "Y"
  },
  {
    "tcode": "24",
    "tname": "Gujiliamparai       ",
    "ttname": "குஜிலியம்பாறை                 ",
    "nflag": "Y"
  },
  {
    "tcode": "31",
    "tname": "Kodaikannal         ",
    "ttname": "கொடைக்கானல்         ",
    "nflag": "Y"
  },
  {
    "tcode": "13",
    "tname": "Natham              ",
    "ttname": "நத்தம்              ",
    "nflag": "Y"
  },
  {
    "tcode": "12",
    "tname": "Nilakottai          ",
    "ttname": "நிலக்கோட்டை         ",
    "nflag": "Y"
  },
  {
    "tcode": "22",
    "tname": "Oddenchatram        ",
    "ttname": "ஒட்டன்சத்திரம்                ",
    "nflag": "Y"
  },
  {
    "tcode": "21",
    "tname": "Palani              ",
    "ttname": "பழனி                ",
    "nflag": "Y"
  },
  {
    "tcode": "23",
    "tname": "Vedasandur          ",
    "ttname": "வேடசந்தூர்          ",
    "nflag": "Y"
  }
]
