[
  {
    "tcode": "12",
    "tname": "Alandur             ",
    "ttname": "ஆலந்தூர்            ",
    "nflag": "Y"
  },
  {
    "tcode": "15",
    "tname": "Madhavaram          ",
    "ttname": "மாதவரம்             ",
    "nflag": "Y"
  },
  {
    "tcode": "13",
    "tname": "Maduravoyal         ",
    "ttname": "மதுரவாயல்           ",
    "nflag": "Y"
  },
  {
    "tcode": "11",
    "tname": "Sholinganallur      ",
    "ttname": "சோழிங்கநல்லூர்      ",
    "nflag": "Y"
  },
  {
    "tcode": "16",
    "tname": "Thiruvottiyur       ",
    "ttname": "திருவொற்றியூர்      ",
    "nflag": "Y"
  }
]
