[
  {
    "tcode": "21",
    "tname": "Kadaladi            ",
    "ttname": "கடலாடி              ",
    "nflag": "Y"
  },
  {
    "tcode": "22",
    "tname": "Kamuthi             ",
    "ttname": "கமுதி               ",
    "nflag": "Y"
  },
  {
    "tcode": "14",
    "tname": "Kilakarai           ",
    "ttname": "கீழக்கரை            ",
    "nflag": "Y"
  },
  {
    "tcode": "23",
    "tname": "Mudukulathur        ",
    "ttname": "முதுகுளத்தூர்       ",
    "nflag": "Y"
  },
  {
    "tcode": "24",
    "tname": "Paramakudi",
    "ttname": " பரமக்குடி          ",
    "nflag": "Y"
  },
  {
    "tcode": "15",
    "tname": "Rajasingamangalam",
    "ttname": "இராஜசிங்கமங்கலம்    ",
    "nflag": "Y"
  },
  {
    "tcode": "11",
    "tname": "Ramanathapuram      ",
    "ttname": "இராமநாதபுரம்        ",
    "nflag": "Y"
  },
  {
    "tcode": "12",
    "tname": "Rameshwaram",
    "ttname": "இராமேஸ்வரம்         ",
    "nflag": "Y"
  },
  {
    "tcode": "13",
    "tname": "Thiruvadani         ",
    "ttname": "திருவாடனை           ",
    "nflag": "Y"
  }
]
