[
  {
    "tcode": "12",
    "tname": "Avadi               ",
    "ttname": "ஆவடி                ",
    "nflag": "Y"
  },
  {
    "tcode": "02",
    "tname": "Gummidipoondi       ",
    "ttname": "கும்மிடிப்பூண்டி    ",
    "nflag": "Y"
  },
  {
    "tcode": "03",
    "tname": "Pallipet            ",
    "ttname": "பள்ளிப்பட்டு        ",
    "nflag": "Y"
  },
  {
    "tcode": "04",
    "tname": "Ponneri             ",
    "ttname": "பொன்னேரி            ",
    "nflag": "Y"
  },
  {
    "tcode": "05",
    "tname": "Poonamallee         ",
    "ttname": "புந்தமல்லி          ",
    "nflag": "Y"
  },
  {
    "tcode": "13",
    "tname": "R.K. Pet            ",
    "ttname": "ஆர்.கே. பேட்டை                ",
    "nflag": "Y"
  },
  {
    "tcode": "06",
    "tname": "Tiruttani           ",
    "ttname": "திருத்தணி           ",
    "nflag": "Y"
  },
  {
    "tcode": "07",
    "tname": "Tiruvallur          ",
    "ttname": "திருவள்ளுர          ",
    "nflag": "Y"
  },
  {
    "tcode": "08",
    "tname": "Uthukottai          ",
    "ttname": "ஊத்துக்கோட்டை       ",
    "nflag": "Y"
  }
]
