[
  {
    "tcode": "11",
    "tname": "Alangulam           ",
    "ttname": "ஆலங்குளம்           ",
    "nflag": "Y"
  },
  {
    "tcode": "12",
    "tname": "Kadayanallur        ",
    "ttname": "கடையநல்லூர்         ",
    "nflag": "Y"
  },
  {
    "tcode": "03",
    "tname": "Sankarankovil       ",
    "ttname": "சங்கரன்கோவில்       ",
    "nflag": "Y"
  },
  {
    "tcode": "06",
    "tname": "Shencottai          ",
    "ttname": "செங்கோட்டை          ",
    "nflag": "Y"
  },
  {
    "tcode": "05",
    "tname": "Sivagiri            ",
    "ttname": "சிவகிரி             ",
    "nflag": "Y"
  },
  {
    "tcode": "04",
    "tname": "Tenkasi             ",
    "ttname": "தென்காசி            ",
    "nflag": "Y"
  },
  {
    "tcode": "13",
    "tname": "Thiruvengadam       ",
    "ttname": "திருவேங்கடம்        ",
    "nflag": "Y"
  },
  {
    "tcode": "10",
    "tname": "Veerakeralampudur   ",
    "ttname": "வீரகேரளம்புதூர்     ",
    "nflag": "Y"
  }
]
