[
  {
    "tcode": "02",
    "tname": "Avinashi            ",
    "ttname": "அவிநாசி             ",
    "nflag": "Y"
  },
  {
    "tcode": "04",
    "tname": "Dharapuram          ",
    "ttname": "தாராபுரம்           ",
    "nflag": "Y"
  },
  {
    "tcode": "05",
    "tname": "Kangayam            ",
    "ttname": "காங்கயம்            ",
    "nflag": "Y"
  },
  {
    "tcode": "07",
    "tname": "Madathukulam        ",
    "ttname": "மடத்துக்குளம்       ",
    "nflag": "Y"
  },
  {
    "tcode": "03",
    "tname": "Palladam            ",
    "ttname": "பல்லடம்             ",
    "nflag": "Y"
  },
  {
    "tcode": "01",
    "tname": "Tiruppur North",
    "ttname": "திருப்பூர் வடக்கு   ",
    "nflag": "Y"
  },
  {
    "tcode": "08",
    "tname": "Tiruppur South      ",
    "ttname": "திருப்பூர் தெற்கு   ",
    "nflag": "Y"
  },
  {
    "tcode": "06",
    "tname": "Udumalaipettai      ",
    "ttname": "உடுமலைப்பேட்டை      ",
    "nflag": "Y"
  },
  {
    "tcode": "09",
    "tname": "Uthukkuli           ",
    "ttname": "ஊத்துக்குளி         ",
    "nflag": "Y"
  }
]
