[
  {
    "tcode": "04",
    "tname": "Gingee              ",
    "ttname": "செஞ்சி              ",
    "nflag": "Y"
  },
  {
    "tcode": "12",
    "tname": "Kandacheepuram      ",
    "ttname": "கண்டாச்சிபுரம்                ",
    "nflag": "Y"
  },
  {
    "tcode": "11",
    "tname": "Marakkanam          ",
    "ttname": "மரக்காணம்           ",
    "nflag": "Y"
  },
  {
    "tcode": "13",
    "tname": "Melmalaiyanoor      ",
    "ttname": "மேல்மலையனூர்                  ",
    "nflag": "Y"
  },
  {
    "tcode": "14",
    "tname": "Thiruvennainallur",
    "ttname": "திருவெண்ணைநல்லூர்",
    "nflag": "Y"
  },
  {
    "tcode": "03",
    "tname": "Tindivanamm         ",
    "ttname": "திண்டிவனம்          ",
    "nflag": "Y"
  },
  {
    "tcode": "02",
    "tname": "Vanur               ",
    "ttname": "வானூா்",
    "nflag": "Y"
  },
  {
    "tcode": "10",
    "tname": "Vikravandi          ",
    "ttname": "விக்கிரவாண்டி       ",
    "nflag": "Y"
  },
  {
    "tcode": "01",
    "tname": "Villupuram          ",
    "ttname": "விழுப்புரம்         ",
    "nflag": "Y"
  }
]
