[
  {
    "tcode": "02",
    "tname": "Coonoor",
    "ttname": "குன்னூர் ",
    "nflag": "Y"
  },
  {
    "tcode": "04",
    "tname": "Gudalur             ",
    "ttname": "கூடலூர்             ",
    "nflag": "Y"
  },
  {
    "tcode": "03",
    "tname": "Kotagiri            ",
    "ttname": "கோத்தகிர            ",
    "nflag": "Y"
  },
  {
    "tcode": "05",
    "tname": "Kundah              ",
    "ttname": "குந்தா              ",
    "nflag": "Y"
  },
  {
    "tcode": "06",
    "tname": "Pandalur            ",
    "ttname": "பந்தலுார்           ",
    "nflag": "Y"
  },
  {
    "tcode": "01",
    "tname": "Udhagai             ",
    "ttname": "உதகை                ",
    "nflag": "Y"
  }
]
