[
  {
    "tcode": "01",
    "tname": "Kancheepuram        ",
    "ttname": "காஞ்சிபுரம்         ",
    "nflag": "Y"
  },
  {
    "tcode": "14",
    "tname": "Kundrathur",
    "ttname": "குன்றத்தூர்",
    "nflag": "Y"
  },
  {
    "tcode": "02",
    "tname": "Sriperumbudur       ",
    "ttname": "திருப்பெரும்புதூர்  ",
    "nflag": "Y"
  },
  {
    "tcode": "03",
    "tname": "Uthiramerur         ",
    "ttname": "உத்திரமேரூர்        ",
    "nflag": "Y"
  },
  {
    "tcode": "12",
    "tname": "Walajabad           ",
    "ttname": "வாலாஜாபாத்          ",
    "nflag": "Y"
  }
]
