[
  {
    "tcode": "15",
    "tname": "Anaimalai           ",
    "ttname": "ஆனைமலை                        ",
    "nflag": "Y"
  },
  {
    "tcode": "11",
    "tname": "Annur               ",
    "ttname": "அன்னூர்             ",
    "nflag": "Y"
  },
  {
    "tcode": "02",
    "tname": "Coimbatore North    ",
    "ttname": "கோயம்புத்தூர் வடக்கு",
    "nflag": "Y"
  },
  {
    "tcode": "12",
    "tname": "Kinathukkdavu       ",
    "ttname": "கிணத்துக்கடவு       ",
    "nflag": "Y"
  },
  {
    "tcode": "14",
    "tname": "Madukkarai          ",
    "ttname": "மதுக்கரை            ",
    "nflag": "Y"
  },
  {
    "tcode": "04",
    "tname": "Mettupalayam        ",
    "ttname": "மேட்டுப்பாளையம்     ",
    "nflag": "Y"
  },
  {
    "tcode": "13",
    "tname": "Perur               ",
    "ttname": "பேரூர்              ",
    "nflag": "Y"
  },
  {
    "tcode": "03",
    "tname": "Pollachi            ",
    "ttname": "பொள்ளாச்சி          ",
    "nflag": "Y"
  },
  {
    "tcode": "10",
    "tname": "Sulur               ",
    "ttname": "சூலூர்              ",
    "nflag": "Y"
  },
  {
    "tcode": "09",
    "tname": "Valparai",
    "ttname": "வால்பாறை",
    "nflag": "N"
  }
]
