[
  {
    "tcode": "06",
    "tname": "Aruppukkottai       ",
    "ttname": "அருப்புக்கோட்டை     ",
    "nflag": "Y"
  },
  {
    "tcode": "08",
    "tname": "Kariyapatti         ",
    "ttname": "காரியாபட்டி         ",
    "nflag": "Y"
  },
  {
    "tcode": "01",
    "tname": "Rajapalayam         ",
    "ttname": "இராஜபாளையம்         ",
    "nflag": "Y"
  },
  {
    "tcode": "03",
    "tname": "Sattur              ",
    "ttname": "சாத்தூர்            ",
    "nflag": "Y"
  },
  {
    "tcode": "04",
    "tname": "Sivakasi",
    "ttname": "சிவகாசி",
    "nflag": "Y"
  },
  {
    "tcode": "02",
    "tname": "Srivilliputhur      ",
    "ttname": "திருவில்லிபுத்துார  ",
    "nflag": "Y"
  },
  {
    "tcode": "07",
    "tname": "Tiruchuli           ",
    "ttname": "திருச்சுழி          ",
    "nflag": "Y"
  },
  {
    "tcode": "09",
    "tname": "Vembakkottai",
    "ttname": "வெம்பக்கோட்டை                 ",
    "nflag": "Y"
  },
  {
    "tcode": "05",
    "tname": "Virudhunagar        ",
    "ttname": "விருதுநகர்          ",
    "nflag": "Y"
  },
  {
    "tcode": "10",
    "tname": "Watrap",
    "ttname": "வத்திராயிருப்பு",
    "nflag": "Y"
  }
]
