[
  {
    "tcode": "02",
    "tname": "Arvakurichi         ",
    "ttname": "அரவக்குறிச்சி       ",
    "nflag": "Y"
  },
  {
    "tcode": "05",
    "tname": "Kadavur             ",
    "ttname": "கடவூர்              ",
    "nflag": "Y"
  },
  {
    "tcode": "01",
    "tname": "Karur               ",
    "ttname": "கரூர்               ",
    "nflag": "Y"
  },
  {
    "tcode": "04",
    "tname": "Krishnarayapuram    ",
    "ttname": "கிருஷ்ணராயபுரம்     ",
    "nflag": "Y"
  },
  {
    "tcode": "03",
    "tname": "Kulithalai          ",
    "ttname": "குளித்தலை           ",
    "nflag": "Y"
  },
  {
    "tcode": "06",
    "tname": "Manmangalam",
    "ttname": "மண்மங்கலம்",
    "nflag": "Y"
  },
  {
    "tcode": "07",
    "tname": "Pugalur",
    "ttname": "புகழூர்             ",
    "nflag": "Y"
  }
]
