[
  {
    "tcode": "02",
    "tname": "Kilvelur            ",
    "ttname": " கீழ்வேளூர் ",
    "nflag": "Y"
  },
  {
    "tcode": "01",
    "tname": "Nagapattinam        ",
    "ttname": "நாகப்பட்டினம்       ",
    "nflag": "Y"
  },
  {
    "tcode": "03",
    "tname": "Thirukkuvalai       ",
    "ttname": "திருக்குவளை         ",
    "nflag": "Y"
  },
  {
    "tcode": "07",
    "tname": "Vedaranyam          ",
    "ttname": "வேதாரண்யம்          ",
    "nflag": "Y"
  }
]
