[
  {
    "villagecode": "024",
    "villagename": "Alagarai                 ",
    "villagetname": "அலகரை                                                                                                                        "
  },
  {
    "villagecode": "028",
    "villagename": "Appananallur             ",
    "villagetname": "அப்பணநல்லூர்                                                                                                                 "
  },
  {
    "villagecode": "021",
    "villagename": "Arangur                  ",
    "villagetname": "அரங்கூர்                                                                                                                     "
  },
  {
    "villagecode": "019",
    "villagename": "Arasalur                 ",
    "villagetname": "அரசலூர்                                                                                                                      "
  },
  {
    "villagecode": "008",
    "villagename": "Chinnapallipalayam       ",
    "villagetname": "சின்னப்பள்ளிபானையம்                                                                                                          "
  },
  {
    "villagecode": "015",
    "villagename": "Elurpatti                ",
    "villagetname": "ஏலூர்பட்டி                                                                                                                   "
  },
  {
    "villagecode": "012",
    "villagename": "Kaduvetti                ",
    "villagetname": "காடுவெட்டி                                                                                                                   "
  },
  {
    "villagecode": "016",
    "villagename": "Kamalapuram              ",
    "villagetname": "காமலாபுரம்                                                                                                                   "
  },
  {
    "villagecode": "102",
    "villagename": "Kattuputhur East         ",
    "villagetname": "காட்டுப்புத்தூர் (கீழ்பாகம்                                                                                                  "
  },
  {
    "villagecode": "101",
    "villagename": "Kattuputhu West          ",
    "villagetname": "காட்டுப்புத்தூர் (மேல்)                                                                                                      "
  },
  {
    "villagecode": "004",
    "villagename": "Kidaram                  ",
    "villagetname": "கிடாரம்                                                                                                                      "
  },
  {
    "villagecode": "027",
    "villagename": "Koolakudi                ",
    "villagetname": "கொளக்குடி                                                                                                                    "
  },
  {
    "villagecode": "025",
    "villagename": "Manamedu                 ",
    "villagetname": "மணமேடு                                                                                                                       "
  },
  {
    "villagecode": "002",
    "villagename": "M.Kalathur               ",
    "villagetname": "எம்.களத்தூர்                                                                                                                 "
  },
  {
    "villagecode": "018",
    "villagename": "M.Puthur                 ",
    "villagetname": "எம்.புத்தூர்                                                                                                                 "
  },
  {
    "villagecode": "026",
    "villagename": "Mullipadi                ",
    "villagetname": "முள்ளிப்பாடி                                                                                                                 "
  },
  {
    "villagecode": "003",
    "villagename": "Murungai                 ",
    "villagetname": "முருங்கை                                                                                                                     "
  },
  {
    "villagecode": "013",
    "villagename": "Nagaiyanallur            ",
    "villagetname": "நாகையநல்லூர்                                                                                                                 "
  },
  {
    "villagecode": "014",
    "villagename": "Natham                   ",
    "villagetname": "நத்தம்                                                                                                                       "
  },
  {
    "villagecode": "007",
    "villagename": "Periyapallipalayam       ",
    "villagetname": "பெரியபள்ளிபாளையம்                                                                                                            "
  },
  {
    "villagecode": "005",
    "villagename": "Pidaramangalam           ",
    "villagetname": "பிடாரமங்கலம்                                                                                                                 "
  },
  {
    "villagecode": "011",
    "villagename": "Seelapilayarputhur       ",
    "villagetname": "சீலைப்பிள்ளையார் புத்தூர்                                                                                                    "
  },
  {
    "villagecode": "022",
    "villagename": "Sithur                   ",
    "villagetname": "சித்தூர்                                                                                                                     "
  },
  {
    "villagecode": "023",
    "villagename": "Srinivasanallur          ",
    "villagetname": "சீனிவாசநல்லூர்                                                                                                               "
  },
  {
    "villagecode": "009",
    "villagename": "Sriramasamuthiram        ",
    "villagetname": "ஸ்ரீராமசமுத்திரம்                                                                                                            "
  },
  {
    "villagecode": "191",
    "villagename": "Thirunarayanapuram       ",
    "villagetname": "திருநாராயணபுரம்                                                                                                              "
  },
  {
    "villagecode": "017",
    "villagename": "Tholurpatti              ",
    "villagetname": "தோளுர்பட்டி                                                                                                                  "
  },
  {
    "villagecode": "020",
    "villagename": "Thottiam                 ",
    "villagetname": "தொட்டியம்                                                                                                                    "
  },
  {
    "villagecode": "006",
    "villagename": "Unniyur                  ",
    "villagetname": "உன்னியூர்                                                                                                                    "
  },
  {
    "villagecode": "001",
    "villagename": "Valvelputhur             ",
    "villagetname": "வாள்வேல்புதூர்                                                                                                               "
  }
]
