[
  {
    "villagecode": "006",
    "villagename": "Alamarathuppatti         ",
    "villagetname": "ஆலமரத்துப்பட்டி                                                                                                              "
  },
  {
    "villagecode": "022",
    "villagename": "Amaram                   ",
    "villagetname": "அமரம்                                                                                                                        "
  },
  {
    "villagecode": "024",
    "villagename": "Aranganur                ",
    "villagetname": "அரங்கனூர்                                                                                                                    "
  },
  {
    "villagecode": "044",
    "villagename": "Avadathur                ",
    "villagetname": "ஆவடத்தூர்                                                                                                                    "
  },
  {
    "villagecode": "027",
    "villagename": "Chinnasathapady          ",
    "villagetname": "சின்னசாத்தப்பாடி                                                                                                             "
  },
  {
    "villagecode": "040",
    "villagename": "Chinna Soragai           ",
    "villagetname": "சின்னசோரகை                                                                                                                   "
  },
  {
    "villagecode": "007",
    "villagename": "Kannamoochi              ",
    "villagetname": "கண்ணாமூச்சி                                                                                                                  "
  },
  {
    "villagecode": "046",
    "villagename": "Karikapatti              ",
    "villagetname": "கரிகாபட்டி                                                                                                                   "
  },
  {
    "villagecode": "001",
    "villagename": "Kaveripuram              ",
    "villagetname": "காவேரிபுரம்                                                                                                                  "
  },
  {
    "villagecode": "100",
    "villagename": "Kaveripuram (South)      ",
    "villagetname": "காவேரிபுரம் தெற்கு                                                                                                           "
  },
  {
    "villagecode": "005",
    "villagename": "Kolathur                 ",
    "villagetname": "கொளத்தூர்                                                                                                                    "
  },
  {
    "villagecode": "012",
    "villagename": "Kolnayakkanpatti         ",
    "villagetname": "கோல்நாயக்கன்பட்டி                                                                                                            "
  },
  {
    "villagecode": "151",
    "villagename": "Konur (East)             ",
    "villagetname": "கோனூர் கிழக்கு                                                                                                               "
  },
  {
    "villagecode": "015",
    "villagename": "Konur West               ",
    "villagetname": "கோனூர் மேற்கு                                                                                                                "
  },
  {
    "villagecode": "016",
    "villagename": "Koonandiyur              ",
    "villagetname": "கூனாண்டியூர்                                                                                                                 "
  },
  {
    "villagecode": "031",
    "villagename": "Koppam                   ",
    "villagetname": "கொப்பம்                                                                                                                      "
  },
  {
    "villagecode": "030",
    "villagename": "Koppampatti              ",
    "villagetname": "கொப்பம்பட்டி                                                                                                                 "
  },
  {
    "villagecode": "038",
    "villagename": "Kuttappatti              ",
    "villagetname": "குட்டப்பட்டி                                                                                                                 "
  },
  {
    "villagecode": "002",
    "villagename": "Lakkampatti              ",
    "villagetname": "லக்கம்பட்டி                                                                                                                  "
  },
  {
    "villagecode": "018",
    "villagename": "Mallikundam              ",
    "villagetname": "மல்லிகுந்தம்                                                                                                                 "
  },
  {
    "villagecode": "039",
    "villagename": "Mallikuttapatti          ",
    "villagetname": "மல்லி குட்டப்பட்டி                                                                                                           "
  },
  {
    "villagecode": "023",
    "villagename": "Mecheri                  ",
    "villagetname": "மேச்சேரி                                                                                                                     "
  },
  {
    "villagecode": "032",
    "villagename": "M.Kalipatti              ",
    "villagetname": "எம் காளிப்பட்டி                                                                                                              "
  },
  {
    "villagecode": "026",
    "villagename": "M.N.Patti                ",
    "villagetname": "எம் நல்லா கவுண்டன்பட்டி                                                                                                      "
  },
  {
    "villagecode": "009",
    "villagename": "Moolakkadu               ",
    "villagetname": "மூலக்காடு                                                                                                                    "
  },
  {
    "villagecode": "037",
    "villagename": "Nangavalli               ",
    "villagetname": "நங்கவள்ளி                                                                                                                    "
  },
  {
    "villagecode": "011",
    "villagename": "Navapatti                ",
    "villagetname": "நவப்பட்டி                                                                                                                    "
  },
  {
    "villagecode": "025",
    "villagename": "Olaipatti                ",
    "villagetname": "ஓலைப்பட்டி                                                                                                                   "
  },
  {
    "villagecode": "008",
    "villagename": "Palamalai                ",
    "villagetname": "பாலமலை                                                                                                                       "
  },
  {
    "villagecode": "017",
    "villagename": "Pallipatti               ",
    "villagetname": "பள்ளிப்பட்டி                                                                                                                 "
  },
  {
    "villagecode": "029",
    "villagename": "Panapuram                ",
    "villagetname": "பாணாபுரம்                                                                                                                    "
  },
  {
    "villagecode": "028",
    "villagename": "Periyasathapady          ",
    "villagetname": "பெரியசாத்தப்பாடி                                                                                                             "
  },
  {
    "villagecode": "041",
    "villagename": "Periya Soragai           ",
    "villagetname": "பெரிய சோரகை                                                                                                                  "
  },
  {
    "villagecode": "013",
    "villagename": "P.N.Patti                ",
    "villagetname": "பி நல்லா கவுண்டன்பட்டி                                                                                                       "
  },
  {
    "villagecode": "033",
    "villagename": "Pottaneri                ",
    "villagetname": "பொட்டனேரி                                                                                                                    "
  },
  {
    "villagecode": "021",
    "villagename": "Pukkampatti              ",
    "villagetname": "புக்கம்பட்டி                                                                                                                 "
  },
  {
    "villagecode": "010",
    "villagename": "Sampalli                 ",
    "villagetname": "சாம்பள்ளி                                                                                                                    "
  },
  {
    "villagecode": "003",
    "villagename": "Singiripatti             ",
    "villagetname": "சிங்கிரிப்பட்டி                                                                                                              "
  },
  {
    "villagecode": "043",
    "villagename": "Soorapalli               ",
    "villagetname": "சூரப்பள்ளி                                                                                                                   "
  },
  {
    "villagecode": "042",
    "villagename": "Thasagapatti             ",
    "villagetname": "தாசகாப்பட்டி                                                                                                                 "
  },
  {
    "villagecode": "019",
    "villagename": "Thethagiripatti          ",
    "villagetname": "தெத்திகிரிப்பட்டி                                                                                                            "
  },
  {
    "villagecode": "004",
    "villagename": "Thinnappatti             ",
    "villagetname": "தின்னப்பட்டி                                                                                                                 "
  },
  {
    "villagecode": "045",
    "villagename": "Thoramangalam            ",
    "villagetname": "தோரமங்கலம்                                                                                                                   "
  },
  {
    "villagecode": "036",
    "villagename": "Vanavasi                 ",
    "villagetname": "வனவாசி                                                                                                                       "
  },
  {
    "villagecode": "035",
    "villagename": "Veerakkal                ",
    "villagetname": "வீரக்கல்                                                                                                                     "
  },
  {
    "villagecode": "014",
    "villagename": "Veerakkalpudur           ",
    "villagetname": "வீரக்கல்புதுார்                                                                                                              "
  },
  {
    "villagecode": "020",
    "villagename": "Vellar                   ",
    "villagetname": "வெள்ளார்                                                                                                                     "
  },
  {
    "villagecode": "034",
    "villagename": "Viruthasampatti          ",
    "villagetname": "விருதாசம்பட்டி                                                                                                               "
  }
]
