[
  {
    "villagecode": "133",
    "villagename": "Aarikilapadi             ",
    "villagetname": "அரிகிலபாடி                                                                                                                   "
  },
  {
    "villagecode": "144",
    "villagename": "Ambarisipuram            ",
    "villagetname": "அம்பரிஷிபுரம்                                                                                                                "
  },
  {
    "villagecode": "095",
    "villagename": "Ammanur                  ",
    "villagetname": "அம்மனூர்                                                                                                                     "
  },
  {
    "villagecode": "141",
    "villagename": "Anaikkattapudur          ",
    "villagetname": "அணைகட்டாபுத்தூர்                                                                                                             "
  },
  {
    "villagecode": "081",
    "villagename": "Anaipakkam               ",
    "villagetname": "ஆணைப்பாக்கம்                                                                                                                 "
  },
  {
    "villagecode": "139",
    "villagename": "Anandapuram              ",
    "villagetname": "அனந்தாபுரம்                                                                                                                  "
  },
  {
    "villagecode": "067",
    "villagename": "Anvarthikhanpettai       ",
    "villagetname": "அன்வர்திகாண்பேட்டை                                                                                                           "
  },
  {
    "villagecode": "089",
    "villagename": "Arakkonam                ",
    "villagetname": "அரக்கோணம்                                                                                                                    "
  },
  {
    "villagecode": "099",
    "villagename": "Arumpakkam               ",
    "villagetname": "அரும்பாக்கம்                                                                                                                 "
  },
  {
    "villagecode": "068",
    "villagename": "Asamandur                ",
    "villagetname": "அசமந்தூர்                                                                                                                    "
  },
  {
    "villagecode": "137",
    "villagename": "Athur                    ",
    "villagetname": "ஆத்தூர்                                                                                                                      "
  },
  {
    "villagecode": "126",
    "villagename": "Attuppakkam              ",
    "villagetname": "ஆட்டுபாக்கம்                                                                                                                 "
  },
  {
    "villagecode": "092",
    "villagename": "Cheyyur                  ",
    "villagetname": "செய்யூர்                                                                                                                     "
  },
  {
    "villagecode": "131",
    "villagename": "Chithur                  ",
    "villagetname": "சித்தூர்                                                                                                                     "
  },
  {
    "villagecode": "072",
    "villagename": "Echiputhur               ",
    "villagetname": "இச்சிபுத்தூர்                                                                                                                "
  },
  {
    "villagecode": "128",
    "villagename": "Ganapathipuram           ",
    "villagetname": "கணபதிபுரம்                                                                                                                   "
  },
  {
    "villagecode": "103",
    "villagename": "Ilupaithandalam          ",
    "villagetname": "இலுப்பைதண்டலம்                                                                                                               "
  },
  {
    "villagecode": "088",
    "villagename": "Kainur                   ",
    "villagetname": "கைனூர்                                                                                                                       "
  },
  {
    "villagecode": "085",
    "villagename": "Kavanoor                 ",
    "villagetname": "காவனூர்                                                                                                                      "
  },
  {
    "villagecode": "074",
    "villagename": "Keelanthur               ",
    "villagetname": "கீழாந்தூர்                                                                                                                   "
  },
  {
    "villagecode": "086",
    "villagename": "Keelkuppam               ",
    "villagetname": "கீழ்குப்பம்                                                                                                                  "
  },
  {
    "villagecode": "084",
    "villagename": "Keelpakkam               ",
    "villagetname": "கீழ்பாக்கம்                                                                                                                  "
  },
  {
    "villagecode": "071",
    "villagename": "Kilavanam                ",
    "villagetname": "கிழவனம்                                                                                                                      "
  },
  {
    "villagecode": "080",
    "villagename": "Konalam                  ",
    "villagetname": "கோணலம்                                                                                                                       "
  },
  {
    "villagecode": "076",
    "villagename": "Krishnapuram             ",
    "villagetname": "கிருஷ்ணாபுரம்                                                                                                                "
  },
  {
    "villagecode": "115",
    "villagename": "Mankattucheri            ",
    "villagetname": "மாங்காட்டுசேரி                                                                                                               "
  },
  {
    "villagecode": "096",
    "villagename": "Melpakkam                ",
    "villagetname": "மேல்பாக்கம்                                                                                                                  "
  },
  {
    "villagecode": "007",
    "villagename": "Minnal                   ",
    "villagetname": "மின்னல்                                                                                                                      "
  },
  {
    "villagecode": "091",
    "villagename": "Mosur                    ",
    "villagetname": "மோசூர்                                                                                                                       "
  },
  {
    "villagecode": "079",
    "villagename": "Mudur                    ",
    "villagetname": "மூதூர்                                                                                                                       "
  },
  {
    "villagecode": "083",
    "villagename": "Mulvoy                   ",
    "villagetname": "முள்வாய்                                                                                                                     "
  },
  {
    "villagecode": "129",
    "villagename": "Murungai                 ",
    "villagetname": "முருங்கை                                                                                                                     "
  },
  {
    "villagecode": "138",
    "villagename": "Nagarikuppam             ",
    "villagetname": "நகரிகுப்பம்                                                                                                                  "
  },
  {
    "villagecode": "005",
    "villagename": "Nanthiveduthangal        ",
    "villagetname": "நந்திவேடுதாங்கல்                                                                                                             "
  },
  {
    "villagecode": "118",
    "villagename": "Pallur                   ",
    "villagetname": "பள்ளுர்                                                                                                                      "
  },
  {
    "villagecode": "132",
    "villagename": "Parameswara Mglm.        ",
    "villagetname": "பரமேஸ்வரமங்கலம்                                                                                                              "
  },
  {
    "villagecode": "004",
    "villagename": "Paranji                  ",
    "villagetname": "பாராஞ்சி                                                                                                                     "
  },
  {
    "villagecode": "097",
    "villagename": "Parithiputhur            ",
    "villagetname": "பரிதிபுத்தூர்                                                                                                                "
  },
  {
    "villagecode": "134",
    "villagename": "Perumalrajapettai        ",
    "villagetname": "பெருமாள்ராஜபேட்டை                                                                                                            "
  },
  {
    "villagecode": "093",
    "villagename": "Perumunchi               ",
    "villagetname": "பெருமூச்சி                                                                                                                   "
  },
  {
    "villagecode": "075",
    "villagename": "Perunkalathur            ",
    "villagetname": "பெருங்களத்தூர்                                                                                                               "
  },
  {
    "villagecode": "127",
    "villagename": "Pinnavaram               ",
    "villagetname": "பிண்ணாவரம்                                                                                                                   "
  },
  {
    "villagecode": "102",
    "villagename": "Poiyapakkam              ",
    "villagetname": "பொய்யப்பாக்கம                                                                                                                "
  },
  {
    "villagecode": "142",
    "villagename": "Pudukesavaram            ",
    "villagetname": "புதுகேசவரம்                                                                                                                  "
  },
  {
    "villagecode": "090",
    "villagename": "Puliamangalam            ",
    "villagetname": "புளியமங்களம்                                                                                                                 "
  },
  {
    "villagecode": "006",
    "villagename": "Sembedu                  ",
    "villagetname": "செம்பேடு                                                                                                                     "
  },
  {
    "villagecode": "070",
    "villagename": "Sithambadi               ",
    "villagetname": "சித்தாம்பாடி                                                                                                                 "
  },
  {
    "villagecode": "098",
    "villagename": "Sitheri                  ",
    "villagetname": "சித்தேரி                                                                                                                     "
  },
  {
    "villagecode": "145",
    "villagename": "Sugapuram                ",
    "villagetname": "சுகபுரம்                                                                                                                     "
  },
  {
    "villagecode": "130",
    "villagename": "Thakkolam                ",
    "villagetname": "தக்கோலம்                                                                                                                     "
  },
  {
    "villagecode": "135",
    "villagename": "Thandalam                ",
    "villagetname": "தண்டலம்                                                                                                                      "
  },
  {
    "villagecode": "073",
    "villagename": "Thanigaipolur            ",
    "villagetname": "தணிகைபோளுர்                                                                                                                  "
  },
  {
    "villagecode": "087",
    "villagename": "Vadamampakkam            ",
    "villagetname": "வடமாம்பாக்கம்                                                                                                                "
  },
  {
    "villagecode": "077",
    "villagename": "Valarpuram               ",
    "villagetname": "வளர்புரம்                                                                                                                    "
  },
  {
    "villagecode": "069",
    "villagename": "Vedal                    ",
    "villagetname": "வேடல்                                                                                                                        "
  },
  {
    "villagecode": "082",
    "villagename": "Vellur                   ",
    "villagetname": "வேலூர்                                                                                                                       "
  },
  {
    "villagecode": "078",
    "villagename": "Vuliampakkam             ",
    "villagetname": "உளியம்பாக்கம்                                                                                                                "
  },
  {
    "villagecode": "140",
    "villagename": "Vuriyur                  ",
    "villagetname": "உரியுர்                                                                                                                      "
  }
]
