[
  {
    "villagecode": "068",
    "villagename": "Adilam                        ",
    "villagetname": "068 அடிலம்                                                                                                                                            "
  },
  {
    "villagecode": "073",
    "villagename": "Baisuhalli                    ",
    "villagetname": "073 பைசுஅள்ளி                                                                                                                                         "
  },
  {
    "villagecode": "066",
    "villagename": "Bandarahalli                  ",
    "villagetname": "066 பந்தாரஅள்ளி                                                                                                                                       "
  },
  {
    "villagecode": "002",
    "villagename": "Bannikulam                    ",
    "villagetname": "002 பன்னிகுளம்                                                                                                                                        "
  },
  {
    "villagecode": "020",
    "villagename": "Battalahalli                  ",
    "villagetname": "020 பத்தலஹள்ளி                                                                                                                                        "
  },
  {
    "villagecode": "040",
    "villagename": "Begarahalli                   ",
    "villagetname": "040 பேகாரஅள்ளி                                                                                                                                        "
  },
  {
    "villagecode": "037",
    "villagename": "Bommahalli                    ",
    "villagetname": "037 பொம்மஅள்ளி                                                                                                                                        "
  },
  {
    "villagecode": "065",
    "villagename": "Dindal                        ",
    "villagetname": "065 திண்டல்                                                                                                                                           "
  },
  {
    "villagecode": "072",
    "villagename": "Donnenahalli                  ",
    "villagetname": "072 தொன்னேனஅள்ளி                                                                                                                                      "
  },
  {
    "villagecode": "034",
    "villagename": "Elumitchanahalli              ",
    "villagetname": "034 எலுமிச்சனஅள்ளி                                                                                                                                    "
  },
  {
    "villagecode": "032",
    "villagename": "Hanumanthapuram               ",
    "villagetname": "032 அனுமந்தாபுரம்                                                                                                                                     "
  },
  {
    "villagecode": "074",
    "villagename": "Indamangalam                  ",
    "villagetname": "074 இண்டமங்கலம்                                                                                                                                       "
  },
  {
    "villagecode": "001",
    "villagename": "Irumattur                     ",
    "villagetname": "001 இருமத்தூர்                                                                                                                                        "
  },
  {
    "villagecode": "008",
    "villagename": "Jakkupatti                    ",
    "villagetname": "008 ஜக்குப்பட்டி                                                                                                                                      "
  },
  {
    "villagecode": "011",
    "villagename": "K Agraharam                   ",
    "villagetname": "011 கே அக்ரஹாரம்                                                                                                                                      "
  },
  {
    "villagecode": "062",
    "villagename": "Kalappanahalli                ",
    "villagetname": "062 காளப்பனஅள்ளி                                                                                                                                      "
  },
  {
    "villagecode": "006",
    "villagename": "Kambainallur                  ",
    "villagetname": "006 கம்பைநல்லுார்                                                                                                                                     "
  },
  {
    "villagecode": "036",
    "villagename": "Karimangalam                  ",
    "villagetname": "036 காரிமங்கலம்                                                                                                                                       "
  },
  {
    "villagecode": "005",
    "villagename": "Kelavalli                     ",
    "villagetname": "005 கெலவள்ளி                                                                                                                                          "
  },
  {
    "villagecode": "064",
    "villagename": "Kerakodahalli                 ",
    "villagetname": "064 கெரகோடஅள்ளி                                                                                                                                       "
  },
  {
    "villagecode": "010",
    "villagename": "K Ichchambadi                 ",
    "villagetname": "010 கே ஈச்சம்பாடி                                                                                                                                     "
  },
  {
    "villagecode": "027",
    "villagename": "Kondachamanahalli             ",
    "villagetname": "027 கொண்டசாமனஅள்ளி                                                                                                                                    "
  },
  {
    "villagecode": "004",
    "villagename": "Kongarapatti                  ",
    "villagetname": "004 கொங்கரப்பட்டி                                                                                                                                     "
  },
  {
    "villagecode": "039",
    "villagename": "Kottumaranahalli              ",
    "villagetname": "039 கொட்டுமாரனஅள்ளி                                                                                                                                   "
  },
  {
    "villagecode": "007",
    "villagename": "K Pallipatti                  ",
    "villagetname": "007 கே பள்ளிப்பட்டி                                                                                                                                   "
  },
  {
    "villagecode": "093",
    "villagename": "Kumbarahalli                  ",
    "villagetname": "093 கும்பாரஅள்ளி                                                                                                                                      "
  },
  {
    "villagecode": "060",
    "villagename": "Mallikuttai                   ",
    "villagetname": "060 மல்லிகுட்டை                                                                                                                                       "
  },
  {
    "villagecode": "069",
    "villagename": "Molappanahalli                ",
    "villagetname": "069 மோளப்பனஅள்ளி                                                                                                                                      "
  },
  {
    "villagecode": "035",
    "villagename": "Mukkulam                      ",
    "villagetname": "035 முக்குளம்                                                                                                                                         "
  },
  {
    "villagecode": "075",
    "villagename": "Murukkampatti                 ",
    "villagetname": "075 முருக்கம்பட்டி                                                                                                                                    "
  },
  {
    "villagecode": "038",
    "villagename": "Naganampatti                  ",
    "villagetname": "038 நாகனம்பட்டி                                                                                                                                       "
  },
  {
    "villagecode": "031",
    "villagename": "Nariyanahalli                 ",
    "villagetname": "031 நரியனஅள்ளி                                                                                                                                        "
  },
  {
    "villagecode": "094",
    "villagename": "Pachiganapalli                ",
    "villagetname": "094 பச்சிகானப்பள்ளி                                                                                                                                   "
  },
  {
    "villagecode": "063",
    "villagename": "Periyanahalli                 ",
    "villagetname": "063 பெரியானஅள்ளி                                                                                                                                      "
  },
  {
    "villagecode": "061",
    "villagename": "Poomandahalli                 ",
    "villagetname": "061 பூமாண்டஅள்ளி                                                                                                                                      "
  },
  {
    "villagecode": "070",
    "villagename": "Punatdhanahalli               ",
    "villagetname": "070 பூனாத்தனஅள்ளி                                                                                                                                     "
  },
  {
    "villagecode": "071",
    "villagename": "Senarayanahalli               ",
    "villagetname": "071 சென்றாயனஅள்ளி                                                                                                                                     "
  },
  {
    "villagecode": "067",
    "villagename": "Tellanahalli                  ",
    "villagetname": "067 தெல்லனஅள்ளி                                                                                                                                       "
  },
  {
    "villagecode": "003",
    "villagename": "Vagurappampatti               ",
    "villagetname": "003 வகுரப்பம்பட்டி                                                                                                                                    "
  },
  {
    "villagecode": "009",
    "villagename": "Vedarampatti                  ",
    "villagetname": "009 வெதரம்பட்டி                                                                                                                                       "
  }
]
