[
  {
    "villagecode": "019",
    "villagename": "Anaiseri                 ",
    "villagetname": "ஆனைசேரி                                                                                                                      "
  },
  {
    "villagecode": "043",
    "villagename": "Athankothankudi          ",
    "villagetname": "ஆதங்கொத்தங்குடி                                                                                                              "
  },
  {
    "villagecode": "037",
    "villagename": "Enathi                   ",
    "villagetname": "ஏனாதி                                                                                                                        "
  },
  {
    "villagecode": "035",
    "villagename": "Ilanchemboor             ",
    "villagetname": "இளஞ்செம்புர்                                                                                                                 "
  },
  {
    "villagecode": "032",
    "villagename": "Ilankakkoor              ",
    "villagetname": "இளங்காக்கூர்                                                                                                                 "
  },
  {
    "villagecode": "026",
    "villagename": "Kakkoor                  ",
    "villagetname": "காக்கூர்                                                                                                                     "
  },
  {
    "villagecode": "036",
    "villagename": "Kandilan                 ",
    "villagetname": "கண்டிலான்                                                                                                                    "
  },
  {
    "villagecode": "033",
    "villagename": "Karumal                  ",
    "villagetname": "கருமல்                                                                                                                       "
  },
  {
    "villagecode": "006",
    "villagename": "Keelakodumalur           ",
    "villagetname": "கீழக்கொடுமலூர்                                                                                                               "
  },
  {
    "villagecode": "009",
    "villagename": "Keelakulam               ",
    "villagetname": "கீழக்குளம்                                                                                                                   "
  },
  {
    "villagecode": "025",
    "villagename": "Keelamudukulathur        ",
    "villagetname": "கீழமுதுகுளத்தூர்                                                                                                             "
  },
  {
    "villagecode": "042",
    "villagename": "Keelasirupothu           ",
    "villagetname": "கீழசிறுபோது                                                                                                                  "
  },
  {
    "villagecode": "011",
    "villagename": "Keelathooval             ",
    "villagetname": "கீழத்தூவல்                                                                                                                   "
  },
  {
    "villagecode": "022",
    "villagename": "Keeranoor                ",
    "villagetname": "கீரனூர்                                                                                                                      "
  },
  {
    "villagecode": "013",
    "villagename": "Kolunthurai              ",
    "villagetname": "கொழுந்துரை                                                                                                                   "
  },
  {
    "villagecode": "008",
    "villagename": "Koothadiyendal           ",
    "villagetname": "கூத்தாடியேந்தல்                                                                                                              "
  },
  {
    "villagecode": "034",
    "villagename": "Kumarakurichi            ",
    "villagetname": "குமாரக்குறிச்சி                                                                                                              "
  },
  {
    "villagecode": "020",
    "villagename": "Manaloor                 ",
    "villagetname": "மணலூர்                                                                                                                       "
  },
  {
    "villagecode": "003",
    "villagename": "Melakkulam               ",
    "villagetname": "மேலக்குளம்                                                                                                                   "
  },
  {
    "villagecode": "002",
    "villagename": "Melakodumalur            ",
    "villagetname": "மேலக்கொடுமலூர்                                                                                                               "
  },
  {
    "villagecode": "024",
    "villagename": "Melamudukulathur         ",
    "villagetname": "மேலமுதுகுளத்தூர்                                                                                                             "
  },
  {
    "villagecode": "041",
    "villagename": "Melasirupothu            ",
    "villagetname": "மேலசிறுபோது                                                                                                                  "
  },
  {
    "villagecode": "018",
    "villagename": "Melathooval              ",
    "villagetname": "மேலத்தூவல்                                                                                                                   "
  },
  {
    "villagecode": "004",
    "villagename": "Merku Kottakudi          ",
    "villagetname": "மேற்கு கொட்டகுடி                                                                                                             "
  },
  {
    "villagecode": "021",
    "villagename": "Nalloor                  ",
    "villagetname": "நல்லூர்                                                                                                                      "
  },
  {
    "villagecode": "029",
    "villagename": "Pirabakkaloor            ",
    "villagetname": "பிரபக்கலூர்                                                                                                                  "
  },
  {
    "villagecode": "045",
    "villagename": "Pooseri                  ",
    "villagetname": "புசேரி                                                                                                                       "
  },
  {
    "villagecode": "028",
    "villagename": "Posukudi                 ",
    "villagetname": "பொசுக்குடி                                                                                                                   "
  },
  {
    "villagecode": "027",
    "villagename": "Puliyankudi              ",
    "villagetname": "புளியங்குடி                                                                                                                  "
  },
  {
    "villagecode": "023",
    "villagename": "Pulvoikulam              ",
    "villagetname": "புல்வாய்க்குளம்                                                                                                              "
  },
  {
    "villagecode": "005",
    "villagename": "Sadayanendal             ",
    "villagetname": "சடையனேந்தல்                                                                                                                  "
  },
  {
    "villagecode": "010",
    "villagename": "Sathanur                 ",
    "villagetname": "சாத்தனூர்                                                                                                                    "
  },
  {
    "villagecode": "012",
    "villagename": "Sellur                   ",
    "villagetname": "செல்லூர்                                                                                                                     "
  },
  {
    "villagecode": "040",
    "villagename": "Senthaneri               ",
    "villagetname": "சேந்தனேரி                                                                                                                    "
  },
  {
    "villagecode": "038",
    "villagename": "Sithirankudi             ",
    "villagetname": "சித்திரங்குடி                                                                                                                "
  },
  {
    "villagecode": "039",
    "villagename": "Sonaipriyankottai        ",
    "villagetname": "சோனைபிரியான்கோட்டை                                                                                                           "
  },
  {
    "villagecode": "015",
    "villagename": "Suvathan                 ",
    "villagetname": "சுவாத்தான்                                                                                                                   "
  },
  {
    "villagecode": "046",
    "villagename": "Thaliyarendal            ",
    "villagetname": "தாளியரேந்தல்                                                                                                                 "
  },
  {
    "villagecode": "001",
    "villagename": "Thattanendal             ",
    "villagetname": "தட்டானேந்தல்                                                                                                                 "
  },
  {
    "villagecode": "044",
    "villagename": "Theriruveli              ",
    "villagetname": "தேரிருவேலி                                                                                                                   "
  },
  {
    "villagecode": "014",
    "villagename": "Thiruvarangam            ",
    "villagetname": "திருவரங்கம்                                                                                                                  "
  },
  {
    "villagecode": "030",
    "villagename": "Ulaiyoor                 ",
    "villagetname": "உலையுர்                                                                                                                      "
  },
  {
    "villagecode": "031",
    "villagename": "Valanadu                 ",
    "villagetname": "வளநாடு                                                                                                                       "
  },
  {
    "villagecode": "016",
    "villagename": "Vengalakurichi           ",
    "villagetname": "வெங்கலக்குறிச்சி                                                                                                             "
  },
  {
    "villagecode": "007",
    "villagename": "Vikkiramapandiyapuram    ",
    "villagetname": "விக்கிரமபாண்டியபுரம்                                                                                                         "
  },
  {
    "villagecode": "017",
    "villagename": "Vilangalathur            ",
    "villagetname": "விளங்களத்தூர்                                                                                                                "
  }
]
