[
  {
    "villagecode": "086",
    "villagename": "Akkiampatty              ",
    "villagetname": "அக்கியம்பட்டி                                                                                                                "
  },
  {
    "villagecode": "087",
    "villagename": "Alagapuri                ",
    "villagetname": "அழகாபுரி                                                                                                                     "
  },
  {
    "villagecode": "041",
    "villagename": "Amanakkampatty           ",
    "villagetname": "ஆமணக்கம்பட்டி                                                                                                                "
  },
  {
    "villagecode": "055",
    "villagename": "Ammasatram               ",
    "villagetname": "அம்மாசத்திரம்                                                                                                                "
  },
  {
    "villagecode": "073",
    "villagename": "Ayanporuvai              ",
    "villagetname": "அயன் பெருவாய்                                                                                                                "
  },
  {
    "villagecode": "063",
    "villagename": "Ayanpudupatty            ",
    "villagetname": "அயன்புதுப்பட்டி                                                                                                              "
  },
  {
    "villagecode": "054",
    "villagename": "Endapuli                 ",
    "villagetname": "எண்டப்புளி                                                                                                                   "
  },
  {
    "villagecode": "084",
    "villagename": "Ikkaraikosukuruchi       ",
    "villagetname": "இக்கரைகோசிகுறிச்சி                                                                                                           "
  },
  {
    "villagecode": "722",
    "villagename": "Kalingapatty(E)          ",
    "villagetname": "கலிங்கப்பட்டி கிழக்கு                                                                                                        "
  },
  {
    "villagecode": "721",
    "villagename": "Kalingapatty(W)          ",
    "villagetname": "கலிங்கப்பட்டி மேற்கு                                                                                                         "
  },
  {
    "villagecode": "083",
    "villagename": "Kanchanayakkanpatty      ",
    "villagetname": "கஞ்சநாயக்கன்பட்டி                                                                                                            "
  },
  {
    "villagecode": "042",
    "villagename": "Kannivadugapatty         ",
    "villagetname": "கன்னிவடுகப்பட்டி                                                                                                             "
  },
  {
    "villagecode": "066",
    "villagename": "Kannukkuli               ",
    "villagetname": "கண்ணுக்குழி                                                                                                                  "
  },
  {
    "villagecode": "051",
    "villagename": "Kannuthu                 ",
    "villagetname": "கண்ணூத்து                                                                                                                    "
  },
  {
    "villagecode": "068",
    "villagename": "Kappakudi                ",
    "villagetname": "காப்பக்குடி                                                                                                                  "
  },
  {
    "villagecode": "081",
    "villagename": "Karaipatty               ",
    "villagetname": "காரைப்பட்டி                                                                                                                  "
  },
  {
    "villagecode": "056",
    "villagename": "Karumalai                ",
    "villagetname": "கருமலை                                                                                                                       "
  },
  {
    "villagecode": "069",
    "villagename": "Kavinaripatty            ",
    "villagetname": "கவிநாரிப்பட்டி                                                                                                               "
  },
  {
    "villagecode": "070",
    "villagename": "Kodumpapatty             ",
    "villagetname": "கொடும்பபட்டி                                                                                                                 "
  },
  {
    "villagecode": "088",
    "villagename": "Lekkanayakkanpatty       ",
    "villagetname": "லெக்காநாயக்கன்பட்டி                                                                                                          "
  },
  {
    "villagecode": "076",
    "villagename": "Marungapuri              ",
    "villagetname": "மருங்காபுரி                                                                                                                  "
  },
  {
    "villagecode": "059",
    "villagename": "Muthalvarpatty           ",
    "villagetname": "முத்தாழ்வார்பட்டி                                                                                                            "
  },
  {
    "villagecode": "078",
    "villagename": "Nallur                   ",
    "villagetname": "நல்லூர்                                                                                                                      "
  },
  {
    "villagecode": "071",
    "villagename": "Palakuruchi              ",
    "villagetname": "பாலகுறிச்சி                                                                                                                  "
  },
  {
    "villagecode": "601",
    "villagename": "Paluvanchi West          ",
    "villagetname": "பளுவஞ்சி மேற்கு                                                                                                              "
  },
  {
    "villagecode": "602",
    "villagename": "Paluvanji East           ",
    "villagetname": "பளுவஞ்சி கிழக்கு                                                                                                             "
  },
  {
    "villagecode": "611",
    "villagename": "Pirampatti North         ",
    "villagetname": "பிராம்பட்டி வடக்கு                                                                                                           "
  },
  {
    "villagecode": "612",
    "villagename": "Pirampatty(S)            ",
    "villagetname": "பிராம்பட்டி தெற்கு                                                                                                           "
  },
  {
    "villagecode": "067",
    "villagename": "Puthakudi                ",
    "villagetname": "புத்தக்குடி                                                                                                                  "
  },
  {
    "villagecode": "085",
    "villagename": "Sevalpatty               ",
    "villagetname": "செவல்பட்டி                                                                                                                   "
  },
  {
    "villagecode": "090",
    "villagename": "Sevanthampatty           ",
    "villagetname": "செவந்தாம்பட்டி                                                                                                               "
  },
  {
    "villagecode": "038",
    "villagename": "Thathanoor               ",
    "villagetname": "தாதனூர்                                                                                                                      "
  },
  {
    "villagecode": "062",
    "villagename": "Thenur                   ",
    "villagetname": "தேனூர்                                                                                                                       "
  },
  {
    "villagecode": "089",
    "villagename": "Thettur                  ",
    "villagetname": "தெத்தூர்                                                                                                                     "
  },
  {
    "villagecode": "058",
    "villagename": "Thirunellipatty          ",
    "villagetname": "திருநெல்லிப்பட்டி                                                                                                            "
  },
  {
    "villagecode": "039",
    "villagename": "Thottiapatty             ",
    "villagetname": "தொட்டியப்பட்டி                                                                                                               "
  },
  {
    "villagecode": "080",
    "villagename": "Thuvarankuruchi          ",
    "villagetname": "துவரங்குறிச்சி                                                                                                               "
  },
  {
    "villagecode": "075",
    "villagename": "T.Iddayapatty            ",
    "villagetname": "தென்முகம் இடையப்பட்டி                                                                                                        "
  },
  {
    "villagecode": "064",
    "villagename": "Uthukkuli                ",
    "villagetname": "ஊத்துக்குளி                                                                                                                  "
  },
  {
    "villagecode": "074",
    "villagename": "Valanadu                 ",
    "villagetname": "வளநாடு                                                                                                                       "
  },
  {
    "villagecode": "082",
    "villagename": "Vellakuruchi             ",
    "villagetname": "வேலக்குறிச்சி                                                                                                                "
  },
  {
    "villagecode": "040",
    "villagename": "Vellayakonepatty         ",
    "villagetname": "வெள்ளைக்கோன்பட்டி                                                                                                            "
  },
  {
    "villagecode": "065",
    "villagename": "Vembanoor                ",
    "villagetname": "வேம்பனூர்                                                                                                                    "
  },
  {
    "villagecode": "079",
    "villagename": "Venkatnayakkanpatty      ",
    "villagetname": "வெங்கட்நாயக்கன்பட்டி                                                                                                         "
  },
  {
    "villagecode": "077",
    "villagename": "Yagapuram                ",
    "villagetname": "யாகபுரம்                                                                                                                     "
  }
]
