[
  {
    "villagecode": "026",
    "villagename": "Alathur                  ",
    "villagetname": "ஆலத்தூர்                                                                                                                     "
  },
  {
    "villagecode": "038",
    "villagename": "Annavasal                ",
    "villagetname": "அன்னவாசல்                                                                                                                    "
  },
  {
    "villagecode": "050",
    "villagename": "Ariyur                   ",
    "villagetname": "ஆரியூர்                                                                                                                      "
  },
  {
    "villagecode": "054",
    "villagename": "Ayingudi                 ",
    "villagetname": "ஆயிங்குடி                                                                                                                    "
  },
  {
    "villagecode": "015",
    "villagename": "Ennai                    ",
    "villagetname": "எண்ணை                                                                                                                        "
  },
  {
    "villagecode": "004",
    "villagename": "Esvarankovil             ",
    "villagetname": "ஈஸ்வரன்கோயில்                                                                                                                "
  },
  {
    "villagecode": "056",
    "villagename": "Gothandaramapuram        ",
    "villagetname": "கோதண்டராமபுரம்                                                                                                               "
  },
  {
    "villagecode": "027",
    "villagename": "Idaiyapatti              ",
    "villagetname": "இடையப்பட்டி                                                                                                                  "
  },
  {
    "villagecode": "014",
    "villagename": "Iluppur                  ",
    "villagetname": "இலுப்பூர்                                                                                                                    "
  },
  {
    "villagecode": "012",
    "villagename": "Irunthirapatti           ",
    "villagetname": "இருந்திராப்பட்டி                                                                                                             "
  },
  {
    "villagecode": "025",
    "villagename": "Kadamparayapatti         ",
    "villagetname": "கடம்பராயபட்டி                                                                                                                "
  },
  {
    "villagecode": "017",
    "villagename": "Kathavampatti            ",
    "villagetname": "கதவம்பட்டி                                                                                                                   "
  },
  {
    "villagecode": "002",
    "villagename": "Kattakudi                ",
    "villagetname": "கட்டக்குடி                                                                                                                   "
  },
  {
    "villagecode": "037",
    "villagename": "Keezhakurichi            ",
    "villagetname": "கீழக்குறிச்சி                                                                                                                "
  },
  {
    "villagecode": "019",
    "villagename": "Kilikkudi                ",
    "villagetname": "கிளிக்குடி                                                                                                                   "
  },
  {
    "villagecode": "006",
    "villagename": "Kongudipatti             ",
    "villagetname": "கோங்குடிப்பட்டி                                                                                                              "
  },
  {
    "villagecode": "018",
    "villagename": "Koodalur                 ",
    "villagetname": "கூடலூர்                                                                                                                      "
  },
  {
    "villagecode": "003",
    "villagename": "Kothirapatti             ",
    "villagetname": "கோத்திராப்பட்டி                                                                                                              "
  },
  {
    "villagecode": "045",
    "villagename": "Kudumiyanmalai           ",
    "villagetname": "குடுமியான்மலை                                                                                                                "
  },
  {
    "villagecode": "058",
    "villagename": "Kurukkapatti             ",
    "villagetname": "குருக்கப்பட்டி                                                                                                               "
  },
  {
    "villagecode": "033",
    "villagename": "Lekkanapatti             ",
    "villagetname": "லெக்கனாப்பட்டி                                                                                                               "
  },
  {
    "villagecode": "024",
    "villagename": "Mampatti                 ",
    "villagetname": "மாம்பட்டி                                                                                                                    "
  },
  {
    "villagecode": "042",
    "villagename": "Mangudi                  ",
    "villagetname": "மாங்குடி                                                                                                                     "
  },
  {
    "villagecode": "049",
    "villagename": "Marayappatti             ",
    "villagetname": "மாராயப்பட்டி                                                                                                                 "
  },
  {
    "villagecode": "008",
    "villagename": "Maruthampatti            ",
    "villagetname": "மருதம்பட்டி                                                                                                                  "
  },
  {
    "villagecode": "040",
    "villagename": "Mathiyanallur            ",
    "villagetname": "மதியநல்லூர்                                                                                                                  "
  },
  {
    "villagecode": "010",
    "villagename": "Nangupatti               ",
    "villagetname": "நாங்குப்பட்டி                                                                                                                "
  },
  {
    "villagecode": "032",
    "villagename": "Padipatti                ",
    "villagetname": "பாதிப்பட்டி                                                                                                                  "
  },
  {
    "villagecode": "011",
    "villagename": "Paiyur                   ",
    "villagetname": "பையூர்                                                                                                                       "
  },
  {
    "villagecode": "007",
    "villagename": "Pakkudi                  ",
    "villagetname": "பாக்குடி                                                                                                                     "
  },
  {
    "villagecode": "051",
    "villagename": "Panampatti               ",
    "villagetname": "பனம்பட்டி                                                                                                                    "
  },
  {
    "villagecode": "041",
    "villagename": "Panangudi                ",
    "villagetname": "பனங்குடி                                                                                                                     "
  },
  {
    "villagecode": "023",
    "villagename": "Parampur                 ",
    "villagetname": "பரம்பூர்                                                                                                                     "
  },
  {
    "villagecode": "055",
    "villagename": "Perumanadu               ",
    "villagetname": "பெருமாநாடு                                                                                                                   "
  },
  {
    "villagecode": "052",
    "villagename": "Perunchunai              ",
    "villagetname": "பெருஞ்சுனை                                                                                                                   "
  },
  {
    "villagecode": "035",
    "villagename": "Perungudipatti           ",
    "villagetname": "பெருங்குடிப்பட்டி                                                                                                            "
  },
  {
    "villagecode": "020",
    "villagename": "Peyaal                   ",
    "villagetname": "பேயால்                                                                                                                       "
  },
  {
    "villagecode": "022",
    "villagename": "Pinnangudi               ",
    "villagetname": "பின்னங்குடி                                                                                                                  "
  },
  {
    "villagecode": "047",
    "villagename": "Pulvayal                 ",
    "villagetname": "புல்வயல்                                                                                                                     "
  },
  {
    "villagecode": "013",
    "villagename": "Punkinipatti             ",
    "villagetname": "புங்கினிப்பட்டி                                                                                                              "
  },
  {
    "villagecode": "044",
    "villagename": "Puthur                   ",
    "villagetname": "புதூர்                                                                                                                       "
  },
  {
    "villagecode": "031",
    "villagename": "Rapoosal                 ",
    "villagetname": "ராப்பூசல்                                                                                                                    "
  },
  {
    "villagecode": "039",
    "villagename": "Sithannavasal            ",
    "villagetname": "சித்தன்னவாசல்                                                                                                                "
  },
  {
    "villagecode": "057",
    "villagename": "Suntharapatti            ",
    "villagetname": "சுந்தரப்பட்டி                                                                                                                "
  },
  {
    "villagecode": "043",
    "villagename": "Thachampatti             ",
    "villagetname": "தச்சம்பட்டி                                                                                                                  "
  },
  {
    "villagecode": "016",
    "villagename": "Thalinchi                ",
    "villagetname": "தளிஞ்சி                                                                                                                      "
  },
  {
    "villagecode": "005",
    "villagename": "Thannangudi              ",
    "villagetname": "தன்னாங்குடி                                                                                                                  "
  },
  {
    "villagecode": "034",
    "villagename": "Thayinipatti             ",
    "villagetname": "தாயினிப்பட்டி                                                                                                                "
  },
  {
    "villagecode": "001",
    "villagename": "Thirunallur              ",
    "villagetname": "திருநல்லூர்                                                                                                                  "
  },
  {
    "villagecode": "053",
    "villagename": "Thiruvengaivasal         ",
    "villagetname": "திருவேங்கைவாசல்                                                                                                              "
  },
  {
    "villagecode": "021",
    "villagename": "Vannarapatti Pit 1,2     ",
    "villagetname": "வண்ணாரப்பட்டி                                                                                                                "
  },
  {
    "villagecode": "048",
    "villagename": "Vayalogam                ",
    "villagetname": "வயலோகம்                                                                                                                      "
  },
  {
    "villagecode": "030",
    "villagename": "Veddukadu                ",
    "villagetname": "வெட்டுக்காடு                                                                                                                 "
  },
  {
    "villagecode": "028",
    "villagename": "Veerapatti               ",
    "villagetname": "வீரப்பட்டி                                                                                                                   "
  },
  {
    "villagecode": "029",
    "villagename": "Vellanchar               ",
    "villagetname": "வெள்ளாஞ்சார்                                                                                                                 "
  },
  {
    "villagecode": "009",
    "villagename": "Vilapatti                ",
    "villagetname": "விளாப்பட்டி                                                                                                                  "
  },
  {
    "villagecode": "036",
    "villagename": "Vilathupatti             ",
    "villagetname": "விளத்துப்பட்டி                                                                                                               "
  },
  {
    "villagecode": "046",
    "villagename": "Visalur                  ",
    "villagetname": "விசலூர்                                                                                                                      "
  }
]
