[
  {
    "villagecode": "085",
    "villagename": "Aalampoondi              ",
    "villagetname": "ஆலம்பூண்டி                                                                                                                   "
  },
  {
    "villagecode": "168",
    "villagename": "Aamoor                   ",
    "villagetname": "ஆமூர்                                                                                                                        "
  },
  {
    "villagecode": "192",
    "villagename": "Aanathur                 ",
    "villagetname": "ஆனத்தூர்                                                                                                                     "
  },
  {
    "villagecode": "205",
    "villagename": "Agaloor                  ",
    "villagetname": "அகலூர்                                                                                                                       "
  },
  {
    "villagecode": "102",
    "villagename": "Anaiyeri                 ",
    "villagetname": "அணையேரி                                                                                                                      "
  },
  {
    "villagecode": "112",
    "villagename": "Anandhapuram             ",
    "villagetname": "அனந்தபுரம்                                                                                                                   "
  },
  {
    "villagecode": "200",
    "villagename": "Anankur                  ",
    "villagetname": "ஆனாங்கூர்                                                                                                                    "
  },
  {
    "villagecode": "138",
    "villagename": "Anilaadi",
    "villagetname": "அணிலாடி                                                                                                                      "
  },
  {
    "villagecode": "155",
    "villagename": "Anjancheri               ",
    "villagetname": "அஞ்சாஞ்சேரி                                                                                                                  "
  },
  {
    "villagecode": "122",
    "villagename": "Appampattu               ",
    "villagetname": "அப்பம்பட்டு                                                                                                                  "
  },
  {
    "villagecode": "224",
    "villagename": "Arukavoor                ",
    "villagetname": "அருகாவூர்"
  },
  {
    "villagecode": "100",
    "villagename": "Arungunam(Mel)           ",
    "villagetname": "அருங்குணம்(மேல்)"
  },
  {
    "villagecode": "119",
    "villagename": "Athiyur                  ",
    "villagetname": "அத்தியூர்                                                                                                                    "
  },
  {
    "villagecode": "204",
    "villagename": "Aviyur                   ",
    "villagetname": "அவியூர்                                                                                                                      "
  },
  {
    "villagecode": "213",
    "villagename": "Chinnakaram              ",
    "villagetname": "சின்னகரம்                                                                                                                    "
  },
  {
    "villagecode": "090",
    "villagename": "Chinnaponnampoondi       ",
    "villagetname": "சின்னபொன்னம்பூண்டி                                                                                                           "
  },
  {
    "villagecode": "120",
    "villagename": "Chittampoondi            ",
    "villagetname": "சிட்டாம்பூண்டி                                                                                                               "
  },
  {
    "villagecode": "211",
    "villagename": "Chozhankunam             ",
    "villagetname": "சோழங்குணம்                                                                                                                   "
  },
  {
    "villagecode": "094",
    "villagename": "Devathanm Pettai         ",
    "villagetname": "தேவதானம்பேட்டை                                                                                                               "
  },
  {
    "villagecode": "208",
    "villagename": "Echur                    ",
    "villagetname": "ஈச்சூர்                                                                                                                      "
  },
  {
    "villagecode": "223",
    "villagename": "Edaimalai                ",
    "villagetname": "இடைமலை                                                                                                                       "
  },
  {
    "villagecode": "221",
    "villagename": "Edha Nemili",
    "villagetname": "ஏதாநெமிலி                                                                                                                    "
  },
  {
    "villagecode": "140",
    "villagename": "Errampattu",
    "villagetname": "எர்ரம்பட்டு                                                                                                                  "
  },
  {
    "villagecode": "159",
    "villagename": "Gingee                   ",
    "villagetname": "செஞ்சி                                                                                                                       "
  },
  {
    "villagecode": "209",
    "villagename": "Illodu                   ",
    "villagetname": "இல்லோடு                                                                                                                      "
  },
  {
    "villagecode": "230",
    "villagename": "Inthirasankuppam",
    "villagetname": "இந்திரசங்குப்பம்"
  },
  {
    "villagecode": "179",
    "villagename": "Irumpuli",
    "villagetname": "இரும்புலி                                                                                                                    "
  },
  {
    "villagecode": "153",
    "villagename": "Jambothi                 ",
    "villagetname": "ஜம்போதி                                                                                                                      "
  },
  {
    "villagecode": "123",
    "villagename": "Jeyankondan              ",
    "villagetname": "ஜெயங்கொண்டான்                                                                                                                "
  },
  {
    "villagecode": "126",
    "villagename": "Kadakampoondi            ",
    "villagetname": "கடகம்பூண்டி                                                                                                                  "
  },
  {
    "villagecode": "197",
    "villagename": "Kadampur                 ",
    "villagetname": "கடம்பூர்                                                                                                                     "
  },
  {
    "villagecode": "198",
    "villagename": "Kalaiyur                 ",
    "villagetname": "களையூர்                                                                                                                      "
  },
  {
    "villagecode": "141",
    "villagename": "Kalladikuppam            ",
    "villagetname": "கல்லடிகுப்பம்                                                                                                                "
  },
  {
    "villagecode": "134",
    "villagename": "Kallalipattu             ",
    "villagetname": "கல்லாலிப்பட்டு                                                                                                               "
  },
  {
    "villagecode": "178",
    "villagename": "Kallapuliyur             ",
    "villagetname": "கள்ளப்புலியூர்"
  },
  {
    "villagecode": "067",
    "villagename": "Kamakaram                ",
    "villagetname": "காமகரம்                                                                                                                      "
  },
  {
    "villagecode": "148",
    "villagename": "Kammanthur               ",
    "villagetname": "கம்மந்தூர்                                                                                                                   "
  },
  {
    "villagecode": "105",
    "villagename": "Kanakkankuppam           ",
    "villagetname": "கணக்கன்குப்பம்                                                                                                               "
  },
  {
    "villagecode": "176",
    "villagename": "Kandamanallur            ",
    "villagetname": "கண்டமநல்லூர்                                                                                                                 "
  },
  {
    "villagecode": "072",
    "villagename": "Kanjur                   ",
    "villagetname": "கஞ்சூர்                                                                                                                      "
  },
  {
    "villagecode": "129",
    "villagename": "Kappai                   ",
    "villagetname": "கப்பை                                                                                                                        "
  },
  {
    "villagecode": "118",
    "villagename": "Karai                    ",
    "villagetname": "காரை                                                                                                                         "
  },
  {
    "villagecode": "190",
    "villagename": "Kariyamangalam           ",
    "villagetname": "காரியமங்கலம்                                                                                                                 "
  },
  {
    "villagecode": "207",
    "villagename": "Karunkuzhi               ",
    "villagetname": "கருங்குழி                                                                                                                    "
  },
  {
    "villagecode": "069",
    "villagename": "Kattu Sithamoor          ",
    "villagetname": "காட்டு சித்தாமூர்                                                                                                            "
  },
  {
    "villagecode": "121",
    "villagename": "Kavarai                  ",
    "villagetname": "கவரை                                                                                                                         "
  },
  {
    "villagecode": "236",
    "villagename": "Keezhaiyur",
    "villagetname": "கீழையூர்                                                                                                                     "
  },
  {
    "villagecode": "113",
    "villagename": "Keezhmalai",
    "villagetname": "கீழ்மலை                                                                                                                      "
  },
  {
    "villagecode": "142",
    "villagename": "Keezhmampattu",
    "villagetname": "கீழ்மாம்பட்டு                                                                                                                "
  },
  {
    "villagecode": "145",
    "villagename": "Keezhpappampadi",
    "villagetname": "கீழ்பாப்பம்பாடி                                                                                                              "
  },
  {
    "villagecode": "240",
    "villagename": "Keezhvailamoor",
    "villagetname": "கீழ்வைலாமூர்                                                                                                                 "
  },
  {
    "villagecode": "106",
    "villagename": "Kengavaram               ",
    "villagetname": "கெங்கவரம்                                                                                                                    "
  },
  {
    "villagecode": "130",
    "villagename": "Kommedu                  ",
    "villagetname": "கொம்மேடு                                                                                                                     "
  },
  {
    "villagecode": "097",
    "villagename": "Konai                    ",
    "villagetname": "கோணை                                                                                                                         "
  },
  {
    "villagecode": "114",
    "villagename": "Konaloor                 ",
    "villagetname": "கொணலூர்"
  },
  {
    "villagecode": "235",
    "villagename": "Kongarapattu             ",
    "villagetname": "கொங்கரபட்டு                                                                                                                  "
  },
  {
    "villagecode": "199",
    "villagename": "Koravananthal            ",
    "villagetname": "கொரவநந்தல்                                                                                                                   "
  },
  {
    "villagecode": "160",
    "villagename": "Krishnapuram             ",
    "villagetname": "கிருஷ்ணாபுரம்                                                                                                                "
  },
  {
    "villagecode": "152",
    "villagename": "Kurinjipai               ",
    "villagetname": "குறிஞ்சிபை                                                                                                                   "
  },
  {
    "villagecode": "071",
    "villagename": "Madhappoondi",
    "villagetname": "மாதப்பூண்டி"
  },
  {
    "villagecode": "186",
    "villagename": "Mahadevimangalam         ",
    "villagetname": "மகாதேவிமங்கலம்                                                                                                               "
  },
  {
    "villagecode": "107",
    "villagename": "Mallarasankuppam         ",
    "villagetname": "மல்லரசன்குப்பம்                                                                                                              "
  },
  {
    "villagecode": "091",
    "villagename": "Manalpadi                ",
    "villagetname": "மணலப்பாடி                                                                                                                    "
  },
  {
    "villagecode": "237",
    "villagename": "Maniampattu              ",
    "villagetname": "மணியம்பட்டு                                                                                                                  "
  },
  {
    "villagecode": "239",
    "villagename": "Maroor                   ",
    "villagetname": "மரூர்                                                                                                                        "
  },
  {
    "villagecode": "234",
    "villagename": "Marutheri                ",
    "villagetname": "மருதேரி                                                                                                                      "
  },
  {
    "villagecode": "116",
    "villagename": "Mathur Thirukai          ",
    "villagetname": "மாத்தூர் திருக்கை                                                                                                            "
  },
  {
    "villagecode": "133",
    "villagename": "Mattaparai               ",
    "villagetname": "மட்டப்பாறை                                                                                                                   "
  },
  {
    "villagecode": "128",
    "villagename": "Mavattampadi             ",
    "villagetname": "மாவட்டம்பாடி                                                                                                                 "
  },
  {
    "villagecode": "108",
    "villagename": "Mazhavanthangal          ",
    "villagetname": "மழவந்தாங்கல்                                                                                                                 "
  },
  {
    "villagecode": "124",
    "villagename": "Meenamur                 ",
    "villagetname": "மீனம்மூர்"
  },
  {
    "villagecode": "222",
    "villagename": "Melathipakkam            ",
    "villagetname": "மேல்அத்திபாக்கம்                                                                                                             "
  },
  {
    "villagecode": "227",
    "villagename": "Melathur                 ",
    "villagetname": "மேலாத்தூர்                                                                                                                   "
  },
  {
    "villagecode": "154",
    "villagename": "Mel Edaiyalam            ",
    "villagetname": "மேல் எடையாளம்                                                                                                                "
  },
  {
    "villagecode": "189",
    "villagename": "Melkalavai",
    "villagetname": "மேல்கலவாய்                                                                                                                   "
  },
  {
    "villagecode": "137",
    "villagename": "Melkoodaloor",
    "villagetname": "மேல்கூடலூர்                                                                                                                  "
  },
  {
    "villagecode": "229",
    "villagename": "Melkoothapakkam",
    "villagetname": "மேல்கூத்தபாக்கம்                                                                                                             "
  },
  {
    "villagecode": "217",
    "villagename": "Mel Olakkur              ",
    "villagetname": "மேல் ஒலக்கூர்                                                                                                                "
  },
  {
    "villagecode": "063",
    "villagename": "Melpappampadi            ",
    "villagetname": "மேல்பாப்பாம்பாடி                                                                                                             "
  },
  {
    "villagecode": "992",
    "villagename": "Melsevur East            ",
    "villagetname": "மேல்சேவுர் கிழக்கு                                                                                                           "
  },
  {
    "villagecode": "238",
    "villagename": "Mel Sevur West           ",
    "villagetname": "மேல்சேவுர் மேற்கு                                                                                                            "
  },
  {
    "villagecode": "231",
    "villagename": "Mel Sithamoor            ",
    "villagetname": "மேல் சித்தாமூர்                                                                                                              "
  },
  {
    "villagecode": "991",
    "villagename": "Modaiyur East            ",
    "villagetname": "மொடையூர் கிழக்கு                                                                                                             "
  },
  {
    "villagecode": "150",
    "villagename": "Modaiyur West            ",
    "villagetname": "மொடையூர்மேற்கு                                                                                                               "
  },
  {
    "villagecode": "206",
    "villagename": "Mukkunam                 ",
    "villagetname": "முக்குணம்                                                                                                                    "
  },
  {
    "villagecode": "103",
    "villagename": "Mullur                   ",
    "villagetname": "முள்ளுர்                                                                                                                     "
  },
  {
    "villagecode": "073",
    "villagename": "Nagalampattu             ",
    "villagetname": "நாகலாம்பட்டு                                                                                                                 "
  },
  {
    "villagecode": "241",
    "villagename": "Naganthur                ",
    "villagetname": "நாகந்தூர்                                                                                                                    "
  },
  {
    "villagecode": "074",
    "villagename": "Nallanpillaipetral",
    "villagetname": "நல்லாண்பிள்ளைபெற்றாள்"
  },
  {
    "villagecode": "225",
    "villagename": "Nangiyananthal           ",
    "villagetname": "நங்கியாநந்தல்                                                                                                                "
  },
  {
    "villagecode": "194",
    "villagename": "Nanglikondan             ",
    "villagetname": "நங்கிலிகொண்டான்                                                                                                              "
  },
  {
    "villagecode": "158",
    "villagename": "Narasingarayanpettai     ",
    "villagetname": "நரசிங்கராயன்பேட்டை                                                                                                           "
  },
  {
    "villagecode": "232",
    "villagename": "Nattarmangalam           ",
    "villagetname": "நாட்டார்மங்கலம்                                                                                                              "
  },
  {
    "villagecode": "092",
    "villagename": "Nayampadi                ",
    "villagetname": "நயம்பாடி                                                                                                                     "
  },
  {
    "villagecode": "220",
    "villagename": "Neerperuthagaram         ",
    "villagetname": "நீர்பெருத்தகரம்                                                                                                              "
  },
  {
    "villagecode": "191",
    "villagename": "Neganoor                 ",
    "villagetname": "நெகனூர்                                                                                                                      "
  },
  {
    "villagecode": "156",
    "villagename": "Ooranithangal            ",
    "villagetname": "ஊரணித்தாங்கல்                                                                                                                "
  },
  {
    "villagecode": "089",
    "villagename": "Othiyathur",
    "villagetname": "ஒதியத்தூர்                                                                                                                   "
  },
  {
    "villagecode": "117",
    "villagename": "Ottampattu               ",
    "villagetname": "ஒட்டம்பட்டு                                                                                                                  "
  },
  {
    "villagecode": "095",
    "villagename": "Padipallam               ",
    "villagetname": "பாடிபள்ளம்                                                                                                                   "
  },
  {
    "villagecode": "081",
    "villagename": "Pakkam                   ",
    "villagetname": "பாக்கம்                                                                                                                      "
  },
  {
    "villagecode": "127",
    "villagename": "Palapattu                ",
    "villagetname": "பாலப்பட்டு                                                                                                                   "
  },
  {
    "villagecode": "228",
    "villagename": "Pallikulam               ",
    "villagetname": "பள்ளிகுளம்                                                                                                                   "
  },
  {
    "villagecode": "226",
    "villagename": "Panapakkam               ",
    "villagetname": "பனப்பாக்கம்                                                                                                                  "
  },
  {
    "villagecode": "086",
    "villagename": "Parathan Thangal         ",
    "villagetname": "பரதன் தாங்கல்                                                                                                                "
  },
  {
    "villagecode": "087",
    "villagename": "Pasumalai Thangal        ",
    "villagetname": "பசுமலைதாங்கல்                                                                                                                "
  },
  {
    "villagecode": "079",
    "villagename": "Pazhavalam               ",
    "villagetname": "பழவலம்                                                                                                                       "
  },
  {
    "villagecode": "210",
    "villagename": "Pennagar                 ",
    "villagetname": "பென்னகர்                                                                                                                     "
  },
  {
    "villagecode": "125",
    "villagename": "Perampattu               ",
    "villagetname": "பேராம்பட்டு                                                                                                                  "
  },
  {
    "villagecode": "093",
    "villagename": "Periyamoor               ",
    "villagetname": "பெரியாமூர்"
  },
  {
    "villagecode": "212",
    "villagename": "Perumpoondi              ",
    "villagetname": "பெரும்பூண்டி                                                                                                                 "
  },
  {
    "villagecode": "193",
    "villagename": "Perumpugai               ",
    "villagetname": "பெரும்புகை                                                                                                                   "
  },
  {
    "villagecode": "088",
    "villagename": "Perunkappur              ",
    "villagetname": "பெருங்காப்பூர்                                                                                                               "
  },
  {
    "villagecode": "109",
    "villagename": "Ponnankuppam             ",
    "villagetname": "பொன்னங்குப்பம்                                                                                                               "
  },
  {
    "villagecode": "157",
    "villagename": "Ponpathi                 ",
    "villagetname": "பொன்பத்தி                                                                                                                    "
  },
  {
    "villagecode": "218",
    "villagename": "Ponthai                  ",
    "villagetname": "போந்தை                                                                                                                       "
  },
  {
    "villagecode": "215",
    "villagename": "Pootheri                 ",
    "villagetname": "பூதேரி                                                                                                                       "
  },
  {
    "villagecode": "078",
    "villagename": "Pothuvai                 ",
    "villagetname": "போத்துவாய்                                                                                                                   "
  },
  {
    "villagecode": "082",
    "villagename": "Pudhupalaiyam            ",
    "villagetname": "புதுபாளையம்                                                                                                                  "
  },
  {
    "villagecode": "083",
    "villagename": "Pulipattu                ",
    "villagetname": "புலிப்பட்டு                                                                                                                  "
  },
  {
    "villagecode": "115",
    "villagename": "Pulivanthi               ",
    "villagetname": "புலிவந்தி                                                                                                                    "
  },
  {
    "villagecode": "068",
    "villagename": "Puthagaram               ",
    "villagetname": "புத்தகரம்                                                                                                                    "
  },
  {
    "villagecode": "151",
    "villagename": "Rajampuliyur             ",
    "villagetname": "ராஜாம்புலியூர்                                                                                                               "
  },
  {
    "villagecode": "161",
    "villagename": "Sakkarapuram",
    "villagetname": "சக்கராபுரம்                                                                                                                  "
  },
  {
    "villagecode": "184",
    "villagename": "Sandichatchi             ",
    "villagetname": "சன்டிசாட்சி                                                                                                                  "
  },
  {
    "villagecode": "084",
    "villagename": "Sathiamangalam           ",
    "villagetname": "சத்தியமங்கலம்                                                                                                                "
  },
  {
    "villagecode": "188",
    "villagename": "Sellapiratti             ",
    "villagetname": "செல்லபிராட்டி                                                                                                                "
  },
  {
    "villagecode": "064",
    "villagename": "Semmedu                  ",
    "villagetname": "செம்மேடு                                                                                                                     "
  },
  {
    "villagecode": "096",
    "villagename": "Sennaloor                ",
    "villagetname": "சென்னாலூர்                                                                                                                   "
  },
  {
    "villagecode": "066",
    "villagename": "Se.Pettai",
    "villagetname": "செ.பேட்டை                                                                                                                    "
  },
  {
    "villagecode": "195",
    "villagename": "Servilagam               ",
    "villagetname": "சேர்விளாகம்"
  },
  {
    "villagecode": "075",
    "villagename": "Sethavarai               ",
    "villagetname": "செத்தவரை                                                                                                                     "
  },
  {
    "villagecode": "203",
    "villagename": "Sethuvarayannallur       ",
    "villagetname": "சேதுவராயநல்லூர்                                                                                                              "
  },
  {
    "villagecode": "163",
    "villagename": "Singavaram               ",
    "villagetname": "சிங்கவரம்                                                                                                                    "
  },
  {
    "villagecode": "162",
    "villagename": "Sirukadambur             ",
    "villagetname": "சிறுகடம்பூர்                                                                                                                 "
  },
  {
    "villagecode": "098",
    "villagename": "Sirunampoondi            ",
    "villagetname": "சிறுணாம்பூண்டி                                                                                                               "
  },
  {
    "villagecode": "111",
    "villagename": "Sitharasur               ",
    "villagetname": "சித்தரசூர்                                                                                                                   "
  },
  {
    "villagecode": "080",
    "villagename": "So.Kuppam",
    "villagetname": "சொ.குப்பம்"
  },
  {
    "villagecode": "146",
    "villagename": "Sorathur                 ",
    "villagetname": "சொரத்தூர்                                                                                                                    "
  },
  {
    "villagecode": "099",
    "villagename": "Thachampattu             ",
    "villagetname": "தச்சம்பட்டு                                                                                                                  "
  },
  {
    "villagecode": "077",
    "villagename": "Thadagam                 ",
    "villagetname": "தடாகம்                                                                                                                       "
  },
  {
    "villagecode": "147",
    "villagename": "Thaiyur                  ",
    "villagetname": "தையூர்                                                                                                                       "
  },
  {
    "villagecode": "242",
    "villagename": "Thalavalapattu           ",
    "villagetname": "தளவாலப்பட்டு                                                                                                                 "
  },
  {
    "villagecode": "135",
    "villagename": "Thalavanoor              ",
    "villagetname": "தளவானூர்                                                                                                                     "
  },
  {
    "villagecode": "214",
    "villagename": "Thamanoor                ",
    "villagetname": "தாமனூர்                                                                                                                      "
  },
  {
    "villagecode": "104",
    "villagename": "Thandavasamuthiram       ",
    "villagetname": "தாண்டவசமுத்திரம்                                                                                                             "
  },
  {
    "villagecode": "070",
    "villagename": "Thathankuppam            ",
    "villagetname": "தாதங்குப்பம்"
  },
  {
    "villagecode": "131",
    "villagename": "Thenpudupattu            ",
    "villagetname": "தென்புதுப்பட்டு                                                                                                              "
  },
  {
    "villagecode": "243",
    "villagename": "Then Puthur              ",
    "villagetname": "தென்புத்தூர்                                                                                                                 "
  },
  {
    "villagecode": "143",
    "villagename": "Thiruvampattu            ",
    "villagetname": "திருவம்பட்டு                                                                                                                 "
  },
  {
    "villagecode": "132",
    "villagename": "Thiruvathikundram        ",
    "villagetname": "திருவதிக்குன்றம்                                                                                                             "
  },
  {
    "villagecode": "216",
    "villagename": "Thondur                  ",
    "villagetname": "தொண்டூர்                                                                                                                     "
  },
  {
    "villagecode": "149",
    "villagename": "Thudupakkam              ",
    "villagetname": "துடுப்பாக்கம்                                                                                                                "
  },
  {
    "villagecode": "110",
    "villagename": "Thuthipattu              ",
    "villagetname": "துத்திப்பட்டு                                                                                                                "
  },
  {
    "villagecode": "177",
    "villagename": "Udaiyanthangal           ",
    "villagetname": "உடையான்தாங்கல்                                                                                                               "
  },
  {
    "villagecode": "076",
    "villagename": "Uliampattu               ",
    "villagetname": "உளியம்பட்டு                                                                                                                  "
  },
  {
    "villagecode": "201",
    "villagename": "Vadaputhur               ",
    "villagetname": "வடபுத்தூர்                                                                                                                   "
  },
  {
    "villagecode": "144",
    "villagename": "Vadatharam               ",
    "villagetname": "வடதரம்                                                                                                                       "
  },
  {
    "villagecode": "196",
    "villagename": "Vadavanoor               ",
    "villagetname": "வடவானூர்                                                                                                                     "
  },
  {
    "villagecode": "233",
    "villagename": "Vallam                   ",
    "villagetname": "வல்லம்                                                                                                                       "
  },
  {
    "villagecode": "101",
    "villagename": "Varikal                  ",
    "villagetname": "வரிக்கல்                                                                                                                     "
  },
  {
    "villagecode": "065",
    "villagename": "Veeramanallur            ",
    "villagetname": "வீரமநல்லூர்                                                                                                                  "
  },
  {
    "villagecode": "219",
    "villagename": "Veeranamoor              ",
    "villagetname": "வீராணாமூர்                                                                                                                   "
  },
  {
    "villagecode": "139",
    "villagename": "Vilvamadevi              ",
    "villagetname": "வில்வமாதேவி                                                                                                                  "
  },
  {
    "villagecode": "202",
    "villagename": "Virpattu                 ",
    "villagetname": "விற்பட்டு"
  },
  {
    "villagecode": "136",
    "villagename": "Vouvalkuntram            ",
    "villagetname": "வௌவால்குன்றம்                                                                                                                "
  }
]
