[
  {
    "villagecode": "048",
    "villagename": "Alankulam                ",
    "villagetname": "ஆலங்குளம்                                                                                                                    "
  },
  {
    "villagecode": "015",
    "villagename": "Alwaneri                 ",
    "villagetname": "ஆழ்வாநேரி                                                                                                                    "
  },
  {
    "villagecode": "036",
    "villagename": "Ariyakulam               ",
    "villagetname": "அரியகுளம்                                                                                                                    "
  },
  {
    "villagecode": "017",
    "villagename": "A- Saththankulam         ",
    "villagetname": "அ - சாத்தான்குளம                                                                                                             "
  },
  {
    "villagecode": "024",
    "villagename": "Cheevalaperi             ",
    "villagetname": "சீவலப்பேரி                                                                                                                   "
  },
  {
    "villagecode": "054",
    "villagename": "Chenkulakurichi          ",
    "villagetname": "செங்களாக்குறிச்சி                                                                                                            "
  },
  {
    "villagecode": "044",
    "villagename": "Chiganeri                ",
    "villagetname": "சிங்கநேரி                                                                                                                    "
  },
  {
    "villagecode": "006",
    "villagename": "Devanallur               ",
    "villagetname": "தேவநல்லூர்                                                                                                                   "
  },
  {
    "villagecode": "005",
    "villagename": "Eidaiyankulam            ",
    "villagetname": "இடையன்குளம்                                                                                                                  "
  },
  {
    "villagecode": "034",
    "villagename": "Eilaiyarkulam            ",
    "villagetname": "இளையார்குளம்                                                                                                                 "
  },
  {
    "villagecode": "010",
    "villagename": "Einameidaiyan Kulam      ",
    "villagetname": "இனாம் இடையன்குளம்                                                                                                            "
  },
  {
    "villagecode": "064",
    "villagename": "Eireipuvaari             ",
    "villagetname": "இறைப்புவாரி                                                                                                                  "
  },
  {
    "villagecode": "611",
    "villagename": "Eruvadi Part-1           ",
    "villagetname": "ஏர்வாடி பகுதி-1                                                                                                              "
  },
  {
    "villagecode": "612",
    "villagename": "Eruvadi Part-2           ",
    "villagetname": "ஏர்வாடி பகுதி-2                                                                                                              "
  },
  {
    "villagecode": "045",
    "villagename": "Kaarankadu               ",
    "villagetname": "காரங்காடு                                                                                                                    "
  },
  {
    "villagecode": "028",
    "villagename": "Kadamboduvalzhu          ",
    "villagetname": "கடம்போடுவாழ்வு                                                                                                               "
  },
  {
    "villagecode": "041",
    "villagename": "Kadankulam Thirumalapuram",
    "villagetname": "காடான்குளம் திருமலாபுரம்                                                                                                     "
  },
  {
    "villagecode": "231",
    "villagename": "Kalakadu Part-1          ",
    "villagetname": "களக்காடு பகுதி-1                                                                                                             "
  },
  {
    "villagecode": "232",
    "villagename": "Kalakadu Part-2          ",
    "villagetname": "களக்காடு பகுதி-2                                                                                                             "
  },
  {
    "villagecode": "020",
    "villagename": "Kallikulam               ",
    "villagetname": "கள்ளிகுளம்                                                                                                                   "
  },
  {
    "villagecode": "018",
    "villagename": "Karanthaneri             ",
    "villagetname": "கரந்தாநேரி                                                                                                                   "
  },
  {
    "villagecode": "007",
    "villagename": "Keelakaduvetti           ",
    "villagetname": "கீழகாடுவெட்டி                                                                                                                "
  },
  {
    "villagecode": "021",
    "villagename": "Keelakaruvelan Kulam     ",
    "villagetname": "கீழக்கருவேலன் குளம்                                                                                                          "
  },
  {
    "villagecode": "026",
    "villagename": "Kovilammal Puram         ",
    "villagetname": "கோவிலம்மாள்புரம்                                                                                                             "
  },
  {
    "villagecode": "042",
    "villagename": "Kunthankulam             ",
    "villagetname": "கூந்தன்குளம்                                                                                                                 "
  },
  {
    "villagecode": "050",
    "villagename": "Madam Alankulam          ",
    "villagetname": "மடம் ஆலங்குளம்                                                                                                               "
  },
  {
    "villagecode": "056",
    "villagename": "Malaiyadi Puthur         ",
    "villagetname": "மலையடிப்புதூர்                                                                                                               "
  },
  {
    "villagecode": "030",
    "villagename": "Marukalkurichi           ",
    "villagetname": "மறுகால்குறிச்சி                                                                                                              "
  },
  {
    "villagecode": "058",
    "villagename": "Mazhiladi                ",
    "villagetname": "மகிழடி                                                                                                                       "
  },
  {
    "villagecode": "053",
    "villagename": "Melamalaiyaneri          ",
    "villagetname": "மேலமலையநேரி                                                                                                                  "
  },
  {
    "villagecode": "033",
    "villagename": "Melaputhaneri            ",
    "villagetname": "மேலபுத்தனேரி                                                                                                                 "
  },
  {
    "villagecode": "009",
    "villagename": "Melkarai                 ",
    "villagetname": "மேல்கரை                                                                                                                      "
  },
  {
    "villagecode": "381",
    "villagename": "Moolaikaraipatti Part-1  ",
    "villagetname": "மூலைக்கரைப்பட்டி பகுதி-1                                                                                                     "
  },
  {
    "villagecode": "382",
    "villagename": "Moolaikaraipatti Part-2  ",
    "villagetname": "மூலைக்கரைப்பட்டி பகுதி-2                                                                                                     "
  },
  {
    "villagecode": "040",
    "villagename": "Munangipatti             ",
    "villagetname": "முனைஞ்சிப்பட்டி                                                                                                              "
  },
  {
    "villagecode": "055",
    "villagename": "Nambipuram               ",
    "villagetname": "நம்பிபுரம்                                                                                                                   "
  },
  {
    "villagecode": "059",
    "villagename": "Nambithalaivanpatayam    ",
    "villagetname": "நம்பிதலைவன்பட்டயம்                                                                                                           "
  },
  {
    "villagecode": "032",
    "villagename": "Nanguneri                ",
    "villagetname": "நாங்குநேரி                                                                                                                   "
  },
  {
    "villagecode": "065",
    "villagename": "Paapan  Kulam            ",
    "villagetname": "பாப்பான்குளம்                                                                                                                "
  },
  {
    "villagecode": "022",
    "villagename": "Padalaiyar Kulam         ",
    "villagetname": "படலையார் குளம்                                                                                                               "
  },
  {
    "villagecode": "047",
    "villagename": "Pampankulam              ",
    "villagetname": "பம்பன்குளம்                                                                                                                  "
  },
  {
    "villagecode": "016",
    "villagename": "Paruthipadu              ",
    "villagetname": "பருத்திப்பாடு                                                                                                                "
  },
  {
    "villagecode": "201",
    "villagename": "Pathai Part-1            ",
    "villagetname": "பத்தை பகுதி-1                                                                                                                "
  },
  {
    "villagecode": "202",
    "villagename": "Pathai Part-2            ",
    "villagetname": "பத்தை பகுதி-2                                                                                                                "
  },
  {
    "villagecode": "004",
    "villagename": "Pathmaneri               ",
    "villagetname": "பத்மநேரி                                                                                                                     "
  },
  {
    "villagecode": "025",
    "villagename": "Pazhankulam              ",
    "villagetname": "பழங்குளம்                                                                                                                    "
  },
  {
    "villagecode": "131",
    "villagename": "Poolam Part-1            ",
    "villagetname": "பூலம் பகுதி-1                                                                                                                "
  },
  {
    "villagecode": "132",
    "villagename": "Poolam Part-2            ",
    "villagetname": "பூலம் பகுதி-2                                                                                                                "
  },
  {
    "villagecode": "051",
    "villagename": "Puliyurkurichi           ",
    "villagetname": "புலியூர்குறிச்சி                                                                                                             "
  },
  {
    "villagecode": "632",
    "villagename": "Rajakhalmangalam Part-2  ",
    "villagetname": "இராஜாக்கள்மங்கலம் பகுதி-2                                                                                                    "
  },
  {
    "villagecode": "631",
    "villagename": "Rajakhalmankalam Part-1  ",
    "villagetname": "இராஜாக்கள்மங்கலம் பகுதி-1                                                                                                    "
  },
  {
    "villagecode": "043",
    "villagename": "Shenbhakaramanallur      ",
    "villagetname": "செண்பகராமநல்லூர்                                                                                                             "
  },
  {
    "villagecode": "008",
    "villagename": "Singikulam Old Village   ",
    "villagetname": "சிங்கிகுளம் பழைய கிராமம்                                                                                                     "
  },
  {
    "villagecode": "012",
    "villagename": "Singikulam Puthu Village ",
    "villagetname": "சிங்கிகுளம் புதுக்கிராமம்                                                                                                    "
  },
  {
    "villagecode": "039",
    "villagename": "Sinthamani               ",
    "villagetname": "சிந்தாமணி                                                                                                                    "
  },
  {
    "villagecode": "029",
    "villagename": "Soorankudi               ",
    "villagetname": "சூரன்குடி                                                                                                                    "
  },
  {
    "villagecode": "046",
    "villagename": "South Nanguneri          ",
    "villagetname": "தெற்கு நாங்குநேரி                                                                                                            "
  },
  {
    "villagecode": "019",
    "villagename": "Srivara Mangaipuram      ",
    "villagetname": "ஸ்ரீவரமங்கைபுரம்                                                                                                             "
  },
  {
    "villagecode": "621",
    "villagename": "Thalapathisamuthiram Pa-1",
    "villagetname": "தளபதிசமுத்திரம் பகுதி-1                                                                                                      "
  },
  {
    "villagecode": "622",
    "villagename": "Thalapathisamuthiram Pa-2",
    "villagetname": "தளபதிசமுத்திரம் பகுதி-2                                                                                                      "
  },
  {
    "villagecode": "037",
    "villagename": "Theivanayagaperi         ",
    "villagetname": "தெய்வநாயகப்பேரி                                                                                                              "
  },
  {
    "villagecode": "011",
    "villagename": "Theneer Kulam            ",
    "villagetname": "தென்னீர்குளம்                                                                                                                "
  },
  {
    "villagecode": "571",
    "villagename": "Thirugurankudi Part-1    ",
    "villagetname": "திருக்குறுங்குடி பகுதி-1                                                                                                     "
  },
  {
    "villagecode": "572",
    "villagename": "Thirugurunkudi Part-2    ",
    "villagetname": "திருக்குறுங்குடி பகுதி-2                                                                                                     "
  },
  {
    "villagecode": "060",
    "villagename": "Thiruvaranganeri         ",
    "villagetname": "திருவரங்கநேரி                                                                                                                "
  },
  {
    "villagecode": "014",
    "villagename": "Thottakudi               ",
    "villagetname": "தோட்டாக்குடி                                                                                                                 "
  },
  {
    "villagecode": "035",
    "villagename": "Unnan Kulam              ",
    "villagetname": "உன்னங்குளம்                                                                                                                  "
  },
  {
    "villagecode": "027",
    "villagename": "Uoochikulam              ",
    "villagetname": "ஊச்சிகுளம்                                                                                                                   "
  },
  {
    "villagecode": "001",
    "villagename": "Vadakarai                ",
    "villagetname": "வடகரை                                                                                                                        "
  },
  {
    "villagecode": "003",
    "villagename": "Vadamalai Samuthiram     ",
    "villagetname": "வடமலை சமுத்திரம்                                                                                                             "
  },
  {
    "villagecode": "052",
    "villagename": "Vadukachimathil          ",
    "villagetname": "வடுகச்சிமதில்                                                                                                                "
  },
  {
    "villagecode": "049",
    "villagename": "Veippan Kulam            ",
    "villagetname": "வேப்பன்குளம்                                                                                                                 "
  },
  {
    "villagecode": "031",
    "villagename": "Vilvarayankulam          ",
    "villagetname": "வில்வராயன்குளம்                                                                                                              "
  },
  {
    "villagecode": "066",
    "villagename": "Yilankulam               ",
    "villagetname": "இலங்குளம்                                                                                                                    "
  }
]
