[
  {
    "villagecode": "002",
    "villagename": "Agasteeswaram            ",
    "villagetname": "அகஸ்தீஸ்வரம்                                                                                                                                          "
  },
  {
    "villagecode": "040",
    "villagename": "Anjukiramam",
    "villagetname": "அஞ்சுகிராமம்                                                                                                                                          "
  },
  {
    "villagecode": "017",
    "villagename": "Azhakappapuram           ",
    "villagetname": "அழகப்பபுரம்                                                                                                                                           "
  },
  {
    "villagecode": "029",
    "villagename": "Dharmapuram East  ",
    "villagetname": "தர்மபுரம் கிழக்கு                                                                                                                                     "
  },
  {
    "villagecode": "011",
    "villagename": "Dharmapuram North           ",
    "villagetname": "தர்மபுரம் வடக்கு                                                                                                                                      "
  },
  {
    "villagecode": "028",
    "villagename": "Dharmapuram South     ",
    "villagetname": "தர்மபுரம் தெற்கு                                                                                                                                      "
  },
  {
    "villagecode": "007",
    "villagename": "Eraviputhoor             ",
    "villagetname": "இரவிபுதூர்                                                                                                                                            "
  },
  {
    "villagecode": "034",
    "villagename": "Kaniyakulam",
    "villagetname": "கணியாகுளம்                                                                                                                                            "
  },
  {
    "villagecode": "001",
    "villagename": "Kanniyakumari",
    "villagetname": "கன்னியாகுமரி                                                                                                                                          "
  },
  {
    "villagecode": "018",
    "villagename": "Kottaram  East               ",
    "villagetname": "கொட்டாரம் கிழக்கு                                                                                                                                     "
  },
  {
    "villagecode": "041",
    "villagename": "Kottaram West",
    "villagetname": "கொடடாரம மேற்கு                                                                                                                                        "
  },
  {
    "villagecode": "022",
    "villagename": "Kovalam",
    "villagetname": "கோவளம்                                                                                                                                                "
  },
  {
    "villagecode": "004",
    "villagename": "Kulasekarapuram          ",
    "villagetname": "குலசேகரபுரம்                                                                                                                                          "
  },
  {
    "villagecode": "021",
    "villagename": "Leepuram",
    "villagetname": "லீபுரம                                                                                                                                                "
  },
  {
    "villagecode": "019",
    "villagename": "Madhusoodhanapuram North",
    "villagetname": "மதுசூதனபுரம் வடக்கு                                                                                                                                   "
  },
  {
    "villagecode": "042",
    "villagename": "Madhusoodhanapuram South",
    "villagetname": "மதுசூதனபுரம் தெற்கு                                                                                                                                   "
  },
  {
    "villagecode": "005",
    "villagename": "Marunkoor                ",
    "villagetname": "மருங்கூர்                                                                                                                                             "
  },
  {
    "villagecode": "024",
    "villagename": "Mylaady",
    "villagetname": "மைலாடி                                                                                                                                                "
  },
  {
    "villagecode": "025",
    "villagename": "Nalloor                  ",
    "villagetname": "நல்லூர்                                                                                                                                               "
  },
  {
    "villagecode": "038",
    "villagename": "Neendakara - A East",
    "villagetname": "நீண்டகரை  அ கிழக்கு                                                                                                                                   "
  },
  {
    "villagecode": "015",
    "villagename": "Neendakara - A West     ",
    "villagetname": "நீண்டகரை  அ மேற்கு                                                                                                                                    "
  },
  {
    "villagecode": "016",
    "villagename": "Neendakarai - B          ",
    "villagetname": "நீண்டக்கரை  ஆ                                                                                                                                         "
  },
  {
    "villagecode": "003",
    "villagename": "North Thamaraikulam           ",
    "villagetname": "வடக்கு தாமரைகுளம்                                                                                                                                     "
  },
  {
    "villagecode": "009",
    "villagename": "Parakkai                 ",
    "villagetname": "பறக்கை                                                                                                                                                "
  },
  {
    "villagecode": "027",
    "villagename": "Puthalam",
    "villagetname": "புத்தளம்                                                                                                                                              "
  },
  {
    "villagecode": "035",
    "villagename": "Putheri",
    "villagetname": "புத்தேரி                                                                                                                                              "
  },
  {
    "villagecode": "039",
    "villagename": "Rajakkamangalam",
    "villagetname": "ராஜாக்கமஙகலம்                                                                                                                                         "
  },
  {
    "villagecode": "026",
    "villagename": "Ramapuram",
    "villagetname": "ராமபுரம்                                                                                                                                              "
  },
  {
    "villagecode": "023",
    "villagename": "South Thamaraikulam",
    "villagetname": "தெற்கு தாமரைகுளம                                                                                                                                      "
  },
  {
    "villagecode": "008",
    "villagename": "Suchindram               ",
    "villagetname": "சுசிந்தரம்                                                                                                                                            "
  },
  {
    "villagecode": "010",
    "villagename": "Thengamputhoor           ",
    "villagetname": "தெங்கம்புதூர்                                                                                                                                         "
  },
  {
    "villagecode": "032",
    "villagename": "Therekalputhoor",
    "villagetname": "தேரேகால்புதூர்                                                                                                                                        "
  },
  {
    "villagecode": "006",
    "villagename": "Theroor                  ",
    "villagetname": "தேரூர்                                                                                                                                                "
  },
  {
    "villagecode": "012",
    "villagename": "Vadiveeswaram East",
    "villagetname": "வடிவீஸ்வரம் கிழக்கு                                                                                                                                   "
  },
  {
    "villagecode": "043",
    "villagename": "Vempannoor    East         ",
    "villagetname": "வேம்பனூர் கிழக்கு                                                                                                                                     "
  },
  {
    "villagecode": "020",
    "villagename": "Vempannoor    West           ",
    "villagetname": "வேம்பனூர் மேற்கு                                                                                                                                      "
  }
]
