[
  {
    "villagecode": "130",
    "villagename": "Agaram                   ",
    "villagetname": "அகரம்                                                                                                                        "
  },
  {
    "villagecode": "560",
    "villagename": "Anukkur                  ",
    "villagetname": "அனுக்கூர்                                                                                                                    "
  },
  {
    "villagecode": "040",
    "villagename": "Arumbavur                ",
    "villagetname": "அரும்பாவூர்                                                                                                                  "
  },
  {
    "villagecode": "260",
    "villagename": "Eraiyur                  ",
    "villagetname": "எறையூர்                                                                                                                      "
  },
  {
    "villagecode": "152",
    "villagename": "Kaikalathur(E)           ",
    "villagetname": "கை  களத்துார்  கிழக்கு                                                                                                       "
  },
  {
    "villagecode": "151",
    "villagename": "Kaikalathur(W)           ",
    "villagetname": "கை  களத்துார் மேற்கு                                                                                                         "
  },
  {
    "villagecode": "160",
    "villagename": "Kariyanur                ",
    "villagetname": "காரியானுார்                                                                                                                  "
  },
  {
    "villagecode": "060",
    "villagename": "Malayalapatti            ",
    "villagetname": "மலையாளப்பட்டி                                                                                                                "
  },
  {
    "villagecode": "231",
    "villagename": "Mettupalayam(N)          ",
    "villagetname": "மேட்டுப்பாளையம் வடக்கு                                                                                                       "
  },
  {
    "villagecode": "232",
    "villagename": "Mettupalayam(S)          ",
    "villagetname": "மேட்டுப்பாளையம் தெற்கு                                                                                                       "
  },
  {
    "villagecode": "190",
    "villagename": "Neikuppai                ",
    "villagetname": "நெய்க்குப்பை                                                                                                                 "
  },
  {
    "villagecode": "131",
    "villagename": "Noothapur(N)             ",
    "villagetname": "நுாத்தப்பூர் வடக்கு                                                                                                          "
  },
  {
    "villagecode": "132",
    "villagename": "Noothapur(S)             ",
    "villagetname": "நுாத்தப்பூர் தெற்கு                                                                                                          "
  },
  {
    "villagecode": "180",
    "villagename": "Pandagapadi              ",
    "villagetname": "பாண்டகப்பாடி                                                                                                                 "
  },
  {
    "villagecode": "171",
    "villagename": "Pasumbalur(N)            ",
    "villagetname": "பசும்பலுார் வடக்கு                                                                                                           "
  },
  {
    "villagecode": "172",
    "villagename": "Pasumbalur(S)            ",
    "villagetname": "பசும்பலுார் தெற்கு                                                                                                           "
  },
  {
    "villagecode": "250",
    "villagename": "Peraiyur                 ",
    "villagetname": "பேரையூர்                                                                                                                     "
  },
  {
    "villagecode": "120",
    "villagename": "Periyavadakarai          ",
    "villagetname": "பெரியவடகரை                                                                                                                   "
  },
  {
    "villagecode": "140",
    "villagename": "Pillankulam              ",
    "villagetname": "பில்லங்குளம்                                                                                                                 "
  },
  {
    "villagecode": "200",
    "villagename": "Pimbalur                 ",
    "villagetname": "பிம்பலுார்                                                                                                                   "
  },
  {
    "villagecode": "022",
    "villagename": "Poolambadi(E)            ",
    "villagetname": "பூலாம்பாடி கீழக்கு                                                                                                           "
  },
  {
    "villagecode": "021",
    "villagename": "Poolambadi(W)            ",
    "villagetname": "பூலாம்பாடி மேற்கு                                                                                                            "
  },
  {
    "villagecode": "550",
    "villagename": "Prammadesam              ",
    "villagetname": "பிரம்மதேசம்                                                                                                                  "
  },
  {
    "villagecode": "050",
    "villagename": "Thaluthalai              ",
    "villagetname": "தழுதாழை                                                                                                                      "
  },
  {
    "villagecode": "241",
    "villagename": "Thevaiyur(N)             ",
    "villagetname": "தேவையூர் வடக்கு                                                                                                              "
  },
  {
    "villagecode": "242",
    "villagename": "Thevaiyur(S)             ",
    "villagetname": "தேவையூர் தெற்கு                                                                                                              "
  },
  {
    "villagecode": "210",
    "villagename": "Thiruvalathurai          ",
    "villagetname": "திருவாளந்துறை                                                                                                                "
  },
  {
    "villagecode": "072",
    "villagename": "Thondamanthurai-E        ",
    "villagetname": "தொண்டமாந்துரை கிழக்கு                                                                                                        "
  },
  {
    "villagecode": "071",
    "villagename": "Thondamanthurai-W        ",
    "villagetname": "தொண்டமாந்துரை மேற்கு                                                                                                         "
  },
  {
    "villagecode": "100",
    "villagename": "Thondapadi               ",
    "villagetname": "தொண்டப்பாடி                                                                                                                  "
  },
  {
    "villagecode": "010",
    "villagename": "Udumbium                 ",
    "villagetname": "உடும்பியம்                                                                                                                   "
  },
  {
    "villagecode": "540",
    "villagename": "Vallikandapuram          ",
    "villagetname": "வாலிகண்டாபுரம்                                                                                                               "
  },
  {
    "villagecode": "110",
    "villagename": "Venbavoor                ",
    "villagetname": "வெண்பாவூர்                                                                                                                   "
  },
  {
    "villagecode": "082",
    "villagename": "Vengalam(E)              ",
    "villagetname": "வெங்கலம் கிழக்கு                                                                                                             "
  },
  {
    "villagecode": "081",
    "villagename": "Vengalam(W)              ",
    "villagetname": "வெங்கலம் மேற்கு                                                                                                              "
  },
  {
    "villagecode": "030",
    "villagename": "Venganur                 ",
    "villagetname": "வெங்கனுார்                                                                                                                   "
  },
  {
    "villagecode": "091",
    "villagename": "Veppanthattai (N)        ",
    "villagetname": "வேப்பந்தட்டை  வடக்கு                                                                                                         "
  },
  {
    "villagecode": "092",
    "villagename": "Veppanthattai (S)        ",
    "villagetname": "வேப்பந்தட்டை தெற்கு                                                                                                          "
  },
  {
    "villagecode": "220",
    "villagename": "V.Kalathur               ",
    "villagetname": "வி  களத்துார்                                                                                                                "
  }
]
