[
  {
    "villagecode": "027",
    "villagename": "Adamankottai                  ",
    "villagetname": "027 அதியமான்கோட்டை                                                                                                                                    "
  },
  {
    "villagecode": "028",
    "villagename": "A.Jettihalli                  ",
    "villagetname": "028 ஏ.ஜெட்டிஅள்ளி                                                                                                                                     "
  },
  {
    "villagecode": "014",
    "villagename": "Balajangamanahalli            ",
    "villagetname": "014 பாலஜங்கமனஅள்ளி                                                                                                                                    "
  },
  {
    "villagecode": "016",
    "villagename": "Bolanahalli                   ",
    "villagetname": "016 போலனஅள்ளி                                                                                                                                         "
  },
  {
    "villagecode": "024",
    "villagename": "Budanahalli                   ",
    "villagetname": "024 பூதனஅள்ளி                                                                                                                                         "
  },
  {
    "villagecode": "003",
    "villagename": "Dalavoyhalli                  ",
    "villagetname": "003 தளவாய்ஹள்ளி                                                                                                                                       "
  },
  {
    "villagecode": "020",
    "villagename": "Dokkubodanahalli              ",
    "villagetname": "020 டொக்குபோதனஅள்ளி                                                                                                                                   "
  },
  {
    "villagecode": "008",
    "villagename": "Echchanahalli                 ",
    "villagetname": "008 எச்சனஅள்ளி                                                                                                                                        "
  },
  {
    "villagecode": "015",
    "villagename": "Elagiri                       ",
    "villagetname": "015 ஏலகிரி                                                                                                                                            "
  },
  {
    "villagecode": "009",
    "villagename": "Errabaiyanahalli              ",
    "villagetname": "009 ஏற்றபையனஅள்ளி                                                                                                                                     "
  },
  {
    "villagecode": "018",
    "villagename": "Kammampatti                   ",
    "villagetname": "018 கம்மம்பட்டி                                                                                                                                       "
  },
  {
    "villagecode": "007",
    "villagename": "Konangihalli                  ",
    "villagetname": "007 கோணங்கிஅள்ளி                                                                                                                                      "
  },
  {
    "villagecode": "005",
    "villagename": "Kumbalappaddi                 ",
    "villagetname": "005 கும்பலபாடி                                                                                                                                        "
  },
  {
    "villagecode": "025",
    "villagename": "Laligam                       ",
    "villagetname": "025 லளிகம்                                                                                                                                            "
  },
  {
    "villagecode": "053",
    "villagename": "Mademangalam                  ",
    "villagetname": "053 மாதேமங்கலம்                                                                                                                                       "
  },
  {
    "villagecode": "017",
    "villagename": "Maniyathahalli                ",
    "villagetname": "017 மானியதஅள்ளி                                                                                                                                       "
  },
  {
    "villagecode": "055",
    "villagename": "M.Dinnahalli                  ",
    "villagetname": "055 மிட்டாதின்னஅள்ளி                                                                                                                                  "
  },
  {
    "villagecode": "002",
    "villagename": "Mookkanahalli                 ",
    "villagetname": "002 மூக்கனஹள்ளி                                                                                                                                       "
  },
  {
    "villagecode": "056",
    "villagename": "M.Reddihalli                  ",
    "villagetname": "056 மிட்டாரெட்டிஅள்ளி                                                                                                                                 "
  },
  {
    "villagecode": "011",
    "villagename": "Nagarkudal                    ",
    "villagetname": "011 நாகர்கூடல்                                                                                                                                        "
  },
  {
    "villagecode": "026",
    "villagename": "Nallampalli                   ",
    "villagetname": "026 நல்லம்பள்ளி                                                                                                                                       "
  },
  {
    "villagecode": "012",
    "villagename": "Nattahalli                    ",
    "villagetname": "012 நத்தஅள்ளி                                                                                                                                         "
  },
  {
    "villagecode": "010",
    "villagename": "Nekkundi                      ",
    "villagetname": "010 நெக்குந்தி                                                                                                                                        "
  },
  {
    "villagecode": "022",
    "villagename": "Pagalahalli                   ",
    "villagetname": "022 பாகலஅள்ளி                                                                                                                                         "
  },
  {
    "villagecode": "001",
    "villagename": "Palavadi                      ",
    "villagetname": "001 பாலவாடி                                                                                                                                           "
  },
  {
    "villagecode": "021",
    "villagename": "Palayam                       ",
    "villagetname": "021 பாளையம்                                                                                                                                           "
  },
  {
    "villagecode": "006",
    "villagename": "Pangunatham                   ",
    "villagetname": "006 பங்குநத்தம்                                                                                                                                       "
  },
  {
    "villagecode": "023",
    "villagename": "Sivadi                        ",
    "villagetname": "023 சிவாடி                                                                                                                                            "
  },
  {
    "villagecode": "004",
    "villagename": "Somanahalli                   ",
    "villagetname": "004 சோமனஅள்ளி                                                                                                                                         "
  },
  {
    "villagecode": "029",
    "villagename": "Tadangam                      ",
    "villagetname": "029 தடங்கம்                                                                                                                                           "
  },
  {
    "villagecode": "019",
    "villagename": "Toppur Kanigarahalli          ",
    "villagetname": "019 தொப்புர் காணிகரஹள்ளி                                                                                                                              "
  }
]
