[
  {
    "villagecode": "751",
    "villagename": "Agrahara Palayapalayam   ",
    "villagetname": "அக்ரஹார பழையபாளையம்                                                                                                          "
  },
  {
    "villagecode": "047",
    "villagename": "Akkiampatty              ",
    "villagetname": "அக்கியம்பட்டி                                                                                                                "
  },
  {
    "villagecode": "031",
    "villagename": "Belukkurichi             ",
    "villagetname": "பேளுக்குறிச்சி                                                                                                               "
  },
  {
    "villagecode": "074",
    "villagename": "Bodinaickenpatty         ",
    "villagetname": "போடிநாய்க்கன்பட்டி                                                                                                           "
  },
  {
    "villagecode": "471",
    "villagename": "Bommasamudram            ",
    "villagetname": "பொம்மசமுத்திரம்                                                                                                              "
  },
  {
    "villagecode": "771",
    "villagename": "Bommasamuthiram Agraharam",
    "villagetname": "பொம்மசமுத்திரம் அக்ரஹாரம்                                                                                                    "
  },
  {
    "villagecode": "071",
    "villagename": "Chithamparapatty         ",
    "villagetname": "சிதம்பரபட்டி                                                                                                                 "
  },
  {
    "villagecode": "108",
    "villagename": "Devarayapuram            ",
    "villagetname": "தேவராயபுரம்                                                                                                                  "
  },
  {
    "villagecode": "111",
    "villagename": "Erumapatti               ",
    "villagetname": "எருமப்பட்டி                                                                                                                  "
  },
  {
    "villagecode": "073",
    "villagename": "Gajakombai               ",
    "villagetname": "கெஜகோம்பை                                                                                                                    "
  },
  {
    "villagecode": "027",
    "villagename": "Ichchampatti             ",
    "villagetname": "ஈச்சம்பட்டி                                                                                                                  "
  },
  {
    "villagecode": "772",
    "villagename": "Kajalnaickenpatti        ",
    "villagetname": "கெஜல்நாயக்கன்பட்டி                                                                                                           "
  },
  {
    "villagecode": "036",
    "villagename": "Kalappanaickenpatty      ",
    "villagetname": "காளப்பநாயக்கன்பட்டி                                                                                                          "
  },
  {
    "villagecode": "029",
    "villagename": "Kalkurichi               ",
    "villagetname": "கல்குறிச்சி                                                                                                                  "
  },
  {
    "villagecode": "112",
    "villagename": "Kavakkaranpatti          ",
    "villagetname": "காவக்காரன்பட்டி                                                                                                              "
  },
  {
    "villagecode": "952",
    "villagename": "Konangipatti             ",
    "villagetname": "கோணங்கிபட்டி                                                                                                                 "
  },
  {
    "villagecode": "049",
    "villagename": "Kondamanaickenpatty      ",
    "villagetname": "கொண்டமநாய்க்கன்பட்டி                                                                                                         "
  },
  {
    "villagecode": "311",
    "villagename": "Melapatty                ",
    "villagetname": "மேலப்பட்டி                                                                                                                   "
  },
  {
    "villagecode": "711",
    "villagename": "Muthukapatty             ",
    "villagetname": "முத்துகாபட்டி                                                                                                                "
  },
  {
    "villagecode": "110",
    "villagename": "Muttanchetti             ",
    "villagetname": "முட்டாஞ்செட்டி                                                                                                               "
  },
  {
    "villagecode": "033",
    "villagename": "Naducombai               ",
    "villagetname": "நடுக்கோம்பை                                                                                                                  "
  },
  {
    "villagecode": "048",
    "villagename": "Pachudayam Patty         ",
    "villagetname": "பச்சுடையாம்பட்டி                                                                                                             "
  },
  {
    "villagecode": "973",
    "villagename": "Palapatti                ",
    "villagetname": "பாலப்பட்டி                                                                                                                   "
  },
  {
    "villagecode": "974",
    "villagename": "Palapatty Agraharam      ",
    "villagetname": "பாலப்பட்டி அக்ரஹாரம்                                                                                                         "
  },
  {
    "villagecode": "046",
    "villagename": "Pallamparai              ",
    "villagetname": "பள்ளம்பாறை                                                                                                                   "
  },
  {
    "villagecode": "030",
    "villagename": "Pallipatty               ",
    "villagetname": "பள்ளிப்பட்டி                                                                                                                 "
  },
  {
    "villagecode": "107",
    "villagename": " Pavithram               ",
    "villagetname": "பவித்திரம்                                                                                                                   "
  },
  {
    "villagecode": "701",
    "villagename": "Pavithram Puthur         ",
    "villagetname": "பவித்திரம் புதூர்                                                                                                            "
  },
  {
    "villagecode": "045",
    "villagename": "Periakulam               ",
    "villagetname": "பெரியகுளம்                                                                                                                   "
  },
  {
    "villagecode": "761",
    "villagename": "Perumapatti  East        ",
    "villagetname": "பெருமாபட்டி கிழக்கு                                                                                                          "
  },
  {
    "villagecode": "762",
    "villagename": "Perumapatti  West        ",
    "villagetname": "பெருமாபட்டி  மேற்கு                                                                                                          "
  },
  {
    "villagecode": "763",
    "villagename": "Perumapatty Agraharam    ",
    "villagetname": "பெருமாபட்டி அக்ரஹாரம்                                                                                                        "
  },
  {
    "villagecode": "077",
    "villagename": "Perumaptty               ",
    "villagetname": "பெருமாபட்டி                                                                                                                  "
  },
  {
    "villagecode": "473",
    "villagename": "Ponnarakulam Bit 1,3,4   ",
    "villagetname": "பொன்னார்குளம் பிட்1.3.4                                                                                                      "
  },
  {
    "villagecode": "472",
    "villagename": "Ponnarakulam Bit 2       ",
    "villagetname": "பொன்னார்குளம் பிட் 2                                                                                                         "
  },
  {
    "villagecode": "096",
    "villagename": "Ponneri                  ",
    "villagetname": "பொன்னேரி                                                                                                                     "
  },
  {
    "villagecode": "043",
    "villagename": "Pottanam                 ",
    "villagetname": "பொட்டணம்                                                                                                                     "
  },
  {
    "villagecode": "971",
    "villagename": "Pottireddypatti          ",
    "villagetname": "பொட்டிரெட்டிபட்டி                                                                                                            "
  },
  {
    "villagecode": "972",
    "villagename": "Pottireddypatti Agraharam",
    "villagetname": "பொட்டிரெட்டிபட்டி அக்ரகாரம                                                                                                   "
  },
  {
    "villagecode": "094",
    "villagename": "Pudukkottai              ",
    "villagetname": "புதுக்கோட்டை                                                                                                                 "
  },
  {
    "villagecode": "072",
    "villagename": "Pudukombai               ",
    "villagetname": "புதுக்கோம்பை                                                                                                                 "
  },
  {
    "villagecode": "691",
    "villagename": "Reddipatti Agraharam     ",
    "villagetname": "ரெட்டிபட்டி அக்ரஹாரம்                                                                                                        "
  },
  {
    "villagecode": "069",
    "villagename": "Reddipatty               ",
    "villagetname": "ரெட்டிப்பட்டி                                                                                                                "
  },
  {
    "villagecode": "044",
    "villagename": "Sendamangalam            ",
    "villagetname": "சேந்தமங்கலம்                                                                                                                 "
  },
  {
    "villagecode": "098",
    "villagename": "Singalangombai           ",
    "villagetname": "சிங்களங்கோம்பை                                                                                                               "
  },
  {
    "villagecode": "752",
    "villagename": "Sivanaickenpatti         ",
    "villagetname": "சிவநாயக்கன்பட்டி                                                                                                             "
  },
  {
    "villagecode": "075",
    "villagename": "S Palayapalayam          ",
    "villagetname": "எஸ் பழையபாளையம்                                                                                                              "
  },
  {
    "villagecode": "035",
    "villagename": "Thirumalaigiri           ",
    "villagetname": "திருமலைகிரி                                                                                                                  "
  },
  {
    "villagecode": "026",
    "villagename": "Thirumalaipatti          ",
    "villagetname": "திருமலைப்பட்டி                                                                                                               "
  },
  {
    "villagecode": "106",
    "villagename": "Thottamudaiyan Patti     ",
    "villagetname": "தோட்டமுடையாம்பட்டி                                                                                                           "
  },
  {
    "villagecode": "076",
    "villagename": "Thusoor                  ",
    "villagetname": "தூசூர்                                                                                                                       "
  },
  {
    "villagecode": "361",
    "villagename": "Thuthikulam              ",
    "villagetname": "துத்திக்குளம்                                                                                                                "
  },
  {
    "villagecode": "032",
    "villagename": "Uthiirakidikaval         ",
    "villagetname": "உத்திரகிடி காவல்                                                                                                             "
  },
  {
    "villagecode": "034",
    "villagename": "Valavanthicombai         ",
    "villagetname": "வாழவந்திக்கோம்பை                                                                                                             "
  },
  {
    "villagecode": "028",
    "villagename": "Valayapatty Ichchampatty ",
    "villagetname": "வளையப்பட்டி ஈச்சம்பட்டி                                                                                                      "
  },
  {
    "villagecode": "208",
    "villagename": "Varagur                  ",
    "villagetname": "வரகூர்                                                                                                                       "
  },
  {
    "villagecode": "109",
    "villagename": "Varatharajapuram         ",
    "villagetname": "வரதராஜபுரம்                                                                                                                  "
  }
]
