[
  {
    "villagecode": "044",
    "villagename": "Alamarathupatti          ",
    "villagetname": "ஆலமரத்துபட்டி                                                                                                                "
  },
  {
    "villagecode": "049",
    "villagename": "Ammapatti                ",
    "villagetname": "அம்மாபட்டி                                                                                                                   "
  },
  {
    "villagecode": "047",
    "villagename": "Anjakoundanpatti         ",
    "villagetname": "அஞ்சகவுண்டன்பட்டி                                                                                                            "
  },
  {
    "villagecode": "034",
    "villagename": "Aravakurichi             ",
    "villagetname": "அரவக்குறிச்சி                                                                                                                "
  },
  {
    "villagecode": "024",
    "villagename": "Ariyur                   ",
    "villagetname": "ஆரியூர்                                                                                                                      "
  },
  {
    "villagecode": "021",
    "villagename": "Chinnadarapuram          ",
    "villagetname": "சின்னதாராபுரம்                                                                                                               "
  },
  {
    "villagecode": "031",
    "villagename": "Elavanur                 ",
    "villagetname": "எலவனூர்                                                                                                                      "
  },
  {
    "villagecode": "046",
    "villagename": "Erumarpatti              ",
    "villagetname": "எருமார்பட்டி                                                                                                                 "
  },
  {
    "villagecode": "048",
    "villagename": "Esanatham                ",
    "villagetname": "ஈசநத்தம்                                                                                                                     "
  },
  {
    "villagecode": "19B",
    "villagename": "Gudalur (East I)         ",
    "villagetname": "கூடலூர் கி1                                                                                                                  "
  },
  {
    "villagecode": "19C",
    "villagename": "Gudalur (East Ii)        ",
    "villagetname": "கூடலூர் கி2                                                                                                                  "
  },
  {
    "villagecode": "19A",
    "villagename": "Gudalur (West)           ",
    "villagetname": "கூடலூர் மே                                                                                                                   "
  },
  {
    "villagecode": "039",
    "villagename": "Inuganur                 ",
    "villagetname": "இனுங்கனூர்                                                                                                                   "
  },
  {
    "villagecode": "028",
    "villagename": "Kodaiyur                 ",
    "villagetname": "கொடையூர்                                                                                                                     "
  },
  {
    "villagecode": "18A",
    "villagename": "Kodanthur North          ",
    "villagetname": "கோடந்தூர் வ                                                                                                                  "
  },
  {
    "villagecode": "18B",
    "villagename": "Kodanthur South          ",
    "villagetname": "கோடந்தூர் தெ                                                                                                                 "
  },
  {
    "villagecode": "38A",
    "villagename": "Modakkur-East            ",
    "villagetname": "மொடக்கூர் (கி)                                                                                                               "
  },
  {
    "villagecode": "38B",
    "villagename": "Modakkur-West            ",
    "villagetname": "மொடக்கூர் (மே)                                                                                                               "
  },
  {
    "villagecode": "13B",
    "villagename": "Nadanthai North          ",
    "villagetname": "நடந்தை வ                                                                                                                     "
  },
  {
    "villagecode": "13A",
    "villagename": "Nadanthai South          ",
    "villagetname": "நடந்தை தெ                                                                                                                    "
  },
  {
    "villagecode": "029",
    "villagename": "Nagampalli               ",
    "villagetname": "நாகம்பள்ளி                                                                                                                   "
  },
  {
    "villagecode": "030",
    "villagename": "Nanjaikalakurichi        ",
    "villagetname": "நஞ்சைகாளகுறிச்சி                                                                                                             "
  },
  {
    "villagecode": "042",
    "villagename": "Pallapatti               ",
    "villagetname": "பள்ளபட்டி                                                                                                                    "
  },
  {
    "villagecode": "025",
    "villagename": "P.Anaipalayam            ",
    "villagetname": "பி.அணைப்பாளையம்                                                                                                              "
  },
  {
    "villagecode": "045",
    "villagename": "Periyamanjuvelli         ",
    "villagetname": "பெரியமஞ்சுவெளி                                                                                                               "
  },
  {
    "villagecode": "35B",
    "villagename": "Pungampadi-East          ",
    "villagetname": "புங்கம்பாடி கி                                                                                                               "
  },
  {
    "villagecode": "35A",
    "villagename": "Pungampadi-West          ",
    "villagetname": "புங்கம்பாடி மே                                                                                                               "
  },
  {
    "villagecode": "023",
    "villagename": "Punjaikalakurichi        ",
    "villagetname": "புஞ்சைகாளகுறிச்சி                                                                                                            "
  },
  {
    "villagecode": "033",
    "villagename": "Rajapuram                ",
    "villagetname": "ராஜபுரம்                                                                                                                     "
  },
  {
    "villagecode": "037",
    "villagename": "Santhapadi               ",
    "villagetname": "சாந்தபாடி                                                                                                                    "
  },
  {
    "villagecode": "40B",
    "villagename": "Senthamangalam-East      ",
    "villagetname": "சேந்தமங்கலம் கி                                                                                                              "
  },
  {
    "villagecode": "40A",
    "villagename": "Senthamangalam-West      ",
    "villagetname": "சேந்தமங்கலம் மே                                                                                                              "
  },
  {
    "villagecode": "022",
    "villagename": "Sudamani                 ",
    "villagetname": "சூடாமணி                                                                                                                      "
  },
  {
    "villagecode": "043",
    "villagename": "Thethupatti              ",
    "villagetname": "தெத்துபட்டி                                                                                                                  "
  },
  {
    "villagecode": "032",
    "villagename": "Thokkupatti              ",
    "villagetname": "தொக்குபட்டி                                                                                                                  "
  },
  {
    "villagecode": "026",
    "villagename": "Thumbivadi               ",
    "villagetname": "தும்பிவாடி                                                                                                                   "
  },
  {
    "villagecode": "020",
    "villagename": "T.Venkatapuram           ",
    "villagetname": "தெ.வெங்கிடாபுரம்                                                                                                             "
  },
  {
    "villagecode": "041",
    "villagename": "Velampadi                ",
    "villagetname": "வேலம்பாடி                                                                                                                    "
  },
  {
    "villagecode": "36B",
    "villagename": "Venjamangudalur-East     ",
    "villagetname": "வெஞ்சமாங்கூடலூர்-கி                                                                                                          "
  },
  {
    "villagecode": "36A",
    "villagename": "Venjamangudalur-West     ",
    "villagetname": "வெஞ்சமாங்கூடலூர்-மே                                                                                                          "
  }
]
