[
  {
    "villagecode": "028",
    "villagename": "Aalangadu",
    "villagetname": "ஆலங்காடு"
  },
  {
    "villagecode": "016",
    "villagename": "Chithamalli",
    "villagetname": "சித்தமல்லி"
  },
  {
    "villagecode": "037",
    "villagename": "Idumbavanam              ",
    "villagetname": "இடும்பாவனம்"
  },
  {
    "villagecode": "033",
    "villagename": "Jambuvanodai",
    "villagetname": "ஜாம்புவானோடை"
  },
  {
    "villagecode": "036",
    "villagename": "Kaluvankadu",
    "villagetname": "கழுவங்காடு"
  },
  {
    "villagecode": "039",
    "villagename": "Karpaganatharkulam 86-1",
    "villagetname": "கற்பகநாதர்குளம் 86-1"
  },
  {
    "villagecode": "025",
    "villagename": "Keelanammankurichi",
    "villagetname": "கீழநம்மங்குறிச்சி"
  },
  {
    "villagecode": "010",
    "villagename": "Kulamanikkam",
    "villagetname": "குலமாணிக்கம்"
  },
  {
    "villagecode": "006",
    "villagename": "Kurichimolai",
    "villagetname": "குறிச்சிமூலை"
  },
  {
    "villagecode": "004",
    "villagename": "Kurichimolai 77-1",
    "villagetname": "குறிச்சிமூலை 77-1"
  },
  {
    "villagecode": "002",
    "villagename": "Manangathankottakam",
    "villagetname": "மானங்காத்தான்கோட்டகம்"
  },
  {
    "villagecode": "031",
    "villagename": "Mangal                   ",
    "villagetname": "மங்கல்"
  },
  {
    "villagecode": "012",
    "villagename": "Mannukkumundan",
    "villagetname": "மண்ணுக்குமுண்டான்"
  },
  {
    "villagecode": "023",
    "villagename": "Mela Nammankurichi",
    "villagetname": "மேலநம்மங்குறிச்சி"
  },
  {
    "villagecode": "024",
    "villagename": "Muthupettai              ",
    "villagetname": "முத்துப்பேட்டை"
  },
  {
    "villagecode": "005",
    "villagename": "Narayanapuram Kalappal 77-2",
    "villagetname": "நாரணயபுரம் களப்பால் 77-2"
  },
  {
    "villagecode": "007",
    "villagename": "Naruvalikalappal",
    "villagetname": "நருவளிகளப்பால்"
  },
  {
    "villagecode": "017",
    "villagename": "Nochchiyur",
    "villagetname": "நொச்சியூர்"
  },
  {
    "villagecode": "001",
    "villagename": "Paalaiyur",
    "villagetname": "பாலையூர்"
  },
  {
    "villagecode": "011",
    "villagename": "Perukavazhnthan",
    "villagetname": "பெருகவாழ்ந்தான்"
  },
  {
    "villagecode": "014",
    "villagename": "Perukavazhnthan 86-1",
    "villagetname": "பெருகவாழ்ந்தான் 86-1"
  },
  {
    "villagecode": "009",
    "villagename": "Peruvidamaruthur",
    "villagetname": "பெருவிடைமருதூர்"
  },
  {
    "villagecode": "022",
    "villagename": "Pinnathur",
    "villagetname": "பின்னத்தூர்"
  },
  {
    "villagecode": "018",
    "villagename": "Puthagaram",
    "villagetname": "புத்தகரம்"
  },
  {
    "villagecode": "021",
    "villagename": "Sanganthi",
    "villagetname": "சங்கந்தி"
  },
  {
    "villagecode": "015",
    "villagename": "Serukalathur",
    "villagetname": "செருகளத்தூர்"
  },
  {
    "villagecode": "026",
    "villagename": "Therkkukadu",
    "villagetname": "தெற்குகாடு"
  },
  {
    "villagecode": "008",
    "villagename": "Therku Nanallur",
    "villagetname": "தெற்கு நாணலூர்"
  },
  {
    "villagecode": "013",
    "villagename": "Thevathaanam",
    "villagetname": "தேவதானம்"
  },
  {
    "villagecode": "035",
    "villagename": "Thillaivilagam",
    "villagetname": "தில்லைவிளாகம்"
  },
  {
    "villagecode": "019",
    "villagename": "Tholi                    ",
    "villagetname": "தோலி"
  },
  {
    "villagecode": "038",
    "villagename": "Thondiyakkadu 86-2",
    "villagetname": "தொண்டியக்காடு 86-2"
  },
  {
    "villagecode": "032",
    "villagename": "Thuraikkadu",
    "villagetname": "துரைக்காடு"
  },
  {
    "villagecode": "029",
    "villagename": "Uppur                    ",
    "villagetname": "உப்பூர்"
  },
  {
    "villagecode": "030",
    "villagename": "Uthayamarthandapuram",
    "villagetname": "உதயமார்த்தாண்டபுரம்"
  },
  {
    "villagecode": "027",
    "villagename": "Vadakadu",
    "villagetname": "வடகாடு"
  },
  {
    "villagecode": "020",
    "villagename": "Vadasanganthi",
    "villagetname": "வடசங்கந்தி"
  },
  {
    "villagecode": "034",
    "villagename": "Veeranvayal 83-1",
    "villagetname": "வீரன்வயல் 83-1"
  },
  {
    "villagecode": "003",
    "villagename": "Vengathangudi",
    "villagetname": "வெங்கத்தாங்குடி"
  }
]
