[
  {
    "villagecode": "011",
    "villagename": "Achankuttam              ",
    "villagetname": "அச்சங்குட்டம்                                                                                                                "
  },
  {
    "villagecode": "016",
    "villagename": "Agaram                   ",
    "villagetname": "அகரம்                                                                                                                        "
  },
  {
    "villagecode": "004",
    "villagename": "Anaikulam                ",
    "villagetname": "ஆனைகுளம்                                                                                                                     "
  },
  {
    "villagecode": "012",
    "villagename": "Jamin Surandai           ",
    "villagetname": "ஜமீன் சுரண்டை                                                                                                                "
  },
  {
    "villagecode": "009",
    "villagename": "Karuvantha               ",
    "villagetname": "கருவந்தா                                                                                                                     "
  },
  {
    "villagecode": "006",
    "villagename": "Kelakalangal             ",
    "villagetname": "கீழக்கலங்கல்                                                                                                                 "
  },
  {
    "villagecode": "001",
    "villagename": "Kulaiyaneri              ",
    "villagetname": "குலையனேரி                                                                                                                    "
  },
  {
    "villagecode": "008",
    "villagename": "Kurichampatti            ",
    "villagetname": "குறிச்சாம்பட்டி                                                                                                              "
  },
  {
    "villagecode": "022",
    "villagename": "Marukalankulam           ",
    "villagetname": "மருக்காலங்குளம்                                                                                                              "
  },
  {
    "villagecode": "005",
    "villagename": "Melakalangal             ",
    "villagetname": "மேலக்கலங்கல்                                                                                                                 "
  },
  {
    "villagecode": "020",
    "villagename": "Melamaruthappapuram      ",
    "villagetname": "மேலமருதப்பபுரம்                                                                                                              "
  },
  {
    "villagecode": "023",
    "villagename": "Muthammalpuram           ",
    "villagetname": "முத்தம்மாள்புரம்                                                                                                             "
  },
  {
    "villagecode": "007",
    "villagename": "Navaneethakrishnapuram   ",
    "villagetname": "நவநீதகிருஷ்ணபுரம்                                                                                                            "
  },
  {
    "villagecode": "021",
    "villagename": "Palapathiraramapuram     ",
    "villagetname": "பலபத்திரராமபுரம்                                                                                                             "
  },
  {
    "villagecode": "015",
    "villagename": "Rajagopalaperi           ",
    "villagetname": "இராஜகோபாலப்பேரி                                                                                                              "
  },
  {
    "villagecode": "002",
    "villagename": "Sivagurunathapuram       ",
    "villagetname": "சிவகுருநாதபுரம்                                                                                                              "
  },
  {
    "villagecode": "301",
    "villagename": "Surandai - 1             ",
    "villagetname": "சுரண்டை-1                                                                                                                    "
  },
  {
    "villagecode": "302",
    "villagename": "Surandai -2              ",
    "villagetname": "சுரண்டை-2                                                                                                                    "
  },
  {
    "villagecode": "019",
    "villagename": "Uthumalai                ",
    "villagetname": "ஊத்துமலை                                                                                                                     "
  },
  {
    "villagecode": "018",
    "villagename": "Vadakkukavalakuruchi     ",
    "villagetname": "வடக்குகாவலாக்குறிச்சி                                                                                                        "
  },
  {
    "villagecode": "010",
    "villagename": "Vadi                     ",
    "villagetname": "வாடி                                                                                                                         "
  },
  {
    "villagecode": "014",
    "villagename": "Veerakeralampudur        ",
    "villagetname": "வீரகேரளம்புதூர்                                                                                                              "
  },
  {
    "villagecode": "017",
    "villagename": "Veeranam                 ",
    "villagetname": "வீராணம்                                                                                                                      "
  },
  {
    "villagecode": "013",
    "villagename": "Vellakal                 ",
    "villagetname": "வெள்ளகால்                                                                                                                    "
  }
]
