[
  {
    "villagecode": "045",
    "villagename": "Ag.Vijayamangalam        ",
    "villagetname": "045 அக்ரஹாரவிஜயமங்கலம்                                                                                                       "
  },
  {
    "villagecode": "058",
    "villagename": "Attavanaipidariur        ",
    "villagetname": "058 அட்டவனைபிடாரியுர்                                                                                                        "
  },
  {
    "villagecode": "040",
    "villagename": "Ayigoundenpalayam        ",
    "villagetname": "040 ஆயிக்கவுண்டன்பாளையம்                                                                                                     "
  },
  {
    "villagecode": "059",
    "villagename": "Chennimalai              ",
    "villagetname": "059 சென்னிமலை                                                                                                                "
  },
  {
    "villagecode": "036",
    "villagename": "Chinnamallanpalayam      ",
    "villagetname": "036 சின்னமல்லன்பாளையம்                                                                                                       "
  },
  {
    "villagecode": "030",
    "villagename": "Chinna Veerasangili      ",
    "villagetname": "030 சின்னவீரசங்கிலி                                                                                                          "
  },
  {
    "villagecode": "018",
    "villagename": "Cinnavillamalai          ",
    "villagetname": "018 சின்னவிளாமலை                                                                                                             "
  },
  {
    "villagecode": "069",
    "villagename": "Ekkattampalayam          ",
    "villagetname": "069 எக்கட்டாம்பாளையம்                                                                                                        "
  },
  {
    "villagecode": "068",
    "villagename": "Ellaigramam              ",
    "villagetname": "068 எல்லை கிராமம்                                                                                                            "
  },
  {
    "villagecode": "054",
    "villagename": "Goundichipalayam         ",
    "villagetname": "054 கவுண்டிச்சிபாளையம்                                                                                                       "
  },
  {
    "villagecode": "050",
    "villagename": "Ingur                    ",
    "villagetname": "050 ஈங்கூர்                                                                                                                  "
  },
  {
    "villagecode": "025",
    "villagename": "Kallakulam               ",
    "villagetname": "025 கல்லாகுளம்                                                                                                               "
  },
  {
    "villagecode": "049",
    "villagename": "Kampuliyampatti          ",
    "villagetname": "049 கம்புளியம்பட்டி                                                                                                          "
  },
  {
    "villagecode": "016",
    "villagename": "Kandampalayam            ",
    "villagetname": "016 கந்தாம்பாளையம்                                                                                                           "
  },
  {
    "villagecode": "013",
    "villagename": "Kanjikoil                ",
    "villagetname": "013 காஞ்சிக்கோயில்                                                                                                           "
  },
  {
    "villagecode": "033",
    "villagename": "Karandipalayam           ",
    "villagetname": "033 கராண்டிபாளையம்                                                                                                           "
  },
  {
    "villagecode": "006",
    "villagename": "Karukkampalayam          ",
    "villagetname": "006 கருக்கம்பாளையம்                                                                                                          "
  },
  {
    "villagecode": "021",
    "villagename": "Karumandichellipalay     ",
    "villagetname": "021 கருமாண்டிசெல்லிபாளையம்                                                                                                   "
  },
  {
    "villagecode": "065",
    "villagename": "Kodumanal                ",
    "villagetname": "065 கொடுமணல்                                                                                                                 "
  },
  {
    "villagecode": "047",
    "villagename": "Kongampalayam            ",
    "villagetname": "047 கொங்கம்பாளையம்                                                                                                           "
  },
  {
    "villagecode": "010",
    "villagename": "Kovilpalayam             ",
    "villagetname": "010 கோவில்பாளையம்                                                                                                            "
  },
  {
    "villagecode": "041",
    "villagename": "Kullampalayam            ",
    "villagetname": "041 குள்ளம்பாளையம்                                                                                                           "
  },
  {
    "villagecode": "072",
    "villagename": "Kuppichipalayam          ",
    "villagetname": "072 குப்பிச்சிபாளையம்                                                                                                        "
  },
  {
    "villagecode": "062",
    "villagename": "Kuthampalayam            ",
    "villagetname": "062 கூத்தம்பாளையம்                                                                                                           "
  },
  {
    "villagecode": "002",
    "villagename": "Madathupalayam           ",
    "villagetname": "002 மடத்துபாளையம்                                                                                                            "
  },
  {
    "villagecode": "046",
    "villagename": "Marappanaykanpalayam     ",
    "villagetname": "046 மாரப்பநாயக்கன்பாளையம்                                                                                                    "
  },
  {
    "villagecode": "032",
    "villagename": "Mettupputhur             ",
    "villagetname": "032 மேட்டுபுதூர்                                                                                                             "
  },
  {
    "villagecode": "057",
    "villagename": "Mugasipidariyur          ",
    "villagetname": "057 முகாசிப்பிடாரியுர்                                                                                                       "
  },
  {
    "villagecode": "055",
    "villagename": "Mugasipulavanpalayam     ",
    "villagetname": "055 முகாசிபுலவன்பாளையம்                                                                                                      "
  },
  {
    "villagecode": "015",
    "villagename": "Mullampatti              ",
    "villagetname": "015 முள்ளம்பட்டி                                                                                                             "
  },
  {
    "villagecode": "043",
    "villagename": "Mungilpalayam            ",
    "villagetname": "043 மூங்கில்பாளையம்                                                                                                          "
  },
  {
    "villagecode": "071",
    "villagename": "Murungatholu             ",
    "villagetname": "071 முருங்கத்தொழுவு                                                                                                          "
  },
  {
    "villagecode": "023",
    "villagename": "Nallam Patti             ",
    "villagetname": "023 நல்லாம்பட்டி                                                                                                             "
  },
  {
    "villagecode": "035",
    "villagename": "Namittipalayam           ",
    "villagetname": "035 நிமிட்டி பாளையம்                                                                                                         "
  },
  {
    "villagecode": "063",
    "villagename": "Nanjaipalathozhuvu       ",
    "villagetname": "063 நஞ்சை பாலத்தொழுவு                                                                                                        "
  },
  {
    "villagecode": "007",
    "villagename": "Nichampalayam            ",
    "villagetname": "007 நிச்சாம்பாளையம்                                                                                                          "
  },
  {
    "villagecode": "014",
    "villagename": "Oolapalayam              ",
    "villagetname": "014 ஓலப்பாளையம்                                                                                                              "
  },
  {
    "villagecode": "066",
    "villagename": "Orathupalayam            ",
    "villagetname": "066 ஒரத்துப்பாளையம்                                                                                                          "
  },
  {
    "villagecode": "022",
    "villagename": "Palakkarai               ",
    "villagetname": "022 பாலக்கரை                                                                                                                 "
  },
  {
    "villagecode": "012",
    "villagename": "Pallapalayam Village     ",
    "villagetname": "012 பள்ளபாளையம்                                                                                                              "
  },
  {
    "villagecode": "008",
    "villagename": "Pandiyampalayam          ",
    "villagetname": "008 பாண்டியம்பாளையம்                                                                                                         "
  },
  {
    "villagecode": "029",
    "villagename": "Pappampalayam            ",
    "villagetname": "029 பாப்பம்பாளையம்                                                                                                           "
  },
  {
    "villagecode": "070",
    "villagename": "Pasuvapatti              ",
    "villagetname": "070 பசுவபட்டி                                                                                                                "
  },
  {
    "villagecode": "039",
    "villagename": "Pattakaranpalayam        ",
    "villagetname": "039 பட்டக்காரன்பாளையம்                                                                                                       "
  },
  {
    "villagecode": "031",
    "villagename": "Periya Veera Sangili     ",
    "villagetname": "031 பெரியவீரசங்கிலி                                                                                                          "
  },
  {
    "villagecode": "017",
    "villagename": "Periyavilamalai          ",
    "villagetname": "017 பெரியவிளாமலை                                                                                                             "
  },
  {
    "villagecode": "051",
    "villagename": "Perundurai               ",
    "villagetname": "051 பெருந்துறை                                                                                                               "
  },
  {
    "villagecode": "011",
    "villagename": "Pethampalayam-A,B        ",
    "villagetname": "011 பெத்தாம்பாளையம்                                                                                                          "
  },
  {
    "villagecode": "028",
    "villagename": "Polanaickenpalayam       ",
    "villagetname": "028 போலநாயக்கன்பாளையம்                                                                                                       "
  },
  {
    "villagecode": "042",
    "villagename": "Ponmudi                  ",
    "villagetname": "042 பொன்முடி                                                                                                                 "
  },
  {
    "villagecode": "020",
    "villagename": "Poovampalayam            ",
    "villagetname": "020 பூவம்பாளையம்                                                                                                             "
  },
  {
    "villagecode": "067",
    "villagename": "Pudupalayam              ",
    "villagetname": "067 புதுப்பாளையம்                                                                                                            "
  },
  {
    "villagecode": "053",
    "villagename": "Pungambadi               ",
    "villagetname": "053 புங்கம்பாடி                                                                                                              "
  },
  {
    "villagecode": "064",
    "villagename": "Punjaipalathozhuvu       ",
    "villagetname": "064 புஞ்சை பாலத்தொழுவு                                                                                                       "
  },
  {
    "villagecode": "034",
    "villagename": "Seenapuram               ",
    "villagetname": "034 சீனாபுரம்                                                                                                                "
  },
  {
    "villagecode": "026",
    "villagename": "Sellappam Palayam        ",
    "villagetname": "026 செல்லப்பம்பாளையம்                                                                                                        "
  },
  {
    "villagecode": "009",
    "villagename": "Singanallur - A          ",
    "villagetname": "009 சிங்காநல்லுார்                                                                                                           "
  },
  {
    "villagecode": "061",
    "villagename": "Sirukalanchi             ",
    "villagetname": "061 சிறுகளஞ்சி                                                                                                               "
  },
  {
    "villagecode": "038",
    "villagename": "Sullipalayam             ",
    "villagetname": "038 சுள்ளிப்பாளையம்                                                                                                          "
  },
  {
    "villagecode": "004",
    "villagename": "Sunkakaranpalayam        ",
    "villagetname": "004 சுங்ககாரன்பாளையம்                                                                                                        "
  },
  {
    "villagecode": "027",
    "villagename": "Thalaiyampalayam         ",
    "villagetname": "027 தலையம்பாளையம்                                                                                                            "
  },
  {
    "villagecode": "056",
    "villagename": "Thenmugam Vellode        ",
    "villagetname": "056 தென்முகம் வெள்ளொடு                                                                                                       "
  },
  {
    "villagecode": "005",
    "villagename": "Thingalur                ",
    "villagetname": "005 திங்களுர்                                                                                                                "
  },
  {
    "villagecode": "019",
    "villagename": "Thiruvachi               ",
    "villagetname": "019 திருவாச்சி                                                                                                               "
  },
  {
    "villagecode": "001",
    "villagename": "Thoranavavi              ",
    "villagetname": "001 தோரணவாவி                                                                                                                 "
  },
  {
    "villagecode": "037",
    "villagename": "Thuduppathi              ",
    "villagetname": "037 துடுப்பதி                                                                                                                "
  },
  {
    "villagecode": "024",
    "villagename": "Unjachapalayam           ",
    "villagetname": "024 ஊஞ்சப்பாளையம்                                                                                                            "
  },
  {
    "villagecode": "052",
    "villagename": "Vadamugam Vellode        ",
    "villagetname": "052 வடமுகம் வெள்ளோடு                                                                                                         "
  },
  {
    "villagecode": "060",
    "villagename": "Vaipadi                  ",
    "villagetname": "060 வாய்பாடி                                                                                                                 "
  },
  {
    "villagecode": "048",
    "villagename": "Varappalayam             ",
    "villagetname": "048 வரப்பாளையம்                                                                                                              "
  },
  {
    "villagecode": "003",
    "villagename": "Vettainkinar             ",
    "villagetname": "003 வெட்டையன்கிணறு                                                                                                           "
  },
  {
    "villagecode": "044",
    "villagename": "Vijayapuri               ",
    "villagetname": "044 விஜயபுரி                                                                                                                 "
  }
]
