[
  {
    "villagecode": "171",
    "villagename": "Aalathur                 ",
    "villagetname": "ஆலத்தூர்                                                                                                                     "
  },
  {
    "villagecode": "067",
    "villagename": "Aarur                    ",
    "villagetname": "ஆரூர்                                                                                                                        "
  },
  {
    "villagecode": "158",
    "villagename": "Agarakottalam            ",
    "villagetname": "அகரகோட்டாலம்                                                                                                                 "
  },
  {
    "villagecode": "157",
    "villagename": "Anaikaraikottalam",
    "villagetname": "அணைகரைகோட்டாலம்                                                                                                              "
  },
  {
    "villagecode": "040",
    "villagename": "A. Pandalam              ",
    "villagetname": "அ பாண்டலம்                                                                                                                   "
  },
  {
    "villagecode": "030",
    "villagename": "Arasampattu              ",
    "villagetname": "அரசம்பட்டு                                                                                                                   "
  },
  {
    "villagecode": "078",
    "villagename": "Arasarampattu            ",
    "villagetname": "அரசராம்பட்டு                                                                                                                 "
  },
  {
    "villagecode": "168",
    "villagename": "Ariaperumanur            ",
    "villagetname": "அரியபெருமானூர்                                                                                                               "
  },
  {
    "villagecode": "080",
    "villagename": "Chellakaikuppam          ",
    "villagetname": "செல்லக்காய்குப்பம்                                                                                                           "
  },
  {
    "villagecode": "039",
    "villagename": "Devapandalam             ",
    "villagetname": "தேவபாண்டலம்                                                                                                                  "
  },
  {
    "villagecode": "991",
    "villagename": "Dhandalai North          ",
    "villagetname": "தண்டலை வடக்கு                                                                                                                "
  },
  {
    "villagecode": "148",
    "villagename": "Dhandalai  South         ",
    "villagetname": "தண்டலை தெற்கு                                                                                                                "
  },
  {
    "villagecode": "167",
    "villagename": "Ka.Alambalam",
    "villagetname": "க.அலம்பலம்                                                                                                                   "
  },
  {
    "villagecode": "074",
    "villagename": "Kallarikuppam            ",
    "villagetname": "கல்லேரிகுப்பம்                                                                                                               "
  },
  {
    "villagecode": "300",
    "villagename": "Kallipattu               ",
    "villagetname": "கள்ளிபட்டு                                                                                                                   "
  },
  {
    "villagecode": "036",
    "villagename": "Kattuvannanchur          ",
    "villagetname": "காட்டுவன்னஞ்சூர்                                                                                                             "
  },
  {
    "villagecode": "073",
    "villagename": "Keezhapattu              ",
    "villagetname": "கீழப்பட்டு                                                                                                                   "
  },
  {
    "villagecode": "068",
    "villagename": "Kidangudaiyampattu       ",
    "villagetname": "கிடங்குடையாம்பட்டு                                                                                                           "
  },
  {
    "villagecode": "031",
    "villagename": "Kosapadi                 ",
    "villagetname": "கொசப்பாடி                                                                                                                    "
  },
  {
    "villagecode": "025",
    "villagename": "Mallapuram               ",
    "villagetname": "மல்லாபுரம்                                                                                                                   "
  },
  {
    "villagecode": "072",
    "villagename": "Manjaputhur              ",
    "villagetname": "மஞ்சபுத்தூர்                                                                                                                 "
  },
  {
    "villagecode": "173",
    "villagename": "Melapattu                ",
    "villagetname": "மேலபட்டு                                                                                                                     "
  },
  {
    "villagecode": "164",
    "villagename": "Mohur                    ",
    "villagetname": "மோகூர்                                                                                                                       "
  },
  {
    "villagecode": "043",
    "villagename": "Mookkanur",
    "villagetname": "மூக்கனூர்                                                                                                                    "
  },
  {
    "villagecode": "163",
    "villagename": "Mo.Vannanchur            ",
    "villagetname": "மோ வன்னஞ்சூர்                                                                                                                "
  },
  {
    "villagecode": "291",
    "villagename": "Mulakadu                 ",
    "villagetname": "மூலக்காடு                                                                                                                    "
  },
  {
    "villagecode": "172",
    "villagename": "Murarpathu               ",
    "villagetname": "மூரார்பாது                                                                                                                   "
  },
  {
    "villagecode": "035",
    "villagename": "Nedumanur                ",
    "villagetname": "நெடுமானூர்                                                                                                                   "
  },
  {
    "villagecode": "156",
    "villagename": "Neyvanatham              ",
    "villagetname": "நெய்வாநத்தம்                                                                                                                 "
  },
  {
    "villagecode": "027",
    "villagename": "Oorangani                ",
    "villagetname": "ஊரங்கானி                                                                                                                     "
  },
  {
    "villagecode": "297",
    "villagename": "Pachchery                ",
    "villagetname": "பாச்சேரி                                                                                                                     "
  },
  {
    "villagecode": "155",
    "villagename": "Paramanatham             ",
    "villagetname": "பரமநத்தம்                                                                                                                    "
  },
  {
    "villagecode": "076",
    "villagename": "Pazhaiyanur              ",
    "villagetname": "பழையனூர்                                                                                                                     "
  },
  {
    "villagecode": "033",
    "villagename": "Poikunam                 ",
    "villagetname": "பொய்குணம்                                                                                                                    "
  },
  {
    "villagecode": "169",
    "villagename": "Ponparappattu            ",
    "villagetname": "பொன்பரப்பட்டு                                                                                                                "
  },
  {
    "villagecode": "029",
    "villagename": "Poottai                  ",
    "villagetname": "பூட்டை                                                                                                                       "
  },
  {
    "villagecode": "024",
    "villagename": "Puthirampattu            ",
    "villagetname": "புத்திராம்பட்டு                                                                                                              "
  },
  {
    "villagecode": "296",
    "villagename": "Puthupalapattu           ",
    "villagetname": "புதுபாலபட்டு                                                                                                                 "
  },
  {
    "villagecode": "069",
    "villagename": "Ramarajapuram            ",
    "villagetname": "ராமராஜபுரம்                                                                                                                  "
  },
  {
    "villagecode": "037",
    "villagename": "Sankarapuram             ",
    "villagetname": "சங்கராபுரம்                                                                                                                  "
  },
  {
    "villagecode": "032",
    "villagename": "Sembarampattu            ",
    "villagetname": "செம்பராம்பட்டு                                                                                                               "
  },
  {
    "villagecode": "166",
    "villagename": "Sempadakurichi           ",
    "villagetname": "செம்படாகுறிச்சி                                                                                                              "
  },
  {
    "villagecode": "034",
    "villagename": "Seshasamuthiram          ",
    "villagetname": "சேஷசமுத்திரம்                                                                                                                "
  },
  {
    "villagecode": "042",
    "villagename": "Shivapuram               ",
    "villagetname": "சிவபுரம்                                                                                                                     "
  },
  {
    "villagecode": "026",
    "villagename": "Sittanthangal            ",
    "villagetname": "சிட்டாந்தாங்கல்"
  },
  {
    "villagecode": "162",
    "villagename": "Somandarkudi             ",
    "villagetname": "சோமண்டார்குடி                                                                                                                "
  },
  {
    "villagecode": "174",
    "villagename": "Sozhampattu",
    "villagetname": "சோழம்பட்டு                                                                                                                   "
  },
  {
    "villagecode": "064",
    "villagename": "Su.Kulathur",
    "villagetname": "சு.குளத்தூர்"
  },
  {
    "villagecode": "038",
    "villagename": "S.V.Palayam              ",
    "villagetname": "எஸ்.வி.பாளையம்                                                                                                               "
  },
  {
    "villagecode": "066",
    "villagename": "Thimmanandal             ",
    "villagetname": "திம்மனந்தல்                                                                                                                  "
  },
  {
    "villagecode": "170",
    "villagename": "Thirukanangur",
    "villagetname": "திருக்கணங்கூர்"
  },
  {
    "villagecode": "028",
    "villagename": "Thiyagarajapuram",
    "villagetname": "தியாகராஜபுரம்                                                                                                                "
  },
  {
    "villagecode": "041",
    "villagename": "Ulagudayampattu          ",
    "villagetname": "உலகுடையாம்பட்டு                                                                                                              "
  },
  {
    "villagecode": "071",
    "villagename": "Vadachettiyanthal        ",
    "villagetname": "வடசெட்டியந்தல்                                                                                                               "
  },
  {
    "villagecode": "070",
    "villagename": "Vadasiruvallur",
    "villagetname": "வடசிறுவள்ளுர்                                                                                                                "
  },
  {
    "villagecode": "075",
    "villagename": "Valayampattu             ",
    "villagetname": "வளையம்பட்டு                                                                                                                  "
  },
  {
    "villagecode": "159",
    "villagename": "Vaniyanthal              ",
    "villagetname": "வாணியந்தல்                                                                                                                   "
  },
  {
    "villagecode": "065",
    "villagename": "Varakur                  ",
    "villagetname": "வரகூர்                                                                                                                       "
  },
  {
    "villagecode": "079",
    "villagename": "Viriyur                  ",
    "villagetname": "விரியூர்                                                                                                                     "
  }
]
