[
  {
    "villagecode": "043",
    "villagename": "Aathivialai              ",
    "villagetname": "ஆத்திவிளை                                                                                                                    "
  },
  {
    "villagecode": "012",
    "villagename": "Aloor  A                 ",
    "villagetname": "ஆளுர் எ                                                                                                                      "
  },
  {
    "villagecode": "042",
    "villagename": "Aloor     B              ",
    "villagetname": "ஆளுர் பி                                                                                                                     "
  },
  {
    "villagecode": "034",
    "villagename": "Chadayamangalam          ",
    "villagetname": "சடையமங்கலம்                                                                                                                  "
  },
  {
    "villagecode": "055",
    "villagename": "Chemponvilai             ",
    "villagetname": "செம்பொன்விளை                                                                                                                 "
  },
  {
    "villagecode": "013",
    "villagename": "Eraniel                  ",
    "villagetname": "இரணியல்                                                                                                                      "
  },
  {
    "villagecode": "015",
    "villagename": "Kadiapatinam",
    "villagetname": "கடியப்பட்டணம்                                                                                                                "
  },
  {
    "villagecode": "047",
    "villagename": "Kakkottuthalai           ",
    "villagetname": "கக்கோட்டுதலை                                                                                                                 "
  },
  {
    "villagecode": "005",
    "villagename": "Kalkulam                 ",
    "villagetname": "கல்குளம்                                                                                                                     "
  },
  {
    "villagecode": "066",
    "villagename": "Kallukkoottam            ",
    "villagetname": "கல்லுக்கூட்டம்                                                                                                               "
  },
  {
    "villagecode": "001",
    "villagename": "Kappiyarai    A          ",
    "villagetname": "கப்பியறை எ                                                                                                                   "
  },
  {
    "villagecode": "026",
    "villagename": "Kappiyarai    B          ",
    "villagetname": "கப்பியறை பி                                                                                                                  "
  },
  {
    "villagecode": "006",
    "villagename": "Kothanalloor             ",
    "villagetname": "கோதநல்லூர்                                                                                                                   "
  },
  {
    "villagecode": "035",
    "villagename": "Kumarapuram              ",
    "villagetname": "குமாரபுரம்                                                                                                                   "
  },
  {
    "villagecode": "024",
    "villagename": "Kurunthencode A",
    "villagetname": "குருந்தன்கோடு  எ                                                                                                             "
  },
  {
    "villagecode": "064",
    "villagename": "Kurunthencode B",
    "villagetname": "குருந்தன்கோடு பி                                                                                                             "
  },
  {
    "villagecode": "025",
    "villagename": "Lekshmipuram",
    "villagetname": "லெட்சுமிபுரம்                                                                                                                "
  },
  {
    "villagecode": "016",
    "villagename": "Manavazhakurichy",
    "villagetname": "மணவாளக்குறிச்சி                                                                                                              "
  },
  {
    "villagecode": "028",
    "villagename": "Marthurkurichi           ",
    "villagetname": "மருதூர்குறிச்சி                                                                                                              "
  },
  {
    "villagecode": "051",
    "villagename": "Mondaikadu               ",
    "villagetname": "மண்டைக்காடு                                                                                                                  "
  },
  {
    "villagecode": "056",
    "villagename": "Mulagumoodu              ",
    "villagetname": "முளகுமூடு                                                                                                                    "
  },
  {
    "villagecode": "032",
    "villagename": "Muthalakurichi           ",
    "villagetname": "முத்தலகுறிச்சி                                                                                                               "
  },
  {
    "villagecode": "065",
    "villagename": "Neyyoor                  ",
    "villagetname": "நெய்யூர்                                                                                                                     "
  },
  {
    "villagecode": "044",
    "villagename": "Nullivilai A             ",
    "villagetname": "நுள்ளிவிளை எ                                                                                                                 "
  },
  {
    "villagecode": "045",
    "villagename": "Nullivilai B             ",
    "villagetname": "நுள்ளிவிளை பி                                                                                                                "
  },
  {
    "villagecode": "054",
    "villagename": "Reethapuram",
    "villagetname": "ரீத்தாபுரம்                                                                                                                  "
  },
  {
    "villagecode": "053",
    "villagename": "Simon Colony",
    "villagetname": "சைமன்காலனி                                                                                                                   "
  },
  {
    "villagecode": "014",
    "villagename": "Thalakulam",
    "villagetname": "தலக்குளம்                                                                                                                    "
  },
  {
    "villagecode": "057",
    "villagename": "Thickanamcode",
    "villagetname": "திக்கணங்கோடு                                                                                                                 "
  },
  {
    "villagecode": "046",
    "villagename": "Thingalnagar             ",
    "villagetname": "திங்கள்நகர்                                                                                                                  "
  },
  {
    "villagecode": "018",
    "villagename": "Thiruvithancode",
    "villagetname": "திருவிதாங்கோடு                                                                                                               "
  },
  {
    "villagecode": "004",
    "villagename": "Thuckalay                ",
    "villagetname": "தக்கலை                                                                                                                       "
  },
  {
    "villagecode": "002",
    "villagename": "Valvachakostam A",
    "villagetname": "வாழ்வச்சகோஷ்டம் எ                                                                                                            "
  },
  {
    "villagecode": "027",
    "villagename": "Valvachakostam B",
    "villagetname": "வாழ்வச்சகோஷ்டம் பி                                                                                                           "
  },
  {
    "villagecode": "020",
    "villagename": "Velimalai                ",
    "villagetname": "வேளிமலை                                                                                                                      "
  },
  {
    "villagecode": "048",
    "villagename": "Vellichandai A           ",
    "villagetname": "வெள்ளிச்சந்தை எ                                                                                                              "
  },
  {
    "villagecode": "049",
    "villagename": "Vellichandai B           ",
    "villagetname": "வெள்ளிச்சந்தை பி                                                                                                             "
  },
  {
    "villagecode": "050",
    "villagename": "Vellimalai               ",
    "villagetname": "வெள்ளிமலை                                                                                                                    "
  },
  {
    "villagecode": "023",
    "villagename": "Villukkuri  A            ",
    "villagetname": "வில்லுக்குறி எ                                                                                                               "
  },
  {
    "villagecode": "062",
    "villagename": "Villukkuri     B         ",
    "villagetname": "வில்லுக்குறி பி                                                                                                              "
  },
  {
    "villagecode": "063",
    "villagename": "Villukkuri     C         ",
    "villagetname": "வில்லுக்குறி சி                                                                                                              "
  }
]
