[
  {
    "villagecode": "029",
    "villagename": "Alangulam                ",
    "villagetname": "ஆலங்குளம்                                                                                                                    "
  },
  {
    "villagecode": "025",
    "villagename": "Ekkakudi                 ",
    "villagetname": "எக்ககுடி                                                                                                                     "
  },
  {
    "villagecode": "045",
    "villagename": "Erwadi                   ",
    "villagetname": "ஏர்வாடி                                                                                                                      "
  },
  {
    "villagecode": "044",
    "villagename": "Ithampadal               ",
    "villagetname": "இதம்பாடல்                                                                                                                    "
  },
  {
    "villagecode": "042",
    "villagename": "Kalari                   ",
    "villagetname": "களரி                                                                                                                         "
  },
  {
    "villagecode": "048",
    "villagename": "Kalimankundu             ",
    "villagetname": "களிமன் குன்டு                                                                                                                "
  },
  {
    "villagecode": "038",
    "villagename": "Kanjirankudi             ",
    "villagetname": "காஞ்சிரன்குடி                                                                                                                "
  },
  {
    "villagecode": "037",
    "villagename": "Keelakarai               ",
    "villagetname": "கீழகரை                                                                                                                       "
  },
  {
    "villagecode": "041",
    "villagename": "Kulapatham               ",
    "villagetname": "குளபதம்                                                                                                                      "
  },
  {
    "villagecode": "047",
    "villagename": "Kuthakkottai             ",
    "villagetname": "குதக்கோட்டை                                                                                                                  "
  },
  {
    "villagecode": "027",
    "villagename": "Malangudi                ",
    "villagetname": "மாலன்குடி                                                                                                                    "
  },
  {
    "villagecode": "028",
    "villagename": "Mallal                   ",
    "villagetname": "மல்லல்                                                                                                                       "
  },
  {
    "villagecode": "034",
    "villagename": "Manickaneri              ",
    "villagetname": "மானிக்கனேரி                                                                                                                  "
  },
  {
    "villagecode": "036",
    "villagename": "Mayakulam                ",
    "villagetname": "மாயகுளம்                                                                                                                     "
  },
  {
    "villagecode": "031",
    "villagename": "Nallirukai               ",
    "villagetname": "நல்லிருக்கை                                                                                                                  "
  },
  {
    "villagecode": "040",
    "villagename": "Pallamorekulam           ",
    "villagetname": "பள்ளமோர்குளம்                                                                                                                "
  },
  {
    "villagecode": "026",
    "villagename": "Panaikulam               ",
    "villagetname": "பனைகுளம்                                                                                                                     "
  },
  {
    "villagecode": "032",
    "villagename": "Panaiyadiyendal          ",
    "villagetname": "பனையடியேந்தல்                                                                                                                "
  },
  {
    "villagecode": "050",
    "villagename": "Periyapatinam            ",
    "villagetname": "பெரியப் பட்டினம்                                                                                                             "
  },
  {
    "villagecode": "035",
    "villagename": "Pullanthai               ",
    "villagetname": "புல்லந்தை                                                                                                                    "
  },
  {
    "villagecode": "051",
    "villagename": "Ragunathapuram           ",
    "villagetname": "இரகுநாதபுரம்                                                                                                                 "
  },
  {
    "villagecode": "039",
    "villagename": "Thirupulani              ",
    "villagetname": "திருப்புல்லானி                                                                                                               "
  },
  {
    "villagecode": "030",
    "villagename": "Uthrakosamangai          ",
    "villagetname": "தி.உ. மங்கை                                                                                                                  "
  },
  {
    "villagecode": "049",
    "villagename": "Vannankundu              ",
    "villagetname": "வண்ணான் குண்டு                                                                                                               "
  },
  {
    "villagecode": "033",
    "villagename": "Velanur                  ",
    "villagetname": "வேளனூ                                                                                                                        "
  },
  {
    "villagecode": "043",
    "villagename": "Vellamarichukatti        ",
    "villagetname": "வெள்ளமரிச்சுக்கட்டி                                                                                                          "
  }
]
