[
  {
    "villagecode": "019",
    "villagename": "Arachalur                ",
    "villagetname": "019 அரச்சலூர் - அ                                                                                                            "
  },
  {
    "villagecode": "219",
    "villagename": "Arachalur (B)            ",
    "villagetname": "019 அரச்சலூர் - ஆ.                                                                                                           "
  },
  {
    "villagecode": "419",
    "villagename": "Arachalur (C)            ",
    "villagetname": "019 அரச்சலூர் -  இ                                                                                                           "
  },
  {
    "villagecode": "018",
    "villagename": "Attavanaianumanpalli     ",
    "villagetname": "018 அட்டவணைஅனுமன்பள்ளி-அ                                                                                                     "
  },
  {
    "villagecode": "218",
    "villagename": "Attavanaianumanpalli (B) ",
    "villagetname": "018 அட்டவணைஅனுமன்பள்ளி -ஆ.                                                                                                   "
  },
  {
    "villagecode": "016",
    "villagename": "Aval Poondurai           ",
    "villagetname": "016 அவல்பூந்துறை - அ                                                                                                         "
  },
  {
    "villagecode": "216",
    "villagename": "Aval Poondurai (B)       ",
    "villagetname": "016 அவல்பூந்துறை - ஆ.                                                                                                        "
  },
  {
    "villagecode": "416",
    "villagename": "Aval Poondurai (C)       ",
    "villagetname": "016 அவல்பூந்துறை - இ                                                                                                         "
  },
  {
    "villagecode": "004",
    "villagename": "Dhuyyampundhurai         ",
    "villagetname": "004 துய்யம்பூந்துறை - அ                                                                                                      "
  },
  {
    "villagecode": "204",
    "villagename": "Dhuyyampundhurai (B)     ",
    "villagetname": "004 துய்யம்பூந்துறை - ஆ.                                                                                                     "
  },
  {
    "villagecode": "404",
    "villagename": "Dhuyyampundhurai (C)     ",
    "villagetname": "004 துய்யம்பூந்துறை - இ                                                                                                      "
  },
  {
    "villagecode": "022",
    "villagename": " Ellaikkadu              ",
    "villagetname": "022 எல்லைக்காடு                                                                                                              "
  },
  {
    "villagecode": "025",
    "villagename": "Elumathur                ",
    "villagetname": "025 எழுமாத்தூர் - அ                                                                                                          "
  },
  {
    "villagecode": "225",
    "villagename": "Elumathur (B)            ",
    "villagetname": "025 எழுமாத்தூர் - ஆ.                                                                                                         "
  },
  {
    "villagecode": "027",
    "villagename": "Enjampalli               ",
    "villagetname": "027 ஈஞ்சம்பள்ளி - அ                                                                                                          "
  },
  {
    "villagecode": "227",
    "villagename": "Enjampalli (B)           ",
    "villagetname": "027 ஈஞ்சம்பள்ளி - ஆ.                                                                                                         "
  },
  {
    "villagecode": "023",
    "villagename": "Kakam                    ",
    "villagetname": "023 காகம்                                                                                                                    "
  },
  {
    "villagecode": "001",
    "villagename": "Kanagapuram              ",
    "villagetname": "001 கனகபுரம் - அ                                                                                                             "
  },
  {
    "villagecode": "201",
    "villagename": "Kanagapuram (B)          ",
    "villagetname": "001 கனகபுரம் - ஆ.                                                                                                            "
  },
  {
    "villagecode": "010",
    "villagename": "Kangayam Palayam         ",
    "villagetname": "010 காங்கயம்பாளையம்                                                                                                          "
  },
  {
    "villagecode": "005",
    "villagename": "Kaspapettai (A)",
    "villagetname": "கஸ்பாபேட்டை அ"
  },
  {
    "villagecode": "205",
    "villagename": "Kaspapettai (B)",
    "villagetname": "கஸ்பாபேட்டை ஆ"
  },
  {
    "villagecode": "028",
    "villagename": "Kulavilakku              ",
    "villagetname": "028 குலவிளக்கு - அ                                                                                                           "
  },
  {
    "villagecode": "228",
    "villagename": "Kulavilakku (B)          ",
    "villagetname": "028 குலவிளக்கு - ஆ.                                                                                                          "
  },
  {
    "villagecode": "012",
    "villagename": "Kurukkupalayam           ",
    "villagetname": "012 குருக்கபாளையம்                                                                                                           "
  },
  {
    "villagecode": "015",
    "villagename": "Modakkurucchi            ",
    "villagetname": "015 மொடக்குறிச்சி - அ                                                                                                        "
  },
  {
    "villagecode": "215",
    "villagename": "Modakkurucchi (B)        ",
    "villagetname": "015 மொடக்குறிச்சி - ஆ                                                                                                        "
  },
  {
    "villagecode": "017",
    "villagename": "Mugasi Anumanpalli -A",
    "villagetname": "017 முகாசி அனுமன்பள்ளி - அ                                                                                                   "
  },
  {
    "villagecode": "217",
    "villagename": "Mugasi Anumanpalli -B",
    "villagetname": "017 முகாசி அனுமன்பள்ளி -ஆ.                                                                                                   "
  },
  {
    "villagecode": "013",
    "villagename": "Nanjai Kalamangalam      ",
    "villagetname": "013 நஞ்சை காளமங்கலம்                                                                                                         "
  },
  {
    "villagecode": "008",
    "villagename": "Nanjai Lakkapuram        ",
    "villagetname": "008 நஞ்சை லக்காபுரம்                                                                                                         "
  },
  {
    "villagecode": "011",
    "villagename": "Nanjai Uthukuli          ",
    "villagetname": "011 நஞ்சை ஊத்துக்குளி - அ                                                                                                    "
  },
  {
    "villagecode": "211",
    "villagename": "Nanjai Uthukuli (B)      ",
    "villagetname": "011 நஞ்சை ஊத்துக்குளி - ஆ.                                                                                                   "
  },
  {
    "villagecode": "029",
    "villagename": "Palamangalam             ",
    "villagetname": "029 பழமங்கலம்                                                                                                                "
  },
  {
    "villagecode": "003",
    "villagename": "Poonduraisemur           ",
    "villagetname": "003 பூந்துறைசேமூர்                                                                                                           "
  },
  {
    "villagecode": "006",
    "villagename": "Pudur                    ",
    "villagetname": "006 புதூர் - அ                                                                                                               "
  },
  {
    "villagecode": "206",
    "villagename": "Pudur (B)                ",
    "villagetname": "006 புதூர் - ஆ.                                                                                                              "
  },
  {
    "villagecode": "014",
    "villagename": "Punjai Kalamangalam      ",
    "villagetname": "014 புஞ்சை காளமங்கலம் - அ                                                                                                    "
  },
  {
    "villagecode": "214",
    "villagename": "Punjai Kalamangalam (B)  ",
    "villagetname": "014 புஞ்சை காளமங்கலம் - ஆ.                                                                                                   "
  },
  {
    "villagecode": "007",
    "villagename": "Punjai Lakkapuram        ",
    "villagetname": "007 புஞ்சை லக்காபுரம்                                                                                                        "
  },
  {
    "villagecode": "009",
    "villagename": "Sathambur                ",
    "villagetname": "009 சாத்தம்பூர்                                                                                                              "
  },
  {
    "villagecode": "026",
    "villagename": "Thanatthampalayam        ",
    "villagetname": "026 தானத்தம்பாளையம்                                                                                                          "
  },
  {
    "villagecode": "020",
    "villagename": "Vadugapatti              ",
    "villagetname": "020 வடுகபட்டி - அ                                                                                                            "
  },
  {
    "villagecode": "220",
    "villagename": "Vadugapatti (B)          ",
    "villagetname": "020 வடுகபட்டி -  ஆ.                                                                                                          "
  },
  {
    "villagecode": "420",
    "villagename": "Vadugapatti (C)          ",
    "villagetname": "020 வடுகபட்டி - இ                                                                                                            "
  },
  {
    "villagecode": "021",
    "villagename": "Velakkathi               ",
    "villagetname": "021 விளக்கேத்தி - அ                                                                                                          "
  },
  {
    "villagecode": "221",
    "villagename": "Velakkathi (B)           ",
    "villagetname": "021 விளக்கேத்தி - ஆ.                                                                                                         "
  },
  {
    "villagecode": "024",
    "villagename": "Velampalayam             ",
    "villagetname": "024 வேலம்பாளையம் - அ                                                                                                         "
  },
  {
    "villagecode": "002",
    "villagename": "Velampalayam             ",
    "villagetname": "002 வேலம்பாளையம்                                                                                                             "
  },
  {
    "villagecode": "224",
    "villagename": "Velampalayam (B)         ",
    "villagetname": "024 வேலம்பாளையம் - ஆ.                                                                                                        "
  }
]
