[
  {
    "villagecode": "028",
    "villagename": "Alerahalli",
    "villagetname": "ஆலேரஹள்ளி                                                                                                                    "
  },
  {
    "villagecode": "021",
    "villagename": "Balethottam",
    "villagetname": "பாளேதோட்டம்                                                                                                                  "
  },
  {
    "villagecode": "009",
    "villagename": "Barur",
    "villagetname": "பாரூர்                                                                                                                       "
  },
  {
    "villagecode": "034",
    "villagename": "Batrahalli",
    "villagetname": "பட்ரஹள்ளி                                                                                                                    "
  },
  {
    "villagecode": "16I",
    "villagename": "Bendarahalli-1",
    "villagetname": "பெண்டரஹள்ளி-1                                                                                                                "
  },
  {
    "villagecode": "016",
    "villagename": "Bendarahalli-2",
    "villagetname": "பெண்டரஹள்ளி-2                                                                                                                "
  },
  {
    "villagecode": "010",
    "villagename": "Chellakuttapatti",
    "villagetname": "செல்லகுட்டப்பட்டி                                                                                                            "
  },
  {
    "villagecode": "012",
    "villagename": "Damodarahalli",
    "villagetname": "தாமோதரஹள்ளி                                                                                                                  "
  },
  {
    "villagecode": "035",
    "villagename": "Gendikampatti",
    "villagetname": "கெண்டிகாம்பட்டி                                                                                                              "
  },
  {
    "villagecode": "022",
    "villagename": "Jambukuttappatti",
    "villagetname": "ஜம்புகுட்டப்பட்டி                                                                                                            "
  },
  {
    "villagecode": "18I",
    "villagename": "Jinkalakadirampatti-1",
    "villagetname": "ஜிங்கல்கதிரம்பட்டி-1                                                                                                         "
  },
  {
    "villagecode": "018",
    "villagename": "Jinkalakadirampatti-2",
    "villagetname": "ஜிங்கல்கதிரம்பட்டி-2                                                                                                         "
  },
  {
    "villagecode": "002",
    "villagename": "Kattagaram",
    "villagetname": "காட்டாகரம்                                                                                                                   "
  },
  {
    "villagecode": "008",
    "villagename": "Kilkuppam",
    "villagetname": "கீழ்குப்பம்                                                                                                                  "
  },
  {
    "villagecode": "026",
    "villagename": "Kodappasandampatti",
    "villagetname": "கொடப்பசந்தம்பட்டி                                                                                                            "
  },
  {
    "villagecode": "040",
    "villagename": "Kondireddipatti",
    "villagetname": "கொண்டிரெட்டிப்பட்டி                                                                                                          "
  },
  {
    "villagecode": "017",
    "villagename": "Kottaippatti",
    "villagetname": "கோட்டைபட்டி                                                                                                                  "
  },
  {
    "villagecode": "011",
    "villagename": "Kudimenahalli",
    "villagetname": "குடிமேனஹள்ளி                                                                                                                 "
  },
  {
    "villagecode": "001",
    "villagename": "Mahadevagollahalli",
    "villagetname": "மகாதேவகொல்லஹள்ளி                                                                                                             "
  },
  {
    "villagecode": "037",
    "villagename": "Marappanayakanpatti",
    "villagetname": "மாரப்பநாயக்கன்பட்டி                                                                                                          "
  },
  {
    "villagecode": "005",
    "villagename": "Maruderi",
    "villagetname": "மருதேரி                                                                                                                      "
  },
  {
    "villagecode": "027",
    "villagename": "Mattinayakkanpatti",
    "villagetname": "மாதிநாயக்கன்பட்டி                                                                                                            "
  },
  {
    "villagecode": "036",
    "villagename": "Mukkampatti",
    "villagetname": "மூக்கம்பட்டி                                                                                                                 "
  },
  {
    "villagecode": "004",
    "villagename": "Nagojanahalli",
    "villagetname": "நாகோஜனஹள்ளி                                                                                                                  "
  },
  {
    "villagecode": "013",
    "villagename": "Pannandur",
    "villagetname": "பண்ணந்தூர்                                                                                                                   "
  },
  {
    "villagecode": "020",
    "villagename": "Parandapalli",
    "villagetname": "பாரண்டப்பள்ளி                                                                                                                "
  },
  {
    "villagecode": "025",
    "villagename": "Peddappampatti",
    "villagetname": "பெத்தப்பம்பட்டி                                                                                                              "
  },
  {
    "villagecode": "014",
    "villagename": "Puliyampatti",
    "villagetname": "புளியம்பட்டி                                                                                                                 "
  },
  {
    "villagecode": "039",
    "villagename": "Rangampatti",
    "villagetname": "ரங்கம்பட்டி                                                                                                                  "
  },
  {
    "villagecode": "038",
    "villagename": "Sonarahalli",
    "villagetname": "சோனாரஹள்ளி                                                                                                                   "
  },
  {
    "villagecode": "019",
    "villagename": "Tadampatti",
    "villagetname": "தாதம்பட்டி                                                                                                                   "
  },
  {
    "villagecode": "024",
    "villagename": "Thimminaikempatti",
    "villagetname": "திம்மிநாயக்கம்பட்டி                                                                                                          "
  },
  {
    "villagecode": "023",
    "villagename": "Vadamalampatti",
    "villagetname": "வடமலம்பட்டி                                                                                                                  "
  },
  {
    "villagecode": "015",
    "villagename": "Vadamangalam",
    "villagetname": "வாடமங்கலம்                                                                                                                   "
  },
  {
    "villagecode": "003",
    "villagename": "Veppalampatti",
    "villagetname": "வெப்பாளம்பட்டி                                                                                                               "
  },
  {
    "villagecode": "006",
    "villagename": "Vilangamudi",
    "villagetname": "விளங்காமுடி                                                                                                                  "
  },
  {
    "villagecode": "007",
    "villagename": "Viramalai",
    "villagetname": "வீரமலை                                                                                                                       "
  }
]
