[
  {
    "villagecode": "016",
    "villagename": "Alamarathupatty          ",
    "villagetname": "ஆலமரத்துப்பட்டி                                                                                                              "
  },
  {
    "villagecode": "020",
    "villagename": "Ambathurai               ",
    "villagetname": "அம்பாத்துரை                                                                                                                  "
  },
  {
    "villagecode": "008",
    "villagename": "Athoor                   ",
    "villagetname": "ஆத்தூர்                                                                                                                      "
  },
  {
    "villagecode": "003",
    "villagename": "Ayyampalayam             ",
    "villagetname": "அய்யம்பாளையம்                                                                                                                "
  },
  {
    "villagecode": "006",
    "villagename": "Bodikamanvadi            ",
    "villagetname": "போடிகாமன்வாடி                                                                                                                "
  },
  {
    "villagecode": "019",
    "villagename": "Kalikkampatty            ",
    "villagetname": "கலிக்கம்பட்டி                                                                                                                "
  },
  {
    "villagecode": "002",
    "villagename": "Kannivadimalai South     ",
    "villagetname": "கன்னிவாடிமலை தெற்கு                                                                                                          "
  },
  {
    "villagecode": "021",
    "villagename": "Keelakottai              ",
    "villagetname": "கீழக்கோட்டை                                                                                                                  "
  },
  {
    "villagecode": "012",
    "villagename": "Kummampatty              ",
    "villagetname": "கும்மாம்பட்டி                                                                                                                "
  },
  {
    "villagecode": "001",
    "villagename": "Manaloor                 ",
    "villagetname": "மணலூர்                                                                                                                       "
  },
  {
    "villagecode": "018",
    "villagename": "Munilaikottai            ",
    "villagetname": "முன்னிலைக்கோட்டை                                                                                                             "
  },
  {
    "villagecode": "005",
    "villagename": "Narasingapuram           ",
    "villagetname": "நரசிங்கபுரம்                                                                                                                 "
  },
  {
    "villagecode": "017",
    "villagename": "N.Panjampatty            ",
    "villagetname": "என் பஞ்சம்பட்டி                                                                                                              "
  },
  {
    "villagecode": "007",
    "villagename": "Palayankottai            ",
    "villagetname": "பாளையங்கோட்டை                                                                                                                "
  },
  {
    "villagecode": "009",
    "villagename": "Paraipatty               ",
    "villagetname": "பாறைப்பட்டி                                                                                                                  "
  },
  {
    "villagecode": "015",
    "villagename": "Pillayarnatham           ",
    "villagetname": "பிள்ளையாரநத்தம்                                                                                                              "
  },
  {
    "villagecode": "014",
    "villagename": "Pithalaipatty            ",
    "villagetname": "பித்தளைப்பட்டி                                                                                                               "
  },
  {
    "villagecode": "010",
    "villagename": "Seevalsaragu             ",
    "villagetname": "சீவல்சரகு                                                                                                                    "
  },
  {
    "villagecode": "004",
    "villagename": "Sitharevu                ",
    "villagetname": "சித்தரேவு                                                                                                                    "
  },
  {
    "villagecode": "022",
    "villagename": "Thoppampatty             ",
    "villagetname": "தொப்பம்பட்டி                                                                                                                 "
  },
  {
    "villagecode": "013",
    "villagename": "Vakkampatty              ",
    "villagetname": "வக்கம்பட்டி                                                                                                                  "
  },
  {
    "villagecode": "011",
    "villagename": "Veerakkal                ",
    "villagetname": "வீரக்கல்                                                                                                                     "
  }
]
