[
  {
    "villagecode": "021",
    "villagename": "Balarajapuram            ",
    "villagetname": "பாலராஜபுரம்                                                                                                                  "
  },
  {
    "villagecode": "012",
    "villagename": "Chindalavadi             ",
    "villagetname": "சிந்தலவாடி                                                                                                                   "
  },
  {
    "villagecode": "016",
    "villagename": "Chithalavai              ",
    "villagetname": "சித்தலவாய்                                                                                                                   "
  },
  {
    "villagecode": "011",
    "villagename": "Kallapalli               ",
    "villagetname": "கள்ளபள்ளி                                                                                                                    "
  },
  {
    "villagecode": "014",
    "villagename": "Kammanallur              ",
    "villagetname": "கம்மநல்லூர்                                                                                                                  "
  },
  {
    "villagecode": "009",
    "villagename": "Karupathur               ",
    "villagetname": "கருப்பத்தூர்                                                                                                                 "
  },
  {
    "villagecode": "151",
    "villagename": "Krishnarayapuram(N)      ",
    "villagetname": "கிருஷ்ணராயபுரம் வடக்கு                                                                                                       "
  },
  {
    "villagecode": "152",
    "villagename": "Krishnarayapuram(S)      ",
    "villagetname": "கிருஷ்ணராயபுரம் தெற்கு                                                                                                       "
  },
  {
    "villagecode": "13A",
    "villagename": "Mahadanapuram(N)         ",
    "villagetname": "மகாதானபுரம் வடக்கு                                                                                                           "
  },
  {
    "villagecode": "13B",
    "villagename": "Mahadanapuram(S)         ",
    "villagetname": "மகாதானபுரம் தெற்கு                                                                                                           "
  },
  {
    "villagecode": "019",
    "villagename": "Manavasi                 ",
    "villagetname": "மணவாசி                                                                                                                       "
  },
  {
    "villagecode": "018",
    "villagename": "Mayanoor                 ",
    "villagetname": "மாயனூர்                                                                                                                      "
  },
  {
    "villagecode": "023",
    "villagename": "Muthurengampatti         ",
    "villagetname": "முத்துரெங்கன்பட்டி                                                                                                           "
  },
  {
    "villagecode": "028",
    "villagename": "Panchapatti              ",
    "villagetname": "பஞ்சபட்டி                                                                                                                    "
  },
  {
    "villagecode": "031",
    "villagename": "Pappakappatti            ",
    "villagetname": "பாப்பக்காபட்டி                                                                                                               "
  },
  {
    "villagecode": "010",
    "villagename": "Pillapalayam             ",
    "villagetname": "பிள்ளபாளையம்                                                                                                                 "
  },
  {
    "villagecode": "029",
    "villagename": "Pothurauthanpatti        ",
    "villagetname": "போத்துராவுத்தன்பட்டி                                                                                                         "
  },
  {
    "villagecode": "201",
    "villagename": "Renganathapuram(N)       ",
    "villagetname": "ரெங்கநாதபுரம் வடக்கு                                                                                                         "
  },
  {
    "villagecode": "202",
    "villagename": "Renganathapuram(S)       ",
    "villagetname": "ரெங்கநாதபுரம் தெற்கு                                                                                                         "
  },
  {
    "villagecode": "022",
    "villagename": "Sengal                   ",
    "villagetname": "சேங்கல்                                                                                                                      "
  },
  {
    "villagecode": "321",
    "villagename": "Sivayam(N)               ",
    "villagetname": "சிவாயம் வடக்கு                                                                                                               "
  },
  {
    "villagecode": "322",
    "villagename": "Sivayam(S)               ",
    "villagetname": "சிவாயம் தெற்கு                                                                                                               "
  },
  {
    "villagecode": "017",
    "villagename": "Thirukampuliyur          ",
    "villagetname": "திருக்காம்புலியூர்                                                                                                           "
  },
  {
    "villagecode": "030",
    "villagename": "Vayaloor                 ",
    "villagetname": "வயலூர்                                                                                                                       "
  },
  {
    "villagecode": "027",
    "villagename": "Veeriyapalayam           ",
    "villagetname": "வீரியம்பாளையம்                                                                                                               "
  }
]
