[
  {
    "villagecode": "009",
    "villagename": "Adigaratty 1             ",
    "villagetname": "அதிகரட்டி 1                                                                                                                  "
  },
  {
    "villagecode": "013",
    "villagename": "Athigaratty 2            ",
    "villagetname": "அதிகரட்டி 2                                                                                                                  "
  },
  {
    "villagecode": "005",
    "villagename": "Burliar                  ",
    "villagetname": "பர்லியார்                                                                                                                    "
  },
  {
    "villagecode": "003",
    "villagename": "Coonoor Rural            ",
    "villagetname": "குன்னுார் ஊரகம்                                                                                                              "
  },
  {
    "villagecode": "006",
    "villagename": "Hubathalai               ",
    "villagetname": "உபதலை                                                                                                                        "
  },
  {
    "villagecode": "012",
    "villagename": "Hulical 1                ",
    "villagetname": "உலிக்கல் 1                                                                                                                   "
  },
  {
    "villagecode": "014",
    "villagename": "Hulical 2                ",
    "villagetname": "உலிக்கல் 2                                                                                                                   "
  },
  {
    "villagecode": "001",
    "villagename": "Ketti 1                  ",
    "villagetname": "கேத்தி 1                                                                                                                     "
  },
  {
    "villagecode": "010",
    "villagename": "Ketti 2                  ",
    "villagetname": "கேத்தி 2                                                                                                                     "
  },
  {
    "villagecode": "011",
    "villagename": "Ketti 3                  ",
    "villagetname": "கேத்தி 3                                                                                                                     "
  },
  {
    "villagecode": "008",
    "villagename": "Melur 1                  ",
    "villagetname": "மேலூர் 1                                                                                                                     "
  },
  {
    "villagecode": "015",
    "villagename": "Melur 2                  ",
    "villagetname": "மேலூர் 2                                                                                                                     "
  },
  {
    "villagecode": "016",
    "villagename": "Melur 3                  ",
    "villagetname": "மேலூர் 3                                                                                                                     "
  },
  {
    "villagecode": "004",
    "villagename": "Yedapally                ",
    "villagetname": "எடப்பள்ளி                                                                                                                    "
  }
]
