[
  {
    "villagecode": "109",
    "villagename": "Agavalam                 ",
    "villagetname": "அகவலம்                                                                                                                       "
  },
  {
    "villagecode": "030",
    "villagename": "Alappakkam               ",
    "villagetname": "ஆலப்பாக்கம்                                                                                                                  "
  },
  {
    "villagecode": "121",
    "villagename": "Asanellikuppam           ",
    "villagetname": "அசநல்லிகுப்பம்                                                                                                               "
  },
  {
    "villagecode": "042",
    "villagename": "Athipattu                ",
    "villagetname": "அத்திபட்டு                                                                                                                   "
  },
  {
    "villagecode": "046",
    "villagename": "Avalur                   ",
    "villagetname": "அவலூர்                                                                                                                       "
  },
  {
    "villagecode": "038",
    "villagename": "Ayarpadi                 ",
    "villagetname": "ஆயர்பாடி                                                                                                                     "
  },
  {
    "villagecode": "032",
    "villagename": "Cherri                   ",
    "villagetname": "சேரி                                                                                                                         "
  },
  {
    "villagecode": "143",
    "villagename": "Dharmaneedhi             ",
    "villagetname": "தர்மநீதி                                                                                                                     "
  },
  {
    "villagecode": "065",
    "villagename": "Elathur                  ",
    "villagetname": "எலத்தூர்                                                                                                                     "
  },
  {
    "villagecode": "036",
    "villagename": "Eralacherry              ",
    "villagetname": "ஈராளச்சேரி                                                                                                                   "
  },
  {
    "villagecode": "114",
    "villagename": "Jagirthandalam           ",
    "villagetname": "ஜாகீர்தண்டலம்                                                                                                                "
  },
  {
    "villagecode": "047",
    "villagename": "Kalathur                 ",
    "villagetname": "களத்தூர்                                                                                                                     "
  },
  {
    "villagecode": "123",
    "villagename": "Kariakudal               ",
    "villagetname": "கரியாகுடல்                                                                                                                   "
  },
  {
    "villagecode": "045",
    "villagename": "Karivedu                 ",
    "villagetname": "கரிவேடு                                                                                                                      "
  },
  {
    "villagecode": "022",
    "villagename": "Karnavur                 ",
    "villagetname": "கர்ணாவூர்                                                                                                                    "
  },
  {
    "villagecode": "033",
    "villagename": "Kattalai                 ",
    "villagetname": "கட்டளை                                                                                                                       "
  },
  {
    "villagecode": "063",
    "villagename": "Kattupakkam              ",
    "villagetname": "காட்டுபாக்கம்                                                                                                                "
  },
  {
    "villagecode": "034",
    "villagename": "Kaveripakkam             ",
    "villagetname": "காவேரிப்பாக்கம்                                                                                                              "
  },
  {
    "villagecode": "101",
    "villagename": "Keelandurai              ",
    "villagetname": "கீழாந்துரை                                                                                                                   "
  },
  {
    "villagecode": "106",
    "villagename": "Keelkalathur             ",
    "villagetname": "கீழ்களத்தூர்                                                                                                                 "
  },
  {
    "villagecode": "058",
    "villagename": "Keelveedhi               ",
    "villagetname": "கீழ்வீதி                                                                                                                     "
  },
  {
    "villagecode": "124",
    "villagename": "Keelvenkatapuram         ",
    "villagetname": "கீழ்வெங்கடாபுரம்                                                                                                             "
  },
  {
    "villagecode": "116",
    "villagename": "Keelvenpakkam            ",
    "villagetname": "கீழ்வெண்பாக்கம                                                                                                               "
  },
  {
    "villagecode": "060",
    "villagename": "Kodampakkam              ",
    "villagetname": "கோடம்பாக்கம்                                                                                                                 "
  },
  {
    "villagecode": "041",
    "villagename": "Kondapuram               ",
    "villagetname": "கொண்டாபுரம்                                                                                                                  "
  },
  {
    "villagecode": "031",
    "villagename": "Maganipattu              ",
    "villagetname": "மாகாணிப்பட்டு                                                                                                                "
  },
  {
    "villagecode": "061",
    "villagename": "Mahendravadi             ",
    "villagetname": "மகேந்திரவாடி                                                                                                                 "
  },
  {
    "villagecode": "044",
    "villagename": "Mamandoor                ",
    "villagetname": "மாமண்டூர்                                                                                                                    "
  },
  {
    "villagecode": "094",
    "villagename": "Melanthurai              ",
    "villagetname": "மேலாந்துரை                                                                                                                   "
  },
  {
    "villagecode": "051",
    "villagename": "Melapulam                ",
    "villagetname": "மேலபுலம்                                                                                                                     "
  },
  {
    "villagecode": "059",
    "villagename": "Melari                   ",
    "villagetname": "மேலேரி                                                                                                                       "
  },
  {
    "villagecode": "064",
    "villagename": "Melkalathur              ",
    "villagetname": "மேல்களத்தூர்                                                                                                                 "
  },
  {
    "villagecode": "100",
    "villagename": "Nagavedu                 ",
    "villagetname": "நாகவேடு                                                                                                                      "
  },
  {
    "villagecode": "052",
    "villagename": "Nangamangalam            ",
    "villagetname": "நங்கமங்கலம்                                                                                                                  "
  },
  {
    "villagecode": "054",
    "villagename": "Nedumpuli                ",
    "villagetname": "நெடும்புலி                                                                                                                   "
  },
  {
    "villagecode": "119",
    "villagename": "Nelvoy                   ",
    "villagetname": "நெல்வாய்                                                                                                                     "
  },
  {
    "villagecode": "122",
    "villagename": "Nemili                   ",
    "villagetname": "நெமிலி                                                                                                                       "
  },
  {
    "villagecode": "105",
    "villagename": "Ochalam                  ",
    "villagetname": "ஓச்சாலம்                                                                                                                     "
  },
  {
    "villagecode": "039",
    "villagename": "Ocheri                   ",
    "villagetname": "ஓச்சேரி                                                                                                                      "
  },
  {
    "villagecode": "053",
    "villagename": "Panappakkam              ",
    "villagetname": "பனப்பாக்கம்                                                                                                                  "
  },
  {
    "villagecode": "026",
    "villagename": "Panniyur                 ",
    "villagetname": "பன்னீயூர்                                                                                                                    "
  },
  {
    "villagecode": "057",
    "villagename": "Perapperi                ",
    "villagetname": "பெரப்பேரி                                                                                                                    "
  },
  {
    "villagecode": "049",
    "villagename": "Perumpulipakkam          ",
    "villagetname": "பெரும்புலிப்பாக்கம்                                                                                                          "
  },
  {
    "villagecode": "029",
    "villagename": "Peruvalayam              ",
    "villagetname": "பெருவளையம்                                                                                                                   "
  },
  {
    "villagecode": "050",
    "villagename": "Poigainallur             ",
    "villagetname": "பொய்கைநல்லூர்                                                                                                                "
  },
  {
    "villagecode": "027",
    "villagename": "Puduppattu               ",
    "villagetname": "புதுப்பட்டு                                                                                                                  "
  },
  {
    "villagecode": "107",
    "villagename": "Punnai                   ",
    "villagetname": "புண்ணை                                                                                                                       "
  },
  {
    "villagecode": "111",
    "villagename": "Reddivalam               ",
    "villagetname": "ரெட்டிவலம்                                                                                                                   "
  },
  {
    "villagecode": "048",
    "villagename": "Sangarampadi             ",
    "villagetname": "சங்கரம்பாடி                                                                                                                  "
  },
  {
    "villagecode": "125",
    "villagename": "Sayanavaram              ",
    "villagetname": "சயனவரம்                                                                                                                      "
  },
  {
    "villagecode": "066",
    "villagename": "Silamandai               ",
    "villagetname": "சில்லமந்தை                                                                                                                   "
  },
  {
    "villagecode": "040",
    "villagename": "Sirukarumpur             ",
    "villagetname": "சிறுகரும்பூர்                                                                                                                "
  },
  {
    "villagecode": "104",
    "villagename": "Sirunamalli              ",
    "villagetname": "சிறுனமல்லி                                                                                                                   "
  },
  {
    "villagecode": "028",
    "villagename": "Siruvalayam              ",
    "villagetname": "சிறுவளையம்                                                                                                                   "
  },
  {
    "villagecode": "120",
    "villagename": "S.Kulathur               ",
    "villagetname": "எஸ்.கொளத்தூர்                                                                                                                "
  },
  {
    "villagecode": "112",
    "villagename": "Thenmambakkam            ",
    "villagetname": "தென்மாம்பாக்கம்                                                                                                              "
  },
  {
    "villagecode": "117",
    "villagename": "Thirumalpoor             ",
    "villagetname": "திருமால்பூர்                                                                                                                 "
  },
  {
    "villagecode": "035",
    "villagename": "Thuraiperumpakkam        ",
    "villagetname": "துரைபெரும்பாக்கம்                                                                                                            "
  },
  {
    "villagecode": "055",
    "villagename": "Thuraiyur                ",
    "villagetname": "துரையூர்                                                                                                                     "
  },
  {
    "villagecode": "056",
    "villagename": "Uliyanallur              ",
    "villagetname": "உளியநல்லூர்                                                                                                                  "
  },
  {
    "villagecode": "037",
    "villagename": "Uthirampattu             ",
    "villagetname": "உத்திரம்பட்டு                                                                                                                "
  },
  {
    "villagecode": "043",
    "villagename": "Vegamangalam             ",
    "villagetname": "வேகாமங்கலம்                                                                                                                  "
  },
  {
    "villagecode": "062",
    "villagename": "Velithangipuram          ",
    "villagetname": "வெளித்தாங்கிபுரம்                                                                                                            "
  },
  {
    "villagecode": "113",
    "villagename": "Veliyanallur             ",
    "villagetname": "வேலியநல்லூர்                                                                                                                 "
  },
  {
    "villagecode": "108",
    "villagename": "Vepperi                  ",
    "villagetname": "வேப்பேரி                                                                                                                     "
  },
  {
    "villagecode": "110",
    "villagename": "Vettankulam              ",
    "villagetname": "வேட்டாங்குளம                                                                                                                 "
  }
]
