[
  {
    "villagecode": "540",
    "villagename": "Adanur                   ",
    "villagetname": "ஆதனூர்                                                                                                                       "
  },
  {
    "villagecode": "060",
    "villagename": "Akkanayakkanpatti        ",
    "villagetname": "அக்காநாயக்கன்பட்டி                                                                                                           "
  },
  {
    "villagecode": "250",
    "villagename": "Araikulam                ",
    "villagetname": "ஆரைக்குளம்                                                                                                                   "
  },
  {
    "villagecode": "500",
    "villagename": "Chandragiri              ",
    "villagetname": "சந்திரகிரி                                                                                                                   "
  },
  {
    "villagecode": "610",
    "villagename": "D.Duraisamypuram         ",
    "villagetname": "டி துரைச்சாமிபுரம்                                                                                                           "
  },
  {
    "villagecode": "520",
    "villagename": "Eppodumvendran           ",
    "villagetname": "எப்போதும் வென்றான்                                                                                                           "
  },
  {
    "villagecode": "020",
    "villagename": "Govindapuram             ",
    "villagetname": "கோவிந்தாபுரம்                                                                                                                "
  },
  {
    "villagecode": "230",
    "villagename": "Jambulingapuram          ",
    "villagetname": "ஜம்புலிங்கபுரம்                                                                                                              "
  },
  {
    "villagecode": "510",
    "villagename": "Jegaveerapandiapuram     ",
    "villagetname": "ஜெகவீரபாண்டியபுரம்                                                                                                           "
  },
  {
    "villagecode": "530",
    "villagename": "Kacherithalavaipuram     ",
    "villagetname": "கச்சேரி தளவாய்புரம்                                                                                                          "
  },
  {
    "villagecode": "630",
    "villagename": "Kattunayakkanpatti       ",
    "villagetname": "காட்டுநாயக்கன்பட்டி                                                                                                          "
  },
  {
    "villagecode": "330",
    "villagename": "Keelaarasadi             ",
    "villagetname": "கீழ அரசடி                                                                                                                    "
  },
  {
    "villagecode": "030",
    "villagename": "Keelakottai              ",
    "villagetname": "கீழக்கோட்டை                                                                                                                  "
  },
  {
    "villagecode": "270",
    "villagename": "Keelamangalam            ",
    "villagetname": "கீழமங்கலம்                                                                                                                   "
  },
  {
    "villagecode": "360",
    "villagename": "Keelamudiman             ",
    "villagetname": "கீழமுடிமண்                                                                                                                   "
  },
  {
    "villagecode": "050",
    "villagename": "Kodiyangulam             ",
    "villagetname": "கொடியன்குளம்                                                                                                                 "
  },
  {
    "villagecode": "560",
    "villagename": "Kollamparambu            ",
    "villagetname": "கொல்லம்பரும்பு                                                                                                               "
  },
  {
    "villagecode": "090",
    "villagename": "Kollankinaru             ",
    "villagetname": "கொல்லங்கிணறு                                                                                                                 "
  },
  {
    "villagecode": "490",
    "villagename": "K.Shunmugapuram          ",
    "villagetname": "கே சண்முகபுரம்                                                                                                               "
  },
  {
    "villagecode": "240",
    "villagename": "Kulasekaranallur         ",
    "villagetname": "குலசேகரநல்லூர்                                                                                                               "
  },
  {
    "villagecode": "320",
    "villagename": "Kumareddiapuram          ",
    "villagetname": "குமரெட்டியாபுரம்                                                                                                             "
  },
  {
    "villagecode": "130",
    "villagename": "Malaippatti              ",
    "villagetname": "மலைப்பட்டி                                                                                                                   "
  },
  {
    "villagecode": "070",
    "villagename": "Maniyachi                ",
    "villagetname": "மணியாச்சி                                                                                                                    "
  },
  {
    "villagecode": "040",
    "villagename": "Marudanvalvu             ",
    "villagetname": "மருதன்வாழ்வு                                                                                                                 "
  },
  {
    "villagecode": "310",
    "villagename": "Meenakshipuram           ",
    "villagetname": "மீனாட்சிபுரம்                                                                                                                "
  },
  {
    "villagecode": "450",
    "villagename": "Melaarasadi              ",
    "villagetname": "மேல அரசடி                                                                                                                    "
  },
  {
    "villagecode": "460",
    "villagename": "Melamarudur              ",
    "villagetname": "மேலமருதூர்                                                                                                                   "
  },
  {
    "villagecode": "210",
    "villagename": "Melapandiyapuram         ",
    "villagetname": "மேலப்பாண்டியாபுரம்                                                                                                           "
  },
  {
    "villagecode": "550",
    "villagename": "Mullur Muthukumarapuram  ",
    "villagetname": "முள்ளூர் முத்துக்குமாரபுரம்                                                                                                  "
  },
  {
    "villagecode": "190",
    "villagename": "Muramban                 ",
    "villagetname": "முறம்பன்                                                                                                                     "
  },
  {
    "villagecode": "300",
    "villagename": "Muthuramalingapuram      ",
    "villagetname": "முத்துராமலிங்கபுரம்                                                                                                          "
  },
  {
    "villagecode": "080",
    "villagename": "Ottanatham               ",
    "villagetname": "ஒட்டநத்தம்                                                                                                                   "
  },
  {
    "villagecode": "390",
    "villagename": "Ottapidaram              ",
    "villagetname": "ஓட்டப்பிடாரம்                                                                                                                "
  },
  {
    "villagecode": "370",
    "villagename": "Panchalankurichi         ",
    "villagetname": "பாஞ்சாலங்குறிச்சி                                                                                                            "
  },
  {
    "villagecode": "200",
    "villagename": "Paraikkuttam             ",
    "villagetname": "பாறைக்குட்டம்                                                                                                                "
  },
  {
    "villagecode": "120",
    "villagename": "Parivallikottai          ",
    "villagetname": "பரிவல்லிக்கோட்டை                                                                                                             "
  },
  {
    "villagecode": "290",
    "villagename": "Pasuvandanai             ",
    "villagetname": "பசுவந்தனை                                                                                                                    "
  },
  {
    "villagecode": "590",
    "villagename": "Pattinamarudur           ",
    "villagetname": "பட்டிணமருதூர்                                                                                                                "
  },
  {
    "villagecode": "350",
    "villagename": "P.Duraisamypuram         ",
    "villagetname": "பி துரைச்சாமிபுரம்                                                                                                           "
  },
  {
    "villagecode": "400",
    "villagename": "Pudiyamputtur            ",
    "villagetname": "புதியம்புத்தூர்                                                                                                              "
  },
  {
    "villagecode": "440",
    "villagename": "Pudurpandiyapuram        ",
    "villagetname": "புதூர் பாண்டியாபுரம்                                                                                                         "
  },
  {
    "villagecode": "410",
    "villagename": "Saminaththam             ",
    "villagetname": "சாமிநத்தம்                                                                                                                   "
  },
  {
    "villagecode": "180",
    "villagename": "Sangampatti              ",
    "villagetname": "சங்கம்பட்டி                                                                                                                  "
  },
  {
    "villagecode": "220",
    "villagename": "Savarimangalam           ",
    "villagetname": "சவரிமங்கலம்                                                                                                                  "
  },
  {
    "villagecode": "430",
    "villagename": "Sillanaththam            ",
    "villagetname": "சில்லாநத்தம்                                                                                                                 "
  },
  {
    "villagecode": "170",
    "villagename": "Sillangulam              ",
    "villagetname": "சில்லாங்குளம்                                                                                                                "
  },
  {
    "villagecode": "480",
    "villagename": "Sindalakattai            ",
    "villagetname": "சிந்தலக்கட்டை                                                                                                                "
  },
  {
    "villagecode": "380",
    "villagename": "S.Kumarapuram            ",
    "villagetname": "எஸ் குமாரபுரம்                                                                                                               "
  },
  {
    "villagecode": "620",
    "villagename": "Tharuvaikkulam           ",
    "villagetname": "தருவைக்குளம்                                                                                                                 "
  },
  {
    "villagecode": "600",
    "villagename": "Therkukalmadu            ",
    "villagetname": "தெற்கு கல்மேடு                                                                                                               "
  },
  {
    "villagecode": "420",
    "villagename": "Therku Veerapandiapuram  ",
    "villagetname": "தெற்கு வீரபாண்டியாபுரம்                                                                                                      "
  },
  {
    "villagecode": "470",
    "villagename": "Valasamuthiram           ",
    "villagetname": "வாலசமுத்திரம்                                                                                                                "
  },
  {
    "villagecode": "570",
    "villagename": "Vedanatham               ",
    "villagetname": "வேடநத்தம்                                                                                                                    "
  },
  {
    "villagecode": "340",
    "villagename": "Vellaram                 ",
    "villagetname": "வெள்ளாரம்                                                                                                                    "
  },
  {
    "villagecode": "260",
    "villagename": "Venkateswarapuram        ",
    "villagetname": "வெங்கடேஸ்வரபுரம்                                                                                                             "
  },
  {
    "villagecode": "580",
    "villagename": "Veppalodai               ",
    "villagetname": "வேப்பலோடை                                                                                                                    "
  }
]
