[
  {
    "villagecode": "006",
    "villagename": "Aracode                  ",
    "villagetname": "அரக்கொடு                                                                                                                     "
  },
  {
    "villagecode": "005",
    "villagename": "Denad-I                  ",
    "villagetname": "தேனாடு - 1                                                                                                                   "
  },
  {
    "villagecode": "018",
    "villagename": "Denad-Ii                 ",
    "villagetname": "தேனாடு - 2                                                                                                                   "
  },
  {
    "villagecode": "001",
    "villagename": "Hallimoyar               ",
    "villagetname": "அல்லிமாயார்                                                                                                                  "
  },
  {
    "villagecode": "015",
    "villagename": "Jackanarai               ",
    "villagetname": "ஜக்கனாரை                                                                                                                     "
  },
  {
    "villagecode": "017",
    "villagename": "Jagathala-I              ",
    "villagetname": "ஜகதளா - 1                                                                                                                    "
  },
  {
    "villagecode": "020",
    "villagename": "Jagathala-Ii             ",
    "villagetname": "ஜகதளா - 2                                                                                                                    "
  },
  {
    "villagecode": "009",
    "villagename": "Kadinamala               ",
    "villagetname": "கடினமாலா                                                                                                                     "
  },
  {
    "villagecode": "002",
    "villagename": "Kallampalayam            ",
    "villagetname": "கல்லம்பாளையம்                                                                                                                "
  },
  {
    "villagecode": "010",
    "villagename": "Kengarai 1               ",
    "villagetname": "கெங்கரை 1                                                                                                                    "
  },
  {
    "villagecode": "019",
    "villagename": "Kenkarai-Ii              ",
    "villagetname": "கெங்கரை - 2                                                                                                                  "
  },
  {
    "villagecode": "003",
    "villagename": "Kodanad                  ",
    "villagetname": "கோடநாடு                                                                                                                      "
  },
  {
    "villagecode": "007",
    "villagename": "Kokodu                   ",
    "villagetname": "கோக்கொடு                                                                                                                     "
  },
  {
    "villagecode": "021",
    "villagename": "Konavakorai -2           ",
    "villagetname": "கொணவக்கரை - 2                                                                                                                "
  },
  {
    "villagecode": "011",
    "villagename": "Konavakorai-I            ",
    "villagetname": "கொணவக்கரை - 1                                                                                                                "
  },
  {
    "villagecode": "012",
    "villagename": "Kotagiri -1              ",
    "villagetname": "கோத்தகிரி - 1                                                                                                                "
  },
  {
    "villagecode": "014",
    "villagename": "Kotagiri 2               ",
    "villagetname": "கோத்தகிரி -2                                                                                                                 "
  },
  {
    "villagecode": "016",
    "villagename": "Kotagiri 3               ",
    "villagetname": "கோத்தகிரி - 3                                                                                                                "
  },
  {
    "villagecode": "023",
    "villagename": "Nadhuhatty-2             ",
    "villagetname": "நடுஹட்டி -2                                                                                                                  "
  },
  {
    "villagecode": "013",
    "villagename": "Naduhatty-1              ",
    "villagetname": "நடுஹட்டி -1                                                                                                                  "
  },
  {
    "villagecode": "008",
    "villagename": "Nandhipuram              ",
    "villagetname": "நந்நிபுரம்                                                                                                                   "
  },
  {
    "villagecode": "004",
    "villagename": "Nedugula-I               ",
    "villagetname": "நெடுகுளா - 1                                                                                                                 "
  },
  {
    "villagecode": "022",
    "villagename": "Nedugula-Ii              ",
    "villagetname": "நெடுகுளா - 2                                                                                                                 "
  }
]
