[
  {
    "villagecode": "127",
    "villagename": "Aaladikkadu              ",
    "villagetname": "ஆலடிக்காடு                                                                                                                   "
  },
  {
    "villagecode": "012",
    "villagename": "Aaladikkumulai           ",
    "villagetname": "ஆலடிக்குமுளை                                                                                                                 "
  },
  {
    "villagecode": "048",
    "villagename": "Aalampallam              ",
    "villagetname": "ஆலம்பள்ளம்                                                                                                                   "
  },
  {
    "villagecode": "022",
    "villagename": "Aalathur                 ",
    "villagetname": "ஆலத்தூர்                                                                                                                     "
  },
  {
    "villagecode": "141",
    "villagename": "Aandikkadu               ",
    "villagetname": "ஆண்டிக்காடு                                                                                                                  "
  },
  {
    "villagecode": "050",
    "villagename": "Aathikkottai             ",
    "villagetname": "ஆத்திக்கோட்டை                                                                                                                "
  },
  {
    "villagecode": "030",
    "villagename": "Aavikkottai              ",
    "villagetname": "ஆவிக்கோட்டை                                                                                                                  "
  },
  {
    "villagecode": "153",
    "villagename": "Adirampattinam           ",
    "villagetname": "அதிராம்பட்டினம்                                                                                                              "
  },
  {
    "villagecode": "137",
    "villagename": "Alamathikkadu            ",
    "villagetname": "அலமதிக்காடு                                                                                                                  "
  },
  {
    "villagecode": "082",
    "villagename": "Alivalam                 ",
    "villagetname": "அலிவலம்                                                                                                                      "
  },
  {
    "villagecode": "069",
    "villagename": "Anaikkadu                ",
    "villagetname": "அணைக்காடு                                                                                                                    "
  },
  {
    "villagecode": "083",
    "villagename": "Anantheeswarapuram       ",
    "villagetname": "அனந்தீஸ்வரபுரம்                                                                                                              "
  },
  {
    "villagecode": "027",
    "villagename": "Andami                   ",
    "villagetname": "அண்டமி                                                                                                                       "
  },
  {
    "villagecode": "601",
    "villagename": "Athambai North           ",
    "villagetname": "அதம்பை வடக்கு                                                                                                                "
  },
  {
    "villagecode": "602",
    "villagename": "Athambai South           ",
    "villagetname": "அதம்பை தெற்கு                                                                                                                "
  },
  {
    "villagecode": "551",
    "villagename": "Athivetti East           ",
    "villagetname": "அத்திவெட்டி கிழக்கு                                                                                                          "
  },
  {
    "villagecode": "552",
    "villagename": "Athivetti West           ",
    "villagetname": "அத்திவெட்டி மேற்கு                                                                                                           "
  },
  {
    "villagecode": "128",
    "villagename": "Azhakiya Nayakipuram     ",
    "villagetname": "அழகியநாயகிபுரம்                                                                                                              "
  },
  {
    "villagecode": "106",
    "villagename": "Bainkattuvayal           ",
    "villagetname": "பைங்காட்டு வயல்                                                                                                              "
  },
  {
    "villagecode": "011",
    "villagename": "Balamuthi                ",
    "villagetname": "பாலமுத்தி                                                                                                                    "
  },
  {
    "villagecode": "063",
    "villagename": "Balayee Akraharam        ",
    "villagetname": "பாலாயி அக்ரஹாரம்                                                                                                             "
  },
  {
    "villagecode": "032",
    "villagename": "Balojiragurama Samuthiram",
    "villagetname": "பாலோஜிரகுநாதசமுத்திரம்                                                                                                       "
  },
  {
    "villagecode": "033",
    "villagename": "Bavajikkottai            ",
    "villagetname": "பாவாஜிக்கோட்டை                                                                                                               "
  },
  {
    "villagecode": "150",
    "villagename": "Chathiram Thokkalikadu   ",
    "villagetname": "சத்திரம் தொக்காலிகாடு                                                                                                        "
  },
  {
    "villagecode": "146",
    "villagename": "Chinna Avudaiyar Koil    ",
    "villagetname": "சின்னஆவுடையார்கோயில்                                                                                                         "
  },
  {
    "villagecode": "124",
    "villagename": "Chokkanathapuram         ",
    "villagetname": "சொக்கநாதபுரம்                                                                                                                "
  },
  {
    "villagecode": "041",
    "villagename": "Chokkanavur              ",
    "villagetname": "சொக்கானாவுர்                                                                                                                 "
  },
  {
    "villagecode": "058",
    "villagename": "Elankadu                 ",
    "villagetname": "இளங்காடு                                                                                                                     "
  },
  {
    "villagecode": "110",
    "villagename": "Eluthanivayal            ",
    "villagetname": "எழுத்தாணிவயல்                                                                                                                "
  },
  {
    "villagecode": "010",
    "villagename": "Enathi                   ",
    "villagetname": "ஏனாதி                                                                                                                        "
  },
  {
    "villagecode": "109",
    "villagename": "Ennanivayal              ",
    "villagetname": "எண்ணாணிவயல்                                                                                                                  "
  },
  {
    "villagecode": "149",
    "villagename": "Eripurakkarai            ",
    "villagetname": "ஏரிப்புறக்கரை                                                                                                                "
  },
  {
    "villagecode": "139",
    "villagename": "Ettivayal                ",
    "villagetname": "எட்டிவயல்                                                                                                                    "
  },
  {
    "villagecode": "016",
    "villagename": "Ettupulikkadu            ",
    "villagetname": "எட்டுபுளிக்காடு                                                                                                              "
  },
  {
    "villagecode": "038",
    "villagename": "Gopalasamuthiram         ",
    "villagetname": "கோபாலசமுத்திரம்                                                                                                              "
  },
  {
    "villagecode": "060",
    "villagename": "Kaarappankadu            ",
    "villagetname": "காரப்பங்காடு                                                                                                                 "
  },
  {
    "villagecode": "043",
    "villagename": "Kadanthankudi            ",
    "villagetname": "காடாந்தாங்குடி                                                                                                               "
  },
  {
    "villagecode": "960",
    "villagename": "Kalathur East            ",
    "villagetname": "களத்தூர் கிழக்கு                                                                                                             "
  },
  {
    "villagecode": "961",
    "villagename": "Kalathur West            ",
    "villagetname": "களத்தூர் மேற்கு                                                                                                              "
  },
  {
    "villagecode": "031",
    "villagename": "Kalichankottai           ",
    "villagetname": "கழிச்சான்கோட்டை                                                                                                              "
  },
  {
    "villagecode": "136",
    "villagename": "Kallivayal               ",
    "villagetname": "கல்லிவயல்                                                                                                                    "
  },
  {
    "villagecode": "064",
    "villagename": "Kalyana Odai             ",
    "villagetname": "கல்யாணஓடை                                                                                                                    "
  },
  {
    "villagecode": "040",
    "villagename": "Kanniyakurichi           ",
    "villagetname": "கன்னியாக்குறிச்சி                                                                                                            "
  },
  {
    "villagecode": "015",
    "villagename": "Karambiam                ",
    "villagetname": "கரம்பியம்                                                                                                                    "
  },
  {
    "villagecode": "130",
    "villagename": "Karisaivayal             ",
    "villagetname": "கரிசைவயல்                                                                                                                    "
  },
  {
    "villagecode": "119",
    "villagename": "Karkavayal               ",
    "villagetname": "கார்காவயல்                                                                                                                   "
  },
  {
    "villagecode": "026",
    "villagename": "Karuppur                 ",
    "villagetname": "கருப்பூர்                                                                                                                    "
  },
  {
    "villagecode": "052",
    "villagename": "Kasankadu                ",
    "villagetname": "காசாங்காடு                                                                                                                   "
  },
  {
    "villagecode": "115",
    "villagename": "Kattayankadu             ",
    "villagetname": "கட்டயங்காடு                                                                                                                  "
  },
  {
    "villagecode": "116",
    "villagename": "Kattayankadu Ukkadai     ",
    "villagetname": "கட்டயங்காடு உக்கடை                                                                                                           "
  },
  {
    "villagecode": "084",
    "villagename": "Kayavur                  ",
    "villagetname": "காயாவூர்                                                                                                                     "
  },
  {
    "villagecode": "105",
    "villagename": "Kazhukapulikkadu         ",
    "villagetname": "கமுகபுளிக்காடு                                                                                                               "
  },
  {
    "villagecode": "290",
    "villagename": "Keelakurichi East        ",
    "villagetname": "கீழகுறிச்சி கிழக்கு                                                                                                          "
  },
  {
    "villagecode": "029",
    "villagename": "Keelakurichi West        ",
    "villagetname": "கீழக்குறிச்சி மேற்கு                                                                                                         "
  },
  {
    "villagecode": "144",
    "villagename": "Kollukkadu               ",
    "villagetname": "கொள்ளுக்காடு                                                                                                                 "
  },
  {
    "villagecode": "081",
    "villagename": "Kondikulam               ",
    "villagetname": "கொண்டிகுளம்                                                                                                                  "
  },
  {
    "villagecode": "094",
    "villagename": "Krishnapuram             ",
    "villagetname": "கிருஷ்ணபுரம்                                                                                                                 "
  },
  {
    "villagecode": "159",
    "villagename": "Krishnapuram             ",
    "villagetname": "கிருஷ்ணாபுரம்                                                                                                                "
  },
  {
    "villagecode": "101",
    "villagename": "Kurichi                  ",
    "villagetname": "குறிச்சி                                                                                                                     "
  },
  {
    "villagecode": "118",
    "villagename": "Kuthadivayal             ",
    "villagetname": "கூத்தாடிவயல்                                                                                                                 "
  },
  {
    "villagecode": "098",
    "villagename": "Madathikkadu             ",
    "villagetname": "மடத்திக்காடு                                                                                                                 "
  },
  {
    "villagecode": "361",
    "villagename": "Madukkur North           ",
    "villagetname": "மதுக்கூர் வடக்கு                                                                                                             "
  },
  {
    "villagecode": "362",
    "villagename": "Madukkur South           ",
    "villagetname": "மதுக்கூர் தெற்கு                                                                                                             "
  },
  {
    "villagecode": "024",
    "villagename": "Mahadevapuram            ",
    "villagetname": "மகாதேவபுரம்                                                                                                                  "
  },
  {
    "villagecode": "148",
    "villagename": "Mahizhankottai           ",
    "villagetname": "மகிழங்கோட்டை                                                                                                                 "
  },
  {
    "villagecode": "102",
    "villagename": "Manavayal                ",
    "villagetname": "மணவயல்                                                                                                                       "
  },
  {
    "villagecode": "067",
    "villagename": "Mannankadu               ",
    "villagetname": "மன்னங்காடு                                                                                                                   "
  },
  {
    "villagecode": "138",
    "villagename": "Maravanvayal             ",
    "villagetname": "மறவன்வயல்                                                                                                                    "
  },
  {
    "villagecode": "145",
    "villagename": "Maruthangavayal          ",
    "villagetname": "மருதங்காவயல்                                                                                                                 "
  },
  {
    "villagecode": "111",
    "villagename": "Mathanpattavur           ",
    "villagetname": "மதன்பட்டவூர்                                                                                                                 "
  },
  {
    "villagecode": "044",
    "villagename": "Maturabashanipuram       ",
    "villagetname": "மதுரபாஷிணிபுரம்                                                                                                              "
  },
  {
    "villagecode": "035",
    "villagename": "Mohur                    ",
    "villagetname": "மோகூர்                                                                                                                       "
  },
  {
    "villagecode": "046",
    "villagename": "Moothakuruchi            ",
    "villagetname": "மூத்தாக்குறிச்சி                                                                                                             "
  },
  {
    "villagecode": "023",
    "villagename": "Musiri                   ",
    "villagetname": "முசிறி                                                                                                                       "
  },
  {
    "villagecode": "121",
    "villagename": "Muthalseri               ",
    "villagetname": "முதல்சேரி                                                                                                                    "
  },
  {
    "villagecode": "080",
    "villagename": "Naduvikkottai            ",
    "villagetname": "நடுவிக்கோட்டை                                                                                                                "
  },
  {
    "villagecode": "114",
    "villagename": "Naduvikurichi            ",
    "villagetname": "நடுவிக்குறிச்சி                                                                                                              "
  },
  {
    "villagecode": "120",
    "villagename": "Nainankulam              ",
    "villagetname": "நைனாங்குளம்                                                                                                                  "
  },
  {
    "villagecode": "007",
    "villagename": "Nambivayal               ",
    "villagetname": "நம்பிவயல்                                                                                                                    "
  },
  {
    "villagecode": "154",
    "villagename": "Narasingapuram           ",
    "villagetname": "நரசிங்கபுரம்                                                                                                                 "
  },
  {
    "villagecode": "051",
    "villagename": "Nattusaalai              ",
    "villagetname": "நாட்டுச்சாலை                                                                                                                 "
  },
  {
    "villagecode": "086",
    "villagename": "Neiva Viduthi            ",
    "villagetname": "நெய்வவடுதி                                                                                                                   "
  },
  {
    "villagecode": "028",
    "villagename": "Nemeli                   ",
    "villagetname": "நெம்மேலி                                                                                                                     "
  },
  {
    "villagecode": "034",
    "villagename": "Olaiyakkunnam            ",
    "villagetname": "ஓலையக்குண்ணம்                                                                                                                "
  },
  {
    "villagecode": "112",
    "villagename": "Ottankadu                ",
    "villagetname": "ஓட்டங்காடு                                                                                                                   "
  },
  {
    "villagecode": "113",
    "villagename": "Ottankadu Ukkadai        ",
    "villagetname": "ஓட்டங்காடு உக்கடை                                                                                                            "
  },
  {
    "villagecode": "108",
    "villagename": "Paalathali               ",
    "villagetname": "பாலத்தளி                                                                                                                     "
  },
  {
    "villagecode": "126",
    "villagename": "Pallathur                ",
    "villagetname": "பள்ளத்தூர்                                                                                                                   "
  },
  {
    "villagecode": "122",
    "villagename": "Pallikondan              ",
    "villagetname": "பள்ளிகொண்டான்                                                                                                                "
  },
  {
    "villagecode": "134",
    "villagename": "Palliyodaivayal          ",
    "villagetname": "பள்ளியோடைவயல்                                                                                                                "
  },
  {
    "villagecode": "107",
    "villagename": "Pannavayal               ",
    "villagetname": "பண்ணவயல்                                                                                                                     "
  },
  {
    "villagecode": "073",
    "villagename": "Pappaveli Palayakottai   ",
    "villagetname": "பாப்பாவெளிபாளையக்கோட்டை                                                                                                      "
  },
  {
    "villagecode": "158",
    "villagename": "Parakkalakottai          ",
    "villagetname": "பரக்கலக்கோட்டை                                                                                                               "
  },
  {
    "villagecode": "059",
    "villagename": "Parasuramanenthal        ",
    "villagetname": "பரசுராமனேந்தல்                                                                                                               "
  },
  {
    "villagecode": "155",
    "villagename": "Pazhanjur                ",
    "villagetname": "பழஞ்சூர்                                                                                                                     "
  },
  {
    "villagecode": "065",
    "villagename": "Pazhaverikkadu           ",
    "villagetname": "பழவேரிக்காடு                                                                                                                 "
  },
  {
    "villagecode": "039",
    "villagename": "Periyakkottai            ",
    "villagetname": "பெரியக்கோட்டை                                                                                                                "
  },
  {
    "villagecode": "103",
    "villagename": "Pillankuzhi              ",
    "villagetname": "பில்லங்குழி                                                                                                                  "
  },
  {
    "villagecode": "057",
    "villagename": "Ponnankundu              ",
    "villagetname": "பொன்னங்குண்டு                                                                                                                "
  },
  {
    "villagecode": "070",
    "villagename": "Ponnavarayankottai       ",
    "villagetname": "பொன்னவராயன்கோட்டை                                                                                                            "
  },
  {
    "villagecode": "071",
    "villagename": "Ponnavar.Kottai  Ukkadai ",
    "villagetname": "பொன்னவராயன் கோ.உக்க                                                                                                          "
  },
  {
    "villagecode": "117",
    "villagename": "Poovaanam                ",
    "villagetname": "புவானம்                                                                                                                      "
  },
  {
    "villagecode": "087",
    "villagename": "Poovalur                 ",
    "villagetname": "புவாளுர்                                                                                                                     "
  },
  {
    "villagecode": "152",
    "villagename": "Pudukkottai Ullur        ",
    "villagetname": "புதுக்கோடடை  உள்ளுர்                                                                                                         "
  },
  {
    "villagecode": "164",
    "villagename": "Pudukkottakam            ",
    "villagetname": "புதுக்கோட்டகம்                                                                                                               "
  },
  {
    "villagecode": "142",
    "villagename": "Pudupattinam             ",
    "villagetname": "புதுப்பட்டிணம்                                                                                                               "
  },
  {
    "villagecode": "125",
    "villagename": "Pukkarambai              ",
    "villagetname": "புக்கரம்பை                                                                                                                   "
  },
  {
    "villagecode": "025",
    "villagename": "Pulavanchi               ",
    "villagetname": "புலவஞ்சி                                                                                                                     "
  },
  {
    "villagecode": "042",
    "villagename": "Puliyakkudi              ",
    "villagetname": "புளியக்குடி                                                                                                                  "
  },
  {
    "villagecode": "991",
    "villagename": "Punavasal East           ",
    "villagetname": "புனவாசல் கிழக்கு                                                                                                             "
  },
  {
    "villagecode": "992",
    "villagename": "Punavasal West           ",
    "villagetname": "புனவாசல் மேற்கு                                                                                                              "
  },
  {
    "villagecode": "132",
    "villagename": "Puthirivayal             ",
    "villagetname": "புதிரிவயல்                                                                                                                   "
  },
  {
    "villagecode": "147",
    "villagename": "Rajamadam                ",
    "villagetname": "ராஜாமடம்                                                                                                                     "
  },
  {
    "villagecode": "037",
    "villagename": "Ramambalpuram            ",
    "villagetname": "ராமாம்பாள்புரம்                                                                                                              "
  },
  {
    "villagecode": "053",
    "villagename": "Reghunathapuram          ",
    "villagetname": "ரெகுநாதபுரம்                                                                                                                 "
  },
  {
    "villagecode": "062",
    "villagename": "Reguramasamutiram        ",
    "villagetname": "ரெகுராமசமுத்திரம்                                                                                                            "
  },
  {
    "villagecode": "131",
    "villagename": "Rendampulikkadu          ",
    "villagetname": "ரெண்டாம்புளிக்காடு                                                                                                           "
  },
  {
    "villagecode": "079",
    "villagename": "Santhankadu              ",
    "villagetname": "சாந்தங்காடு                                                                                                                  "
  },
  {
    "villagecode": "135",
    "villagename": "Sarabendirarajan Pattinam",
    "villagetname": "சரபேந்திரராஜன்பட்டிணம்                                                                                                       "
  },
  {
    "villagecode": "020",
    "villagename": "Sembalur                 ",
    "villagetname": "செம்பாளுர்                                                                                                                   "
  },
  {
    "villagecode": "123",
    "villagename": "Sentaakkottai            ",
    "villagetname": "சேண்டாக்கோட்டை                                                                                                               "
  },
  {
    "villagecode": "171",
    "villagename": "Sentankkadu Bit 1        ",
    "villagetname": "செண்டங்காடு பிட்- 1                                                                                                          "
  },
  {
    "villagecode": "172",
    "villagename": "Sentankkadu Bit 2        ",
    "villagetname": "செண்டங்காடு பிட்- 2                                                                                                          "
  },
  {
    "villagecode": "093",
    "villagename": "Seruvaviduthi North      ",
    "villagetname": "செருவாவிடுதி வடக்கு                                                                                                          "
  },
  {
    "villagecode": "095",
    "villagename": "Seruvaviduthi South      ",
    "villagetname": "செருவாவிடுதி தெற்கு                                                                                                          "
  },
  {
    "villagecode": "061",
    "villagename": "Siramelkudi              ",
    "villagetname": "சிரமேல்குடி                                                                                                                  "
  },
  {
    "villagecode": "085",
    "villagename": "Sowntharanayaki Puram    ",
    "villagetname": "சௌந்தரநாயகிபுரம்                                                                                                             "
  },
  {
    "villagecode": "156",
    "villagename": "Sowntiranayakipuram      ",
    "villagetname": "சௌந்திரநாயகிபுரம்                                                                                                            "
  },
  {
    "villagecode": "013",
    "villagename": "Sukkirampatti            ",
    "villagetname": "சுக்கிரம்பட்டி                                                                                                               "
  },
  {
    "villagecode": "162",
    "villagename": "Sundaram                 ",
    "villagetname": "சுந்தரம்                                                                                                                     "
  },
  {
    "villagecode": "018",
    "villagename": "Surapallam               ",
    "villagetname": "சுரப்பள்ளம்                                                                                                                  "
  },
  {
    "villagecode": "092",
    "villagename": "Suriyanarayanapuram      ",
    "villagetname": "சூரியநாராயணபுரம்                                                                                                             "
  },
  {
    "villagecode": "049",
    "villagename": "Thalikkottai             ",
    "villagetname": "தளிக்கோட்டை                                                                                                                  "
  },
  {
    "villagecode": "571",
    "villagename": "Thamarankottai North     ",
    "villagetname": "தாமரங்கோட்டை வடக்கு                                                                                                          "
  },
  {
    "villagecode": "572",
    "villagename": "Thamarankottai South     ",
    "villagetname": "தாமரங்கோட்டை தெற்கு                                                                                                          "
  },
  {
    "villagecode": "161",
    "villagename": "Thambikkottai Maravakkadu",
    "villagetname": "தம்பிக்கோட்டை மறவக்காடு                                                                                                      "
  },
  {
    "villagecode": "160",
    "villagename": "Thambikkottai Melakkadu  ",
    "villagetname": "தம்பிக்கோட்டை மேலக்காடு                                                                                                      "
  },
  {
    "villagecode": "163",
    "villagename": "Thambikkottai Vadakadu   ",
    "villagetname": "தம்பிக்கோட்டை வடகாடு                                                                                                         "
  },
  {
    "villagecode": "133",
    "villagename": "Thandamaraikkadu         ",
    "villagetname": "தண்டாமரைக்காடு                                                                                                               "
  },
  {
    "villagecode": "971",
    "villagename": "Thiruchitrambalam East   ",
    "villagetname": "திருச்சிற்றம்பலம் கிழக்கு                                                                                                    "
  },
  {
    "villagecode": "972",
    "villagename": "Thiruchitrambalam West   ",
    "villagetname": "திருச்சிற்றம்பலம் மேற்கு                                                                                                     "
  },
  {
    "villagecode": "019",
    "villagename": "Thittakkudi              ",
    "villagetname": "திட்டக்குடி                                                                                                                  "
  },
  {
    "villagecode": "151",
    "villagename": "Thokkalikadu             ",
    "villagetname": "தொக்காலிகாடு                                                                                                                 "
  },
  {
    "villagecode": "099",
    "villagename": "Thuravikkadu             ",
    "villagetname": "துறவிக்காடு                                                                                                                  "
  },
  {
    "villagecode": "681",
    "villagename": "Thurvarankurichi North   ",
    "villagetname": "துவரங்குறிச்சி வடக்கு                                                                                                        "
  },
  {
    "villagecode": "682",
    "villagename": "Thurvarankurichi South   ",
    "villagetname": "துவரங்குறிச்சி தெற்கு                                                                                                        "
  },
  {
    "villagecode": "104",
    "villagename": "Thuvaramadai             ",
    "villagetname": "துவரமடை                                                                                                                      "
  },
  {
    "villagecode": "140",
    "villagename": "Uthayamudaiyan           ",
    "villagetname": "உதயமுடையான்                                                                                                                  "
  },
  {
    "villagecode": "056",
    "villagename": "Vadiyakkadu              ",
    "villagetname": "வாடியக்காடு                                                                                                                  "
  },
  {
    "villagecode": "021",
    "villagename": "Vadukan Kuthakai         ",
    "villagetname": "வடுகன் குத்தகை                                                                                                               "
  },
  {
    "villagecode": "088",
    "villagename": "Valuthalai Vattam        ",
    "villagetname": "வழுதலை வட்டம்                                                                                                                "
  },
  {
    "villagecode": "066",
    "villagename": "Vattakkudi               ",
    "villagetname": "வாட்டாக்குடி                                                                                                                 "
  },
  {
    "villagecode": "054",
    "villagename": "Vattakkudi Ukkadai       ",
    "villagetname": "வாட்டாக்குடி உக்கடை                                                                                                          "
  },
  {
    "villagecode": "014",
    "villagename": "Veerakurichi             ",
    "villagetname": "வீரக்குறிச்சி                                                                                                                "
  },
  {
    "villagecode": "143",
    "villagename": "Velivayal                ",
    "villagetname": "வெளிவயல்                                                                                                                     "
  },
  {
    "villagecode": "072",
    "villagename": "Vendakkottai             ",
    "villagetname": "வெண்டாக்கோட்டை                                                                                                               "
  },
  {
    "villagecode": "008",
    "villagename": "Veppankadu               ",
    "villagetname": "வேப்பங்காடு                                                                                                                  "
  },
  {
    "villagecode": "009",
    "villagename": "Veppankadu Ukkadai       ",
    "villagetname": "வேப்பங்காடு உக்கடை                                                                                                           "
  },
  {
    "villagecode": "047",
    "villagename": "Veppankulam              ",
    "villagetname": "வேப்பங்குளம்                                                                                                                 "
  },
  {
    "villagecode": "045",
    "villagename": "Vikramam                 ",
    "villagetname": "விக்ரமம்                                                                                                                     "
  },
  {
    "villagecode": "129",
    "villagename": "Yeralivayal              ",
    "villagetname": "ஏரளிவயல்                                                                                                                     "
  }
]
