[
  {
    "villagecode": "038",
    "villagename": "Aalangudi",
    "villagetname": "ஆலங்குடி"
  },
  {
    "villagecode": "017",
    "villagename": "Aathichamangalam",
    "villagetname": "ஆதிச்சமங்கலம்"
  },
  {
    "villagecode": "062",
    "villagename": "Aavichavadi 4-1",
    "villagetname": "ஆவிச்சாவடி 4-1"
  },
  {
    "villagecode": "021",
    "villagename": "Aavur",
    "villagetname": "ஆவூர்"
  },
  {
    "villagecode": "068",
    "villagename": "Amaravathi 34-1          ",
    "villagetname": "அமராவதி 34-1"
  },
  {
    "villagecode": "001",
    "villagename": "Annukkudi                ",
    "villagetname": "அன்னுக்குடி"
  },
  {
    "villagecode": "059",
    "villagename": "Aravathur",
    "villagetname": "அரவத்தூர்"
  },
  {
    "villagecode": "060",
    "villagename": "Aravur",
    "villagetname": "அரவூர்"
  },
  {
    "villagecode": "048",
    "villagename": "Arithuvaramangalam",
    "villagetname": "அரித்துவாரமங்கலம்"
  },
  {
    "villagecode": "046",
    "villagename": "Avalivanallur            ",
    "villagetname": "அவளிவநல்லூர்"
  },
  {
    "villagecode": "008",
    "villagename": "Chandrasekarapuram",
    "villagetname": "சந்திரசேகரபுரம்"
  },
  {
    "villagecode": "013",
    "villagename": "Chithanvaalur",
    "villagetname": "சித்தன்வாழூர்"
  },
  {
    "villagecode": "067",
    "villagename": "Eri 23-1                 ",
    "villagetname": "ஏரி 23-1"
  },
  {
    "villagecode": "070",
    "villagename": "Erumaipadugai 52-1",
    "villagetname": "எருமைப்படுகை 52-1"
  },
  {
    "villagecode": "007",
    "villagename": "Govindakudi",
    "villagetname": "கோவிந்தகுடி"
  },
  {
    "villagecode": "064",
    "villagename": "Inaam Kiliyur 6-2        ",
    "villagetname": "இனாம்கிளியூர் 6-2"
  },
  {
    "villagecode": "029",
    "villagename": "Kalattur",
    "villagetname": "களத்துர்"
  },
  {
    "villagecode": "012",
    "villagename": "Kandiyur                 ",
    "villagetname": "கண்டியூர்"
  },
  {
    "villagecode": "011",
    "villagename": "Kelavidayal",
    "villagetname": "கீழவிடையல்"
  },
  {
    "villagecode": "049",
    "villagename": "Kethanur",
    "villagetname": "கேத்தனூர்"
  },
  {
    "villagecode": "045",
    "villagename": "Kiliyur                  ",
    "villagetname": "கிளியூர்"
  },
  {
    "villagecode": "063",
    "villagename": "Kiliyur 6-1              ",
    "villagetname": "கிளியூர் 6-1"
  },
  {
    "villagecode": "061",
    "villagename": "Kottaiyur                ",
    "villagetname": "கொட்டையூர்"
  },
  {
    "villagecode": "026",
    "villagename": "Maaligaithidal",
    "villagetname": "மாளிகைத்திடல்"
  },
  {
    "villagecode": "035",
    "villagename": "Maathur",
    "villagetname": "மாத்தூர்"
  },
  {
    "villagecode": "043",
    "villagename": "Manakkaal",
    "villagetname": "மணக்கால்"
  },
  {
    "villagecode": "024",
    "villagename": "Manalur",
    "villagetname": "மணலூர்"
  },
  {
    "villagecode": "057",
    "villagename": "Manikkamangalam",
    "villagetname": "மாணிக்கமங்கலம்"
  },
  {
    "villagecode": "041",
    "villagename": "Maruvathur",
    "villagetname": "மருவத்தூர்"
  },
  {
    "villagecode": "025",
    "villagename": "Mathakaram",
    "villagetname": "மதகரம்"
  },
  {
    "villagecode": "010",
    "villagename": "Melavidayal",
    "villagetname": "மேலவிடையல்"
  },
  {
    "villagecode": "004",
    "villagename": "Mulaalvanjeri",
    "villagetname": "மூலாழ்வாஞ்சேரி"
  },
  {
    "villagecode": "044",
    "villagename": "Muniyur",
    "villagetname": "முனியூர்"
  },
  {
    "villagecode": "020",
    "villagename": "Nallambur",
    "villagetname": "நல்லம்பூர்"
  },
  {
    "villagecode": "005",
    "villagename": "Nallur                   ",
    "villagetname": "நல்லூர்"
  },
  {
    "villagecode": "053",
    "villagename": "Narthangudi",
    "villagetname": "நார்த்தாங்குடி"
  },
  {
    "villagecode": "050",
    "villagename": "Nemmelikkudi Padugai",
    "villagetname": "நெம்மேலிக்குடிபடுகை"
  },
  {
    "villagecode": "051",
    "villagename": "Nemmellikkudi",
    "villagetname": "நெம்மேலிக்குடி"
  },
  {
    "villagecode": "033",
    "villagename": "Paadakachcheri",
    "villagetname": "பாடகச்சேரி"
  },
  {
    "villagecode": "058",
    "villagename": "Paappakkudi",
    "villagetname": "பாப்பாக்குடி"
  },
  {
    "villagecode": "071",
    "villagename": "Payathancheri 60-1       ",
    "villagetname": "பயத்தஞ்சேரி 60-1"
  },
  {
    "villagecode": "040",
    "villagename": "Perungudi                ",
    "villagetname": "பெருங்குடி"
  },
  {
    "villagecode": "055",
    "villagename": "Ponnairuppu",
    "villagetname": "பூனாயிருப்பு"
  },
  {
    "villagecode": "039",
    "villagename": "Poonthottam",
    "villagetname": "பூந்தோட்டம்"
  },
  {
    "villagecode": "054",
    "villagename": "Pulavanatham",
    "villagetname": "புலவநத்தம்"
  },
  {
    "villagecode": "032",
    "villagename": "Puliyakkudi",
    "villagetname": "புளியக்குடி"
  },
  {
    "villagecode": "056",
    "villagename": "Ragunathapuram 56",
    "villagetname": "ரெகுனாதபுரம் 56"
  },
  {
    "villagecode": "037",
    "villagename": "Rajenthiranallur",
    "villagetname": "ராஜேந்திரநல்லூர்"
  },
  {
    "villagecode": "018",
    "villagename": "Regunathapuram 18",
    "villagetname": "ரெகுனாதபுரம் 18"
  },
  {
    "villagecode": "047",
    "villagename": "Regunathapuram 47",
    "villagetname": "ரெகுனாதபுரம் 47"
  },
  {
    "villagecode": "006",
    "villagename": "Renganathapuram          ",
    "villagetname": "ரெங்கனாதபுரம்"
  },
  {
    "villagecode": "036",
    "villagename": "Saaranatham",
    "villagetname": "சாரநத்தம்"
  },
  {
    "villagecode": "069",
    "villagename": "Sadayangaal 43-1         ",
    "villagetname": "சடையங்கால் 43-1"
  },
  {
    "villagecode": "003",
    "villagename": "Salabogam                ",
    "villagetname": "சாலபோகம்"
  },
  {
    "villagecode": "014",
    "villagename": "Semmangudi               ",
    "villagetname": "செம்மங்குடி"
  },
  {
    "villagecode": "066",
    "villagename": "Singarampalayam 7-2",
    "villagetname": "சிங்காரம்பாளையம் 7-2"
  },
  {
    "villagecode": "052",
    "villagename": "Thenkuvalaveli",
    "villagetname": "தென்குவளவேலி"
  },
  {
    "villagecode": "031",
    "villagename": "Therkuppattam",
    "villagetname": "தெற்குப்பட்டம்"
  },
  {
    "villagecode": "034",
    "villagename": "Thiruvonamangalam",
    "villagetname": "திருவோணமங்கலம்"
  },
  {
    "villagecode": "015",
    "villagename": "Tholuvur",
    "villagetname": "தொழுவூர்"
  },
  {
    "villagecode": "002",
    "villagename": "Uthamathanapuram",
    "villagetname": "உத்தமதானபுரம்"
  },
  {
    "villagecode": "022",
    "villagename": "Uthukkadu",
    "villagetname": "ஊத்துக்காடு"
  },
  {
    "villagecode": "030",
    "villagename": "Vadakkuppattam           ",
    "villagetname": "வடக்குப்பட்டம்"
  },
  {
    "villagecode": "009",
    "villagename": "Valangaiman",
    "villagetname": "வலங்கைமான்"
  },
  {
    "villagecode": "065",
    "villagename": "Vaniyankarambai 7-1",
    "villagetname": "வாணியங்கரம்பை 7-1"
  },
  {
    "villagecode": "027",
    "villagename": "Velangudi                ",
    "villagetname": "வேலங்குடி"
  },
  {
    "villagecode": "023",
    "villagename": "Velur",
    "villagetname": "வேலூர்"
  },
  {
    "villagecode": "028",
    "villagename": "Veramangalam",
    "villagetname": "வீரமங்கலம்"
  },
  {
    "villagecode": "019",
    "villagename": "Veranam",
    "villagetname": "வீராணம்"
  },
  {
    "villagecode": "042",
    "villagename": "Vilathur",
    "villagetname": "விளத்தூர்"
  },
  {
    "villagecode": "016",
    "villagename": "Virupatchipuram",
    "villagetname": "விருப்பாச்சிபுரம்"
  }
]
