[
  {
    "villagecode": "002",
    "villagename": "Chettimedu               ",
    "villagetname": "செட்டிமேடு                                                                                                                   "
  },
  {
    "villagecode": "009",
    "villagename": "Kadirvedu                ",
    "villagetname": "கதிர்வேடு                                                                                                                    "
  },
  {
    "villagecode": "001",
    "villagename": "Kosapur                  ",
    "villagetname": "கொசப்புர்                                                                                                                    "
  },
  {
    "villagecode": "006",
    "villagename": "Madhavaram               ",
    "villagetname": "மாதவரம்                                                                                                                      "
  },
  {
    "villagecode": "004",
    "villagename": "Manjambakkam             ",
    "villagetname": "மஞ்சம்பாக்கம்                                                                                                                "
  },
  {
    "villagecode": "005",
    "villagename": "Mathur                   ",
    "villagetname": "மாத்தூர்                                                                                                                     "
  },
  {
    "villagecode": "011",
    "villagename": "Puthagaram               ",
    "villagetname": "புத்தகரம்                                                                                                                    "
  },
  {
    "villagecode": "008",
    "villagename": "Puzhal                   ",
    "villagetname": "புழல்                                                                                                                        "
  },
  {
    "villagecode": "010",
    "villagename": "Soorapattu               ",
    "villagetname": "சூரப்பட்டு                                                                                                                   "
  },
  {
    "villagecode": "003",
    "villagename": "Vadaperumbakkam          ",
    "villagetname": "வடபெரும்பாக்கம்                                                                                                              "
  },
  {
    "villagecode": "007",
    "villagename": "Vilakkupattu             ",
    "villagetname": "விளக்குப்பட்டு                                                                                                               "
  }
]
