[
  {
    "villagecode": "035",
    "villagename": "Alavankulam              ",
    "villagetname": "அளவன்குளம்                                                                                                                   "
  },
  {
    "villagecode": "004",
    "villagename": "A.Nedunkulam             ",
    "villagetname": "ஏ.நெடுங்குளம்                                                                                                                "
  },
  {
    "villagecode": "019",
    "villagename": "Appanur                  ",
    "villagetname": "ஆப்பனூர்                                                                                                                     "
  },
  {
    "villagecode": "016",
    "villagename": "A.Usilankulam            ",
    "villagetname": "ஏ.உசிலங்குளம்                                                                                                                "
  },
  {
    "villagecode": "003",
    "villagename": "Avathandai               ",
    "villagetname": "அவத்தாண்டை                                                                                                                   "
  },
  {
    "villagecode": "014",
    "villagename": "Iruveli                  ",
    "villagetname": "இருவேலி                                                                                                                      "
  },
  {
    "villagecode": "025",
    "villagename": "Kadaladi                 ",
    "villagetname": "கடலாடி                                                                                                                       "
  },
  {
    "villagecode": "026",
    "villagename": "Kadugusandai             ",
    "villagetname": "கடுகுசந்தை                                                                                                                   "
  },
  {
    "villagecode": "009",
    "villagename": "Kannirajapuram           ",
    "villagetname": "கன்னிராஜபுரம்                                                                                                                "
  },
  {
    "villagecode": "036",
    "villagename": "Keelakidaram             ",
    "villagetname": "கீழக்கிடாரம்                                                                                                                 "
  },
  {
    "villagecode": "031",
    "villagename": "Keelaselvanur            ",
    "villagetname": "கீழசெல்வனூர்                                                                                                                 "
  },
  {
    "villagecode": "040",
    "villagename": "Keerandai                ",
    "villagetname": "கீரந்தை                                                                                                                      "
  },
  {
    "villagecode": "006",
    "villagename": "Kokkarasankottai         ",
    "villagetname": "கொக்கரசன்கோட்டை                                                                                                              "
  },
  {
    "villagecode": "007",
    "villagename": "Kondunallanpatti         ",
    "villagetname": "கொண்டுநல்லான்பட்டி                                                                                                           "
  },
  {
    "villagecode": "032",
    "villagename": "Kurichikulam             ",
    "villagetname": "குறிச்சிகுளம்                                                                                                                "
  },
  {
    "villagecode": "011",
    "villagename": "Kuthiraimozhi            ",
    "villagetname": "குதிரைமொழி                                                                                                                   "
  },
  {
    "villagecode": "018",
    "villagename": "K.Veppankulam            ",
    "villagetname": "கே.வேப்பங்குளம்                                                                                                              "
  },
  {
    "villagecode": "022",
    "villagename": "Marandai                 ",
    "villagetname": "மாரந்தை                                                                                                                      "
  },
  {
    "villagecode": "028",
    "villagename": "Mariyur                  ",
    "villagetname": "மாரியுர்                                                                                                                     "
  },
  {
    "villagecode": "024",
    "villagename": "Meenangudi               ",
    "villagetname": "மீனங்குடி                                                                                                                    "
  },
  {
    "villagecode": "029",
    "villagename": "Melakidaram              ",
    "villagetname": "மேலக்கிடாரம்                                                                                                                 "
  },
  {
    "villagecode": "030",
    "villagename": "Melaselvanur             ",
    "villagetname": "மேலசெல்வனூர்                                                                                                                 "
  },
  {
    "villagecode": "017",
    "villagename": "M.Karisalkulam           ",
    "villagetname": "எம்.கரிசல்குளம்                                                                                                              "
  },
  {
    "villagecode": "012",
    "villagename": "Mookkaiyur               ",
    "villagetname": "முக்கையுர்                                                                                                                   "
  },
  {
    "villagecode": "010",
    "villagename": "Narippaiyur              ",
    "villagetname": "நரிப்பையுர்                                                                                                                  "
  },
  {
    "villagecode": "023",
    "villagename": "Orivayal                 ",
    "villagetname": "ஓரிவயல்                                                                                                                      "
  },
  {
    "villagecode": "020",
    "villagename": "Oruvanendal              ",
    "villagetname": "ஒருவானேந்தல்                                                                                                                 "
  },
  {
    "villagecode": "042",
    "villagename": "Panivasal                ",
    "villagetname": "பனிவாசல்                                                                                                                     "
  },
  {
    "villagecode": "041",
    "villagename": "Peilkulam                ",
    "villagetname": "பேய்க்குளம்                                                                                                                  "
  },
  {
    "villagecode": "027",
    "villagename": "Periyakulam              ",
    "villagetname": "பெரியகுளம்                                                                                                                   "
  },
  {
    "villagecode": "033",
    "villagename": "Pramanankulam            ",
    "villagetname": "பிராமணன்குளம்                                                                                                                "
  },
  {
    "villagecode": "021",
    "villagename": "Punavasal                ",
    "villagetname": "புனவாசல்                                                                                                                     "
  },
  {
    "villagecode": "013",
    "villagename": "Sayalkudi                ",
    "villagetname": "சாயல்குடி                                                                                                                    "
  },
  {
    "villagecode": "043",
    "villagename": "Sikkal                   ",
    "villagetname": "சிக்கல்                                                                                                                      "
  },
  {
    "villagecode": "034",
    "villagename": "Sippikulam               ",
    "villagetname": "சிப்பிகுளம்                                                                                                                  "
  },
  {
    "villagecode": "039",
    "villagename": "Siraikulam               ",
    "villagetname": "சிறைக்குளம்                                                                                                                  "
  },
  {
    "villagecode": "008",
    "villagename": "S.Tharaikudi             ",
    "villagetname": "எஸ்.தரைக்குடி                                                                                                                "
  },
  {
    "villagecode": "015",
    "villagename": "S.Vagaikulam             ",
    "villagetname": "எஸ்.வாகைக்குளம்                                                                                                              "
  },
  {
    "villagecode": "038",
    "villagename": "Thanichiyam              ",
    "villagetname": "தனிச்சியம்                                                                                                                   "
  },
  {
    "villagecode": "005",
    "villagename": "T.Karisalkulam           ",
    "villagetname": "டி.கரிசல்குளம்                                                                                                               "
  },
  {
    "villagecode": "001",
    "villagename": "T.M.Kottai               ",
    "villagetname": "டி.எம்.கோட்டை                                                                                                                "
  },
  {
    "villagecode": "002",
    "villagename": "T.Veppankulam            ",
    "villagetname": "டி.வேப்பங்குளம்                                                                                                              "
  },
  {
    "villagecode": "037",
    "villagename": "Valinokkam               ",
    "villagetname": "வாலிநோக்கம்                                                                                                                  "
  }
]
