[
  {
    "villagecode": "023",
    "villagename": "Alagapuri                ",
    "villagetname": "அழகாபுரி                                                                                                                     "
  },
  {
    "villagecode": "010",
    "villagename": "Allampatti               ",
    "villagetname": "அல்லம்பட்டி                                                                                                                  "
  },
  {
    "villagecode": "021",
    "villagename": "Amattur                  ",
    "villagetname": "ஆமத்தூர்                                                                                                                     "
  },
  {
    "villagecode": "053",
    "villagename": "Appanaickenpatti         ",
    "villagetname": "அப்பையநாயக்கன்பட்டி                                                                                                          "
  },
  {
    "villagecode": "051",
    "villagename": "A.Puthupatti             ",
    "villagetname": "ஏ புதுபட்டி                                                                                                                  "
  },
  {
    "villagecode": "045",
    "villagename": "Avadayapuram             ",
    "villagetname": "ஆவடையாபுரம்                                                                                                                  "
  },
  {
    "villagecode": "013",
    "villagename": "Chatrareddiapatti        ",
    "villagetname": "சத்திரரெட்டியாபட்டி                                                                                                          "
  },
  {
    "villagecode": "011",
    "villagename": "Chinnamupanpatti         ",
    "villagetname": "சின்னமூப்பன்பட்டி                                                                                                            "
  },
  {
    "villagecode": "031",
    "villagename": "Chinnavadi               ",
    "villagetname": "சின்னவாடி                                                                                                                    "
  },
  {
    "villagecode": "002",
    "villagename": "Ellinganaickanpatti      ",
    "villagetname": "எல்லிங்கநாயக்கன்பட்டி                                                                                                        "
  },
  {
    "villagecode": "039",
    "villagename": "Entapuli                 ",
    "villagetname": "எண்டப்புலி                                                                                                                   "
  },
  {
    "villagecode": "037",
    "villagename": "Kadambankulam            ",
    "villagetname": "கடம்பன்குளம்                                                                                                                 "
  },
  {
    "villagecode": "042",
    "villagename": "Kalangaperi              ",
    "villagetname": "கலங்காபேரி                                                                                                                   "
  },
  {
    "villagecode": "033",
    "villagename": "Kasireddiapatti          ",
    "villagetname": "காசிரெட்டியபட்டி                                                                                                             "
  },
  {
    "villagecode": "024",
    "villagename": "Kooraikundu              ",
    "villagetname": "கூரைக்குண்டு                                                                                                                 "
  },
  {
    "villagecode": "017",
    "villagename": "Kottaipatti              ",
    "villagetname": "கோட்டைபட்டி                                                                                                                  "
  },
  {
    "villagecode": "050",
    "villagename": "Kottaiyur                ",
    "villagetname": "கோட்டையூர்                                                                                                                   "
  },
  {
    "villagecode": "046",
    "villagename": "Kottanatham              ",
    "villagetname": "கோட்டைநத்தம்                                                                                                                 "
  },
  {
    "villagecode": "047",
    "villagename": "Kovilveerarpatti         ",
    "villagetname": "கோவில்வீரார்பட்டி                                                                                                            "
  },
  {
    "villagecode": "030",
    "villagename": "K.Pudur                  ",
    "villagetname": "கே புதூர்                                                                                                                    "
  },
  {
    "villagecode": "019",
    "villagename": "Kumaralingapuram         ",
    "villagetname": "குமாரலிங்கபுரம்                                                                                                              "
  },
  {
    "villagecode": "049",
    "villagename": "Mannarkottai             ",
    "villagetname": "மன்னார்கோட்டை                                                                                                                "
  },
  {
    "villagecode": "035",
    "villagename": "Maruluthur               ",
    "villagetname": "மருளுத்தூர்                                                                                                                  "
  },
  {
    "villagecode": "022",
    "villagename": "Meesalur                 ",
    "villagetname": "மீசலூர்                                                                                                                      "
  },
  {
    "villagecode": "036",
    "villagename": "Mettukundu               ",
    "villagetname": "மெட்டுகுண்டு                                                                                                                 "
  },
  {
    "villagecode": "004",
    "villagename": "Moolipatti               ",
    "villagetname": "மூளிப்பட்டி                                                                                                                  "
  },
  {
    "villagecode": "016",
    "villagename": "Muthurampatti            ",
    "villagetname": "முத்துராம்பட்டி                                                                                                              "
  },
  {
    "villagecode": "020",
    "villagename": "Nattarmangalam           ",
    "villagetname": "நாட்டார்மங்கலம்                                                                                                              "
  },
  {
    "villagecode": "027",
    "villagename": "Ondipulinaickanur        ",
    "villagetname": "ஒண்டிபுலிநாயக்கனூர்                                                                                                          "
  },
  {
    "villagecode": "028",
    "villagename": "Patchakulam              ",
    "villagetname": "பாச்சாகுளம்                                                                                                                  "
  },
  {
    "villagecode": "041",
    "villagename": "Pattampudur              ",
    "villagetname": "பட்டம்புதூர்                                                                                                                 "
  },
  {
    "villagecode": "006",
    "villagename": "Pavali                   ",
    "villagetname": "பாவாலி                                                                                                                       "
  },
  {
    "villagecode": "012",
    "villagename": "Pelampatti               ",
    "villagetname": "பேளம்பட்டி                                                                                                                   "
  },
  {
    "villagecode": "014",
    "villagename": "Periyaperalai            ",
    "villagetname": "பெரியபேராலி                                                                                                                  "
  },
  {
    "villagecode": "025",
    "villagename": "Puliyankulam             ",
    "villagetname": "புளியங்குளம்                                                                                                                 "
  },
  {
    "villagecode": "009",
    "villagename": "Pullalakottai            ",
    "villagetname": "புல்லலக்கோட்டை                                                                                                               "
  },
  {
    "villagecode": "015",
    "villagename": "Rosalpatti               ",
    "villagetname": "ரோசல்பட்டி                                                                                                                   "
  },
  {
    "villagecode": "005",
    "villagename": "Seeniyapuram             ",
    "villagetname": "சீனியாபுரம்                                                                                                                  "
  },
  {
    "villagecode": "003",
    "villagename": "Sengundrapuram           ",
    "villagetname": "செங்குன்றாபுரம்                                                                                                              "
  },
  {
    "villagecode": "001",
    "villagename": "Senkottai                ",
    "villagetname": "செங்கோட்டை                                                                                                                   "
  },
  {
    "villagecode": "038",
    "villagename": "Sennalkudi               ",
    "villagetname": "சென்னல்குடி                                                                                                                  "
  },
  {
    "villagecode": "040",
    "villagename": "Settipatti               ",
    "villagetname": "செட்டிபட்டி                                                                                                                  "
  },
  {
    "villagecode": "008",
    "villagename": "Sivagnapuram             ",
    "villagetname": "சிவஞானபுரம்                                                                                                                  "
  },
  {
    "villagecode": "032",
    "villagename": "Tambanaickenpatti        ",
    "villagetname": "தம்மநாயக்கன்பட்டி                                                                                                            "
  },
  {
    "villagecode": "026",
    "villagename": "Thathampatti             ",
    "villagetname": "தாதம்பட்டி                                                                                                                   "
  },
  {
    "villagecode": "044",
    "villagename": "Tulukapatti              ",
    "villagetname": "துலுக்கபட்டி                                                                                                                 "
  },
  {
    "villagecode": "007",
    "villagename": "Vadamalikurichi          ",
    "villagetname": "வடமலைக்குறிச்சி                                                                                                              "
  },
  {
    "villagecode": "034",
    "villagename": "Vaipootanpatti           ",
    "villagetname": "வாய்புட்டான்பட்டி                                                                                                            "
  },
  {
    "villagecode": "048",
    "villagename": "Valayapatti              ",
    "villagetname": "வலையபட்டி                                                                                                                    "
  },
  {
    "villagecode": "043",
    "villagename": "Vatchakarapatti          ",
    "villagetname": "வச்சக்காரபட்டி                                                                                                               "
  },
  {
    "villagecode": "018",
    "villagename": "Virudhunagar             ",
    "villagetname": "விருதுநகர்                                                                                                                   "
  },
  {
    "villagecode": "029",
    "villagename": "V.Muthulingapuram        ",
    "villagetname": "வி முத்துலிங்காபுரம்                                                                                                         "
  },
  {
    "villagecode": "052",
    "villagename": "V.Sundaralingapuram      ",
    "villagetname": "வி சுந்தரலிங்கபுரம்                                                                                                          "
  }
]
