[
  {
    "villagecode": "018",
    "villagename": "Bellathi.                ",
    "villagetname": "பெள்ளாதி                                                                                                                     "
  },
  {
    "villagecode": "016",
    "villagename": "Bellepalayam.            ",
    "villagetname": "பெள்ளேபாளையம்                                                                                                                "
  },
  {
    "villagecode": "013",
    "villagename": "Chinnakallipatty.        ",
    "villagetname": "சின்னக்கள்ளிப்பட்டி                                                                                                          "
  },
  {
    "villagecode": "015",
    "villagename": "Iluppanatham.            ",
    "villagetname": "இலுப்பநத்தம்                                                                                                                 "
  },
  {
    "villagecode": "012",
    "villagename": "Irumburai.               ",
    "villagetname": "இரும்பறை                                                                                                                     "
  },
  {
    "villagecode": "017",
    "villagename": "Jadayampalayam.          ",
    "villagetname": "ஜடையம்பாளையம்                                                                                                                "
  },
  {
    "villagecode": "007",
    "villagename": "Kalampalayam.            ",
    "villagetname": "காளம்பாளையம்                                                                                                                 "
  },
  {
    "villagecode": "009",
    "villagename": "Karamadai.               ",
    "villagetname": "காரமடை                                                                                                                       "
  },
  {
    "villagecode": "004",
    "villagename": "Kemmaarampalayam.        ",
    "villagetname": "கெம்மாரம்பாளையம்                                                                                                             "
  },
  {
    "villagecode": "008",
    "villagename": "Marudur.                 ",
    "villagetname": "மருதூர்                                                                                                                      "
  },
  {
    "villagecode": "014",
    "villagename": "Mooduthurai.             ",
    "villagetname": "மூடுதுறை                                                                                                                     "
  },
  {
    "villagecode": "001",
    "villagename": "Nellithurai.             ",
    "villagetname": "நெல்லித்துறை                                                                                                                 "
  },
  {
    "villagecode": "002",
    "villagename": "Odanthurai.              ",
    "villagetname": "ஓடந்துறை                                                                                                                     "
  },
  {
    "villagecode": "010",
    "villagename": "Sikkadasampalayam        ",
    "villagetname": "சிக்கதாசம்பாளையம்                                                                                                            "
  },
  {
    "villagecode": "019",
    "villagename": "Sikkarampalayam.         ",
    "villagetname": "சிக்காரம்பாளையம்                                                                                                             "
  },
  {
    "villagecode": "011",
    "villagename": "Sirumugai.               ",
    "villagetname": "சிறுமுகை                                                                                                                     "
  },
  {
    "villagecode": "003",
    "villagename": "Thekkampatty.            ",
    "villagetname": "தேக்கம்பட்டி                                                                                                                 "
  },
  {
    "villagecode": "005",
    "villagename": "Tholampalayam.           ",
    "villagetname": "தோலம்பாளையம்                                                                                                                 "
  },
  {
    "villagecode": "006",
    "villagename": "Velliyankadu.            ",
    "villagetname": "வெள்ளியங்காடு                                                                                                                "
  }
]
