[
  {
    "villagecode": "025",
    "villagename": "A. Krishnapuram               ",
    "villagetname": "25 எ.கிருஷ்ணாபுரம்                                                                                                           "
  },
  {
    "villagecode": "051",
    "villagename": "Allikundam                    ",
    "villagetname": "51 அல்லிகுண்டம்                                                                                                              "
  },
  {
    "villagecode": "023",
    "villagename": "A. Pudhupatti                 ",
    "villagetname": "23 எ.புதுப்பட்டி                                                                                                             "
  },
  {
    "villagecode": "040",
    "villagename": "Ariyapatti                    ",
    "villagetname": "40 ஆரியபட்டி                                                                                                                 "
  },
  {
    "villagecode": "048",
    "villagename": "Ayanmettupatti                ",
    "villagetname": "48 அயன்மேட்டுப்பட்டி                                                                                                         "
  },
  {
    "villagecode": "016",
    "villagename": "Ayyanarkulam                  ",
    "villagetname": "16. அய்யனார்குளம்                                                                                                            "
  },
  {
    "villagecode": "027",
    "villagename": "Boothipuram                   ",
    "villagetname": "27. பூதிப்புரம்                                                                                                              "
  },
  {
    "villagecode": "036",
    "villagename": "Dottappanaickanur             ",
    "villagetname": "36 தொட்டப்ப நாயக்கனூர்                                                                                                       "
  },
  {
    "villagecode": "004",
    "villagename": "Eravarpatti                   ",
    "villagetname": "4 எரவார்பட்டி                                                                                                                "
  },
  {
    "villagecode": "050",
    "villagename": "Erumarpatti                   ",
    "villagetname": "50 எருமார்பட்டி                                                                                                              "
  },
  {
    "villagecode": "053",
    "villagename": "Jothilnayakanur               ",
    "villagetname": "53 ஜோதில்நாயக்கனூர்                                                                                                          "
  },
  {
    "villagecode": "013",
    "villagename": "Jothimanickam                 ",
    "villagetname": "13 ஜோதிமாணிக்கம்                                                                                                             "
  },
  {
    "villagecode": "002",
    "villagename": "Kalluthu                      ",
    "villagetname": "2 கல்லூத்து                                                                                                                  "
  },
  {
    "villagecode": "009",
    "villagename": "Kannanur                      ",
    "villagetname": "9 கண்ணணூர்                                                                                                                   "
  },
  {
    "villagecode": "011",
    "villagename": "Karumathur                    ",
    "villagetname": "11 கருமாத்தூர்                                                                                                               "
  },
  {
    "villagecode": "026",
    "villagename": "Kattakarppanpatti             ",
    "villagetname": "26. கட்டக்கருப்பன்பட்டி                                                                                                      "
  },
  {
    "villagecode": "032",
    "villagename": "Keeripatti                    ",
    "villagetname": "32 கீரிப்பட்டி                                                                                                               "
  },
  {
    "villagecode": "015",
    "villagename": "Kodikulam                     ",
    "villagetname": "15 கொடிக்குளம்                                                                                                               "
  },
  {
    "villagecode": "012",
    "villagename": "Kovilangulam                  ",
    "villagetname": "12 கோவிலாங்குளம்                                                                                                             "
  },
  {
    "villagecode": "018",
    "villagename": "Kuravakudi                    ",
    "villagetname": "18 குறவகுடி                                                                                                                  "
  },
  {
    "villagecode": "052",
    "villagename": "Manuthu                       ",
    "villagetname": "52 மானூத்து                                                                                                                  "
  },
  {
    "villagecode": "031",
    "villagename": "Mekkilarpatti                 ",
    "villagetname": "31. மேக்கிழார்பட்டி                                                                                                          "
  },
  {
    "villagecode": "007",
    "villagename": "Muthalaikulam                 ",
    "villagetname": "7 முதலைக்குளம்                                                                                                               "
  },
  {
    "villagecode": "033",
    "villagename": "Nadupatti                     ",
    "villagetname": "33 நடுப்பட்டி                                                                                                                "
  },
  {
    "villagecode": "035",
    "villagename": "Nakkalapatti                  ",
    "villagetname": "35 நக்கலப்பட்டி                                                                                                              "
  },
  {
    "villagecode": "037",
    "villagename": "Nalluthevanpatti              ",
    "villagetname": "37. நல்லுத்தேவன்பட்டி                                                                                                        "
  },
  {
    "villagecode": "041",
    "villagename": "Nattamangalam                 ",
    "villagetname": "41. நாட்டாமங்கலம்                                                                                                            "
  },
  {
    "villagecode": "003",
    "villagename": "Panamooppanpatti              ",
    "villagetname": "3. பாணமூப்பன்பட்டி                                                                                                           "
  },
  {
    "villagecode": "008",
    "villagename": "Panniyan                      ",
    "villagetname": "8. பன்னியான்                                                                                                                 "
  },
  {
    "villagecode": "021",
    "villagename": "Pappapatti                    ",
    "villagetname": "21 பாப்பாபட்டி                                                                                                               "
  },
  {
    "villagecode": "020",
    "villagename": "Poduvarpatti                  ",
    "villagetname": "20 போடுவார்பட்டி                                                                                                             "
  },
  {
    "villagecode": "043",
    "villagename": "Poruppumettupatti             ",
    "villagetname": "43 பொருப்புமேட்டுப்பட்டி                                                                                                     "
  },
  {
    "villagecode": "038",
    "villagename": "Pothampatti                   ",
    "villagetname": "38 போத்தம்பட்டி                                                                                                              "
  },
  {
    "villagecode": "028",
    "villagename": "Pottulupatti                  ",
    "villagetname": "28 பொட்டுலுப்பட்டி                                                                                                           "
  },
  {
    "villagecode": "010",
    "villagename": "Pullaneri                     ",
    "villagetname": "10. புள்ளநேரி                                                                                                                "
  },
  {
    "villagecode": "019",
    "villagename": "Sadachipatti                  ",
    "villagetname": "19 சடச்சிப்பட்டி                                                                                                             "
  },
  {
    "villagecode": "005",
    "villagename": "Sakkarappanayakanur           ",
    "villagetname": "5 சக்கரப்பநாயக்கனூர்                                                                                                         "
  },
  {
    "villagecode": "034",
    "villagename": "Seemanuthu                    ",
    "villagetname": "34 சீமானூத்து                                                                                                                "
  },
  {
    "villagecode": "039",
    "villagename": "Sempatti                      ",
    "villagetname": "39 செம்பட்டி                                                                                                                 "
  },
  {
    "villagecode": "030",
    "villagename": "Sikkampatti                   ",
    "villagetname": "30 சிக்கம்பட்டி                                                                                                              "
  },
  {
    "villagecode": "044",
    "villagename": "Sindhupatti                   ",
    "villagetname": "44 சிந்துபட்டி                                                                                                               "
  },
  {
    "villagecode": "024",
    "villagename": "Sirupatti                     ",
    "villagetname": "24 சிறுபட்டி                                                                                                                 "
  },
  {
    "villagecode": "042",
    "villagename": "Thidiyan                      ",
    "villagetname": "42 திடியன்                                                                                                                   "
  },
  {
    "villagecode": "022",
    "villagename": "Thimmanatham                  ",
    "villagetname": "22 திம்மநத்தம்                                                                                                               "
  },
  {
    "villagecode": "046",
    "villagename": "Thummakkundu                  ",
    "villagetname": "46. தும்மக்குண்டு                                                                                                            "
  },
  {
    "villagecode": "054",
    "villagename": "Thummalapatti                 ",
    "villagetname": "54 தும்மலப்பட்டி                                                                                                             "
  },
  {
    "villagecode": "045",
    "villagename": "T.Perumalpatti                ",
    "villagetname": "45. டி.பெருமாள்பட்டி                                                                                                         "
  },
  {
    "villagecode": "029",
    "villagename": "Usilampatti                   ",
    "villagetname": "29 உசிலம்பட்டி                                                                                                               "
  },
  {
    "villagecode": "001",
    "villagename": "Uthappanayakkanur             ",
    "villagetname": "1 உத்தப்பநாயக்கனூர்                                                                                                          "
  },
  {
    "villagecode": "049",
    "villagename": "Vagurani                      ",
    "villagetname": "49 வகுரணி                                                                                                                    "
  },
  {
    "villagecode": "014",
    "villagename": "Valanthur                     ",
    "villagetname": "14 வாலாந்தூர்                                                                                                                "
  },
  {
    "villagecode": "047",
    "villagename": "Veppanuthu                    ",
    "villagetname": "47. வேப்பனூத்து                                                                                                              "
  },
  {
    "villagecode": "006",
    "villagename": "Vikkiramangalam               ",
    "villagetname": "6 விக்கிரமங்கலம்                                                                                                             "
  },
  {
    "villagecode": "017",
    "villagename": "Vinnakudi                     ",
    "villagetname": "17. விண்ணகுடி                                                                                                                "
  }
]
