[
  {
    "villagecode": "035",
    "villagename": "Adampatty                ",
    "villagetname": "ஆதம்பட்டி                                                                                                                    "
  },
  {
    "villagecode": "021",
    "villagename": "Amayapuram               ",
    "villagetname": "அமையபுரம்                                                                                                                    "
  },
  {
    "villagecode": "006",
    "villagename": "Aniapur                  ",
    "villagetname": "அனியாப்பூர்                                                                                                                  "
  },
  {
    "villagecode": "016",
    "villagename": "Chattirapatty            ",
    "villagetname": "சத்திரப்பட்டி                                                                                                                "
  },
  {
    "villagecode": "030",
    "villagename": "Chettiapatty             ",
    "villagetname": "செட்டியப்பட்டி                                                                                                               "
  },
  {
    "villagecode": "013",
    "villagename": "Chettichettram           ",
    "villagetname": "செட்டிசத்திரம்                                                                                                               "
  },
  {
    "villagecode": "014",
    "villagename": "Chittanatham             ",
    "villagetname": "சித்தாநத்தம்                                                                                                                 "
  },
  {
    "villagecode": "052",
    "villagename": "Elamanam                 ",
    "villagetname": "எளமணம்                                                                                                                       "
  },
  {
    "villagecode": "034",
    "villagename": "F.Kilyayur               ",
    "villagetname": "எப்.கீழையூர்                                                                                                                 "
  },
  {
    "villagecode": "012",
    "villagename": "Inamiddayapatty          ",
    "villagetname": "இனாம் இடையப்பட்டி                                                                                                            "
  },
  {
    "villagecode": "007",
    "villagename": "Inamkovilpatty           ",
    "villagetname": "இனாம்கோவில்பட்டி                                                                                                             "
  },
  {
    "villagecode": "001",
    "villagename": "Inampudur                ",
    "villagetname": "இனாம்புதூர்                                                                                                                  "
  },
  {
    "villagecode": "026",
    "villagename": "Inamreddiapatty          ",
    "villagetname": "இனாம் ரெட்டியப்பட்டி                                                                                                         "
  },
  {
    "villagecode": "044",
    "villagename": "Iyanreddiapatty          ",
    "villagetname": "அயன்ரெட்டியப்பட்டி                                                                                                           "
  },
  {
    "villagecode": "019",
    "villagename": "Kalingapatty             ",
    "villagetname": "கலிங்கப்பட்டி                                                                                                                "
  },
  {
    "villagecode": "017",
    "villagename": "Kannudaiyanpatty         ",
    "villagetname": "கண்ணுடையான்பட்டி                                                                                                             "
  },
  {
    "villagecode": "053",
    "villagename": "Karuppur                 ",
    "villagetname": "கருப்பூர்                                                                                                                    "
  },
  {
    "villagecode": "112",
    "villagename": "K.Periapatty(N)          ",
    "villagetname": "கே.பெரியப்பட்டி வடக்கு               "
  },
  {
    "villagecode": "111",
    "villagename": "K.Periapatty(S)          ",
    "villagetname": "கே.பெரியப்பட்டி தெற்கு"
  },
  {
    "villagecode": "046",
    "villagename": "Kumaravadi               ",
    "villagetname": "குமாரவாடி                                                                                                                    "
  },
  {
    "villagecode": "018",
    "villagename": "Madampatty               ",
    "villagetname": "மாதம்பட்டி                                                                                                                   "
  },
  {
    "villagecode": "029",
    "villagename": "Malayadipatty            ",
    "villagetname": "மலையடிப்பட்டி                                                                                                                "
  },
  {
    "villagecode": "010",
    "villagename": "Mondipatty               ",
    "villagetname": "மொண்டிப்பட்டி                                                                                                                "
  },
  {
    "villagecode": "025",
    "villagename": "Mookkareddiapatty        ",
    "villagetname": "மூக்குரெட்டியப்பட்டி                                                                                                         "
  },
  {
    "villagecode": "231",
    "villagename": "Mugavanoor(N)            ",
    "villagetname": "முகவனூர் வடக்கு                                                                                                              "
  },
  {
    "villagecode": "232",
    "villagename": "Mugavanoor(S)            ",
    "villagetname": "முகவனூர் தெற்கு                                                                                                              "
  },
  {
    "villagecode": "048",
    "villagename": "Nadupatty                ",
    "villagetname": "நடுப்பட்டி                                                                                                                   "
  },
  {
    "villagecode": "008",
    "villagename": "Nallampillai             ",
    "villagetname": "நல்லாம்பிள்ளை                                                                                                                "
  },
  {
    "villagecode": "022",
    "villagename": "Palyakottai              ",
    "villagetname": "பழையகோட்டை                                                                                                                   "
  },
  {
    "villagecode": "432",
    "villagename": "Pannapatti Mel           ",
    "villagetname": "பண்ணப்பட்டி மேல்                                                                                                             "
  },
  {
    "villagecode": "431",
    "villagename": "Pannapatty (E)           ",
    "villagetname": "பண்ணப்பட்டி கீல்                                                                                                             "
  },
  {
    "villagecode": "031",
    "villagename": "Pogaipatty               ",
    "villagetname": "பொய்கைப்பட்டி                                                                                                                "
  },
  {
    "villagecode": "047",
    "villagename": "Ponnnampalampatty        ",
    "villagetname": "பொன்னம்பலம்பட்டி                                                                                                             "
  },
  {
    "villagecode": "049",
    "villagename": "Pudukottai               ",
    "villagetname": "புதுக்கோட்டை                                                                                                                 "
  },
  {
    "villagecode": "050",
    "villagename": "Puduvadi                 ",
    "villagetname": "புதுவாடி                                                                                                                     "
  },
  {
    "villagecode": "057",
    "villagename": "Puthanatham              ",
    "villagetname": "புத்தாநத்தம்                                                                                                                 "
  },
  {
    "villagecode": "037",
    "villagename": "Sampatty                 ",
    "villagetname": "சாம்பட்டி                                                                                                                    "
  },
  {
    "villagecode": "015",
    "villagename": "Samudram                 ",
    "villagetname": "சமுத்திரம்                                                                                                                   "
  },
  {
    "villagecode": "033",
    "villagename": "Seegampatty              ",
    "villagetname": "சீகம்பட்டி                                                                                                                   "
  },
  {
    "villagecode": "024",
    "villagename": "Sekkanam                 ",
    "villagetname": "செக்கனம்                                                                                                                     "
  },
  {
    "villagecode": "020",
    "villagename": "Sevalur                  ",
    "villagetname": "செவலூர்                                                                                                                      "
  },
  {
    "villagecode": "036",
    "villagename": "Sooliapatty              ",
    "villagetname": "சூளியாப்பட்டி                                                                                                                "
  },
  {
    "villagecode": "003",
    "villagename": "Thavalaveeranpatti       ",
    "villagetname": "தவலவீரன்பட்டி                                                                                                                "
  },
  {
    "villagecode": "009",
    "villagename": "Thoppampatty             ",
    "villagetname": "தொப்பம்பட்டி                                                                                                                 "
  },
  {
    "villagecode": "032",
    "villagename": "Usilampatty              ",
    "villagetname": "உசிலம்பட்டி                                                                                                                  "
  },
  {
    "villagecode": "028",
    "villagename": "Vadugapatty              ",
    "villagetname": "வடுகப்பட்டி                                                                                                                  "
  },
  {
    "villagecode": "045",
    "villagename": "Vaimpatty                ",
    "villagetname": "வையம்பட்டி                                                                                                                   "
  },
  {
    "villagecode": "002",
    "villagename": "Vaiyamalaipalayam        ",
    "villagetname": "வையமலைபாளையம்                                                                                                                "
  },
  {
    "villagecode": "004",
    "villagename": "Vellalapatty             ",
    "villagetname": "வெள்ளாளப்பட்டி                                                                                                               "
  },
  {
    "villagecode": "027",
    "villagename": "Vengaikuruchi            ",
    "villagetname": "வேங்கைகுறிச்சி                                                                                                               "
  },
  {
    "villagecode": "005",
    "villagename": "V.Periapatty             ",
    "villagetname": "வி.பெரியப்பட்டி                                                                                                              "
  }
]
