[
  {
    "villagecode": "021",
    "villagename": "A. Kalappur              ",
    "villagetname": "அ.காளாப்பூர்"
  },
  {
    "villagecode": "080",
    "villagename": "Aralikkottai             ",
    "villagetname": "அரளிக்கோட்டை"
  },
  {
    "villagecode": "015",
    "villagename": "Chettikurichi            ",
    "villagetname": "செட்டிகுறிச்சி"
  },
  {
    "villagecode": "014",
    "villagename": "Dharmapatti              ",
    "villagetname": "தர்மபட்டி"
  },
  {
    "villagecode": "024",
    "villagename": "D.Kalappur               ",
    "villagetname": "டி.காளாப்பூர்"
  },
  {
    "villagecode": "077",
    "villagename": "Eriyur                   ",
    "villagetname": "ஏரியூர்"
  },
  {
    "villagecode": "069",
    "villagename": "Erumaipatti              ",
    "villagetname": "எருமைப்பட்டி"
  },
  {
    "villagecode": "071",
    "villagename": "Jeyamkondanilai          ",
    "villagetname": "ஜெயங்கொண்டான் நிலை"
  },
  {
    "villagecode": "013",
    "villagename": "Karisalpatti             ",
    "villagetname": "கரிசல்பட்டி"
  },
  {
    "villagecode": "025",
    "villagename": "Kayampatti               ",
    "villagetname": "காயாம்பட்டி"
  },
  {
    "villagecode": "010",
    "villagename": "Kilvayal                 ",
    "villagetname": "கிழவயல்"
  },
  {
    "villagecode": "018",
    "villagename": "Kirungakkottai           ",
    "villagetname": "கிருங்காக்கோட்டை"
  },
  {
    "villagecode": "001",
    "villagename": "Kulattuppatti            ",
    "villagetname": "குளத்துப்பட்டி"
  },
  {
    "villagecode": "072",
    "villagename": "Mallakottai              ",
    "villagetname": "மல்லாக்கோட்டை"
  },
  {
    "villagecode": "076",
    "villagename": "Mampatti Devasthanam     ",
    "villagetname": "மாம்பட்டி தேவஸ்தானம்"
  },
  {
    "villagecode": "075",
    "villagename": "Mampatti  North          ",
    "villagetname": "மாம்பட்டி வடக்கு"
  },
  {
    "villagecode": "074",
    "villagename": "Mampatti  South          ",
    "villagetname": "மாம்பட்டி தெற்கு"
  },
  {
    "villagecode": "008",
    "villagename": "Manalur                  ",
    "villagetname": "மணலூர்"
  },
  {
    "villagecode": "004",
    "villagename": "Mandhakudipatti          ",
    "villagetname": "மாந்தகுடிப்பட்டி"
  },
  {
    "villagecode": "068",
    "villagename": "Mathur                   ",
    "villagetname": "மாத்தூர்"
  },
  {
    "villagecode": "067",
    "villagename": "Melaiyur                 ",
    "villagetname": "மேலையூர்"
  },
  {
    "villagecode": "017",
    "villagename": "Melapatti                ",
    "villagetname": "மேலப்பட்டி"
  },
  {
    "villagecode": "007",
    "villagename": "Melavannariruppu         ",
    "villagetname": "மேலவண்ணாரிருப்பு"
  },
  {
    "villagecode": "006",
    "villagename": "Minnamalaippatti         ",
    "villagetname": "மின்னமலைப்பட்டி"
  },
  {
    "villagecode": "028",
    "villagename": "Muraiyur                 ",
    "villagetname": "முறையூர்"
  },
  {
    "villagecode": "012",
    "villagename": "Musundapatti             ",
    "villagetname": "முசுண்டப்பட்டி"
  },
  {
    "villagecode": "070",
    "villagename": "Nainapatti               ",
    "villagetname": "நைனாப்பட்டி"
  },
  {
    "villagecode": "005",
    "villagename": "Neduvayal                ",
    "villagetname": "நெடுவயல்"
  },
  {
    "villagecode": "019",
    "villagename": "Piranmalai               ",
    "villagetname": "பிரான்மலை"
  },
  {
    "villagecode": "016",
    "villagename": "Piranpatti               ",
    "villagetname": "பிரான்பட்டி"
  },
  {
    "villagecode": "027",
    "villagename": "Sathurvedhamangalam      ",
    "villagetname": "சதுர்வேதமங்களம்"
  },
  {
    "villagecode": "009",
    "villagename": "Semmampattipudur         ",
    "villagetname": "செம்மாம்பட்டி புதூர்"
  },
  {
    "villagecode": "066",
    "villagename": "Sevalpatti               ",
    "villagetname": "செவல்பட்டி"
  },
  {
    "villagecode": "022",
    "villagename": "Singampunari North       ",
    "villagetname": "சிங்கம்புணரி வடக்கு"
  },
  {
    "villagecode": "023",
    "villagename": "Singampunari South       ",
    "villagetname": "சிங்கம்புணரி தெற்கு"
  },
  {
    "villagecode": "020",
    "villagename": "Sirumarudur              ",
    "villagetname": "சிறுமருதூர்"
  },
  {
    "villagecode": "026",
    "villagename": "Surakkudi                ",
    "villagetname": "சூரக்குடி"
  },
  {
    "villagecode": "003",
    "villagename": "Ulagampatti              ",
    "villagetname": "உலகம்பட்டி"
  },
  {
    "villagecode": "073",
    "villagename": "Vadavanpatti             ",
    "villagetname": "வடவன்பட்டி"
  },
  {
    "villagecode": "011",
    "villagename": "Valasaippatti            ",
    "villagetname": "வலசைப்பட்டி"
  },
  {
    "villagecode": "002",
    "villagename": "Warappur                 ",
    "villagetname": "வாராப்பூர்"
  }
]
