[
  {
    "villagecode": "029",
    "villagename": "Adaiyur                  ",
    "villagetname": "ஆடையூர்"
  },
  {
    "villagecode": "032",
    "villagename": "Adiannamalai             ",
    "villagetname": "அடிஅண்ணாமலை"
  },
  {
    "villagecode": "080",
    "villagename": "Agaram Sippandhi         ",
    "villagetname": "அகரம்சிப்பந்தி"
  },
  {
    "villagecode": "060",
    "villagename": "Allikondapattu           ",
    "villagetname": "அல்லிக்கொண்டாப்பட்டு"
  },
  {
    "villagecode": "035",
    "villagename": "Anaipirandan             ",
    "villagetname": "ஆனாய்பிறந்தான்"
  },
  {
    "villagecode": "142",
    "villagename": "Appupattu                ",
    "villagetname": "அப்புப்பட்டு"
  },
  {
    "villagecode": "126",
    "villagename": "Aradapattu               ",
    "villagetname": "அரடாப்பட்டு"
  },
  {
    "villagecode": "089",
    "villagename": "Arapakkam                ",
    "villagetname": "ஆரப்பாக்கம்"
  },
  {
    "villagecode": "045",
    "villagename": "Arasudaiyampattu         ",
    "villagetname": "அரசுடையாம்பட்டு"
  },
  {
    "villagecode": "134",
    "villagename": "Aruthirapattu            ",
    "villagetname": "ஆரூத்திராப்பட்டு"
  },
  {
    "villagecode": "054",
    "villagename": "Atthipadi                ",
    "villagetname": "அத்திப்பாடி"
  },
  {
    "villagecode": "034",
    "villagename": "Atthiyandal              ",
    "villagetname": "அத்தியந்தல்"
  },
  {
    "villagecode": "033",
    "villagename": "Ayyampalayam             ",
    "villagetname": "அய்யம்பாளையம்"
  },
  {
    "villagecode": "148",
    "villagename": "Azhakanandal             ",
    "villagetname": "அழகானந்தல்"
  },
  {
    "villagecode": "008",
    "villagename": "C.Andapattu              ",
    "villagetname": "சி.ஆண்டாப்பட்டு"
  },
  {
    "villagecode": "053",
    "villagename": "Chakkrathamadai          ",
    "villagetname": "சக்கரத்தாமடை"
  },
  {
    "villagecode": "130",
    "villagename": "Chinnakallapdai          ",
    "villagetname": "சின்னகல்லப்பாடி"
  },
  {
    "villagecode": "121",
    "villagename": "Chinnakangiyanur",
    "villagetname": "சின்னகாங்கியனூர்"
  },
  {
    "villagecode": "009",
    "villagename": "Devanampattu             ",
    "villagetname": "தேவனாம்பட்டு"
  },
  {
    "villagecode": "031",
    "villagename": "Devanandal               ",
    "villagetname": "தேவனந்தல்"
  },
  {
    "villagecode": "131",
    "villagename": "Devanur                  ",
    "villagetname": "தேவனூர்"
  },
  {
    "villagecode": "025",
    "villagename": "Durgainammiyandal        ",
    "villagetname": "துரக்கிநம்மியந்தல்"
  },
  {
    "villagecode": "021",
    "villagename": "Durinjapuram             ",
    "villagetname": "துரிஞ்சாபுரம்"
  },
  {
    "villagecode": "027",
    "villagename": "Enamkariyanandal         ",
    "villagetname": "இனாம்காரியந்தல்"
  },
  {
    "villagecode": "197",
    "villagename": "Kadagamaan               ",
    "villagetname": "காடகமான்"
  },
  {
    "villagecode": "135",
    "villagename": "Kalleri                  ",
    "villagetname": "கல்லேரி"
  },
  {
    "villagecode": "058",
    "villagename": "Kallottu                 ",
    "villagetname": "கல்லொட்டு"
  },
  {
    "villagecode": "086",
    "villagename": "Kamalaputhur             ",
    "villagetname": "கமலப்புத்தூர்"
  },
  {
    "villagecode": "038",
    "villagename": "Kananthampoondi          ",
    "villagetname": "கணந்தம்பூண்டி"
  },
  {
    "villagecode": "056",
    "villagename": "Kandiyankuppam           ",
    "villagetname": "கண்டியாங்குப்பம்"
  },
  {
    "villagecode": "147",
    "villagename": "Kannapanthal             ",
    "villagetname": "கண்ணப்பந்தல்"
  },
  {
    "villagecode": "087",
    "villagename": "Karkonam",
    "villagetname": "கார்கோணம்"
  },
  {
    "villagecode": "014",
    "villagename": "Karutthuvampadi          ",
    "villagetname": "கருந்துவாம்பாடி"
  },
  {
    "villagecode": "075",
    "villagename": "Kasthampadi              ",
    "villagetname": "களஸ்தம்பாடி"
  },
  {
    "villagecode": "062",
    "villagename": "Kattampoondi             ",
    "villagetname": "காட்டாம்பூண்டி"
  },
  {
    "villagecode": "012",
    "villagename": "Kattuputhur              ",
    "villagetname": "காட்டுபபுத்தூர்"
  },
  {
    "villagecode": "036",
    "villagename": "Kaveriyampoondi          ",
    "villagetname": "காவேரயாம்பூண்டி"
  },
  {
    "villagecode": "071",
    "villagename": "Kiliyapattu              ",
    "villagetname": "கிளியாப்பட்டு"
  },
  {
    "villagecode": "066",
    "villagename": "Kizhanaikarai            ",
    "villagetname": "கீழணைக்கரை"
  },
  {
    "villagecode": "001",
    "villagename": "Kizhathur                ",
    "villagetname": "கீழாத்தூர்"
  },
  {
    "villagecode": "043",
    "villagename": "Kizhchettipattu          ",
    "villagetname": "கீழ்செட்டிப்பட்டு"
  },
  {
    "villagecode": "063",
    "villagename": "Kizhkachirapattu         ",
    "villagetname": "கீழ்கச்சிராப்பட்டு"
  },
  {
    "villagecode": "122",
    "villagename": "Kizhnathur               ",
    "villagetname": "கீழ்நாத்தூர்"
  },
  {
    "villagecode": "125",
    "villagename": "Kolakudi                 ",
    "villagetname": "கொளக்குடி"
  },
  {
    "villagecode": "015",
    "villagename": "Kollakaravadi            ",
    "villagetname": "கொளக்கரவாடி"
  },
  {
    "villagecode": "030",
    "villagename": "Kosalai                  ",
    "villagetname": "கோசாலை"
  },
  {
    "villagecode": "077",
    "villagename": "Kothalavadi              ",
    "villagetname": "கூத்தலவாடி"
  },
  {
    "villagecode": "088",
    "villagename": "Kovur                    ",
    "villagetname": "கோவூர்"
  },
  {
    "villagecode": "118",
    "villagename": "Kunniyandal              ",
    "villagetname": "குன்னியந்தல்"
  },
  {
    "villagecode": "073",
    "villagename": "Kunnumurinji             ",
    "villagetname": "குன்னுமுறிஞ்சி"
  },
  {
    "villagecode": "120",
    "villagename": "Malapampadi              ",
    "villagetname": "மலப்பாம்பாடி"
  },
  {
    "villagecode": "083",
    "villagename": "Mallappanaickenpalayam   ",
    "villagetname": "ம.ந.பாளையம்"
  },
  {
    "villagecode": "019",
    "villagename": "Mallavadi                ",
    "villagetname": "மல்லவாடி"
  },
  {
    "villagecode": "101",
    "villagename": "Mangalam                 ",
    "villagetname": "மங்கலம்"
  },
  {
    "villagecode": "041",
    "villagename": "Manjampoondi             ",
    "villagetname": "மஞ்சம்பூண்டி"
  },
  {
    "villagecode": "013",
    "villagename": "Maruthuvampadi           ",
    "villagetname": "மருத்துவாம்பாடி"
  },
  {
    "villagecode": "103",
    "villagename": "Mathalampadi             ",
    "villagetname": "மாதலம்பாடி"
  },
  {
    "villagecode": "123",
    "villagename": "Melathikan               ",
    "villagetname": "மேலதிக்கான்"
  },
  {
    "villagecode": "040",
    "villagename": "Melchettipattu           ",
    "villagetname": "மேல்செட்டிப்பட்டு"
  },
  {
    "villagecode": "048",
    "villagename": "Melkachirapattu          ",
    "villagetname": "மேல்கச்சிராப்பட்டு"
  },
  {
    "villagecode": "064",
    "villagename": "Melputhiyandal           ",
    "villagetname": "மேல்புத்தியந்தல்"
  },
  {
    "villagecode": "002",
    "villagename": "Meppathurai              ",
    "villagetname": "மேப்பத்துரை"
  },
  {
    "villagecode": "044",
    "villagename": "Meyyur                   ",
    "villagetname": "மெய்யூர்"
  },
  {
    "villagecode": "023",
    "villagename": "Muniyandal               ",
    "villagetname": "முனியந்தல்"
  },
  {
    "villagecode": "004",
    "villagename": "Mutharasampoondi",
    "villagetname": "முத்தரசம்பூண்டி"
  },
  {
    "villagecode": "049",
    "villagename": "Nachanandal              ",
    "villagetname": "நாச்சானந்தல்"
  },
  {
    "villagecode": "146",
    "villagename": "Nadupattu                ",
    "villagetname": "நடுப்பட்டு"
  },
  {
    "villagecode": "081",
    "villagename": "Naidumangalam            ",
    "villagetname": "நாயுடுமங்கலம்"
  },
  {
    "villagecode": "151",
    "villagename": "Nallanpillaipettral      ",
    "villagetname": "நல்லான்பிள்ளைபெற்றாள்    "
  },
  {
    "villagecode": "046",
    "villagename": "Nallavanpalayam          ",
    "villagetname": "நல்லவன்பாளையம்"
  },
  {
    "villagecode": "052",
    "villagename": "Nariyapattu              ",
    "villagetname": "நரியாப்பட்டு"
  },
  {
    "villagecode": "005",
    "villagename": "Narthampoondi            ",
    "villagetname": "நார்த்தாம்பூண்டி"
  },
  {
    "villagecode": "059",
    "villagename": "Navampattu               ",
    "villagetname": "நவம்பட்டு"
  },
  {
    "villagecode": "212",
    "villagename": "Nayarpattu               ",
    "villagetname": "சு.நாயர்பட்டு"
  },
  {
    "villagecode": "006",
    "villagename": "Nellimedu                ",
    "villagetname": "நெல்லிமேடு"
  },
  {
    "villagecode": "068",
    "villagename": "Nochchimalai             ",
    "villagetname": "நொச்சிமலை"
  },
  {
    "villagecode": "104",
    "villagename": "Nookampadi               ",
    "villagetname": "நூக்காம்பாடி"
  },
  {
    "villagecode": "018",
    "villagename": "Oosampadi                ",
    "villagetname": "ஊசாம்பாடி"
  },
  {
    "villagecode": "102",
    "villagename": "Palanandal               ",
    "villagetname": "பாலானந்தல்"
  },
  {
    "villagecode": "152",
    "villagename": "Pallikondapattu          ",
    "villagetname": "பள்ளிக்கொண்டாப்பட்டு"
  },
  {
    "villagecode": "211",
    "villagename": "Palliyampattu            ",
    "villagetname": "பள்ளியம்பட்டு"
  },
  {
    "villagecode": "133",
    "villagename": "Panaiyur                 ",
    "villagetname": "பனையூர்"
  },
  {
    "villagecode": "037",
    "villagename": "Pandithapattu            ",
    "villagetname": "பண்டிதப்பட்டு"
  },
  {
    "villagecode": "051",
    "villagename": "Paraiyampattu            ",
    "villagetname": "பறையம்பட்டு"
  },
  {
    "villagecode": "141",
    "villagename": "Pavithiram               ",
    "villagetname": "பவித்திரம்"
  },
  {
    "villagecode": "050",
    "villagename": "Pavupattu                ",
    "villagetname": "பாவுப்பட்டு"
  },
  {
    "villagecode": "055",
    "villagename": "Pazhayanur               ",
    "villagetname": "பழையனூர்"
  },
  {
    "villagecode": "128",
    "villagename": "Periyakallapadi          ",
    "villagetname": "பெரியகல்லப்பாடி"
  },
  {
    "villagecode": "010",
    "villagename": "Periyakilampadi          ",
    "villagetname": "பெரியகிளாம்பாடி"
  },
  {
    "villagecode": "132",
    "villagename": "Perumanam                ",
    "villagetname": "பெருமணம்"
  },
  {
    "villagecode": "016",
    "villagename": "Pichanandal              ",
    "villagetname": "பிச்சானந்தல்"
  },
  {
    "villagecode": "084",
    "villagename": "Porgunam                 ",
    "villagetname": "பொற்குணம்"
  },
  {
    "villagecode": "196",
    "villagename": "Porikkal                 ",
    "villagetname": "பொரிக்கல்"
  },
  {
    "villagecode": "105",
    "villagename": "Rantham                  ",
    "villagetname": "இராந்தம்"
  },
  {
    "villagecode": "024",
    "villagename": "Sadaiyanoodai            ",
    "villagetname": "சடையனோடை"
  },
  {
    "villagecode": "082",
    "villagename": "Salaiyanur               ",
    "villagetname": "சாலையனூர்"
  },
  {
    "villagecode": "153",
    "villagename": "Sammanthanur             ",
    "villagetname": "சம்மந்தனூர்"
  },
  {
    "villagecode": "039",
    "villagename": "Samuthiram               ",
    "villagetname": "சமுத்திரம்"
  },
  {
    "villagecode": "074",
    "villagename": "Sanananthal              ",
    "villagetname": "சானானந்தல்"
  },
  {
    "villagecode": "047",
    "villagename": "Savalpoondi              ",
    "villagetname": "சாவல்பூண்டி"
  },
  {
    "villagecode": "017",
    "villagename": "Seelapanthal             ",
    "villagetname": "சீலப்பந்தல்"
  },
  {
    "villagecode": "003",
    "villagename": "Sirukilampadi            ",
    "villagetname": "சிறுகிளாம்பாடி"
  },
  {
    "villagecode": "069",
    "villagename": "So.Nachipattu            ",
    "villagetname": "சோ.கீழ்நாச்சிப்பட்டு"
  },
  {
    "villagecode": "078",
    "villagename": "Sorakulathur             ",
    "villagetname": "சொரகொளத்தூர்"
  },
  {
    "villagecode": "020",
    "villagename": "Soranthai                ",
    "villagetname": "சொரந்தை"
  },
  {
    "villagecode": "143",
    "villagename": "Su.Andapattu             ",
    "villagetname": "சு.ஆண்டாப்பட்டு"
  },
  {
    "villagecode": "065",
    "villagename": "Su.Kizhnachipattu        ",
    "villagetname": "சு.கீழ்நாச்சிப்பட்டு"
  },
  {
    "villagecode": "140",
    "villagename": "Su.Nallur                ",
    "villagetname": "சு.நல்லூர்"
  },
  {
    "villagecode": "127",
    "villagename": "Su.Pappampadi            ",
    "villagetname": "சு.பாப்பம்பாடி"
  },
  {
    "villagecode": "194",
    "villagename": "Su.Valavetti             ",
    "villagetname": "சு. வாளவெட்டி"
  },
  {
    "villagecode": "129",
    "villagename": "Thachampattu             ",
    "villagetname": "தச்சம்பட்டு"
  },
  {
    "villagecode": "061",
    "villagename": "Thalaiyampallam          ",
    "villagetname": "தலையாம்பள்ளம்"
  },
  {
    "villagecode": "117",
    "villagename": "Thellanandal             ",
    "villagetname": "தெள்ளானந்தல்"
  },
  {
    "villagecode": "124",
    "villagename": "Thenmathur               ",
    "villagetname": "தென்மாத்தூர்"
  },
  {
    "villagecode": "138",
    "villagename": "Thirukalur Vazhavetti    ",
    "villagetname": "திருக்களுர்வாளவெட்டி"
  },
  {
    "villagecode": "192",
    "villagename": "Thiruvanaimugam          ",
    "villagetname": "திருவாணைமுகம்"
  },
  {
    "villagecode": "067",
    "villagename": "Thiruvannamalai          ",
    "villagetname": "திருவண்ணாமலை"
  },
  {
    "villagecode": "139",
    "villagename": "Thiruvarangamvazhavetti  ",
    "villagetname": "திருவரங்கவாளவெட்டி"
  },
  {
    "villagecode": "149",
    "villagename": "Udaiyanandal             ",
    "villagetname": "உடையானந்தல்"
  },
  {
    "villagecode": "011",
    "villagename": "Udirampoondi             ",
    "villagetname": "உதிரம்புண்டி"
  },
  {
    "villagecode": "072",
    "villagename": "Va.Andapattu             ",
    "villagetname": "வடஆண்டாப்பட்டு"
  },
  {
    "villagecode": "079",
    "villagename": "Vadagarunkalipadi        ",
    "villagetname": "வடகரிங்காலிப்பாடி"
  },
  {
    "villagecode": "076",
    "villagename": "Vadakarimbaloor          ",
    "villagetname": "வடகரிம்பலூர்"
  },
  {
    "villagecode": "007",
    "villagename": "Vadapuzhithur            ",
    "villagetname": "வடபுழதியூர்"
  },
  {
    "villagecode": "116",
    "villagename": "Vallivagai               ",
    "villagetname": "வள்ளிவாகை"
  },
  {
    "villagecode": "070",
    "villagename": "Vaniyanthangal           ",
    "villagetname": "வாணியந்தாங்கல்"
  },
  {
    "villagecode": "057",
    "villagename": "Velaiyampakkam           ",
    "villagetname": "வேளையாம்பாக்கம்"
  },
  {
    "villagecode": "085",
    "villagename": "Veluganandal             ",
    "villagetname": "வெளுக்கனந்தல்"
  },
  {
    "villagecode": "022",
    "villagename": "Velukanandal             ",
    "villagetname": "இனாம்வெளுக்கனந்தல்"
  },
  {
    "villagecode": "028",
    "villagename": "Vengayavelur             ",
    "villagetname": "வெங்காயவேலூர்"
  },
  {
    "villagecode": "026",
    "villagename": "Vengikkal                ",
    "villagetname": "வேங்கிக்கால்"
  },
  {
    "villagecode": "137",
    "villagename": "Veraiyur                 ",
    "villagetname": "வெறையூர்"
  },
  {
    "villagecode": "195",
    "villagename": "Virudhuvilanginaan       ",
    "villagetname": "விருதுவிளங்கினான்"
  },
  {
    "villagecode": "042",
    "villagename": "Viswanthangal            ",
    "villagetname": "விசுவந்தாங்கல்"
  },
  {
    "villagecode": "113",
    "villagename": "V.Nammiyandal            ",
    "villagetname": "வி.நம்மியந்தல்"
  }
]
