[
  {
    "villagecode": "204",
    "villagename": "Ammaiyakaram             ",
    "villagetname": "அம்மையகரம்                                                                                                                   "
  },
  {
    "villagecode": "229",
    "villagename": "Ammakalathur             ",
    "villagetname": "அம்மகளத்தூர்                                                                                                                 "
  },
  {
    "villagecode": "226",
    "villagename": "Anumandhal               ",
    "villagetname": "அனுமனந்தல்                                                                                                                   "
  },
  {
    "villagecode": "181",
    "villagename": "Chellampattu             ",
    "villagetname": "செல்லம்பட்டு                                                                                                                 "
  },
  {
    "villagecode": "227",
    "villagename": "Chembakurichi            ",
    "villagetname": "செம்பாக்குறிச்சி                                                                                                             "
  },
  {
    "villagecode": "993",
    "villagename": "Chinnasalem(North)       ",
    "villagetname": "சின்னசேலம்வடக்கு                                                                                                             "
  },
  {
    "villagecode": "206",
    "villagename": "Chinnasalem(South)       ",
    "villagetname": "சின்னசேலம்தெற்கு                                                                                                             "
  },
  {
    "villagecode": "165",
    "villagename": "Earvaipattinam           ",
    "villagetname": "ஏர்வாய்பட்டிணம்                                                                                                              "
  },
  {
    "villagecode": "182",
    "villagename": "Eduthavainatham          ",
    "villagetname": "எடுத்தவாய்நத்தம்                                                                                                             "
  },
  {
    "villagecode": "270",
    "villagename": "Eeriyur                  ",
    "villagetname": "ஈரியுர்                                                                                                                      "
  },
  {
    "villagecode": "202",
    "villagename": "Elavadi",
    "villagetname": "எலவடி                                                                                                                        "
  },
  {
    "villagecode": "189",
    "villagename": "Eliyathur                ",
    "villagetname": "எலியத்தூர்                                                                                                                   "
  },
  {
    "villagecode": "185",
    "villagename": "Kachirayapalaiyam        ",
    "villagetname": "கச்சிராயப்பாளையம்                                                                                                            "
  },
  {
    "villagecode": "186",
    "villagename": "Kadathur                 ",
    "villagetname": "கடத்தூர்                                                                                                                     "
  },
  {
    "villagecode": "213",
    "villagename": "Kalasamuthiram           ",
    "villagetname": "காளசமுத்திரம்                                                                                                                "
  },
  {
    "villagecode": "201",
    "villagename": "Kallanatham              ",
    "villagetname": "கல்லாநத்தம்                                                                                                                  "
  },
  {
    "villagecode": "995",
    "villagename": "Karadisithur(North)      ",
    "villagetname": "கரடிசித்தூர்வடக்கு                                                                                                           "
  },
  {
    "villagecode": "180",
    "villagename": "Karadisithur(South)      ",
    "villagetname": "கரடிசித்தூர்தெற்கு                                                                                                           "
  },
  {
    "villagecode": "274",
    "villagename": "Karundalakurichi         ",
    "villagetname": "கருந்தலாக்குறிச்சி"
  },
  {
    "villagecode": "228",
    "villagename": "Karunkuzhi               ",
    "villagetname": "கருங்குழி                                                                                                                    "
  },
  {
    "villagecode": "225",
    "villagename": "Keezhkuppam",
    "villagetname": "கீழ்க்குப்பம்"
  },
  {
    "villagecode": "276",
    "villagename": "Koogaiyur                ",
    "villagetname": "கூகையூர்"
  },
  {
    "villagecode": "215",
    "villagename": "Kuraal",
    "villagetname": "குரால்                                                                                                                       "
  },
  {
    "villagecode": "994",
    "villagename": "Madhavacheri(North)      ",
    "villagetname": "மாதவச்சேரிவடக்கு                                                                                                             "
  },
  {
    "villagecode": "176",
    "villagename": "Madhavacheri(South)      ",
    "villagetname": "மாதவச்சேரிதெற்கு                                                                                                             "
  },
  {
    "villagecode": "309",
    "villagename": "Malliyampadi",
    "villagetname": "மல்லியம்பாடி                                                                                                                 "
  },
  {
    "villagecode": "179",
    "villagename": "Manmalai                 ",
    "villagetname": "மண்மலை                                                                                                                       "
  },
  {
    "villagecode": "197",
    "villagename": "Maravanatham             ",
    "villagetname": "மரவாநத்தம்                                                                                                                   "
  },
  {
    "villagecode": "178",
    "villagename": "Mathur                   ",
    "villagetname": "மாத்தூர்                                                                                                                     "
  },
  {
    "villagecode": "210",
    "villagename": "Melnariyappanur          ",
    "villagetname": "மேல்நாரியப்பனூர்                                                                                                             "
  },
  {
    "villagecode": "205",
    "villagename": "Moonkilpadi",
    "villagetname": "மூங்கில்பாடி                                                                                                                 "
  },
  {
    "villagecode": "269",
    "villagename": "Nallasevipuram           ",
    "villagetname": "நல்லசெவிபுரம்                                                                                                                "
  },
  {
    "villagecode": "224",
    "villagename": "Nayinarpalaiyam          ",
    "villagetname": "நயினார்பாளையம்                                                                                                               "
  },
  {
    "villagecode": "214",
    "villagename": "Pakkampadi               ",
    "villagetname": "பாக்கம்பாடி                                                                                                                  "
  },
  {
    "villagecode": "177",
    "villagename": "Palarampattu             ",
    "villagetname": "பால்ராம்பட்டு                                                                                                                "
  },
  {
    "villagecode": "199",
    "villagename": "Pandiyankuppam           ",
    "villagetname": "பாண்டியங்குப்பம்                                                                                                             "
  },
  {
    "villagecode": "183",
    "villagename": "Parigam                  ",
    "villagetname": "பரிகம்                                                                                                                       "
  },
  {
    "villagecode": "190",
    "villagename": "Patharampallam           ",
    "villagetname": "பாதரம்பள்ளம்                                                                                                                 "
  },
  {
    "villagecode": "192",
    "villagename": "Payithanthurai           ",
    "villagetname": "பைத்தந்துறை                                                                                                                  "
  },
  {
    "villagecode": "217",
    "villagename": "Pethasamuthiram          ",
    "villagetname": "பெத்தாசமுத்திரம்                                                                                                             "
  },
  {
    "villagecode": "207",
    "villagename": "Poondi",
    "villagetname": "பூண்டி"
  },
  {
    "villagecode": "203",
    "villagename": "Poosappadi               ",
    "villagetname": "பூசப்பாடி"
  },
  {
    "villagecode": "326",
    "villagename": "Pottium                  ",
    "villagetname": "பொட்டியம்                                                                                                                    "
  },
  {
    "villagecode": "211",
    "villagename": "Rayappanur               ",
    "villagetname": "ராயப்பனூர்                                                                                                                   "
  },
  {
    "villagecode": "223",
    "villagename": "Siruvallur(South)        ",
    "villagetname": "தென்சிறுவலூர்                                                                                                                "
  },
  {
    "villagecode": "212",
    "villagename": "Thagamtheerthapuram      ",
    "villagetname": "தாகந்தீர்த்தாபுரம்                                                                                                           "
  },
  {
    "villagecode": "198",
    "villagename": "Thagarai                 ",
    "villagetname": "தகரை                                                                                                                         "
  },
  {
    "villagecode": "216",
    "villagename": "Thathathiripuram",
    "villagetname": "தத்தாதிரிபுரம்                                                                                                               "
  },
  {
    "villagecode": "175",
    "villagename": "Thavadipattu             ",
    "villagetname": "தாவடிப்பட்டு                                                                                                                 "
  },
  {
    "villagecode": "196",
    "villagename": "Thenchettiyandhal",
    "villagetname": "தென்செட்டியந்தல்                                                                                                             "
  },
  {
    "villagecode": "191",
    "villagename": "Thengiyanatham           ",
    "villagetname": "தென்கியாநத்தம்                                                                                                               "
  },
  {
    "villagecode": "209",
    "villagename": "Thenponparappi           ",
    "villagetname": "தென்பொன்பரப்பி                                                                                                               "
  },
  {
    "villagecode": "200",
    "villagename": "Thimmapuram              ",
    "villagetname": "திம்மாபுரம்                                                                                                                  "
  },
  {
    "villagecode": "218",
    "villagename": "Thottapadi               ",
    "villagetname": "தோட்டப்பாடி                                                                                                                  "
  },
  {
    "villagecode": "193",
    "villagename": "Thottiyam                ",
    "villagetname": "தொட்டியம்                                                                                                                    "
  },
  {
    "villagecode": "996",
    "villagename": "Vadakanandhal(East)      ",
    "villagetname": "வடக்கனந்தல்கிழக்கு                                                                                                           "
  },
  {
    "villagecode": "184",
    "villagename": "Vadakananthal(West)      ",
    "villagetname": "வடக்கனந்தல்மேற்கு                                                                                                            "
  },
  {
    "villagecode": "272",
    "villagename": "V.Alambalam",
    "villagetname": "வி.அலம்பலம்                                                                                                                  "
  },
  {
    "villagecode": "208",
    "villagename": "Vasudevanur",
    "villagetname": "வாசுதேவனூர்                                                                                                                  "
  },
  {
    "villagecode": "273",
    "villagename": "Veerapayankaram          ",
    "villagetname": "வீரபயங்கரம்"
  },
  {
    "villagecode": "195",
    "villagename": "Vettiperumalagaram",
    "villagetname": "வெட்டிபெருமாளகரம்"
  },
  {
    "villagecode": "271",
    "villagename": "V.Krishnapuram",
    "villagetname": "வி.கிருஷ்ணாபுரம்                                                                                                             "
  },
  {
    "villagecode": "275",
    "villagename": "V.Mamandur",
    "villagetname": "வி.மாமந்தூர்                                                                                                                 "
  }
]
