[
  {
    "villagecode": "073",
    "villagename": "Alagusamudram            ",
    "villagetname": "073 அழகுசமுத்திரம்                                                                                                           "
  },
  {
    "villagecode": "031",
    "villagename": "Amarakundhi              ",
    "villagetname": "031 அமரகுந்தி                                                                                                                "
  },
  {
    "villagecode": "065",
    "villagename": "Anaigoundampatti         ",
    "villagetname": "065 ஆனைகவுண்டம்பட்டி                                                                                                         "
  },
  {
    "villagecode": "082",
    "villagename": "Ariyampatti              ",
    "villagetname": "082 அரியாம்பட்டி                                                                                                             "
  },
  {
    "villagecode": "079",
    "villagename": "Arurpatty                ",
    "villagetname": "079 ஆரூர்பட்டி                                                                                                               "
  },
  {
    "villagecode": "041",
    "villagename": "Balbakki                 ",
    "villagetname": "041 பல்பாக்கி                                                                                                                "
  },
  {
    "villagecode": "086",
    "villagename": "Desavilakku (North)      ",
    "villagetname": "086 தெசவிளக்கு(வடக்கு)                                                                                                       "
  },
  {
    "villagecode": "862",
    "villagename": "Desavilakku (South)      ",
    "villagetname": "862 தெசவிளக்கு(தெற்கு)                                                                                                       "
  },
  {
    "villagecode": "085",
    "villagename": "Edayappatti              ",
    "villagetname": "085 இடையப்பட்டி                                                                                                              "
  },
  {
    "villagecode": "083",
    "villagename": "Elavampatti              ",
    "villagetname": "083 இலவம்பட்டி                                                                                                               "
  },
  {
    "villagecode": "056",
    "villagename": "Ettikuttapatti           ",
    "villagetname": "056 எட்டிகுட்டப்பட்டி                                                                                                        "
  },
  {
    "villagecode": "053",
    "villagename": "Gollapatti               ",
    "villagetname": "053 கொல்லப்பட்டி                                                                                                             "
  },
  {
    "villagecode": "046",
    "villagename": "Gopinathapuram           ",
    "villagetname": "046 கோபிநாதபுரம்                                                                                                             "
  },
  {
    "villagecode": "048",
    "villagename": "Jegadevampatti           ",
    "villagetname": "048 ஜெகதேவம்பட்டி                                                                                                            "
  },
  {
    "villagecode": "043",
    "villagename": "Kamalapuram              ",
    "villagetname": "043 காமலாபுரம்                                                                                                               "
  },
  {
    "villagecode": "049",
    "villagename": "Kamminaickenpatti        ",
    "villagetname": "049 காமிநாய்க்கன்பட்டி                                                                                                       "
  },
  {
    "villagecode": "072",
    "villagename": "Karukkalvadi             ",
    "villagetname": "072 கருக்கல்வாடி                                                                                                             "
  },
  {
    "villagecode": "040",
    "villagename": "Karuppanampatti          ",
    "villagetname": "040 கருப்பனம்பட்டி                                                                                                           "
  },
  {
    "villagecode": "063",
    "villagename": "Karuppur                 ",
    "villagetname": "063 கருப்பூர்                                                                                                                "
  },
  {
    "villagecode": "078",
    "villagename": "Kasuvareddipatti         ",
    "villagetname": "078 கசுவரெட்டிப்பட்டி                                                                                                        "
  },
  {
    "villagecode": "026",
    "villagename": "Kattaperiampatti         ",
    "villagetname": "026 கட்டபெரியாம்பட்டி                                                                                                        "
  },
  {
    "villagecode": "074",
    "villagename": "Konagapadi               ",
    "villagetname": "074 கோணகாப்பாடி                                                                                                              "
  },
  {
    "villagecode": "064",
    "villagename": "Kottagoundampatti        ",
    "villagetname": "064 கோட்டகவுண்டம்பட்டி                                                                                                       "
  },
  {
    "villagecode": "058",
    "villagename": "Kottamettupatti          ",
    "villagetname": "058 கோட்டமேட்டுப்பட்டி                                                                                                       "
  },
  {
    "villagecode": "059",
    "villagename": "Kullamanaickenpatti      ",
    "villagetname": "059 குள்ளமனாய்க்கன்பட்டி                                                                                                     "
  },
  {
    "villagecode": "075",
    "villagename": "Kurukkupatti             ",
    "villagetname": "075 குருக்குப்பட்டி                                                                                                          "
  },
  {
    "villagecode": "054",
    "villagename": "Mailapalayam             ",
    "villagetname": "054 மைலப்பாளையம்                                                                                                             "
  },
  {
    "villagecode": "030",
    "villagename": "Mallikuttai              ",
    "villagetname": "030 மல்லிக்குட்டை                                                                                                            "
  },
  {
    "villagecode": "029",
    "villagename": "Manathal                 ",
    "villagetname": "029 மானத்தாள்                                                                                                                "
  },
  {
    "villagecode": "068",
    "villagename": "Manguppai                ",
    "villagetname": "068 மாங்குப்பை                                                                                                               "
  },
  {
    "villagecode": "052",
    "villagename": "Moongilpadi              ",
    "villagetname": "052 மூங்கில்பாடி                                                                                                             "
  },
  {
    "villagecode": "038",
    "villagename": "M.Settipatti             ",
    "villagetname": "038 செட்டிப்பட்டி                                                                                                            "
  },
  {
    "villagecode": "071",
    "villagename": "Muthunaickenpatti        ",
    "villagetname": "071 முத்துநாய்க்கன்பட்டி                                                                                                     "
  },
  {
    "villagecode": "055",
    "villagename": "Naranampalayam           ",
    "villagetname": "055 நாரணம்பாளையம்                                                                                                            "
  },
  {
    "villagecode": "060",
    "villagename": "Omalur                   ",
    "villagetname": "060 ஒமலுார்                                                                                                                  "
  },
  {
    "villagecode": "039",
    "villagename": "Pachanampatti            ",
    "villagetname": "039 பச்சனம்பட்டி                                                                                                             "
  },
  {
    "villagecode": "069",
    "villagename": "Pagalpatti               ",
    "villagetname": "069 பாகல்பட்டி                                                                                                               "
  },
  {
    "villagecode": "084",
    "villagename": "Panickanur               ",
    "villagetname": "084 பனிக்கனுார்                                                                                                              "
  },
  {
    "villagecode": "087",
    "villagename": "Pappampadi               ",
    "villagetname": "087 பாப்பம்பாடி                                                                                                              "
  },
  {
    "villagecode": "035",
    "villagename": "Periyeripatti            ",
    "villagetname": "035 பெரியேரிப்பட்டி                                                                                                          "
  },
  {
    "villagecode": "025",
    "villagename": "P.Kalipatti              ",
    "villagetname": "025 காளிப்பட்டி                                                                                                              "
  },
  {
    "villagecode": "061",
    "villagename": "Puliampatti              ",
    "villagetname": "061 புளியம்பட்டி                                                                                                             "
  },
  {
    "villagecode": "080",
    "villagename": "Ramireddipatti           ",
    "villagetname": "080 ராமிரெட்டிப்பட்டி                                                                                                        "
  },
  {
    "villagecode": "036",
    "villagename": "Reddipatti               ",
    "villagetname": "036 ரெட்டிப்பட்டி                                                                                                            "
  },
  {
    "villagecode": "066",
    "villagename": "Saminaickenpatti         ",
    "villagetname": "066 சாமிநாய்க்கன்பட்டி                                                                                                       "
  },
  {
    "villagecode": "062",
    "villagename": "Sangeethapatti           ",
    "villagetname": "062 சங்கீதபட்டி                                                                                                              "
  },
  {
    "villagecode": "045",
    "villagename": "Sekkarachettipatti       ",
    "villagetname": "045 சக்கரசெட்டிப்பட்டி                                                                                                       "
  },
  {
    "villagecode": "057",
    "villagename": "Sekkarapatti             ",
    "villagetname": "057 செக்காரப்பட்டி                                                                                                           "
  },
  {
    "villagecode": "081",
    "villagename": "Selavadai                ",
    "villagetname": "081 செலவடை                                                                                                                   "
  },
  {
    "villagecode": "070",
    "villagename": "Sellapillaikuttai        ",
    "villagetname": "070 செல்லப்பிள்ளைகுட்டை                                                                                                      "
  },
  {
    "villagecode": "077",
    "villagename": "Sikkampatti              ",
    "villagetname": "077 சிக்கம்பட்டி                                                                                                             "
  },
  {
    "villagecode": "076",
    "villagename": "Tharamangalam            ",
    "villagetname": "076 தாரமங்கலம்                                                                                                               "
  },
  {
    "villagecode": "051",
    "villagename": "Thathaiyangrapatti       ",
    "villagetname": "051 தாத்தையங்கார்பட்டி                                                                                                       "
  },
  {
    "villagecode": "050",
    "villagename": "Thekkampatti             ",
    "villagetname": "050 தேக்கம்பட்டி                                                                                                             "
  },
  {
    "villagecode": "037",
    "villagename": "Thindamangalam           ",
    "villagetname": "037 திண்டமங்கலம்                                                                                                             "
  },
  {
    "villagecode": "032",
    "villagename": "Tholasampatti            ",
    "villagetname": "032 தொளசம்பட்டி                                                                                                              "
  },
  {
    "villagecode": "033",
    "villagename": "Thundamaniyam            ",
    "villagetname": "033 துண்டுமானியம்                                                                                                            "
  },
  {
    "villagecode": "028",
    "villagename": "T.Maramangalam           ",
    "villagetname": "028 டி மாரமங்கலம்                                                                                                            "
  },
  {
    "villagecode": "027",
    "villagename": "U.Maramangalam           ",
    "villagetname": "027 ஊ மாரமங்கலம்                                                                                                             "
  },
  {
    "villagecode": "034",
    "villagename": "Vedapatti                ",
    "villagetname": "034 வேடப்பட்டி                                                                                                               "
  },
  {
    "villagecode": "067",
    "villagename": "Vellakkalpatti           ",
    "villagetname": "067 வெள்ளக்கல்பட்டி                                                                                                          "
  },
  {
    "villagecode": "047",
    "villagename": "Vellapatti               ",
    "villagetname": "047 வெள்ளாளப்பட்டி                                                                                                           "
  }
]
