[
  {
    "villagecode": "086",
    "villagename": "Alankuppam               ",
    "villagetname": "ஆலாங்குப்பம்                                                                                                                 "
  },
  {
    "villagecode": "077",
    "villagename": "Ambur                    ",
    "villagetname": "ஆம்பூர்                                                                                                                      "
  },
  {
    "villagecode": "058",
    "villagename": "Ayithumpattu             ",
    "villagetname": "அயித்தம்பட்டு                                                                                                                "
  },
  {
    "villagecode": "055",
    "villagename": "Bairapalli               ",
    "villagetname": "பைரபள்ளி                                                                                                                     "
  },
  {
    "villagecode": "062",
    "villagename": "Bavarthampattarai        ",
    "villagetname": "பாவர்தம்பட்டரை                                                                                                               "
  },
  {
    "villagecode": "034",
    "villagename": "Chinnapallikuppam        ",
    "villagetname": "சின்னபள்ளிகுப்பம்                                                                                                            "
  },
  {
    "villagecode": "057",
    "villagename": "Chinnavarigam            ",
    "villagetname": "சின்னவரிகம்                                                                                                                  "
  },
  {
    "villagecode": "047",
    "villagename": "Devalapuram              ",
    "villagetname": "தேவலாபுரம்                                                                                                                   "
  },
  {
    "villagecode": "033",
    "villagename": "Echampattu               ",
    "villagetname": "ஈச்சம்பட்டு                                                                                                                  "
  },
  {
    "villagecode": "056",
    "villagename": "Kailasagiri              ",
    "villagetname": "கைலாசகிரி                                                                                                                    "
  },
  {
    "villagecode": "046",
    "villagename": "Kammakrishnapalli        ",
    "villagetname": "கம்மகிருஷ்ணாபள்ளி                                                                                                            "
  },
  {
    "villagecode": "082",
    "villagename": "Kammiyampattu            ",
    "villagetname": "கம்மியம்பட்டு                                                                                                                "
  },
  {
    "villagecode": "087",
    "villagename": "Kannadikuppam            ",
    "villagetname": "கன்னடிகுப்பம்                                                                                                                "
  },
  {
    "villagecode": "040",
    "villagename": "Karapattu                ",
    "villagetname": "காரப்பட்டு                                                                                                                   "
  },
  {
    "villagecode": "048",
    "villagename": "Karumbur                 ",
    "villagetname": "கரும்பூர்                                                                                                                    "
  },
  {
    "villagecode": "041",
    "villagename": "Kathavalam               ",
    "villagetname": "கதவாலம்                                                                                                                      "
  },
  {
    "villagecode": "066",
    "villagename": "Kilmurungai              ",
    "villagetname": "கீழ்முருங்கை                                                                                                                 "
  },
  {
    "villagecode": "061",
    "villagename": "Kommeswaram              ",
    "villagetname": "கொம்மேஸ்வரம்                                                                                                                 "
  },
  {
    "villagecode": "064",
    "villagename": "Kommeswaram              ",
    "villagetname": "கொம்மேஸ்வரம்                                                                                                                 "
  },
  {
    "villagecode": "068",
    "villagename": "Kulithigai               ",
    "villagetname": "குளிதிகை                                                                                                                     "
  },
  {
    "villagecode": "042",
    "villagename": "Kumaramangalam           ",
    "villagetname": "குமாரமங்கலம்                                                                                                                 "
  },
  {
    "villagecode": "051",
    "villagename": "Labbaimankuppam          ",
    "villagetname": "லப்பைமாங்குப்பம்                                                                                                             "
  },
  {
    "villagecode": "070",
    "villagename": "Madhanur                 ",
    "villagetname": "மாதனூர்                                                                                                                      "
  },
  {
    "villagecode": "039",
    "villagename": "Malayampattu             ",
    "villagetname": "மலையாம்பட்டு                                                                                                                 "
  },
  {
    "villagecode": "044",
    "villagename": "Maniyarakuppam           ",
    "villagetname": "மணியாரகுப்பம்                                                                                                                "
  },
  {
    "villagecode": "078",
    "villagename": "Melkrishnapuram          ",
    "villagetname": "மேல்கிருஷ்ணாபுரம்                                                                                                            "
  },
  {
    "villagecode": "089",
    "villagename": "Minnur                   ",
    "villagetname": "மின்னூர்                                                                                                                     "
  },
  {
    "villagecode": "054",
    "villagename": "Mittalam                 ",
    "villagetname": "மிட்டாளம்                                                                                                                    "
  },
  {
    "villagecode": "038",
    "villagename": "M.S.Kuppam               ",
    "villagetname": "மேல்சானாங்குப்பம்                                                                                                            "
  },
  {
    "villagecode": "083",
    "villagename": "Nacharkuppam             ",
    "villagetname": "நாச்சார்குப்பம்                                                                                                              "
  },
  {
    "villagecode": "080",
    "villagename": "Naikaneri                ",
    "villagetname": "நாய்க்கனேரி                                                                                                                  "
  },
  {
    "villagecode": "80B",
    "villagename": "Naikaneri (Kamanurthattu)",
    "villagetname": "நாய்க்கனேரி(காமனூர்தட்டு)                                                                                                    "
  },
  {
    "villagecode": "80A",
    "villagename": "Naikaneri (Panankatteri) ",
    "villagetname": "நாய்க்கனேரி(பனங்காட்டேரி)                                                                                                    "
  },
  {
    "villagecode": "059",
    "villagename": "Nariyampattu             ",
    "villagetname": "நரியம்பட்டு                                                                                                                  "
  },
  {
    "villagecode": "076",
    "villagename": "Palur                    ",
    "villagetname": "பாலூர்                                                                                                                       "
  },
  {
    "villagecode": "36A",
    "villagename": "Pappanapalli             ",
    "villagetname": "பாப்பனப்பள்ளி                                                                                                                "
  },
  {
    "villagecode": "049",
    "villagename": "Parsanapalli             ",
    "villagetname": "பார்சனப்பள்ளி                                                                                                                "
  },
  {
    "villagecode": "084",
    "villagename": "Periankuppam             ",
    "villagetname": "பெரியாங்குப்பம்                                                                                                              "
  },
  {
    "villagecode": "053",
    "villagename": "Periavarikkam            ",
    "villagetname": "பெரியவரிகம்                                                                                                                  "
  },
  {
    "villagecode": "079",
    "villagename": "Sanankuppam              ",
    "villagetname": "சாணாங்குப்பம்                                                                                                                "
  },
  {
    "villagecode": "060",
    "villagename": "Sathambakkam             ",
    "villagetname": "சாத்தம்பாக்கம்                                                                                                               "
  },
  {
    "villagecode": "090",
    "villagename": "Sengilikuppam            ",
    "villagetname": "செங்கிலிகுப்பம்                                                                                                              "
  },
  {
    "villagecode": "085",
    "villagename": "Solur                    ",
    "villagetname": "சோலூர்                                                                                                                       "
  },
  {
    "villagecode": "063",
    "villagename": "Somalapuram              ",
    "villagetname": "சோமலாபுரம்                                                                                                                   "
  },
  {
    "villagecode": "043",
    "villagename": "Thennampattu             ",
    "villagetname": "தென்னம்பட்டு                                                                                                                 "
  },
  {
    "villagecode": "075",
    "villagename": "Thirumali Kuppam         ",
    "villagetname": "திருமலைகுப்பம்                                                                                                               "
  },
  {
    "villagecode": "069",
    "villagename": "Thottalam                ",
    "villagetname": "தோட்டாலம்                                                                                                                    "
  },
  {
    "villagecode": "052",
    "villagename": "Thuthipattu              ",
    "villagetname": "துத்திபட்டு                                                                                                                  "
  },
  {
    "villagecode": "35A",
    "villagename": "Vadacheri                ",
    "villagetname": "வடச்சேரி                                                                                                                     "
  },
  {
    "villagecode": "37A",
    "villagename": "Vadakarai                ",
    "villagetname": "வடகரை                                                                                                                        "
  },
  {
    "villagecode": "065",
    "villagename": "Vadapuduputtu            ",
    "villagetname": "வடபுதுப்பட்டு                                                                                                                "
  },
  {
    "villagecode": "045",
    "villagename": "Veerankuppam             ",
    "villagetname": "வீராங்குப்பம்                                                                                                                "
  },
  {
    "villagecode": "081",
    "villagename": "Vellakkal                ",
    "villagetname": "வெள்ளக்கல்                                                                                                                   "
  },
  {
    "villagecode": "067",
    "villagename": "Vengili                  ",
    "villagetname": "வெங்கிலி                                                                                                                     "
  },
  {
    "villagecode": "050",
    "villagename": "Venkatasamudram          ",
    "villagetname": "வெங்கடசமுத்திரம்                                                                                                             "
  },
  {
    "villagecode": "088",
    "villagename": "Vinnamangalam            ",
    "villagetname": "விண்ணமங்கலம்                                                                                                                 "
  }
]
