[
  {
    "villagecode": "007",
    "villagename": "Adukkam                  ",
    "villagetname": "அடுக்கம்                                                                                                                     "
  },
  {
    "villagecode": "011",
    "villagename": "Kamanur                  ",
    "villagetname": "காமனுர்                                                                                                                      "
  },
  {
    "villagecode": "012",
    "villagename": "K.C.Patty                ",
    "villagetname": "கிழக்குசெட்டியபட்டி                                                                                                          "
  },
  {
    "villagecode": "016",
    "villagename": "Kodaikanal               ",
    "villagetname": "கொடைக்கானல்                                                                                                                  "
  },
  {
    "villagecode": "001",
    "villagename": "Kookal                   ",
    "villagetname": "கூக்கால்                                                                                                                     "
  },
  {
    "villagecode": "004",
    "villagename": "Mannavanoor              ",
    "villagetname": "மன்னவனூர்                                                                                                                    "
  },
  {
    "villagecode": "014",
    "villagename": "Pachalur                 ",
    "villagetname": "பாச்சலூர்                                                                                                                    "
  },
  {
    "villagecode": "009",
    "villagename": "Pannaikadu               ",
    "villagetname": "பண்ணைக்காடு                                                                                                                  "
  },
  {
    "villagecode": "013",
    "villagename": "Periyur                  ",
    "villagetname": "பெரியூர்                                                                                                                     "
  },
  {
    "villagecode": "008",
    "villagename": "Poolathur                ",
    "villagetname": "பூலத்தூர்                                                                                                                    "
  },
  {
    "villagecode": "003",
    "villagename": "Poombarai                ",
    "villagetname": "பூம்பாறை                                                                                                                     "
  },
  {
    "villagecode": "005",
    "villagename": "Poondi                   ",
    "villagetname": "பூண்டி                                                                                                                       "
  },
  {
    "villagecode": "010",
    "villagename": "Thandikudi               ",
    "villagetname": "தாண்டிக்குடி                                                                                                                 "
  },
  {
    "villagecode": "015",
    "villagename": "Vadagounchi              ",
    "villagetname": "வடகவுஞ்சி                                                                                                                    "
  },
  {
    "villagecode": "006",
    "villagename": "Vellakavi                ",
    "villagetname": "வெள்ளகவி                                                                                                                     "
  },
  {
    "villagecode": "002",
    "villagename": "Vilpatty                 ",
    "villagetname": "வில்பட்டி                                                                                                                    "
  }
]
