[
  {
    "villagecode": "034",
    "villagename": "Anupperpalayam.          ",
    "villagetname": "அனுப்பர்பாளையம்                                                                                                              "
  },
  {
    "villagecode": "005",
    "villagename": "Billichi (E) (W)",
    "villagetname": "பிளிச்சி (கி-மே)                                                                                                             "
  },
  {
    "villagecode": "023",
    "villagename": "Chinnathadagam.          ",
    "villagetname": "சின்னதடாகம்                                                                                                                  "
  },
  {
    "villagecode": "030",
    "villagename": "Chinnavedampatty.        ",
    "villagetname": "சின்னவேடம்பட்டி                                                                                                              "
  },
  {
    "villagecode": "031",
    "villagename": "Ganapathy (E) (W)",
    "villagetname": "கணபதி (கி-மே)                                                                                                                "
  },
  {
    "villagecode": "002",
    "villagename": "Gudalur (N) (S)",
    "villagetname": "கூடலூர் (வ-தெ)                                                                                                               "
  },
  {
    "villagecode": "012",
    "villagename": "Kalapatty (East)         ",
    "villagetname": "காளப்பட்டி (கிழக்கு)                                                                                                         "
  },
  {
    "villagecode": "028",
    "villagename": "Kalapatty (West)         ",
    "villagetname": "காளப்பட்டி (மேற்கு)                                                                                                          "
  },
  {
    "villagecode": "032",
    "villagename": "Krishnarayapuaram.       ",
    "villagetname": "கிருஷ்ணராயபுரம்                                                                                                              "
  },
  {
    "villagecode": "018",
    "villagename": "Kurudampalayam.          ",
    "villagetname": "குருடம்பாளையம்                                                                                                               "
  },
  {
    "villagecode": "001",
    "villagename": "Naikenpalayam.           ",
    "villagetname": "நாயக்கன்பாளையம்                                                                                                              "
  },
  {
    "villagecode": "022",
    "villagename": "Nanjundapuram.           ",
    "villagetname": "நஞ்சுண்டாபுரம்                                                                                                               "
  },
  {
    "villagecode": "017",
    "villagename": "Narasimmanaikenpalayam.  ",
    "villagetname": "நரசிம்மநாயக்கன்பாளையம்                                                                                                       "
  },
  {
    "villagecode": "021",
    "villagename": "Pannimadai.              ",
    "villagetname": "பன்னிமடை                                                                                                                     "
  },
  {
    "villagecode": "003",
    "villagename": "Periyanaikanpalayam.     ",
    "villagetname": "பெரியநாயக்கன்பாளையம்                                                                                                         "
  },
  {
    "villagecode": "033",
    "villagename": "Puliyakulam.             ",
    "villagetname": "புளியகுளம்                                                                                                                   "
  },
  {
    "villagecode": "029",
    "villagename": "Sanganur.                ",
    "villagetname": "சங்கனூர்                                                                                                                     "
  },
  {
    "villagecode": "014",
    "villagename": "Saravanampatty.          ",
    "villagetname": "சரவணம்பட்டி                                                                                                                  "
  },
  {
    "villagecode": "025",
    "villagename": "Somayampalayam.          ",
    "villagetname": "சோமையம்பாளையம்                                                                                                               "
  },
  {
    "villagecode": "027",
    "villagename": "Thelungupalayam.         ",
    "villagetname": "தெலுங்குபாளையம்                                                                                                              "
  },
  {
    "villagecode": "020",
    "villagename": "Thudiyalur.              ",
    "villagetname": "துடியலூர்                                                                                                                    "
  },
  {
    "villagecode": "024",
    "villagename": "Veerapandi.              ",
    "villagetname": "வீரபாண்டி(24)                                                                                                                "
  },
  {
    "villagecode": "004",
    "villagename": "Veerapandi.              ",
    "villagetname": "வீரபாண்டி                                                                                                                    "
  },
  {
    "villagecode": "019",
    "villagename": "Vellakinar.              ",
    "villagetname": "வெள்ளகிணர்                                                                                                                   "
  },
  {
    "villagecode": "013",
    "villagename": "Vilankurichy.            ",
    "villagetname": "விளாங்குறிச்சி                                                                                                               "
  }
]
