[
  {
    "villagecode": "026",
    "villagename": "Govindanagaram           ",
    "villagetname": "கோவிந்தநகரம்                                                                                                                 "
  },
  {
    "villagecode": "027",
    "villagename": "Jangalpatti              ",
    "villagetname": "ஜங்கால்பட்டி                                                                                                                 "
  },
  {
    "villagecode": "025",
    "villagename": "Koduvilarpatti           ",
    "villagetname": "கொடுவிலார்பட்டி                                                                                                              "
  },
  {
    "villagecode": "020",
    "villagename": "Kottur                   ",
    "villagetname": "கோட்டூர்                                                                                                                     "
  },
  {
    "villagecode": "022",
    "villagename": "Poomalaigundu            ",
    "villagetname": "புமலைக்குண்டு                                                                                                                "
  },
  {
    "villagecode": "021",
    "villagename": "Seelayampatti            ",
    "villagetname": "சீலையம்பட்டி                                                                                                                 "
  },
  {
    "villagecode": "024",
    "villagename": "Thadicherry              ",
    "villagetname": "தாடிச்சேரி                                                                                                                   "
  },
  {
    "villagecode": "023",
    "villagename": "Thappugundu              ",
    "villagetname": "தப்புக்குண்டு                                                                                                                "
  },
  {
    "villagecode": "016",
    "villagename": "Unjampatti               ",
    "villagetname": "ஊஞ்சாம்பட்டி                                                                                                                 "
  },
  {
    "villagecode": "019",
    "villagename": "Upparpatti               ",
    "villagetname": "உப்பார்பட்டி                                                                                                                 "
  },
  {
    "villagecode": "018",
    "villagename": "Veerapandi               ",
    "villagetname": "வீரபாண்டி                                                                                                                    "
  }
]
