[
  {
    "villagecode": "006",
    "villagename": "Magananthapuram          ",
    "villagetname": "மதனந்தபுரம்                                                                                                                  "
  },
  {
    "villagecode": "008",
    "villagename": "Manappakkam              ",
    "villagetname": "மணப்பாக்கம்                                                                                                                  "
  },
  {
    "villagecode": "010",
    "villagename": "Meenambakaam             ",
    "villagetname": "மீனம்பாக்கம்                                                                                                                 "
  },
  {
    "villagecode": "007",
    "villagename": "Mukalivakkam             ",
    "villagetname": "முகலிவாக்கம்                                                                                                                 "
  },
  {
    "villagecode": "009",
    "villagename": "Nanthambakkam            ",
    "villagetname": "நந்தம்பாக்கம்                                                                                                                "
  }
]
