[
  {
    "villagecode": "016",
    "villagename": "Ariyur                   ",
    "villagetname": "அரியூர்                                                                                                                      "
  },
  {
    "villagecode": "008",
    "villagename": "Cuddalor                 ",
    "villagetname": "கூடலூர்                                                                                                                      "
  },
  {
    "villagecode": "013",
    "villagename": "Dharugapuram             ",
    "villagetname": "தாருகாபுரம்                                                                                                                  "
  },
  {
    "villagecode": "003",
    "villagename": "Inamkovilpatti           ",
    "villagetname": "இனாம்கோவில்பட்டி                                                                                                             "
  },
  {
    "villagecode": "101",
    "villagename": "Naranapuram - Part-1     ",
    "villagetname": "நாரணபுரம்  பாகம்-1                                                                                                           "
  },
  {
    "villagecode": "102",
    "villagename": "Naranapuram - Part-2     ",
    "villagetname": "நாரணபுரம்  பாகம்-2                                                                                                           "
  },
  {
    "villagecode": "009",
    "villagename": "Nelkattumseval           ",
    "villagetname": "நெல்கட்டும்செவல்                                                                                                             "
  },
  {
    "villagecode": "015",
    "villagename": "Patakurichi              ",
    "villagetname": "பட்டக்குறிச்சி                                                                                                               "
  },
  {
    "villagecode": "007",
    "villagename": "Ramanathapuram           ",
    "villagetname": "ராமனாதபுரம்                                                                                                                  "
  },
  {
    "villagecode": "151",
    "villagename": "Rayagiri - Part-1        ",
    "villagetname": "இராயகிரி  பாகம்-1                                                                                                            "
  },
  {
    "villagecode": "152",
    "villagename": "Rayagiri - Part-2        ",
    "villagetname": "இராயகிரி  பாகம்-2                                                                                                            "
  },
  {
    "villagecode": "014",
    "villagename": "Sanganaperi              ",
    "villagetname": "சங்கனாப்பேரி                                                                                                                 "
  },
  {
    "villagecode": "121",
    "villagename": "Sivagiri - Part-1        ",
    "villagetname": "சிவகிரி  பாகம்-1                                                                                                             "
  },
  {
    "villagecode": "122",
    "villagename": "Sivagiri - Part-2        ",
    "villagetname": "சிவகிரி  பாகம்-2                                                                                                             "
  },
  {
    "villagecode": "012",
    "villagename": "Subramaniyapuram         ",
    "villagetname": "சுப்பிரமணியபுரம்                                                                                                             "
  },
  {
    "villagecode": "141",
    "villagename": "Thenmalai - Part-1       ",
    "villagetname": "தென்மலை   பாகம்-1                                                                                                            "
  },
  {
    "villagecode": "142",
    "villagename": "Thenmalai - Part-2       ",
    "villagetname": "தென்மலை   பாகம்-2                                                                                                            "
  },
  {
    "villagecode": "006",
    "villagename": "Thirumalapuram           ",
    "villagetname": "திருமலாபுரம்                                                                                                                 "
  },
  {
    "villagecode": "011",
    "villagename": "Vasudevanallur           ",
    "villagetname": "வாசுதேவநல்லூர்                                                                                                               "
  },
  {
    "villagecode": "911",
    "villagename": "Viswanathaperi - Part-1  ",
    "villagetname": "விஸ்வநாதபேரி  பாகம்-1                                                                                                        "
  },
  {
    "villagecode": "912",
    "villagename": "Viswanathaperi - Part-2  ",
    "villagetname": "விஸ்வநாதபேரி  பாகம்-2                                                                                                        "
  }
]
