[
  {
    "villagecode": "004",
    "villagename": "Agaraalambadi",
    "villagetname": "அகரஆலம்பாடி                                                                                                                  "
  },
  {
    "villagecode": "071",
    "villagename": "Agaram",
    "villagetname": "அகரம்                                                                                                                        "
  },
  {
    "villagecode": "036",
    "villagename": "Alambadi (Kaspa)",
    "villagetname": "கஸ்பா. ஆலம்பாடி                                                                                                              "
  },
  {
    "villagecode": "059",
    "villagename": "Alamelumangapuram",
    "villagetname": "அலமேலுமங்காபுரம்                                                                                                             "
  },
  {
    "villagecode": "023",
    "villagename": "Ambapuram",
    "villagetname": "அம்பாபுரம்                                                                                                                   "
  },
  {
    "villagecode": "009",
    "villagename": "Anaivari",
    "villagetname": "ஆனைவாரி                                                                                                                      "
  },
  {
    "villagecode": "068",
    "villagename": "Ariyagoshty",
    "villagetname": "அரியகோஷ்டி                                                                                                                   "
  },
  {
    "villagecode": "055",
    "villagename": "Arulmuzhidevan",
    "villagetname": "பு. அருண்மொழிதேவன்                                                                                                           "
  },
  {
    "villagecode": "051",
    "villagename": "Ayipuram",
    "villagetname": "ஆயிபுரம்                                                                                                                     "
  },
  {
    "villagecode": "018",
    "villagename": "Azhisikudi",
    "villagetname": "அழிச்சிக்குடி                                                                                                                "
  },
  {
    "villagecode": "052",
    "villagename": "B.Adhivarahanallur",
    "villagetname": "பு.ஆதிவராகநல்லுார்                                                                                                           "
  },
  {
    "villagecode": "037",
    "villagename": "B.Adhivarhanatham",
    "villagetname": "பு. ஆதிவராகநத்தம்                                                                                                            "
  },
  {
    "villagecode": "005",
    "villagename": "B.Athur",
    "villagetname": "பு.ஆதனுார்                                                                                                                   "
  },
  {
    "villagecode": "039",
    "villagename": "Boothavarayanpettai",
    "villagetname": "பூதவராயன்பேட்டை                                                                                                              "
  },
  {
    "villagecode": "020",
    "villagename": "B.Udaiyur",
    "villagetname": "பு.உடையூர்                                                                                                                   "
  },
  {
    "villagecode": "067",
    "villagename": "Chinnakummatti",
    "villagetname": "சின்னகுமட்டி                                                                                                                 "
  },
  {
    "villagecode": "048",
    "villagename": "Chitheri",
    "villagetname": "பு.சித்தேரி                                                                                                                  "
  },
  {
    "villagecode": "044",
    "villagename": "Chokkankollai",
    "villagetname": "சொக்கன்கொல்லை                                                                                                                "
  },
  {
    "villagecode": "070",
    "villagename": "C.Mutlur",
    "villagetname": "சி.முட்லூர்                                                                                                                  "
  },
  {
    "villagecode": "030",
    "villagename": "Ellaikkudi",
    "villagetname": "எல்லைக்குடி                                                                                                                  "
  },
  {
    "villagecode": "010",
    "villagename": "Erumbur",
    "villagetname": "எறும்புர்                                                                                                                    "
  },
  {
    "villagecode": "029",
    "villagename": "Jayamkondam",
    "villagetname": "ஜெயங்கொண்டான்                                                                                                                "
  },
  {
    "villagecode": "001",
    "villagename": "Kathazhai",
    "villagetname": "கத்தாழை                                                                                                                      "
  },
  {
    "villagecode": "050",
    "villagename": "Kezh Bhuvanagiri",
    "villagetname": "கீழ்புவனகிரி                                                                                                                 "
  },
  {
    "villagecode": "046",
    "villagename": "Kezhmanakkudi",
    "villagetname": "கீழமணக்குடி                                                                                                                  "
  },
  {
    "villagecode": "017",
    "villagename": "Kilavadi Natham",
    "villagetname": "கிளாவடிநத்தம்                                                                                                                "
  },
  {
    "villagecode": "028",
    "villagename": "Kolakkudi",
    "villagetname": "பு.கொளக்குடி                                                                                                                 "
  },
  {
    "villagecode": "066",
    "villagename": "Kotthattai",
    "villagetname": "கொத்தட்டை                                                                                                                    "
  },
  {
    "villagecode": "031",
    "villagename": "Kummadimulai",
    "villagetname": "குமுடிமூலை                                                                                                                   "
  },
  {
    "villagecode": "049",
    "villagename": "Kurimangalam",
    "villagetname": "குறியாமங்கலம்                                                                                                                "
  },
  {
    "villagecode": "060",
    "villagename": "Manikollai",
    "villagetname": "மணிக்கொல்லை                                                                                                                  "
  },
  {
    "villagecode": "022",
    "villagename": "Manjakollai",
    "villagetname": "மஞ்சக்கொல்லை                                                                                                                 "
  },
  {
    "villagecode": "054",
    "villagename": "Manjakuzhi",
    "villagetname": "மஞ்சக்குழி                                                                                                                   "
  },
  {
    "villagecode": "034",
    "villagename": "Maruthur",
    "villagetname": "மருதூர்                                                                                                                      "
  },
  {
    "villagecode": "040",
    "villagename": "Melbhuvanagiri",
    "villagetname": "மேல்புவனகிரி                                                                                                                 "
  },
  {
    "villagecode": "047",
    "villagename": "Melmanakkudi",
    "villagetname": "மேலமணக்குடி                                                                                                                  "
  },
  {
    "villagecode": "015",
    "villagename": "Meralur",
    "villagetname": "மிராளுர்                                                                                                                     "
  },
  {
    "villagecode": "053",
    "villagename": "Mudlur",
    "villagetname": "பு.முட்லுார்                                                                                                                 "
  },
  {
    "villagecode": "032",
    "villagename": "Nathamedu",
    "villagetname": "நத்தமேடு                                                                                                                     "
  },
  {
    "villagecode": "011",
    "villagename": "Nellikollai",
    "villagetname": "நெல்லிக்கொல்லை                                                                                                               "
  },
  {
    "villagecode": "064",
    "villagename": "Palvathunnan",
    "villagetname": "பால்வாத்துண்ணான்                                                                                                             "
  },
  {
    "villagecode": "072",
    "villagename": "Parangipettai",
    "villagetname": "பரங்கிப்பேட்டை                                                                                                               "
  },
  {
    "villagecode": "069",
    "villagename": "Periyakummatti",
    "villagetname": "பெரியகுமட்டி                                                                                                                 "
  },
  {
    "villagecode": "006",
    "villagename": "Periyanarkunam",
    "villagetname": "பெரியநெற்குணம்                                                                                                               "
  },
  {
    "villagecode": "061",
    "villagename": "Periyapattu",
    "villagetname": "பெரியப்பட்டு                                                                                                                 "
  },
  {
    "villagecode": "013",
    "villagename": "Pinnalur",
    "villagetname": "பின்னலூர்                                                                                                                    "
  },
  {
    "villagecode": "058",
    "villagename": "Poovalai (East)",
    "villagetname": "பூவாலை (கிழக்கு)                                                                                                             "
  },
  {
    "villagecode": "073",
    "villagename": "Poovalai (West)",
    "villagetname": "புவாலை (மேற்கு)                                                                                                              "
  },
  {
    "villagecode": "024",
    "villagename": "Prasannaramapuram",
    "villagetname": "பிரசன்னராமாபுரம்                                                                                                             "
  },
  {
    "villagecode": "043",
    "villagename": "Sathappadi",
    "villagetname": "சாத்தப்பாடி                                                                                                                  "
  },
  {
    "villagecode": "021",
    "villagename": "Seeyappadi",
    "villagetname": "சீயப்பாடி                                                                                                                    "
  },
  {
    "villagecode": "057",
    "villagename": "Senthirakkilllai",
    "villagetname": "சேந்திரக்கிள்ளை                                                                                                              "
  },
  {
    "villagecode": "014",
    "villagename": "Sethiayathoppu",
    "villagetname": "சேத்தியாதோப்பு                                                                                                               "
  },
  {
    "villagecode": "062",
    "villagename": "Silambimangalam",
    "villagetname": "சிலம்பிமங்கலம்                                                                                                               "
  },
  {
    "villagecode": "007",
    "villagename": "Sinnanarkunam",
    "villagetname": "சின்னநெற்குணம்                                                                                                               "
  },
  {
    "villagecode": "038",
    "villagename": " Suthukuzhi",
    "villagetname": "சுத்துக்குழி                                                                                                                 "
  },
  {
    "villagecode": "056",
    "villagename": "Thachakadu",
    "villagetname": "தச்சக்காடு                                                                                                                   "
  },
  {
    "villagecode": "035",
    "villagename": "Thenkrishnapuram",
    "villagetname": "தென்கிருஷ்ணாபுரம்                                                                                                            "
  },
  {
    "villagecode": "026",
    "villagename": "Thenthalaikulam",
    "villagetname": "தென்தலைக்குளம்                                                                                                               "
  },
  {
    "villagecode": "041",
    "villagename": "Therkuthittai",
    "villagetname": "தெற்குதிட்டை                                                                                                                 "
  },
  {
    "villagecode": "012",
    "villagename": "Thurnjikollai",
    "villagetname": "துரிஞ்சிக்கொல்லை                                                                                                             "
  },
  {
    "villagecode": "025",
    "villagename": "Uluthoor",
    "villagetname": "உளுத்தூர்                                                                                                                    "
  },
  {
    "villagecode": "042",
    "villagename": "Vadakkuthittai",
    "villagetname": "வடக்குத்திட்டை                                                                                                               "
  },
  {
    "villagecode": "033",
    "villagename": "Vadakrishnapuram",
    "villagetname": "வடகிருஷ்ணாபுரம்                                                                                                              "
  },
  {
    "villagecode": "027",
    "villagename": "Vadathalaikulam",
    "villagetname": "வடதலைக்குளம்                                                                                                                 "
  },
  {
    "villagecode": "003",
    "villagename": "Valayamadevi (Kil)",
    "villagetname": "வளையமாதேவி (கீழ்)                                                                                                            "
  },
  {
    "villagecode": "002",
    "villagename": "Valayamadevi  (Mel)",
    "villagetname": "வளையமாதேவி (மேல்)                                                                                                            "
  },
  {
    "villagecode": "019",
    "villagename": "Vandurayanpttu",
    "villagetname": "வண்டுராயன் பட்டு                                                                                                             "
  },
  {
    "villagecode": "016",
    "villagename": "Vatharayanthattu",
    "villagetname": "வத்தராயன் தெத்து                                                                                                             "
  },
  {
    "villagecode": "045",
    "villagename": "Vayalamur",
    "villagetname": "வயலாமூர்                                                                                                                     "
  },
  {
    "villagecode": "008",
    "villagename": "Veeramudaiyanatham",
    "villagetname": "வீரமுடையாநத்தம்                                                                                                              "
  },
  {
    "villagecode": "065",
    "villagename": "Velankilpattu",
    "villagetname": "வேளங்கிப்பட்டு                                                                                                               "
  },
  {
    "villagecode": "063",
    "villagename": "Villiyanallur",
    "villagetname": "வில்லியநல்லுார்                                                                                                              "
  }
]
