[
  {
    "villagecode": "027",
    "villagename": "Annavasal",
    "villagetname": "அன்னவாசல்"
  },
  {
    "villagecode": "032",
    "villagename": "Arasanendal                   ",
    "villagetname": "அரசனேந்தல்"
  },
  {
    "villagecode": "028",
    "villagename": "Arimandapam                   ",
    "villagetname": "அரிமண்டபம்"
  },
  {
    "villagecode": "029",
    "villagename": "Chinnakannanur                ",
    "villagetname": "சின்னக்கண்ணனூர்"
  },
  {
    "villagecode": "036",
    "villagename": "Elunuthimangalam              ",
    "villagetname": "எழுநூற்றிமங்களம்"
  },
  {
    "villagecode": "024",
    "villagename": "Kalpiravu                     ",
    "villagetname": "கால்பிரவு"
  },
  {
    "villagecode": "010",
    "villagename": "Kattikulam                    ",
    "villagetname": "கட்டிக்குளம்"
  },
  {
    "villagecode": "019",
    "villagename": "Kattoorani                    ",
    "villagetname": "காட்டூரணி"
  },
  {
    "villagecode": "031",
    "villagename": "Keelapasalai                  ",
    "villagetname": "கீழப்பசலை"
  },
  {
    "villagecode": "026",
    "villagename": "Kilangattur                   ",
    "villagetname": "கிளங்காட்டூர்"
  },
  {
    "villagecode": "016",
    "villagename": "Kirungakottai                 ",
    "villagetname": "கிருங்காக்கோட்டை"
  },
  {
    "villagecode": "022",
    "villagename": "K.K.Pallam                    ",
    "villagetname": "கே.கே.பள்ளம்"
  },
  {
    "villagecode": "008",
    "villagename": "Kuvalaiveli                   ",
    "villagetname": "குவளைவேலி"
  },
  {
    "villagecode": "001",
    "villagename": "Malavarayanendal              ",
    "villagetname": "மழவராயனேந்தல்"
  },
  {
    "villagecode": "025",
    "villagename": "Manamadurai                   ",
    "villagetname": "மானாமதுரை"
  },
  {
    "villagecode": "018",
    "villagename": "Manampakki                    ",
    "villagetname": "மானம்பாக்கி"
  },
  {
    "villagecode": "033",
    "villagename": "Mangulam                      ",
    "villagetname": "மாங்குளம்"
  },
  {
    "villagecode": "003",
    "villagename": "Maranadu                      ",
    "villagetname": "மாரநாடு"
  },
  {
    "villagecode": "041",
    "villagename": "Melanettur                    ",
    "villagetname": "மேலனெட்டூர்"
  },
  {
    "villagecode": "021",
    "villagename": "Melapidavur                   ",
    "villagetname": "மேலப்பிடாவூர்"
  },
  {
    "villagecode": "012",
    "villagename": "Milaganur                     ",
    "villagetname": "மிளகனூர்"
  },
  {
    "villagecode": "030",
    "villagename": "M.Karisalkulam                ",
    "villagetname": "எம். கரிசல் குளம்"
  },
  {
    "villagecode": "040",
    "villagename": "P.Alangulam                   ",
    "villagetname": "பி.ஆலங்குளம்"
  },
  {
    "villagecode": "015",
    "villagename": "Perumpacheri",
    "villagetname": "பெரும்பச்சேரி"
  },
  {
    "villagecode": "011",
    "villagename": "Pudukkulam                    ",
    "villagetname": "புதுக்குளம்"
  },
  {
    "villagecode": "014",
    "villagename": "Rajakambiram                  ",
    "villagetname": "ராஜகம்பீரம்"
  },
  {
    "villagecode": "023",
    "villagename": "Seikalathur                   ",
    "villagetname": "செய்களத்தூர்"
  },
  {
    "villagecode": "007",
    "villagename": "Senthattiyendal               ",
    "villagetname": "செந்தட்டியேந்தல்"
  },
  {
    "villagecode": "017",
    "villagename": "Sirugudi                      ",
    "villagetname": "சிறுகுடி"
  },
  {
    "villagecode": "035",
    "villagename": "S.Karaikkudi                  ",
    "villagetname": "எஸ்.காரைக்குடி"
  },
  {
    "villagecode": "020",
    "villagename": "Soorakkulam                   ",
    "villagetname": "சூரக்குளம்"
  },
  {
    "villagecode": "004",
    "villagename": "Sullangudi                    ",
    "villagetname": "சுல்லங்குடி"
  },
  {
    "villagecode": "006",
    "villagename": "Thamaraikudi",
    "villagetname": "தாமரைக்குடி"
  },
  {
    "villagecode": "013",
    "villagename": "Theethanpettai                ",
    "villagetname": "தீத்தான்பேட்டை"
  },
  {
    "villagecode": "037",
    "villagename": "Therkuchandanur               ",
    "villagetname": "தெற்குச்சந்தனூர்"
  },
  {
    "villagecode": "039",
    "villagename": "T.Pudukkottai                 ",
    "villagetname": "தெ.புதுக்கோட்டை"
  },
  {
    "villagecode": "034",
    "villagename": "Vadakkuchandanur              ",
    "villagetname": "வடக்குசந்தனூர்"
  },
  {
    "villagecode": "009",
    "villagename": "Vagudi                        ",
    "villagetname": "வாகுடி"
  },
  {
    "villagecode": "038",
    "villagename": "Vedhiyarendal                 ",
    "villagetname": "வேதியரேந்தல்"
  },
  {
    "villagecode": "002",
    "villagename": "Vellikurichi                  ",
    "villagetname": "வெள்ளிக்குறிச்சி"
  },
  {
    "villagecode": "005",
    "villagename": "Vilathur",
    "villagetname": "விளத்தூர்"
  }
]
