[
  {
    "villagecode": "066",
    "villagename": "Aadoor Kolappakkam",
    "villagetname": "ஆடுர் கொளப்பாக்கம்                                                                                                           "
  },
  {
    "villagecode": "152",
    "villagename": "Aa.Koodalur",
    "villagetname": "ஆ கூடலூர்                                                                                                                    "
  },
  {
    "villagecode": "995",
    "villagename": "Aarcot (South)           ",
    "villagetname": "ஆற்காடு தெற்கு                                                                                                               "
  },
  {
    "villagecode": "149",
    "villagename": "Aayanthur                ",
    "villagetname": "ஆயந்தூர்                                                                                                                     "
  },
  {
    "villagecode": "135",
    "villagename": "Adukam                   ",
    "villagetname": "அடுக்கம்                                                                                                                     "
  },
  {
    "villagecode": "128",
    "villagename": "Alampadi                 ",
    "villagetname": "ஆலம்பாடி                                                                                                                     "
  },
  {
    "villagecode": "062",
    "villagename": "Anthili",
    "villagetname": "அந்திலி                                                                                                                      "
  },
  {
    "villagecode": "130",
    "villagename": "Appananthal              ",
    "villagetname": "அப்பனந்தல்                                                                                                                   "
  },
  {
    "villagecode": "063",
    "villagename": "Arakandanallur           ",
    "villagetname": "அரகண்டநல்லூர்                                                                                                                "
  },
  {
    "villagecode": "078",
    "villagename": "Arasankuppam             ",
    "villagetname": "அரசன்குப்பம்                                                                                                                 "
  },
  {
    "villagecode": "153",
    "villagename": "Arcot (North)",
    "villagetname": "ஆற்காடு-வடக்கு                                                                                                               "
  },
  {
    "villagecode": "154",
    "villagename": "Arulavadi                ",
    "villagetname": "அருளவாடி                                                                                                                     "
  },
  {
    "villagecode": "089",
    "villagename": "Arumalai",
    "villagetname": "அருமலை                                                                                                                       "
  },
  {
    "villagecode": "132",
    "villagename": "Arunapuram               ",
    "villagetname": "அருணாபுரம்                                                                                                                   "
  },
  {
    "villagecode": "075",
    "villagename": "Athichanur               ",
    "villagetname": "ஆதிச்சனூர்                                                                                                                   "
  },
  {
    "villagecode": "129",
    "villagename": "Chengamedu               ",
    "villagetname": "செங்கமேடு                                                                                                                    "
  },
  {
    "villagecode": "148",
    "villagename": "Chennakunam              ",
    "villagetname": "சென்னகுனம்                                                                                                                   "
  },
  {
    "villagecode": "145",
    "villagename": "Chithathur               ",
    "villagetname": "சித்தாத்தூர்                                                                                                                 "
  },
  {
    "villagecode": "064",
    "villagename": "Devanoor                 ",
    "villagetname": "தேவனூர்                                                                                                                      "
  },
  {
    "villagecode": "090",
    "villagename": "Emaper",
    "villagetname": "ஏமப்பேர்                                                                                                                     "
  },
  {
    "villagecode": "086",
    "villagename": "Kadakanoor               ",
    "villagetname": "காடகனூர்                                                                                                                     "
  },
  {
    "villagecode": "131",
    "villagename": "Kallanthal               ",
    "villagetname": "கல்லந்தல்                                                                                                                    "
  },
  {
    "villagecode": "139",
    "villagename": "Kandacheepuram           ",
    "villagetname": "கண்டாச்சிபுரம்                                                                                                               "
  },
  {
    "villagecode": "143",
    "villagename": "Kaspakaranai",
    "villagetname": "கஸ்பாகாரனை                                                                                                                   "
  },
  {
    "villagecode": "141",
    "villagename": "Keezhvalai",
    "villagetname": "கீழ்வாலை                                                                                                                     "
  },
  {
    "villagecode": "125",
    "villagename": "Kingilivadi              ",
    "villagetname": "கிங்கிலிவாடி                                                                                                                 "
  },
  {
    "villagecode": "123",
    "villagename": "Kizhakondur              ",
    "villagetname": "கீழகொண்டூர்                                                                                                                  "
  },
  {
    "villagecode": "073",
    "villagename": "Kodukkapattu             ",
    "villagetname": "கொடுக்கப்பட்டு                                                                                                               "
  },
  {
    "villagecode": "151",
    "villagename": "Kodungal                 ",
    "villagetname": "கொடுங்கால்                                                                                                                   "
  },
  {
    "villagecode": "065",
    "villagename": "Kottamarudur             ",
    "villagetname": "கோட்டமருதூர்                                                                                                                 "
  },
  {
    "villagecode": "059",
    "villagename": "Kudamuruti               ",
    "villagetname": "குடமுருட்டி                                                                                                                  "
  },
  {
    "villagecode": "138",
    "villagename": "Madavilagam              ",
    "villagetname": "மடவிளாகம்                                                                                                                    "
  },
  {
    "villagecode": "060",
    "villagename": "Manampoondai             ",
    "villagetname": "மணம்பூண்டி                                                                                                                   "
  },
  {
    "villagecode": "124",
    "villagename": "Melakondur               ",
    "villagetname": "மேலகொண்டூர்                                                                                                                  "
  },
  {
    "villagecode": "140",
    "villagename": "Melvalai",
    "villagetname": "மேல்வாலை                                                                                                                     "
  },
  {
    "villagecode": "150",
    "villagename": "Mugaiyur                 ",
    "villagetname": "முகையூர்                                                                                                                     "
  },
  {
    "villagecode": "079",
    "villagename": "Nayanur                  ",
    "villagetname": "நாயனுர்                                                                                                                      "
  },
  {
    "villagecode": "091",
    "villagename": "Nerkunam                 ",
    "villagetname": "நெற்குணம்                                                                                                                    "
  },
  {
    "villagecode": "144",
    "villagename": "Oduvankuppam",
    "villagetname": "ஒடுவங்குப்பம்                                                                                                                "
  },
  {
    "villagecode": "142",
    "villagename": "Othiyathur               ",
    "villagetname": "ஒதியத்தூர்                                                                                                                   "
  },
  {
    "villagecode": "133",
    "villagename": "Ottampattu               ",
    "villagetname": "ஒட்டம்பட்டு                                                                                                                  "
  },
  {
    "villagecode": "122",
    "villagename": "Paranoor                 ",
    "villagetname": "பரனூர்                                                                                                                       "
  },
  {
    "villagecode": "146",
    "villagename": "Perichanur               ",
    "villagetname": "பெரிச்சானூர்                                                                                                                 "
  },
  {
    "villagecode": "077",
    "villagename": "Pulikal",
    "villagetname": "புலிக்கல்                                                                                                                    "
  },
  {
    "villagecode": "083",
    "villagename": "Pulrampattu              ",
    "villagetname": "புல்ராம்பட்டு"
  },
  {
    "villagecode": "127",
    "villagename": "Sathiyakandanur",
    "villagetname": "சத்தியக்கண்டனூர்                                                                                                             "
  },
  {
    "villagecode": "147",
    "villagename": "Sitheripattu             ",
    "villagetname": "சித்தேரிபட்டு                                                                                                                "
  },
  {
    "villagecode": "087",
    "villagename": "Su.Kollur",
    "villagetname": "சு.கொல்லூர்                                                                                                                  "
  },
  {
    "villagecode": "134",
    "villagename": "Thandarai                ",
    "villagetname": "தண்டரை                                                                                                                       "
  },
  {
    "villagecode": "126",
    "villagename": "Thanikalampattu          ",
    "villagetname": "தணிக்கலாம்பட்டு                                                                                                              "
  },
  {
    "villagecode": "081",
    "villagename": "Thirumalaipattu          ",
    "villagetname": "திருமலைபட்டு                                                                                                                 "
  },
  {
    "villagecode": "082",
    "villagename": "Vadakaraithalanur",
    "villagetname": "வடகரைத்தாழனூர்"
  },
  {
    "villagecode": "074",
    "villagename": "Vasantha Krishnapuram    ",
    "villagetname": "வசந்தாகிருஷ்ணாபுரம்                                                                                                          "
  },
  {
    "villagecode": "084",
    "villagename": "Vedalam                  ",
    "villagetname": "வேடாலம்                                                                                                                      "
  },
  {
    "villagecode": "136",
    "villagename": "Veerangipuram",
    "villagetname": "வீரங்கிபுரம்                                                                                                                 "
  },
  {
    "villagecode": "076",
    "villagename": "Veerapondy               ",
    "villagetname": "வீரபாண்டி                                                                                                                    "
  },
  {
    "villagecode": "121",
    "villagename": "Veerasozhapuram",
    "villagetname": "வீரசோழபுரம்                                                                                                                  "
  },
  {
    "villagecode": "072",
    "villagename": "Velakulam                ",
    "villagetname": "வேளாகுளம்                                                                                                                    "
  },
  {
    "villagecode": "080",
    "villagename": "Vellamputhur             ",
    "villagetname": "வெள்ளம்புத்தூர்                                                                                                              "
  },
  {
    "villagecode": "137",
    "villagename": "Ve.Pudupalayam",
    "villagetname": "வி.புதுப்பாளையம்                                                                                                             "
  },
  {
    "villagecode": "085",
    "villagename": "Ve. Sithamoor            ",
    "villagetname": "வி.சித்தாமூர்                                                                                                                "
  },
  {
    "villagecode": "088",
    "villagename": "V. Puththur              ",
    "villagetname": "வி புத்தூர்                                                                                                                  "
  }
]
