[
  {
    "villagecode": "042",
    "villagename": "Agrahara Konthalam       ",
    "villagetname": "அக்ரஹார கொந்தளம்                                                                                                             "
  },
  {
    "villagecode": "039",
    "villagename": "Agrahara Kunnathur       ",
    "villagetname": "அக்ரஹார குன்னத்தூர்                                                                                                          "
  },
  {
    "villagecode": "441",
    "villagename": "Agrahara Vengarai        ",
    "villagetname": "அக்ரஹார வெங்கரை                                                                                                              "
  },
  {
    "villagecode": "038",
    "villagename": "Anangur                  ",
    "villagetname": "ஆனங்கூர்                                                                                                                     "
  },
  {
    "villagecode": "091",
    "villagename": "Ariyurpatty              ",
    "villagetname": "ஆரியூர்பட்டி                                                                                                                 "
  },
  {
    "villagecode": "221",
    "villagename": "Arthanaripalayam         ",
    "villagetname": "அரத்தனாரிபாளையம்                                                                                                             "
  },
  {
    "villagecode": "003",
    "villagename": "Devanampalayam           ",
    "villagetname": "தேவனம் பாளையம்                                                                                                               "
  },
  {
    "villagecode": "046",
    "villagename": "Devarayasamuthiram       ",
    "villagetname": "தேவராயசமுத்திரம்                                                                                                             "
  },
  {
    "villagecode": "014",
    "villagename": "Ellampalli               ",
    "villagetname": "எளம்பள்ளி                                                                                                                    "
  },
  {
    "villagecode": "141",
    "villagename": "E.Nallagoundampalayam    ",
    "villagetname": "இ நல்லாகவுண்டம்பாளையம்                                                                                                       "
  },
  {
    "villagecode": "031",
    "villagename": "Irrukur                  ",
    "villagetname": "இருக்கூர்                                                                                                                    "
  },
  {
    "villagecode": "009",
    "villagename": "Iruttanai                ",
    "villagetname": "இருட்டனை                                                                                                                     "
  },
  {
    "villagecode": "030",
    "villagename": "Kabilakuruchi            ",
    "villagetname": "கபிலக்குறிச்சி                                                                                                               "
  },
  {
    "villagecode": "072",
    "villagename": "Kodhur                   ",
    "villagetname": "கோதுார்                                                                                                                      "
  },
  {
    "villagecode": "007",
    "villagename": "Kodhur Agraharam         ",
    "villagetname": "கோதுார் அக்ரஹாரம்                                                                                                            "
  },
  {
    "villagecode": "005",
    "villagename": "Kolaram                  ",
    "villagetname": "கோலாரம்                                                                                                                      "
  },
  {
    "villagecode": "018",
    "villagename": "Koodacherry              ",
    "villagetname": "கூடச்சேரி                                                                                                                    "
  },
  {
    "villagecode": "035",
    "villagename": "Koppanampalayam          ",
    "villagetname": "கோப்பணம்பாளையம்                                                                                                              "
  },
  {
    "villagecode": "027",
    "villagename": "Kothamangalam            ",
    "villagetname": "கொத்தமங்கலம்                                                                                                                 "
  },
  {
    "villagecode": "016",
    "villagename": "Kunnamalai               ",
    "villagetname": "குன்னமலை                                                                                                                     "
  },
  {
    "villagecode": "001",
    "villagename": "Kuppirikkapalayam        ",
    "villagetname": "குப்பிரிக்காபாளையம்                                                                                                          "
  },
  {
    "villagecode": "026",
    "villagename": "Kurumpalamahadevi        ",
    "villagetname": "குறும்பலமகாதேவி                                                                                                              "
  },
  {
    "villagecode": "032",
    "villagename": "Manickanatham            ",
    "villagetname": "மாணிக்கநத்தம்                                                                                                                "
  },
  {
    "villagecode": "004",
    "villagename": "Maniyanur                ",
    "villagetname": "மணியனுார்                                                                                                                    "
  },
  {
    "villagecode": "017",
    "villagename": "Melsathampur             ",
    "villagetname": "மேல்சாத்தம்பூர்                                                                                                              "
  },
  {
    "villagecode": "391",
    "villagename": "Mitta Kunnathur          ",
    "villagetname": "மிட்டா குன்னத்துார்                                                                                                          "
  },
  {
    "villagecode": "023",
    "villagename": "Nadanthai                ",
    "villagetname": "நடந்தை                                                                                                                       "
  },
  {
    "villagecode": "011",
    "villagename": "Nallur                   ",
    "villagetname": "நல்லுார்                                                                                                                     "
  },
  {
    "villagecode": "033",
    "villagename": "Paramthi                 ",
    "villagetname": "பரமத்தி                                                                                                                      "
  },
  {
    "villagecode": "045",
    "villagename": "Paundamangalam           ",
    "villagetname": "பாண்டமங்கலம்                                                                                                                 "
  },
  {
    "villagecode": "036",
    "villagename": "Periasolipalayam         ",
    "villagetname": "பெரியசோளிபாளையம்                                                                                                             "
  },
  {
    "villagecode": "002",
    "villagename": "Perunkurichi             ",
    "villagetname": "பெருங்குறிச்சி                                                                                                               "
  },
  {
    "villagecode": "022",
    "villagename": "Pillakkalathur           ",
    "villagetname": "பிள்ளக்களத்துார்                                                                                                             "
  },
  {
    "villagecode": "401",
    "villagename": "Pillikalpalayam          ",
    "villagetname": "பிலிக்கல்பாளையம்                                                                                                             "
  },
  {
    "villagecode": "021",
    "villagename": "Pillur                   ",
    "villagetname": "பில்லுார்                                                                                                                    "
  },
  {
    "villagecode": "008",
    "villagename": "Piranthagam              ",
    "villagetname": "பிராந்தகம்                                                                                                                   "
  },
  {
    "villagecode": "041",
    "villagename": "Pommalapalayam           ",
    "villagetname": "பொம்மலாபாளையம்                                                                                                               "
  },
  {
    "villagecode": "047",
    "villagename": "Pothnanur                ",
    "villagetname": "பொத்தனுார்                                                                                                                   "
  },
  {
    "villagecode": "048",
    "villagename": "Punjaiedaiyar Melmugam   ",
    "villagetname": "புஞ்சை இடையார் மேல்முகம்                                                                                                     "
  },
  {
    "villagecode": "010",
    "villagename": "Ramadevam                ",
    "villagetname": "ராமதேவம்                                                                                                                     "
  },
  {
    "villagecode": "043",
    "villagename": "Sarkar Konthalam         ",
    "villagetname": "சர்க்கார் கொந்தளம்                                                                                                           "
  },
  {
    "villagecode": "044",
    "villagename": "Sarkar Vengarai          ",
    "villagetname": "சர்க்கார் வெங்கரை                                                                                                            "
  },
  {
    "villagecode": "024",
    "villagename": "Seerappalli              ",
    "villagetname": "சீராப்பள்ளி                                                                                                                  "
  },
  {
    "villagecode": "402",
    "villagename": "Selur                    ",
    "villagetname": "சேளூர்                                                                                                                       "
  },
  {
    "villagecode": "006",
    "villagename": "Serukkalai               ",
    "villagetname": "செருக்கலை                                                                                                                    "
  },
  {
    "villagecode": "028",
    "villagename": "Sirunallikovil           ",
    "villagetname": "சிறுநல்லிகோவில்                                                                                                              "
  },
  {
    "villagecode": "015",
    "villagename": "Sithampoondi             ",
    "villagetname": "சித்தம்பூண்டி                                                                                                                "
  },
  {
    "villagecode": "013",
    "villagename": "Solasiramani             ",
    "villagetname": "சோளசிராமணி                                                                                                                   "
  },
  {
    "villagecode": "012",
    "villagename": "Sullipalayam             ",
    "villagetname": "சுள்ளிபாளையம்                                                                                                                "
  },
  {
    "villagecode": "019",
    "villagename": "Sungakarampatty          ",
    "villagetname": "சுங்ககாரம்பட்டி                                                                                                              "
  },
  {
    "villagecode": "029",
    "villagename": "T.Goundampalayam         ",
    "villagetname": "தி. கவுண்டம்பாளையம்                                                                                                          "
  },
  {
    "villagecode": "025",
    "villagename": "Thidumal                 ",
    "villagetname": "திடுமல்                                                                                                                      "
  },
  {
    "villagecode": "037",
    "villagename": "Vadagarai Attur Melmugam ",
    "villagetname": "வடகரை ஆத்துார் மேல்முகம்                                                                                                     "
  },
  {
    "villagecode": "034",
    "villagename": "Veeranampalayam          ",
    "villagetname": "வீரணம்பாளையம்                                                                                                                "
  },
  {
    "villagecode": "049",
    "villagename": "Velur                    ",
    "villagetname": "வேலுார்                                                                                                                      "
  },
  {
    "villagecode": "020",
    "villagename": "Villipalayam             ",
    "villagetname": "வில்லிபாளையம்                                                                                                                "
  }
]
