[
  {
    "villagecode": "093",
    "villagename": "Aaikudi                  ",
    "villagetname": "ஆய்குடி                                                                                                                      "
  },
  {
    "villagecode": "007",
    "villagename": "Alakiyamanavalam         ",
    "villagetname": "அழகியமணவாளம்                                                                                                                 "
  },
  {
    "villagecode": "118",
    "villagename": "Avaravalli               ",
    "villagetname": "ஆவாரவல்லி                                                                                                                    "
  },
  {
    "villagecode": "001",
    "villagename": "Cholanganallur           ",
    "villagetname": "சோழங்கநல்லூர்                                                                                                                "
  },
  {
    "villagecode": "008",
    "villagename": "Deerampalayam            ",
    "villagetname": "தீராம்பாளையம்                                                                                                                "
  },
  {
    "villagecode": "096",
    "villagename": "Ethumalai                ",
    "villagetname": "எதுமலை                                                                                                                       "
  },
  {
    "villagecode": "032",
    "villagename": "Irungalaur               ",
    "villagetname": "இருங்களுர்                                                                                                                   "
  },
  {
    "villagecode": "010",
    "villagename": "Iyyampalayam             ",
    "villagetname": "அய்யம்பாளையம்                                                                                                                "
  },
  {
    "villagecode": "122",
    "villagename": "Kalpalayam               ",
    "villagetname": "கல்பாளையம்                                                                                                                   "
  },
  {
    "villagecode": "094",
    "villagename": "Kariyamanikam            ",
    "villagetname": "கரியமாணிக்கம்                                                                                                                "
  },
  {
    "villagecode": "622",
    "villagename": "Kariyamanikam(East)      ",
    "villagetname": "கரியமாணிக்கம் (கி)                                                                                                           "
  },
  {
    "villagecode": "211",
    "villagename": "Kariyamanikam (West)     ",
    "villagetname": "கரியமாணிக்கம் (மே)                                                                                                           "
  },
  {
    "villagecode": "631",
    "villagename": "Killiyanallur (North)    ",
    "villagetname": "கிளியநல்லூர் (வ)                                                                                                             "
  },
  {
    "villagecode": "312",
    "villagename": "Killiyanallur (South)    ",
    "villagetname": "கிளியநல்லூர் (தெ)                                                                                                            "
  },
  {
    "villagecode": "092",
    "villagename": "Konalai                  ",
    "villagetname": "கொணலை                                                                                                                        "
  },
  {
    "villagecode": "017",
    "villagename": "Koothur                  ",
    "villagetname": "கூத்தூர்                                                                                                                     "
  },
  {
    "villagecode": "006",
    "villagename": "Kovathakudi              ",
    "villagetname": "கோவத்தக்குடி                                                                                                                 "
  },
  {
    "villagecode": "014",
    "villagename": "Manachanallur            ",
    "villagetname": "மண்ணச்சநல்லூர்                                                                                                               "
  },
  {
    "villagecode": "015",
    "villagename": "Mathavaperumalkoil       ",
    "villagetname": "மாதவப்பெருமாள்கோவில்                                                                                                         "
  },
  {
    "villagecode": "018",
    "villagename": "Melasridevimanagalam     ",
    "villagetname": "மேலசீதேவிமங்கலம்                                                                                                             "
  },
  {
    "villagecode": "004",
    "villagename": "Melpathu                 ",
    "villagetname": "மேல்பத்து                                                                                                                    "
  },
  {
    "villagecode": "100",
    "villagename": "Omanthur                 ",
    "villagetname": "ஓமாந்தூர்                                                                                                                    "
  },
  {
    "villagecode": "095",
    "villagename": "Palayur                  ",
    "villagetname": "பாலையுர்                                                                                                                     "
  },
  {
    "villagecode": "086",
    "villagename": "Perakambi                ",
    "villagetname": "பெரகம்பி                                                                                                                     "
  },
  {
    "villagecode": "016",
    "villagename": "Pitchandarkoil           ",
    "villagetname": "பிச்சாண்டார்  கோவில்                                                                                                         "
  },
  {
    "villagecode": "012",
    "villagename": "Poonampalayam            ",
    "villagetname": "பூனாம்பாளையம்                                                                                                                "
  },
  {
    "villagecode": "120",
    "villagename": "Rasampalayam             ",
    "villagetname": "ராசாம்பாளையம்                                                                                                                "
  },
  {
    "villagecode": "121",
    "villagename": "Samayapuram              ",
    "villagetname": "சமயபுரம்                                                                                                                     "
  },
  {
    "villagecode": "088",
    "villagename": "Sanamangalam             ",
    "villagetname": "சணமங்கலம்                                                                                                                    "
  },
  {
    "villagecode": "851",
    "villagename": "Seethevimanagalm (North) ",
    "villagetname": "சீதேவிமங்கலம் (வடக்கு)                                                                                                       "
  },
  {
    "villagecode": "852",
    "villagename": "Seethvimanlam (South)    ",
    "villagetname": "சீதேவிமங்கலம் (தெற்கு)                                                                                                       "
  },
  {
    "villagecode": "091",
    "villagename": "Siruganoor               ",
    "villagetname": "சிறுகனூர்                                                                                                                    "
  },
  {
    "villagecode": "098",
    "villagename": "Sirukudi                 ",
    "villagetname": "சிறுகுடி                                                                                                                     "
  },
  {
    "villagecode": "099",
    "villagename": "Sirupathu                ",
    "villagetname": "சிறுப்பத்தூர்                                                                                                                "
  },
  {
    "villagecode": "292",
    "villagename": "S.Kannanor (East)        ",
    "villagetname": "ச.கண்ணனூர் (கிழக்கு)                                                                                                         "
  },
  {
    "villagecode": "291",
    "villagename": "S.Kannanor(West)         ",
    "villagetname": "ச.கண்ணனூர் (மேற்கு)                                                                                                          "
  },
  {
    "villagecode": "011",
    "villagename": "Thathamangalam           ",
    "villagetname": "தத்தமங்கலம்                                                                                                                  "
  },
  {
    "villagecode": "192",
    "villagename": "Thirupanchalai (South)   ",
    "villagetname": "திருப்பஞ்ஞீலி(தெ)                                                                                                            "
  },
  {
    "villagecode": "191",
    "villagename": "Thirupanchali (North)    ",
    "villagetname": "திருப்பஞ்ஞீலி (வ)                                                                                                            "
  },
  {
    "villagecode": "117",
    "villagename": "Thirupattur              ",
    "villagetname": "திருப்பட்டூர்                                                                                                                "
  },
  {
    "villagecode": "005",
    "villagename": "Thirvasi                 ",
    "villagetname": "திருவாசி                                                                                                                     "
  },
  {
    "villagecode": "009",
    "villagename": "Thriuvelarai             ",
    "villagetname": "திருவெள்ளரை                                                                                                                  "
  },
  {
    "villagecode": "013",
    "villagename": "Ulunthangudi             ",
    "villagetname": "உளுந்தங்குடி                                                                                                                 "
  },
  {
    "villagecode": "097",
    "villagename": "Valaiyur                 ",
    "villagetname": "வலையுர்                                                                                                                      "
  },
  {
    "villagecode": "087",
    "villagename": "Valayur                  ",
    "villagetname": "வாழையுர்                                                                                                                     "
  },
  {
    "villagecode": "019",
    "villagename": "Venkankudi               ",
    "villagetname": "வெங்கங்குடி                                                                                                                  "
  }
]
