[
  {
    "villagecode": "074",
    "villagename": "Aathanur                 ",
    "villagetname": "ஆதனூர்                                                                                                                       "
  },
  {
    "villagecode": "782",
    "villagename": "D.Edayapatti (E)         ",
    "villagetname": "இடையபட்டி கிழக்கு                                                                                                            "
  },
  {
    "villagecode": "781",
    "villagename": "D.Edayapatti(W)          ",
    "villagetname": "இடையபட்டி மேற்கு                                                                                                             "
  },
  {
    "villagecode": "026",
    "villagename": "Devarmalai               ",
    "villagetname": "தேவர்மலை                                                                                                                     "
  },
  {
    "villagecode": "025",
    "villagename": "Kalayapatti              ",
    "villagetname": "காளையாபட்டி                                                                                                                  "
  },
  {
    "villagecode": "071",
    "villagename": "Keelapaguthi             ",
    "villagetname": "கீழப்பகுதி                                                                                                                   "
  },
  {
    "villagecode": "066",
    "villagename": "Keranur                  ",
    "villagetname": "கீரனூர்                                                                                                                      "
  },
  {
    "villagecode": "051",
    "villagename": "Kosoor                   ",
    "villagetname": "கொசூர்                                                                                                                       "
  },
  {
    "villagecode": "024",
    "villagename": "Manjanaikanpatti         ",
    "villagetname": "மஞ்சநாயக்கன்பட்டி                                                                                                            "
  },
  {
    "villagecode": "052",
    "villagename": "Mathagiri                ",
    "villagetname": "மத்தகிரி                                                                                                                     "
  },
  {
    "villagecode": "073",
    "villagename": "Mavathur                 ",
    "villagetname": "மாவத்தூர்                                                                                                                    "
  },
  {
    "villagecode": "070",
    "villagename": "Melepaguthi              ",
    "villagetname": "மேலப்பகுதி                                                                                                                   "
  },
  {
    "villagecode": "077",
    "villagename": "Mullipadi                ",
    "villagetname": "முள்ளிப்பாடி                                                                                                                 "
  },
  {
    "villagecode": "076",
    "villagename": "Palaviduthi              ",
    "villagetname": "பாலவிடுதி                                                                                                                    "
  },
  {
    "villagecode": "068",
    "villagename": "Pannapatti               ",
    "villagetname": "பன்னப்பட்டி                                                                                                                  "
  },
  {
    "villagecode": "063",
    "villagename": "Pappayampadi             ",
    "villagetname": "பாப்பயம்பாடி                                                                                                                 "
  },
  {
    "villagecode": "075",
    "villagename": "Sembiyanatham            ",
    "villagetname": "செம்பியநத்தம்                                                                                                                "
  },
  {
    "villagecode": "067",
    "villagename": "Thennilai                ",
    "villagetname": "தென்னிலை                                                                                                                     "
  },
  {
    "villagecode": "053",
    "villagename": "Thondamanginam           ",
    "villagetname": "தொண்டமாங்கினம்                                                                                                               "
  },
  {
    "villagecode": "064",
    "villagename": "Vadavampadi              ",
    "villagetname": "வடவம்பாடி                                                                                                                    "
  },
  {
    "villagecode": "072",
    "villagename": "Valvarmangalam           ",
    "villagetname": "வாழ்வார்மங்களம்                                                                                                              "
  },
  {
    "villagecode": "069",
    "villagename": "Varavanai                ",
    "villagetname": "வரவணை                                                                                                                        "
  },
  {
    "villagecode": "065",
    "villagename": "Velapatti                ",
    "villagetname": "வெள்ளப்பட்டி                                                                                                                 "
  }
]
