[
  {
    "villagecode": "011",
    "villagename": "Avichipatty              ",
    "villagetname": "ஆவிச்சிபட்டி                                                                                                                 "
  },
  {
    "villagecode": "017",
    "villagename": "Bannuvarpatty            ",
    "villagetname": "பண்ணுவாரபட்டி                                                                                                                "
  },
  {
    "villagecode": "008",
    "villagename": "Boothagudi               ",
    "villagetname": "பூதகுடி                                                                                                                      "
  },
  {
    "villagecode": "022",
    "villagename": "Idiayapatty              ",
    "villagetname": "இடையபட்டி                                                                                                                    "
  },
  {
    "villagecode": "006",
    "villagename": "Kottaiyur                ",
    "villagetname": "கோட்டையூர்                                                                                                                   "
  },
  {
    "villagecode": "003",
    "villagename": "Kudagipatty              ",
    "villagetname": "குடகிபட்டி                                                                                                                   "
  },
  {
    "villagecode": "025",
    "villagename": "Lingavadi                ",
    "villagetname": "லிங்கவாடி                                                                                                                    "
  },
  {
    "villagecode": "019",
    "villagename": "Mulaiyur                 ",
    "villagetname": "முளையூர்                                                                                                                     "
  },
  {
    "villagecode": "013",
    "villagename": "Nadumandalam             ",
    "villagetname": "நடுமண்டலம்                                                                                                                   "
  },
  {
    "villagecode": "016",
    "villagename": "Natham                   ",
    "villagetname": "நத்தம்                                                                                                                       "
  },
  {
    "villagecode": "018",
    "villagename": "Palappanaickenpatty      ",
    "villagetname": "பாலப்பநாயக்கன்பட்டி                                                                                                          "
  },
  {
    "villagecode": "012",
    "villagename": "Panniamalai              ",
    "villagetname": "பன்னியாமலை                                                                                                                   "
  },
  {
    "villagecode": "014",
    "villagename": "Pappapatty               ",
    "villagetname": "பாப்பாபட்டி                                                                                                                  "
  },
  {
    "villagecode": "001",
    "villagename": "Pillayarnatham           ",
    "villagetname": "பிள்ளையாரநத்தம்                                                                                                              "
  },
  {
    "villagecode": "026",
    "villagename": "Pudur                    ",
    "villagetname": "புதூர்                                                                                                                       "
  },
  {
    "villagecode": "020",
    "villagename": "Punnapatty               ",
    "villagetname": "புன்னப்பட்டி                                                                                                                 "
  },
  {
    "villagecode": "024",
    "villagename": "Reddiapatty              ",
    "villagetname": "ரெட்டியபட்டி                                                                                                                 "
  },
  {
    "villagecode": "009",
    "villagename": "Samuthrapatty            ",
    "villagetname": "சமுத்திராப்பட்டி                                                                                                             "
  },
  {
    "villagecode": "021",
    "villagename": "Sathampadi               ",
    "villagetname": "சாத்தம்பாடி                                                                                                                  "
  },
  {
    "villagecode": "023",
    "villagename": "Sellappanaickenpatty     ",
    "villagetname": "செல்லப்பநாயக்கன்பட்டி                                                                                                        "
  },
  {
    "villagecode": "002",
    "villagename": "Senthurai                ",
    "villagetname": "செந்துரை                                                                                                                     "
  },
  {
    "villagecode": "005",
    "villagename": "Sethur                   ",
    "villagetname": "சேத்தூர்                                                                                                                     "
  },
  {
    "villagecode": "004",
    "villagename": "Sirangattupatty          ",
    "villagetname": "சிரங்காட்டுபட்டி                                                                                                             "
  },
  {
    "villagecode": "007",
    "villagename": "Sirugudi                 ",
    "villagetname": "சிறுகுடி                                                                                                                     "
  },
  {
    "villagecode": "010",
    "villagename": "Uralipatty               ",
    "villagetname": "ஊராளிபட்டி                                                                                                                   "
  },
  {
    "villagecode": "015",
    "villagename": "Velampatty               ",
    "villagetname": "வேலம்பட்டி                                                                                                                   "
  }
]
