[
  {
    "villagecode": "045",
    "villagename": "Araikulam                ",
    "villagetname": "ஆரைகுளம்                                                                                                                     "
  },
  {
    "villagecode": "017",
    "villagename": "Ariyakulam               ",
    "villagetname": "அரியகுளம்                                                                                                                    "
  },
  {
    "villagecode": "011",
    "villagename": "Avanaperry               ",
    "villagetname": "அவனாப்பேரி                                                                                                                   "
  },
  {
    "villagecode": "051",
    "villagename": "Chengulam                ",
    "villagetname": "செங்குளம்                                                                                                                    "
  },
  {
    "villagecode": "055",
    "villagename": "Itteri                   ",
    "villagetname": "இட்டேரி                                                                                                                      "
  },
  {
    "villagecode": "057",
    "villagename": "Kangainadar Kulam        ",
    "villagetname": "கங்கைநாடார் குளம்                                                                                                            "
  },
  {
    "villagecode": "002",
    "villagename": "Kansapuram               ",
    "villagetname": "கான்சாபுரம்                                                                                                                  "
  },
  {
    "villagecode": "009",
    "villagename": "Keelanatham              ",
    "villagetname": "கீழநத்தம்                                                                                                                    "
  },
  {
    "villagecode": "005",
    "villagename": "Keelapattam              ",
    "villagetname": "கீழப்பாட்டம்                                                                                                                 "
  },
  {
    "villagecode": "044",
    "villagename": "Keelathiruvengadanathapur",
    "villagetname": "கீழத்திருவேங்கடநாதபுரம்                                                                                                      "
  },
  {
    "villagecode": "053",
    "villagename": "Konganthanparai          ",
    "villagetname": "கொங்கந்தான்பாறை                                                                                                              "
  },
  {
    "villagecode": "022",
    "villagename": "Krishnapuram             ",
    "villagetname": "கிருஷ்ணாபுரம்                                                                                                                "
  },
  {
    "villagecode": "042",
    "villagename": "Kunnathur                ",
    "villagetname": "குன்னத்தூர்                                                                                                                  "
  },
  {
    "villagecode": "050",
    "villagename": "Kuravarkulam             ",
    "villagetname": "குறவர்குளம்                                                                                                                  "
  },
  {
    "villagecode": "008",
    "villagename": "Manappadai Veedu         ",
    "villagetname": "மணப்படை வீடு                                                                                                                 "
  },
  {
    "villagecode": "003",
    "villagename": "Maruthur                 ",
    "villagetname": "மருதூர்                                                                                                                      "
  },
  {
    "villagecode": "007",
    "villagename": "Melappattam              ",
    "villagetname": "மேலப்பாட்டம்                                                                                                                 "
  },
  {
    "villagecode": "016",
    "villagename": "Melaputhaneri            ",
    "villagetname": "மேலப்புத்தனேரி                                                                                                               "
  },
  {
    "villagecode": "048",
    "villagename": "Melathidiyuur            ",
    "villagetname": "மேலத்திடியூர்                                                                                                                "
  },
  {
    "villagecode": "043",
    "villagename": "Melathiruvengadanathapura",
    "villagetname": "மேலத்திருவேங்கடநாதபுரம்                                                                                                      "
  },
  {
    "villagecode": "046",
    "villagename": "Munneerpallam            ",
    "villagetname": "முன்னீர்பள்ளம்                                                                                                               "
  },
  {
    "villagecode": "023",
    "villagename": "Muthur                   ",
    "villagetname": "முத்தூர்                                                                                                                     "
  },
  {
    "villagecode": "103",
    "villagename": "Muthur Rediyarpatti      ",
    "villagetname": "முத்தூர் ரெட்டியார்பட்டி                                                                                                     "
  },
  {
    "villagecode": "012",
    "villagename": "Naduvakurichi            ",
    "villagetname": "நடுவக்குறிச்சி                                                                                                               "
  },
  {
    "villagecode": "020",
    "villagename": "Nochikulam               ",
    "villagetname": "நொச்சிகுளம்                                                                                                                  "
  },
  {
    "villagecode": "010",
    "villagename": "Palayanchettikulam       ",
    "villagetname": "பாளையஞ் செட்டிகுளம்                                                                                                          "
  },
  {
    "villagecode": "019",
    "villagename": "Paraikulam               ",
    "villagetname": "பாறைக்குளம்                                                                                                                  "
  },
  {
    "villagecode": "021",
    "villagename": "Parpakulam               ",
    "villagetname": "பற்பகுளம்                                                                                                                    "
  },
  {
    "villagecode": "052",
    "villagename": "Ponnakudi                ",
    "villagetname": "பொன்னாக்குடி                                                                                                                 "
  },
  {
    "villagecode": "054",
    "villagename": "Puthukulam               ",
    "villagetname": "புதுக்குளம்                                                                                                                  "
  },
  {
    "villagecode": "035",
    "villagename": "Reddiarpatty             ",
    "villagetname": "ரெட்டியார்பட்டி                                                                                                              "
  },
  {
    "villagecode": "001",
    "villagename": "Seevalaperi              ",
    "villagetname": "சீவலப்பேரி                                                                                                                   "
  },
  {
    "villagecode": "056",
    "villagename": "Sivanthipatti            ",
    "villagetname": "சிவந்திப்பட்டி                                                                                                               "
  },
  {
    "villagecode": "047",
    "villagename": "Tharuvai                 ",
    "villagetname": "தருவை                                                                                                                        "
  },
  {
    "villagecode": "049",
    "villagename": "Thidiyuur                ",
    "villagetname": "திடியூர்                                                                                                                     "
  },
  {
    "villagecode": "006",
    "villagename": "Thirumalaikolunthupuram  ",
    "villagetname": "திருமலைக்கொழுந்துபுரம்                                                                                                       "
  },
  {
    "villagecode": "004",
    "villagename": "Thiruthu                 ",
    "villagetname": "திருத்து                                                                                                                     "
  },
  {
    "villagecode": "013",
    "villagename": "Udayarkulam              ",
    "villagetname": "உடையார்குளம்                                                                                                                 "
  },
  {
    "villagecode": "018",
    "villagename": "Uthamapandiankulam       ",
    "villagetname": "உத்தமபாண்டியன்குளம்                                                                                                          "
  },
  {
    "villagecode": "014",
    "villagename": "Vagaikulam               ",
    "villagetname": "வாகைகுளம்                                                                                                                    "
  },
  {
    "villagecode": "015",
    "villagename": "Velankulam               ",
    "villagetname": "வேலன்குளம்                                                                                                                   "
  }
]
