[
  {
    "villagecode": "074",
    "villagename": "74 Krishnapuram          ",
    "villagetname": "கிருஷ்ணாபுரம்                                                                                                                "
  },
  {
    "villagecode": "072",
    "villagename": "Anaiyampatti             ",
    "villagetname": "ஆணையம்பட்டி                                                                                                                  "
  },
  {
    "villagecode": "095",
    "villagename": "Belur                    ",
    "villagetname": "பேளூர்                                                                                                                       "
  },
  {
    "villagecode": "073",
    "villagename": "Gangavalli               ",
    "villagetname": "கெங்கவல்லி                                                                                                                   "
  },
  {
    "villagecode": "081",
    "villagename": "Jangamasamuddram         ",
    "villagetname": "ஜங்கம்மசமுத்திரம்                                                                                                            "
  },
  {
    "villagecode": "075",
    "villagename": "Kadambur                 ",
    "villagetname": "கடம்பூர்                                                                                                                     "
  },
  {
    "villagecode": "128",
    "villagename": "Kalipatti Seradi         ",
    "villagetname": "கள்ளிப்பட்டி சேரடி                                                                                                           "
  },
  {
    "villagecode": "085",
    "villagename": "Kodamalai                ",
    "villagetname": "கூடமலை                                                                                                                       "
  },
  {
    "villagecode": "084",
    "villagename": "Kondayampalli            ",
    "villagetname": "கொண்டயம்பள்ளி                                                                                                                "
  },
  {
    "villagecode": "082",
    "villagename": "Koneripatti              ",
    "villagetname": "கோணேரிப்பட்டி                                                                                                                "
  },
  {
    "villagecode": "086",
    "villagename": "Manmalai                 ",
    "villagetname": "மண்மலை                                                                                                                       "
  },
  {
    "villagecode": "124",
    "villagename": "Modakkupatti             ",
    "villagetname": "மொடக்குபட்டி                                                                                                                 "
  },
  {
    "villagecode": "058",
    "villagename": "Naduvalur                ",
    "villagetname": "நடுவலூர்                                                                                                                     "
  },
  {
    "villagecode": "079",
    "villagename": "Nagiyampatti             ",
    "villagetname": "நாகியம்பட்டி                                                                                                                 "
  },
  {
    "villagecode": "057",
    "villagename": "Odiathur                 ",
    "villagetname": "ஒதியத்தூர்                                                                                                                   "
  },
  {
    "villagecode": "087",
    "villagename": "Patchamali               ",
    "villagetname": "பச்சமலை                                                                                                                      "
  },
  {
    "villagecode": "126",
    "villagename": "Pillaiyarmathi           ",
    "villagetname": "பிள்ளையார்மதி                                                                                                                "
  },
  {
    "villagecode": "083",
    "villagename": "Sendarapatti             ",
    "villagetname": "செந்தாரப்பட்டி                                                                                                               "
  },
  {
    "villagecode": "125",
    "villagename": "Sengadu                  ",
    "villagetname": "செங்காடு                                                                                                                     "
  },
  {
    "villagecode": "127",
    "villagename": "Seradi Moolai            ",
    "villagetname": "சேரடிமூலை                                                                                                                    "
  },
  {
    "villagecode": "080",
    "villagename": "Thammampatti             ",
    "villagetname": "தம்மம்பட்டி                                                                                                                  "
  },
  {
    "villagecode": "071",
    "villagename": "Theadavoor               ",
    "villagetname": "தெடாவூர்                                                                                                                     "
  },
  {
    "villagecode": "078",
    "villagename": "Ulipuram                 ",
    "villagetname": "உலிபுரம்                                                                                                                     "
  },
  {
    "villagecode": "092",
    "villagename": "Valakkombai              ",
    "villagetname": "வாழக்கோம்பை                                                                                                                  "
  },
  {
    "villagecode": "122",
    "villagename": "Valasakkalpatti          ",
    "villagetname": "வலசக்கல்பட்டி                                                                                                                "
  },
  {
    "villagecode": "088",
    "villagename": "Veppadi                  ",
    "villagetname": "வேப்படி                                                                                                                      "
  },
  {
    "villagecode": "123",
    "villagename": "Veppanthattai            ",
    "villagetname": "வேப்பந்தட்டை                                                                                                                 "
  }
]
