[
  {
    "villagecode": "024",
    "villagename": "Aaralur                  ",
    "villagetname": "ஆரலூர்                                                                                                                       "
  },
  {
    "villagecode": "055",
    "villagename": "Anakkudi                 ",
    "villagetname": "அனக்குடி                                                                                                                     "
  },
  {
    "villagecode": "020",
    "villagename": "Athipakkam               ",
    "villagetname": "அத்திபாக்கம்                                                                                                                 "
  },
  {
    "villagecode": "561",
    "villagename": "Bagavathapuram (56/1)    ",
    "villagetname": "பாகவதபுரம் (561)                                                                                                             "
  },
  {
    "villagecode": "622",
    "villagename": "Bagavathapuram (62/2)    ",
    "villagetname": "பாகவதபுரம் (622)                                                                                                             "
  },
  {
    "villagecode": "283",
    "villagename": "Baskarajapuram           ",
    "villagetname": "பாஸ்கராஜபுரம்                                                                                                                "
  },
  {
    "villagecode": "017",
    "villagename": "Chidambaranathapuram     ",
    "villagetname": "சிதம்பரநாதபுரம்                                                                                                              "
  },
  {
    "villagecode": "611",
    "villagename": "Govindapuram (61/1)      ",
    "villagetname": "கோவிந்தபுரம் (611)                                                                                                           "
  },
  {
    "villagecode": "641",
    "villagename": "Govindapuram (64/1)      ",
    "villagetname": "கோவிந்தபுரம்                                                                                                                 "
  },
  {
    "villagecode": "670",
    "villagename": "Govindapuram (67/1)      ",
    "villagetname": "கோவிந்தபுரம் (671)                                                                                                           "
  },
  {
    "villagecode": "011",
    "villagename": "Irumoolai                ",
    "villagetname": "இருமூலை                                                                                                                      "
  },
  {
    "villagecode": "044",
    "villagename": "Kanjanur                 ",
    "villagetname": "கஞ்சனூர்                                                                                                                     "
  },
  {
    "villagecode": "032",
    "villagename": "Kannarakkudi             ",
    "villagetname": "கன்னாரக்குடி                                                                                                                 "
  },
  {
    "villagecode": "009",
    "villagename": "Karuppur                 ",
    "villagetname": "கருப்புர்                                                                                                                    "
  },
  {
    "villagecode": "027",
    "villagename": "Kathiramangalam          ",
    "villagetname": "கதிராமங்கலம்                                                                                                                 "
  },
  {
    "villagecode": "041",
    "villagename": "Kattanagaram             ",
    "villagetname": "கட்டாநகரம்                                                                                                                   "
  },
  {
    "villagecode": "012",
    "villagename": "Kavanur                  ",
    "villagetname": "காவனூர்                                                                                                                      "
  },
  {
    "villagecode": "031",
    "villagename": "Keelamanakkudi           ",
    "villagetname": "கீழமணக்குடி                                                                                                                  "
  },
  {
    "villagecode": "029",
    "villagename": "Keelasuriyamoolai        ",
    "villagetname": "கீழசூரியமூலை                                                                                                                 "
  },
  {
    "villagecode": "022",
    "villagename": "Keezhlmanthur            ",
    "villagetname": "கீழ்மாந்தூர்                                                                                                                 "
  },
  {
    "villagecode": "033",
    "villagename": "Kondasamuthiram          ",
    "villagetname": "கொண்டசமுத்திரம்                                                                                                              "
  },
  {
    "villagecode": "028",
    "villagename": "Koothanur                ",
    "villagetname": "கூத்தனூர்                                                                                                                    "
  },
  {
    "villagecode": "045",
    "villagename": "Kottur                   ",
    "villagetname": "கோட்டூர்                                                                                                                     "
  },
  {
    "villagecode": "013",
    "villagename": "Kovilramapuram           ",
    "villagetname": "கோவில்ராமபுரம்                                                                                                               "
  },
  {
    "villagecode": "001",
    "villagename": "Kulasekaranallur         ",
    "villagetname": "குலசேகரநல்லூர்                                                                                                               "
  },
  {
    "villagecode": "026",
    "villagename": "Kunathalapadi            ",
    "villagetname": "குணதலப்பாடி                                                                                                                  "
  },
  {
    "villagecode": "018",
    "villagename": "Kurichi                  ",
    "villagetname": "குறிச்சி                                                                                                                     "
  },
  {
    "villagecode": "282",
    "villagename": "Maharajapuram            ",
    "villagetname": "மகாராஜபுரம்                                                                                                                  "
  },
  {
    "villagecode": "038",
    "villagename": "Maharasapuram            ",
    "villagetname": "மகாராசபுரம்                                                                                                                  "
  },
  {
    "villagecode": "061",
    "villagename": "Mahathanapuram           ",
    "villagetname": "மகாதானபுரம்                                                                                                                  "
  },
  {
    "villagecode": "048",
    "villagename": "Manalur                  ",
    "villagetname": "மணலூர்                                                                                                                       "
  },
  {
    "villagecode": "039",
    "villagename": "Manambadi                ",
    "villagetname": "மானம்பாடி                                                                                                                    "
  },
  {
    "villagecode": "068",
    "villagename": "Manchamalli              ",
    "villagetname": "மஞ்சமல்லி                                                                                                                    "
  },
  {
    "villagecode": "042",
    "villagename": "Manikkudi                ",
    "villagetname": "மணிக்குடி                                                                                                                    "
  },
  {
    "villagecode": "003",
    "villagename": "Marathurai               ",
    "villagetname": "மரத்துரை                                                                                                                     "
  },
  {
    "villagecode": "671",
    "villagename": "Maruthuvakkudi -1        ",
    "villagetname": "மருத்துவக்குடி - 1                                                                                                           "
  },
  {
    "villagecode": "672",
    "villagename": "Maruthuvakkudi -2        ",
    "villagetname": "மருத்துவகுடி - 2                                                                                                             "
  },
  {
    "villagecode": "036",
    "villagename": "Mavuthiruppu             ",
    "villagetname": "மாவுத்திருப்பு                                                                                                               "
  },
  {
    "villagecode": "071",
    "villagename": "Melaiyur                 ",
    "villagetname": "மேலையுர்                                                                                                                     "
  },
  {
    "villagecode": "019",
    "villagename": "Melakattur               ",
    "villagetname": "மேலக்காட்டூர்                                                                                                                "
  },
  {
    "villagecode": "014",
    "villagename": "Mullankudi               ",
    "villagetname": "முள்ளங்குடி                                                                                                                  "
  },
  {
    "villagecode": "025",
    "villagename": "Mullukkudi               ",
    "villagetname": "முள்ளுக்குடி                                                                                                                 "
  },
  {
    "villagecode": "065",
    "villagename": "Muthur                   ",
    "villagetname": "முத்தூர்                                                                                                                     "
  },
  {
    "villagecode": "642",
    "villagename": "Naducauvery Padukaithotta",
    "villagetname": "நடுக்காவேரி படுகைதோடடம                                                                                                       "
  },
  {
    "villagecode": "047",
    "villagename": "Narasinganpettai         ",
    "villagetname": "நரசிங்கன்பேட்டை                                                                                                              "
  },
  {
    "villagecode": "053",
    "villagename": "Narikkudi                ",
    "villagetname": "நரிக்குடி                                                                                                                    "
  },
  {
    "villagecode": "008",
    "villagename": "Neikuppai                ",
    "villagetname": "நெய்குப்பை                                                                                                                   "
  },
  {
    "villagecode": "004",
    "villagename": "Neivasal                 ",
    "villagetname": "நெய்வாசல்                                                                                                                    "
  },
  {
    "villagecode": "010",
    "villagename": "Panthanallur             ",
    "villagetname": "பந்தநல்லூர்                                                                                                                  "
  },
  {
    "villagecode": "062",
    "villagename": "Paruthikkudi             ",
    "villagetname": "பருத்திக்குடி                                                                                                                "
  },
  {
    "villagecode": "354",
    "villagename": "Pattam                   ",
    "villagetname": "பட்டம்                                                                                                                       "
  },
  {
    "villagecode": "054",
    "villagename": "Puththur                 ",
    "villagetname": "புத்தூர்                                                                                                                     "
  },
  {
    "villagecode": "002",
    "villagename": "Sarabojirasapuram        ",
    "villagetname": "சரபோஜிராசபுரம்                                                                                                               "
  },
  {
    "villagecode": "051",
    "villagename": "Sathanur (051)           ",
    "villagetname": "சாத்தனூர் (051)                                                                                                              "
  },
  {
    "villagecode": "069",
    "villagename": "Sathanur (069)           ",
    "villagetname": "சாத்தனூர் (069)                                                                                                              "
  },
  {
    "villagecode": "005",
    "villagename": "Sayanapuram              ",
    "villagetname": "சாயனபுரம்                                                                                                                    "
  },
  {
    "villagecode": "040",
    "villagename": "Senkanur                 ",
    "villagetname": "சேங்கனூர்                                                                                                                    "
  },
  {
    "villagecode": "021",
    "villagename": "Serukudi                 ",
    "villagetname": "செருகுடி                                                                                                                     "
  },
  {
    "villagecode": "034",
    "villagename": "Sikkalnayakanpettai      ",
    "villagetname": "சிக்கல்நாயக்கன்பேட்டை                                                                                                        "
  },
  {
    "villagecode": "301",
    "villagename": "Sivapurani               ",
    "villagetname": "சிவபுரணி                                                                                                                     "
  },
  {
    "villagecode": "043",
    "villagename": "Sooriyamoolai            ",
    "villagetname": "சூரியமூலை                                                                                                                    "
  },
  {
    "villagecode": "049",
    "villagename": "Sooriyanarkovil          ",
    "villagetname": "சூரியனார்கோவில்                                                                                                              "
  },
  {
    "villagecode": "070",
    "villagename": "S.Pudur                  ",
    "villagetname": "எஸ் புதூர்                                                                                                                   "
  },
  {
    "villagecode": "059",
    "villagename": "Thepperumanallur         ",
    "villagetname": "தேப்பெருமாநல்லூர்                                                                                                            "
  },
  {
    "villagecode": "601",
    "villagename": "Thirubuvanam             ",
    "villagetname": "திருபுவனம்                                                                                                                   "
  },
  {
    "villagecode": "581",
    "villagename": "Thirubuvanam Bit         ",
    "villagetname": "திருபுவனம் பிட்                                                                                                              "
  },
  {
    "villagecode": "281",
    "villagename": "Thirukodikkaval          ",
    "villagetname": "திருக்கோடிக்காவல்                                                                                                            "
  },
  {
    "villagecode": "030",
    "villagename": "Thiruloki                ",
    "villagetname": "திருலோகி                                                                                                                     "
  },
  {
    "villagecode": "007",
    "villagename": "Thirumangaicheri         ",
    "villagetname": "திருமங்கைச்சேரி                                                                                                              "
  },
  {
    "villagecode": "063",
    "villagename": "Thirumangalakkudi        ",
    "villagetname": "திருமங்கலக்குடி                                                                                                              "
  },
  {
    "villagecode": "050",
    "villagename": "Thirumanthurai           ",
    "villagetname": "திருமாந்துறை                                                                                                                 "
  },
  {
    "villagecode": "066",
    "villagename": "Thiruneelakkudi          ",
    "villagetname": "திருநீலக்குடி                                                                                                                "
  },
  {
    "villagecode": "351",
    "villagename": "Thiruppanandal East      ",
    "villagetname": "திருப்பனந்தாள் கிழக்கு                                                                                                       "
  },
  {
    "villagecode": "352",
    "villagename": "Thiruppanandal West      ",
    "villagetname": "திருப்பனந்தாள் மேற்கு                                                                                                        "
  },
  {
    "villagecode": "052",
    "villagename": "Thiruvelliyankudi        ",
    "villagetname": "திருவள்ளியங்குடி                                                                                                             "
  },
  {
    "villagecode": "060",
    "villagename": "Thiruvidaimaruthur       ",
    "villagetname": "திருவிடைமருதூர்                                                                                                              "
  },
  {
    "villagecode": "621",
    "villagename": "Thiruvisanallur          ",
    "villagetname": "திருவிசலுர்ர்                                                                                                                "
  },
  {
    "villagecode": "141",
    "villagename": "Thittaicheri             ",
    "villagetname": "திட்டைச்சேரி                                                                                                                 "
  },
  {
    "villagecode": "046",
    "villagename": "Thukili                  ",
    "villagetname": "துகிலி                                                                                                                       "
  },
  {
    "villagecode": "057",
    "villagename": "T.Pandaravaadai          ",
    "villagetname": "ட்டி பண்டாரவாடை                                                                                                              "
  },
  {
    "villagecode": "016",
    "villagename": "Ukkarai                  ",
    "villagetname": "உக்கரை                                                                                                                       "
  },
  {
    "villagecode": "058",
    "villagename": "Umamaheswarapuram        ",
    "villagetname": "உமாமகேஸ்வரபுரம்                                                                                                              "
  },
  {
    "villagecode": "006",
    "villagename": "Vannikkudi               ",
    "villagetname": "வன்னிக்குடி                                                                                                                  "
  },
  {
    "villagecode": "037",
    "villagename": "Veerakkan                ",
    "villagetname": "வீராக்கன்                                                                                                                    "
  },
  {
    "villagecode": "023",
    "villagename": "Velur                    ",
    "villagetname": "வேலூர்                                                                                                                       "
  },
  {
    "villagecode": "056",
    "villagename": "Vepathur                 ",
    "villagetname": "வேப்பத்தூர் -1                                                                                                               "
  },
  {
    "villagecode": "560",
    "villagename": "Veppathur -2             ",
    "villagetname": "வேப்பத்துர்ர் - 2                                                                                                            "
  },
  {
    "villagecode": "015",
    "villagename": "Vinayakan Street         ",
    "villagetname": "விநாயகன்தெரு                                                                                                                 "
  },
  {
    "villagecode": "064",
    "villagename": "Vishwanathapuram         ",
    "villagetname": "விஸ்வநாதபரம                                                                                                                  "
  }
]
