[
  {
    "villagecode": "078",
    "villagename": "Aadamangalam",
    "villagetname": "ஆதமங்கலம்"
  },
  {
    "villagecode": "001",
    "villagename": "Aaimoor",
    "villagetname": "ஆய்மூர்"
  },
  {
    "villagecode": "081",
    "villagename": "Anakkudi",
    "villagetname": "அனக்குடி"
  },
  {
    "villagecode": "050",
    "villagename": "Eesanur",
    "villagetname": "ஈசனூர்"
  },
  {
    "villagecode": "511",
    "villagename": "Ettukudi",
    "villagetname": "எட்டுக்குடி"
  },
  {
    "villagecode": "080",
    "villagename": "Kaarkudi",
    "villagetname": "கார்குடி"
  },
  {
    "villagecode": "023",
    "villagename": "Kachanaharam",
    "villagetname": "கச்சநகரம்"
  },
  {
    "villagecode": "021",
    "villagename": "Keeramper",
    "villagetname": "கீரம்பேர்"
  },
  {
    "villagecode": "077",
    "villagename": "Kodiyalathur",
    "villagetname": "கொடியாளத்தூர்"
  },
  {
    "villagecode": "020",
    "villagename": "Kolappadu",
    "villagetname": "கொளப்பாடு"
  },
  {
    "villagecode": "091",
    "villagename": "Koothangudi",
    "villagetname": "கூத்தங்குடி"
  },
  {
    "villagecode": "024",
    "villagename": "Kothangudi",
    "villagetname": "கொத்தங்குடி"
  },
  {
    "villagecode": "039",
    "villagename": "Madapuram",
    "villagetname": "மடப்புரம்"
  },
  {
    "villagecode": "003",
    "villagename": "Manakudi",
    "villagetname": "மணக்குடி"
  },
  {
    "villagecode": "043",
    "villagename": "Meenamanallur",
    "villagetname": "மீனமநல்லூர்"
  },
  {
    "villagecode": "040",
    "villagename": "Mela Vazhakarai",
    "villagetname": "மேலவாழக்கரை"
  },
  {
    "villagecode": "022",
    "villagename": "Mutharasapuram",
    "villagetname": "முத்தரசபுரம்"
  },
  {
    "villagecode": "143",
    "villagename": "Nathapallam",
    "villagetname": "நத்தப்பள்ளம்"
  },
  {
    "villagecode": "047",
    "villagename": "Neermoolai",
    "villagetname": "நீர்மூளை"
  },
  {
    "villagecode": "018",
    "villagename": "Paangal",
    "villagetname": "பாங்கல்"
  },
  {
    "villagecode": "019",
    "villagename": "Panangadi",
    "villagetname": "பணங்காடி"
  },
  {
    "villagecode": "049",
    "villagename": "Pannatheru",
    "villagetname": "பன்னத்தெரு"
  },
  {
    "villagecode": "046",
    "villagename": "Puthur",
    "villagetname": "புத்தூர்"
  },
  {
    "villagecode": "045",
    "villagename": "Sithaimur",
    "villagetname": "சித்தாய்மூர்"
  },
  {
    "villagecode": "070",
    "villagename": "Thenmaruthur",
    "villagetname": "தென்மருதூர்"
  },
  {
    "villagecode": "083",
    "villagename": "Therkupanaiyur",
    "villagetname": "தெற்குபணையூர்"
  },
  {
    "villagecode": "041",
    "villagename": "Thirukuvalai",
    "villagetname": "திருக்குவளை"
  },
  {
    "villagecode": "052",
    "villagename": "Thiruvaimur",
    "villagetname": "திருவாய்மூர்"
  },
  {
    "villagecode": "048",
    "villagename": "Thiruvudaimaruthur",
    "villagetname": "திருவிடைமருதூர்"
  },
  {
    "villagecode": "044",
    "villagename": "Thozhudur",
    "villagetname": "தொழுதூர்"
  },
  {
    "villagecode": "042",
    "villagename": "Vaazhakarai",
    "villagetname": "வாழக்கரை"
  },
  {
    "villagecode": "082",
    "villagename": "Vadakkupanaiyur",
    "villagetname": "வடக்குபணையூர்"
  },
  {
    "villagecode": "002",
    "villagename": "Vaduhoor",
    "villagetname": "வடுகூர்"
  },
  {
    "villagecode": "079",
    "villagename": "Valivalam",
    "villagetname": "வலிவலம்"
  },
  {
    "villagecode": "051",
    "villagename": "Vallam",
    "villagetname": "வல்லம்"
  }
]
