[
  {
    "villagecode": "017",
    "villagename": "Adari",
    "villagetname": "அடர"
  },
  {
    "villagecode": "031",
    "villagename": "A. Kulappakkam",
    "villagetname": "ஆ .கொளப்பாக்கம்"
  },
  {
    "villagecode": "026",
    "villagename": "A. Marur",
    "villagetname": "ஆ. மரூர"
  },
  {
    "villagecode": "004",
    "villagename": "Arasankudi",
    "villagetname": "அரசங்குடி"
  },
  {
    "villagecode": "051",
    "villagename": "A.Sithur",
    "villagetname": "ஏ சித்துார"
  },
  {
    "villagecode": "030",
    "villagename": "Athiyur",
    "villagetname": "ஆதியுர"
  },
  {
    "villagecode": "032",
    "villagename": "Cheapakkam",
    "villagetname": "சேப்பாக்கம்"
  },
  {
    "villagecode": "046",
    "villagename": "Ilangianur",
    "villagetname": "இலங்கியனூர்"
  },
  {
    "villagecode": "043",
    "villagename": "Ivathukudi",
    "villagetname": "ஐவதுகுடி"
  },
  {
    "villagecode": "015",
    "villagename": "Ja.Endal",
    "villagetname": "ஜ.ஏந்தல்"
  },
  {
    "villagecode": "016",
    "villagename": "Kalathur",
    "villagetname": "களத்தூர"
  },
  {
    "villagecode": "037",
    "villagename": "Kaliyamedu",
    "villagetname": "காளியாமேடு"
  },
  {
    "villagecode": "021",
    "villagename": "Kanjirankulam",
    "villagetname": "காஞ்சிராங்குளம்"
  },
  {
    "villagecode": "018",
    "villagename": "Katchimayilur",
    "villagetname": "கச்சிமயிலூர"
  },
  {
    "villagecode": "029",
    "villagename": "Kattumayilur",
    "villagetname": "காட்டுமையிலுார"
  },
  {
    "villagecode": "028",
    "villagename": "Keezhkurichi",
    "villagetname": "கீழக்குறிச்சி"
  },
  {
    "villagecode": "013",
    "villagename": "Keezh Orathur",
    "villagetname": "கீழ்ஒரத்தூர"
  },
  {
    "villagecode": "041",
    "villagename": "K. Koththanur",
    "villagetname": "கோ. கொத்தனுார"
  },
  {
    "villagecode": "014",
    "villagename": "Kolavai",
    "villagetname": "கொளவாய்"
  },
  {
    "villagecode": "011",
    "villagename": "Magkulam",
    "villagetname": "மாங்குளம்"
  },
  {
    "villagecode": "009",
    "villagename": "Malaiyanur",
    "villagetname": "மலையனூர"
  },
  {
    "villagecode": "024",
    "villagename": "Maligaimedu",
    "villagetname": "மாளிகைமேடு"
  },
  {
    "villagecode": "008",
    "villagename": "Mangalur",
    "villagetname": "மங்களுார"
  },
  {
    "villagecode": "053",
    "villagename": "Mannambadi",
    "villagetname": "மன்னம்பாடி"
  },
  {
    "villagecode": "007",
    "villagename": "Ma.Puthur",
    "villagetname": "ம.புதுார"
  },
  {
    "villagecode": "049",
    "villagename": "Maymathur",
    "villagetname": "மேமாத்துார"
  },
  {
    "villagecode": "023",
    "villagename": "Melkurichi",
    "villagetname": "மேலக்குறிச்சி"
  },
  {
    "villagecode": "006",
    "villagename": "M.Kothanur",
    "villagetname": "ம.கொத்தனூர"
  },
  {
    "villagecode": "042",
    "villagename": "Nagar",
    "villagetname": "நகர"
  },
  {
    "villagecode": "044",
    "villagename": "Nallur",
    "villagetname": "நல்லுார"
  },
  {
    "villagecode": "003",
    "villagename": "Narayur",
    "villagetname": "நரையுர"
  },
  {
    "villagecode": "036",
    "villagename": "Niramani",
    "villagetname": "நிராமணி"
  },
  {
    "villagecode": "039",
    "villagename": "N. Naraiyur",
    "villagetname": "என். நாரையுர"
  },
  {
    "villagecode": "005",
    "villagename": "Orangur",
    "villagetname": "ஒரங்கூர"
  },
  {
    "villagecode": "022",
    "villagename": "Periyanizalur",
    "villagetname": "பெரயநெசலுார"
  },
  {
    "villagecode": "048",
    "villagename": "Pinjanur",
    "villagetname": "பிஞ்சனுார"
  },
  {
    "villagecode": "027",
    "villagename": "P.Kothanur",
    "villagetname": "பா.கொத்தனுார"
  },
  {
    "villagecode": "052",
    "villagename": "Podaiyur (Devasthanam).",
    "villagetname": "புடையுர  (தேவஸ்தானம்)"
  },
  {
    "villagecode": "019",
    "villagename": "Poyinappadi",
    "villagetname": "பொயனப்பாடி"
  },
  {
    "villagecode": "035",
    "villagename": "Pulampadi",
    "villagetname": "புலாம்பாடி"
  },
  {
    "villagecode": "012",
    "villagename": "Rettakurichi",
    "villagetname": "ரெட்டாக்குறிச்சி"
  },
  {
    "villagecode": "050",
    "villagename": "Sathiyam",
    "villagetname": "சாத்தியம்"
  },
  {
    "villagecode": "025",
    "villagename": "Sethuvarayankuppam",
    "villagetname": "சேதுவராயன்குப்பம்"
  },
  {
    "villagecode": "033",
    "villagename": "Sirunisalur",
    "villagetname": "சிறுநெசலுார"
  },
  {
    "villagecode": "010",
    "villagename": "Sirupakkam",
    "villagetname": "சிறுபாக்கம்"
  },
  {
    "villagecode": "001",
    "villagename": "Sitheri",
    "villagetname": "சித்தேர"
  },
  {
    "villagecode": "040",
    "villagename": "Thirupayar",
    "villagetname": "திருப்பயர"
  },
  {
    "villagecode": "002",
    "villagename": "Vadapathi",
    "villagetname": "வடபாதி"
  },
  {
    "villagecode": "047",
    "villagename": "Valasai",
    "villagetname": "வலசை"
  },
  {
    "villagecode": "045",
    "villagename": "Vannathur",
    "villagetname": "வண்ணாத்துார"
  },
  {
    "villagecode": "038",
    "villagename": "Varambanur",
    "villagetname": "வரம்பனுார"
  },
  {
    "villagecode": "034",
    "villagename": "Veppur",
    "villagetname": "வேப்பூர்"
  },
  {
    "villagecode": "020",
    "villagename": "Vinayakanandal",
    "villagetname": "வினாயகநந்தல்"
  }
]
