[
  {
    "villagecode": "012",
    "villagename": "Aandipalayam             ",
    "villagetname": "049  ஆண்டிப்பாளையம்                                                                                                          "
  },
  {
    "villagecode": "013",
    "villagename": "Allathur                 ",
    "villagetname": "061  எலத்தூர் அ                                                                                                              "
  },
  {
    "villagecode": "213",
    "villagename": "Allathur (B)             ",
    "villagetname": "061  எலத்தூர் ஆ.                                                                                                             "
  },
  {
    "villagecode": "007",
    "villagename": "Anchanoor                ",
    "villagetname": "055  அஞ்சானூர்                                                                                                               "
  },
  {
    "villagecode": "021",
    "villagename": "Avalampalayam            ",
    "villagetname": "065  ஆவலாம்பாளையம்                                                                                                           "
  },
  {
    "villagecode": "017",
    "villagename": "Chinnaaripalayam         ",
    "villagetname": "068  சின்னாரிபாளையம்                                                                                                         "
  },
  {
    "villagecode": "026",
    "villagename": "Emmampoondi              ",
    "villagetname": "059  எம்மாம்பூண்டி அ                                                                                                         "
  },
  {
    "villagecode": "226",
    "villagename": "Emmampoondi (B)          ",
    "villagetname": "059  எம்மாம்பூண்டி ஆ.                                                                                                        "
  },
  {
    "villagecode": "008",
    "villagename": "Eragullur                ",
    "villagetname": "052  இருகாலூர்                                                                                                               "
  },
  {
    "villagecode": "015",
    "villagename": "Gurumandhur              ",
    "villagetname": "062  குருமந்தூர்                                                                                                             "
  },
  {
    "villagecode": "022",
    "villagename": "Kadasellipalayam         ",
    "villagetname": "064  கடசெல்லிபாளையம்                                                                                                         "
  },
  {
    "villagecode": "011",
    "villagename": "Kadathur                 ",
    "villagetname": "048  கடத்தூர்                                                                                                                "
  },
  {
    "villagecode": "002",
    "villagename": "Karapadi                 ",
    "villagetname": "072  காரப்பாடி                                                                                                               "
  },
  {
    "villagecode": "014",
    "villagename": "Karattupalayam           ",
    "villagetname": "038  கரட்டுப்பாளையம் அ                                                                                                       "
  },
  {
    "villagecode": "214",
    "villagename": "Karattupalayam (B)       ",
    "villagetname": "038  கரட்டுப்பாளையம் ஆ.                                                                                                      "
  },
  {
    "villagecode": "003",
    "villagename": "Kavilipalayam            ",
    "villagetname": "075  காவிலிபாளையம்                                                                                                           "
  },
  {
    "villagecode": "016",
    "villagename": "Koshanam                 ",
    "villagetname": "063  கோசணம் அ                                                                                                                "
  },
  {
    "villagecode": "216",
    "villagename": "Koshanam (B)             ",
    "villagetname": "063  கோசணம் ஆ.                                                                                                               "
  },
  {
    "villagecode": "009",
    "villagename": "Kuddakarai               ",
    "villagetname": "051  கூடக்கரை                                                                                                                "
  },
  {
    "villagecode": "005",
    "villagename": "Lagampalayam             ",
    "villagetname": "053  லாகம்பாளையம்                                                                                                            "
  },
  {
    "villagecode": "025",
    "villagename": "Mottanam                 ",
    "villagetname": "057  மொட்டணம்                                                                                                                "
  },
  {
    "villagecode": "023",
    "villagename": "Nambiyur                 ",
    "villagetname": "060  நம்பியூர் அ                                                                                                             "
  },
  {
    "villagecode": "223",
    "villagename": "Nambiyur (B)             ",
    "villagetname": "060  நம்பியூர் ஆ.                                                                                                            "
  },
  {
    "villagecode": "020",
    "villagename": "Nichampalayam            ",
    "villagetname": "066  நிச்சாம்பாளையம்                                                                                                         "
  },
  {
    "villagecode": "027",
    "villagename": "Olalakoil                ",
    "villagetname": "058  ஒழலக்கோயில்                                                                                                             "
  },
  {
    "villagecode": "024",
    "villagename": "Pulavapalayam            ",
    "villagetname": "056  பொலவபாளையம்                                                                                                             "
  },
  {
    "villagecode": "001",
    "villagename": "Sellappampalayam         ",
    "villagetname": "073  செல்லப்பம்பாளையம்                                                                                                       "
  },
  {
    "villagecode": "019",
    "villagename": "Shanthipalayam           ",
    "villagetname": "067  சாந்திபாளையம்                                                                                                           "
  },
  {
    "villagecode": "010",
    "villagename": "Sundakkampalayam         ",
    "villagetname": "050  சுண்டக்காம்பாளையம்                                                                                                      "
  },
  {
    "villagecode": "018",
    "villagename": "Thalkuni                 ",
    "villagetname": "069  தாழ்குனி                                                                                                                "
  },
  {
    "villagecode": "004",
    "villagename": "Varappalayam             ",
    "villagetname": "076  வரப்பாளையம்                                                                                                             "
  },
  {
    "villagecode": "006",
    "villagename": "Vemandampalayam          ",
    "villagetname": "054  வேமாண்டம்பாளையம் அ                                                                                                      "
  },
  {
    "villagecode": "206",
    "villagename": "Vemandampalayam (B)      ",
    "villagetname": "054  வேமாண்டம்பாளையம் ஆ.                                                                                                     "
  }
]
