[
  {
    "villagecode": "211",
    "villagename": "Arasur I                 ",
    "villagetname": "அரசூர்பகுதி-1                                                                                                                "
  },
  {
    "villagecode": "212",
    "villagename": "Arasur Ii                ",
    "villagetname": "அரசூர்பகுதி-2                                                                                                                "
  },
  {
    "villagecode": "100",
    "villagename": "Chettiyiruppu            ",
    "villagetname": "செட்டியிருப்பு                                                                                                               "
  },
  {
    "villagecode": "060",
    "villagename": "Eluvaramukki             ",
    "villagetname": "எழுவரைமுக்கி                                                                                                                 "
  },
  {
    "villagecode": "030",
    "villagename": "Karungadal               ",
    "villagetname": "கருங்கடல்                                                                                                                    "
  },
  {
    "villagecode": "040",
    "villagename": "Kattarimangalam          ",
    "villagetname": "கட்டாரிமங்கலம்                                                                                                               "
  },
  {
    "villagecode": "120",
    "villagename": "Komaneri                 ",
    "villagetname": "கோமானேரி                                                                                                                     "
  },
  {
    "villagecode": "130",
    "villagename": "Kombankulam              ",
    "villagetname": "கொம்பன்குளம்                                                                                                                 "
  },
  {
    "villagecode": "190",
    "villagename": "Kommadikottai            ",
    "villagetname": "கொம்மடிக்கோட்டை                                                                                                              "
  },
  {
    "villagecode": "011",
    "villagename": "Meerankulam I            ",
    "villagetname": "மீரான்குளம்பகுதி-1                                                                                                           "
  },
  {
    "villagecode": "012",
    "villagename": "Meerankulam Ii           ",
    "villagetname": "மீரான்குளம்பகுதி-2                                                                                                           "
  },
  {
    "villagecode": "160",
    "villagename": "Mudhaloor                ",
    "villagetname": "முதலூர்                                                                                                                      "
  },
  {
    "villagecode": "200",
    "villagename": "Naduvakkurichi           ",
    "villagetname": "நடுவக்குறிச்சி                                                                                                               "
  },
  {
    "villagecode": "110",
    "villagename": "Nedungulam               ",
    "villagetname": "நெடுங்குளம்                                                                                                                  "
  },
  {
    "villagecode": "230",
    "villagename": "Padukkappathu            ",
    "villagetname": "படுக்கப்பத்து                                                                                                                "
  },
  {
    "villagecode": "080",
    "villagename": "Palangulam               ",
    "villagetname": "பழங்குளம்                                                                                                                    "
  },
  {
    "villagecode": "170",
    "villagename": "Pallakkurichi            ",
    "villagetname": "பள்ளக்குறிச்சி                                                                                                               "
  },
  {
    "villagecode": "070",
    "villagename": "Pannamparai              ",
    "villagetname": "பன்னம்பாறை                                                                                                                   "
  },
  {
    "villagecode": "050",
    "villagename": "Pidaneri                 ",
    "villagetname": "பிடானேரி                                                                                                                     "
  },
  {
    "villagecode": "140",
    "villagename": "Pudukulam                ",
    "villagetname": "புதுக்குளம்                                                                                                                  "
  },
  {
    "villagecode": "180",
    "villagename": "Sastavinallur            ",
    "villagetname": "சாஸ்தாவிநல்லூர்                                                                                                              "
  },
  {
    "villagecode": "090",
    "villagename": "Sattankulam              ",
    "villagetname": "சாத்தான்குளம்                                                                                                                "
  },
  {
    "villagecode": "020",
    "villagename": "Srivenkateswarapuram     ",
    "villagetname": "ஸ்ரீவெங்கடேஸ்வரபுரம்                                                                                                         "
  },
  {
    "villagecode": "150",
    "villagename": "Thachamoli               ",
    "villagetname": "தச்சமொழி                                                                                                                     "
  },
  {
    "villagecode": "220",
    "villagename": "Tirupaniputantaruvai     ",
    "villagetname": "திருப்பணிபுத்தன்தருவை                                                                                                        "
  }
]
