[
  {
    "villagecode": "022",
    "villagename": "Aavarampatti             ",
    "villagetname": "ஆவாரம்பட்டி                                                                                                                  "
  },
  {
    "villagecode": "014",
    "villagename": "Achampatti               ",
    "villagetname": "ஆச்சாம்பட்டி                                                                                                                 "
  },
  {
    "villagecode": "926",
    "villagename": "Adanjur                  ",
    "villagetname": "அடஞ்சூர்                                                                                                                     "
  },
  {
    "villagecode": "908",
    "villagename": "Agarappettai             ",
    "villagetname": "அகரப்பேட்டை                                                                                                                  "
  },
  {
    "villagecode": "916",
    "villagename": "Alamelupuram             ",
    "villagetname": "அலமேலுபுரம்                                                                                                                  "
  },
  {
    "villagecode": "038",
    "villagename": "Ammaiyagaram             ",
    "villagetname": "அம்மையகரம்                                                                                                                   "
  },
  {
    "villagecode": "923",
    "villagename": "Arcod                    ",
    "villagetname": "ஆற்காடு                                                                                                                      "
  },
  {
    "villagecode": "023",
    "villagename": "Budalur                  ",
    "villagetname": "புதலூர்                                                                                                                      "
  },
  {
    "villagecode": "924",
    "villagename": "Budarayanallur           ",
    "villagetname": "புதராயநல்லூர்                                                                                                                "
  },
  {
    "villagecode": "028",
    "villagename": "Chellappanpettai         ",
    "villagetname": "செல்லப்பன்பேட்டை                                                                                                             "
  },
  {
    "villagecode": "029",
    "villagename": "Chithirakkudi            ",
    "villagetname": "சித்திரக்குடி                                                                                                                "
  },
  {
    "villagecode": "291",
    "villagename": "Chithirakkudi Addl       ",
    "villagetname": "சித்திரக்குடி கூடுதல்                                                                                                        "
  },
  {
    "villagecode": "003",
    "villagename": "Chozhakampatti           ",
    "villagetname": "சோழகம்பட்டி                                                                                                                  "
  },
  {
    "villagecode": "922",
    "villagename": "Deetcha Samuthiram       ",
    "villagetname": "தீட்சசமுத்திரம்                                                                                                              "
  },
  {
    "villagecode": "001",
    "villagename": "Indalur                  ",
    "villagetname": "இந்தளுர்                                                                                                                     "
  },
  {
    "villagecode": "002",
    "villagename": "Kadambankudi             ",
    "villagetname": "கடம்பங்குடி                                                                                                                  "
  },
  {
    "villagecode": "039",
    "villagename": "Kalumangalam             ",
    "villagetname": "கழுமங்கலம்                                                                                                                   "
  },
  {
    "villagecode": "282",
    "villagename": "Kandamangalam            ",
    "villagetname": "கண்டமங்கலம்                                                                                                                  "
  },
  {
    "villagecode": "005",
    "villagename": "Kankeyampatti            ",
    "villagetname": "காங்கேயம்பட்டி                                                                                                               "
  },
  {
    "villagecode": "910",
    "villagename": "Katchamangalam           ",
    "villagetname": "கச்சமங்கலம்                                                                                                                  "
  },
  {
    "villagecode": "929",
    "villagename": "Koothur                  ",
    "villagetname": "கூத்தூர்                                                                                                                     "
  },
  {
    "villagecode": "501",
    "villagename": "Kottrapatti              ",
    "villagetname": "கோட்ரப்பட்டி                                                                                                                 "
  },
  {
    "villagecode": "903",
    "villagename": "Koviladi                 ",
    "villagetname": "கோவிலடி                                                                                                                      "
  },
  {
    "villagecode": "024",
    "villagename": "Kovilpathu               ",
    "villagetname": "கோவில்பத்து                                                                                                                  "
  },
  {
    "villagecode": "909",
    "villagename": "Mahadevapuram            ",
    "villagetname": "மகாதேவபுரம்                                                                                                                  "
  },
  {
    "villagecode": "011",
    "villagename": "Manaiyeripatti           ",
    "villagetname": "மனையேரிப்பட்டி                                                                                                               "
  },
  {
    "villagecode": "004",
    "villagename": "Maraneri                 ",
    "villagetname": "மாரனேரி                                                                                                                      "
  },
  {
    "villagecode": "026",
    "villagename": "Maruthakkudi             ",
    "villagetname": "மருதக்குடி                                                                                                                   "
  },
  {
    "villagecode": "911",
    "villagename": "Megalathur               ",
    "villagetname": "மேகளத்தூர்                                                                                                                   "
  },
  {
    "villagecode": "928",
    "villagename": "Michelpatti              ",
    "villagetname": "மைக்கேல்பட்டி                                                                                                                "
  },
  {
    "villagecode": "018",
    "villagename": "Muthuveerakandiyanpatti  ",
    "villagetname": "முத்துவீரக்கண்டியன் பட்டி                                                                                                    "
  },
  {
    "villagecode": "019",
    "villagename": "Nandavanapatti           ",
    "villagetname": "நந்தவனப்பட்டி                                                                                                                "
  },
  {
    "villagecode": "914",
    "villagename": "Nathamangalam            ",
    "villagetname": "நத்தமங்கலம்                                                                                                                  "
  },
  {
    "villagecode": "905",
    "villagename": "Nemam                    ",
    "villagetname": "நேமம்                                                                                                                        "
  },
  {
    "villagecode": "920",
    "villagename": "Onpathuveli              ",
    "villagetname": "ஓன்பத்துவேலி                                                                                                                 "
  },
  {
    "villagecode": "913",
    "villagename": "Orathur                  ",
    "villagetname": "ஒரத்துர்ர்                                                                                                                   "
  },
  {
    "villagecode": "012",
    "villagename": "Palaiyapatti North       ",
    "villagetname": "பாலையப்பட்டி  வடக்கு                                                                                                         "
  },
  {
    "villagecode": "013",
    "villagename": "Palaiyapatti South       ",
    "villagetname": "பாலையப்பட்டி தெற்கு                                                                                                          "
  },
  {
    "villagecode": "021",
    "villagename": "Palayivayal              ",
    "villagetname": "பாலாயிவயல்                                                                                                                   "
  },
  {
    "villagecode": "902",
    "villagename": "Pathirakkudi             ",
    "villagetname": "பாதிரக்குடி                                                                                                                  "
  },
  {
    "villagecode": "919",
    "villagename": "Pavanamangalam           ",
    "villagetname": "பவனமங்கலம்                                                                                                                   "
  },
  {
    "villagecode": "915",
    "villagename": "Pazhamaneri              ",
    "villagetname": "பழமானேரி                                                                                                                     "
  },
  {
    "villagecode": "010",
    "villagename": "Pudukkudi Thenpathi      ",
    "villagetname": "புதுக்குடி தென்பாதி                                                                                                          "
  },
  {
    "villagecode": "009",
    "villagename": "Pudukkudi Vadapathi      ",
    "villagetname": "புதுக்குடி வடபாதி                                                                                                            "
  },
  {
    "villagecode": "016",
    "villagename": "Pudupatti                ",
    "villagetname": "புதுப்பட்டி                                                                                                                  "
  },
  {
    "villagecode": "907",
    "villagename": "Rajagiri                 ",
    "villagetname": "ராஜகிரி                                                                                                                      "
  },
  {
    "villagecode": "008",
    "villagename": "Rayamundanpatti          ",
    "villagetname": "இராயமுண்டான்பட்டி                                                                                                            "
  },
  {
    "villagecode": "031",
    "villagename": "Rayanthur                ",
    "villagetname": "இராயந்தூர்                                                                                                                   "
  },
  {
    "villagecode": "906",
    "villagename": "Renganathapuram          ",
    "villagetname": "ரெங்கநாதபுரம்                                                                                                                "
  },
  {
    "villagecode": "017",
    "villagename": "Sanurapatti              ",
    "villagetname": "சானூரப்பட்டி                                                                                                                 "
  },
  {
    "villagecode": "015",
    "villagename": "Sengipatti               ",
    "villagetname": "செங்கிப்பட்டி                                                                                                                "
  },
  {
    "villagecode": "006",
    "villagename": "Sorakkudipatti           ",
    "villagetname": "சொரக்குடிப்பட்டி                                                                                                             "
  },
  {
    "villagecode": "904",
    "villagename": "Thiruchanampoondi        ",
    "villagetname": "திருச்சணம்புண்டி                                                                                                             "
  },
  {
    "villagecode": "921",
    "villagename": "Thirukkattupalli         ",
    "villagetname": "திருக்காட்டுப்பள்ளி                                                                                                          "
  },
  {
    "villagecode": "901",
    "villagename": "Thogur                   ",
    "villagetname": "தோகூர்                                                                                                                       "
  },
  {
    "villagecode": "020",
    "villagename": "Thondarayanpadi          ",
    "villagetname": "தொண்டராயன்பாடி                                                                                                               "
  },
  {
    "villagecode": "912",
    "villagename": "Unjini                   ",
    "villagetname": "உஞ்சினி                                                                                                                      "
  },
  {
    "villagecode": "030",
    "villagename": "Vanarankudi              ",
    "villagetname": "வானரங்குடி                                                                                                                   "
  },
  {
    "villagecode": "025",
    "villagename": "Veeramarasanpettai       ",
    "villagetname": "வீரமரசன்பேட்டை                                                                                                               "
  },
  {
    "villagecode": "007",
    "villagename": "Vendayampatti            ",
    "villagetname": "வெணடையம்பட்டி                                                                                                                "
  },
  {
    "villagecode": "927",
    "villagename": "Venk Samuthiram 1st Sethi",
    "villagetname": "வெங்கடசமுத்திரம்1ம் சேத்தி                                                                                                   "
  },
  {
    "villagecode": "925",
    "villagename": "Vinnamangalam            ",
    "villagetname": "விண்ணமங்கலம்                                                                                                                 "
  },
  {
    "villagecode": "917",
    "villagename": "Vishnampettai            ",
    "villagetname": "விஷ்ணம்பேட்டை                                                                                                                "
  },
  {
    "villagecode": "918",
    "villagename": "Vittalapuram             ",
    "villagetname": "விட்டலபுரம்                                                                                                                  "
  }
]
