[
  {
    "villagecode": "023",
    "villagename": "Achchubalu",
    "villagetname": "ஆச்சுபாலு                                                                                                                    "
  },
  {
    "villagecode": "037",
    "villagename": "Agalakotta",
    "villagetname": "அகலகோட்டா                                                                                                                    "
  },
  {
    "villagecode": "040",
    "villagename": "Andevanapalli",
    "villagetname": "அந்தேவனப்பள்ளி                                                                                                               "
  },
  {
    "villagecode": "057",
    "villagename": "Anegollu",
    "villagetname": "ஆனெகொல்லு                                                                                                                    "
  },
  {
    "villagecode": "049",
    "villagename": "Anniyalam",
    "villagetname": "அன்னியாளம்                                                                                                                   "
  },
  {
    "villagecode": "055",
    "villagename": "Arasakuppam",
    "villagetname": "அரசகுப்பம்                                                                                                                   "
  },
  {
    "villagecode": "019",
    "villagename": "Arupalli",
    "villagetname": "ஆருபள்ளி                                                                                                                     "
  },
  {
    "villagecode": "022",
    "villagename": "Avaripalli",
    "villagetname": "ஆவேரிப்பள்ளி                                                                                                                 "
  },
  {
    "villagecode": "035",
    "villagename": "Ballapalli",
    "villagetname": "பள்ளப்பள்ளி                                                                                                                  "
  },
  {
    "villagecode": "007",
    "villagename": "Belagondapalli",
    "villagetname": "பேளகொண்டபள்ளி                                                                                                                "
  },
  {
    "villagecode": "089",
    "villagename": "Bettamugulalam",
    "villagetname": "பெட்டமுகுளாளம்                                                                                                               "
  },
  {
    "villagecode": "046",
    "villagename": "Bevunatham",
    "villagetname": "பெவுநத்தம்                                                                                                                   "
  },
  {
    "villagecode": "086",
    "villagename": "Bilalam",
    "villagetname": "பீளாளம்                                                                                                                      "
  },
  {
    "villagecode": "017",
    "villagename": "Binnamangalam",
    "villagetname": "பின்னமஙகலம்                                                                                                                  "
  },
  {
    "villagecode": "063",
    "villagename": "Biramangalam",
    "villagetname": "பைரமங்கலம்                                                                                                                   "
  },
  {
    "villagecode": "056",
    "villagename": "Bithereddi",
    "villagetname": "பிதிரெட்டி                                                                                                                   "
  },
  {
    "villagecode": "064",
    "villagename": "Bodichipalli",
    "villagetname": "போடிச்சிபள்ளி                                                                                                                "
  },
  {
    "villagecode": "021",
    "villagename": "Chikkaveripalli",
    "villagetname": "சிக்காவேரிபள்ளி                                                                                                              "
  },
  {
    "villagecode": "020",
    "villagename": "Chudasandiram",
    "villagetname": "சூடசந்திரம்                                                                                                                  "
  },
  {
    "villagecode": "031",
    "villagename": "Daravendiram",
    "villagetname": "தாரவேந்திரம்                                                                                                                 "
  },
  {
    "villagecode": "047",
    "villagename": "Denkanikottai",
    "villagetname": "டெங்கணிகோட்டை                                                                                                                "
  },
  {
    "villagecode": "010",
    "villagename": "Devaganapalli",
    "villagetname": "தேவகானபளளி                                                                                                                   "
  },
  {
    "villagecode": "016",
    "villagename": "Doddaubbanur",
    "villagetname": "தொட்டஉப்பனூர்                                                                                                                "
  },
  {
    "villagecode": "078",
    "villagename": "Echanahalli",
    "villagetname": "எச்சனஹள்ளி                                                                                                                   "
  },
  {
    "villagecode": "041",
    "villagename": "Erudukotta",
    "villagetname": "இருதுகோட்டா                                                                                                                  "
  },
  {
    "villagecode": "002",
    "villagename": "Gumalapuram",
    "villagetname": "கும்மலாபுரம்                                                                                                                 "
  },
  {
    "villagecode": "088",
    "villagename": "Hanumanthapuram",
    "villagetname": "ஹனுமந்தாபுரம்                                                                                                                "
  },
  {
    "villagecode": "060",
    "villagename": "Hosapuram",
    "villagetname": "ஹொசபுரம்                                                                                                                     "
  },
  {
    "villagecode": "058",
    "villagename": "Jagirkarupalli",
    "villagetname": "ஜாகிர்காருபள்ளி                                                                                                              "
  },
  {
    "villagecode": "065",
    "villagename": "Jakkeri",
    "villagetname": "ஜெக்கேரி                                                                                                                     "
  },
  {
    "villagecode": "025",
    "villagename": "Jawlagiri",
    "villagetname": "ஜவுளகிரி                                                                                                                     "
  },
  {
    "villagecode": "033",
    "villagename": "Kakkadasam",
    "villagetname": "கக்கதாசம்                                                                                                                    "
  },
  {
    "villagecode": "008",
    "villagename": "Kalugondapalli",
    "villagetname": "கலுகொண்டபள்ளி                                                                                                                "
  },
  {
    "villagecode": "039",
    "villagename": "Karandapalli",
    "villagetname": "காரண்டப்பள்ளி                                                                                                                "
  },
  {
    "villagecode": "070",
    "villagename": "Karukkanahalli",
    "villagetname": "கருக்கனஹள்ளி                                                                                                                 "
  },
  {
    "villagecode": "052",
    "villagename": "Kasi Agraharam",
    "villagetname": "காசி அக்ரஹாரம்                                                                                                               "
  },
  {
    "villagecode": "061",
    "villagename": "Kelamangalam",
    "villagetname": "கெலமங்கலம்                                                                                                                   "
  },
  {
    "villagecode": "005",
    "villagename": "Kempatti",
    "villagetname": "கெம்பட்டி                                                                                                                    "
  },
  {
    "villagecode": "013",
    "villagename": "Kodiyalam",
    "villagetname": "கொடியாளம்                                                                                                                    "
  },
  {
    "villagecode": "090",
    "villagename": "Kolatti",
    "villagetname": "கோலட்டி                                                                                                                      "
  },
  {
    "villagecode": "006",
    "villagename": "Komaranapalli",
    "villagetname": "கொமாரனபள்ளி                                                                                                                  "
  },
  {
    "villagecode": "018",
    "villagename": "Kottamadugu",
    "villagetname": "கோட்டமடுகு                                                                                                                  "
  },
  {
    "villagecode": "034",
    "villagename": "Kottur",
    "villagetname": "கோட்டுர்                                                                                                                     "
  },
  {
    "villagecode": "028",
    "villagename": "Kunchena Agraharam",
    "villagetname": "குஞ்சன அக்ரஹாரம்                                                                                                             "
  },
  {
    "villagecode": "062",
    "villagename": "Kunthumaranapalli",
    "villagetname": "குந்துமாரனப்பள்ளி                                                                                                            "
  },
  {
    "villagecode": "015",
    "villagename": "Kuppatti",
    "villagetname": "குப்பட்டி                                                                                                                    "
  },
  {
    "villagecode": "054",
    "villagename": "Mallasandiram",
    "villagetname": "மல்லசந்திரம்                                                                                                                 "
  },
  {
    "villagecode": "092",
    "villagename": "Malligarjunadurgam",
    "villagetname": "மல்லிகார்ஜூனதுர்கம்                                                                                                          "
  },
  {
    "villagecode": "051",
    "villagename": "Maradanapalli",
    "villagetname": "மரதனப்பள்ளி                                                                                                                  "
  },
  {
    "villagecode": "029",
    "villagename": "Marupalli",
    "villagetname": "மாருபள்ளி                                                                                                                    "
  },
  {
    "villagecode": "011",
    "villagename": "Mathagondapalli",
    "villagetname": "மதகொண்டபள்ளி                                                                                                                 "
  },
  {
    "villagecode": "076",
    "villagename": "Muthnahalli",
    "villagetname": "முத்தன அள்ளி                                                                                                                 "
  },
  {
    "villagecode": "067",
    "villagename": "Nagamangalam",
    "villagetname": "நாகமங்கலம்                                                                                                                   "
  },
  {
    "villagecode": "059",
    "villagename": "Nagappan Agraharam",
    "villagetname": "நாகப்பன் அக்ரகாரம்                                                                                                           "
  },
  {
    "villagecode": "077",
    "villagename": "Nallur",
    "villagetname": "நல்லூர்                                                                                                                      "
  },
  {
    "villagecode": "026",
    "villagename": "Nandimangalam",
    "villagetname": "நந்திமங்கலம்                                                                                                                 "
  },
  {
    "villagecode": "024",
    "villagename": "Nellumaru Agraharam",
    "villagetname": "நெல்லுமாரு அக்ரஹாரம்                                                                                                         "
  },
  {
    "villagecode": "043",
    "villagename": "Noganoor",
    "villagetname": "நொகனூர்                                                                                                                      "
  },
  {
    "villagecode": "079",
    "villagename": "Odayandahalli",
    "villagetname": "ஒடையாண்ட ஹள்ளி                                                                                                               "
  },
  {
    "villagecode": "066",
    "villagename": "Pachchapanatti",
    "villagetname": "பச்சப்பனட்டி                                                                                                                 "
  },
  {
    "villagecode": "038",
    "villagename": "Palayamkotta",
    "villagetname": "பாளையங் கோட்டா                                                                                                               "
  },
  {
    "villagecode": "009",
    "villagename": "Peddamadagondapalli",
    "villagetname": "பெத்தமதகொண்டப்பள்ளி                                                                                                          "
  },
  {
    "villagecode": "074",
    "villagename": "Pillari Agraharam",
    "villagetname": "பிள்ளாரி அக்ரஹாரம்                                                                                                           "
  },
  {
    "villagecode": "087",
    "villagename": "Rathinagiri",
    "villagetname": "இரத்தினகிரி                                                                                                                  "
  },
  {
    "villagecode": "073",
    "villagename": "Rayakottah",
    "villagetname": "ராயகோட்டா                                                                                                                    "
  },
  {
    "villagecode": "091",
    "villagename": "Salivaram",
    "villagetname": "சாலிவாரம்                                                                                                                    "
  },
  {
    "villagecode": "050",
    "villagename": "Sangita Agraharam",
    "villagetname": "சங்கீத அக்ரஹாரம்                                                                                                             "
  },
  {
    "villagecode": "044",
    "villagename": "Santhanapalli",
    "villagetname": "சந்தனப்பள்ளி                                                                                                                 "
  },
  {
    "villagecode": "012",
    "villagename": "Saragapalli",
    "villagetname": "சாரகப்பள்ளி                                                                                                                  "
  },
  {
    "villagecode": "032",
    "villagename": "Sarandapalli",
    "villagetname": "சாராண்டபள்ளி                                                                                                                 "
  },
  {
    "villagecode": "004",
    "villagename": "Sathanoor",
    "villagetname": "சாத்தனுர்                                                                                                                    "
  },
  {
    "villagecode": "071",
    "villagename": "Sengodachinnahalli",
    "villagetname": "செங்கோடசின்னஹள்ளி                                                                                                            "
  },
  {
    "villagecode": "036",
    "villagename": "Settipalli",
    "villagetname": "செட்டிப்பள்ளி                                                                                                                "
  },
  {
    "villagecode": "072",
    "villagename": "Suligunta",
    "villagetname": "சூலிகுண்டா                                                                                                                   "
  },
  {
    "villagecode": "075",
    "villagename": "T.Gollahalli",
    "villagetname": "T.கொல்லஹள்ளி                                                                                                                 "
  },
  {
    "villagecode": "030",
    "villagename": "Thalikothanur",
    "villagetname": "தளிகொத்தனுர்                                                                                                                 "
  },
  {
    "villagecode": "027",
    "villagename": "Thalli",
    "villagetname": "தளி                                                                                                                          "
  },
  {
    "villagecode": "053",
    "villagename": "Thandarai",
    "villagetname": "தண்டரை                                                                                                                       "
  },
  {
    "villagecode": "042",
    "villagename": "Thavarakarai",
    "villagetname": "தாவரக்கரை                                                                                                                    "
  },
  {
    "villagecode": "069",
    "villagename": "Thimijepalli",
    "villagetname": "திமிஜேபள்ளி                                                                                                                  "
  },
  {
    "villagecode": "014",
    "villagename": "Thogarai Agraharam",
    "villagetname": "தோகரை அக்ரஹாரம்                                                                                                              "
  },
  {
    "villagecode": "068",
    "villagename": "Udedurgam",
    "villagetname": "ஊடேதுர்கம்                                                                                                                   "
  },
  {
    "villagecode": "048",
    "villagename": "Ulimangalam",
    "villagetname": "உளிமங்கலம்                                                                                                                   "
  },
  {
    "villagecode": "003",
    "villagename": "Ulimaranapalli",
    "villagetname": "உலிமாரனபள்ளி                                                                                                                 "
  },
  {
    "villagecode": "001",
    "villagename": "Unisenatham",
    "villagetname": "உனிசேநத்தம்                                                                                                                  "
  }
]
