[
  {
    "villagecode": "205",
    "villagename": "Andipatti  Bit - 2       ",
    "villagetname": "ஆண்டிபட்டி பிட் - 2                                                                                                          "
  },
  {
    "villagecode": "005",
    "villagename": "Andipatti  Bit - I       ",
    "villagetname": "ஆண்டிபட்டி பிட் - 1                                                                                                          "
  },
  {
    "villagecode": "011",
    "villagename": "Balakombai               ",
    "villagetname": "பாலகோம்பை                                                                                                                    "
  },
  {
    "villagecode": "013",
    "villagename": "Chittarpatti             ",
    "villagetname": "சித்தார்பட்டி                                                                                                                "
  },
  {
    "villagecode": "016",
    "villagename": "G. Usilampatti           ",
    "villagetname": "ஜி. உசிலம்பட்டி                                                                                                              "
  },
  {
    "villagecode": "021",
    "villagename": "Kadamalaigundu           ",
    "villagetname": "கடமலைக்குண்டு                                                                                                                "
  },
  {
    "villagecode": "014",
    "villagename": "Kanavaipatti             ",
    "villagetname": "கணவாய்பட்டி                                                                                                                  "
  },
  {
    "villagecode": "006",
    "villagename": "Kothaloothu              ",
    "villagetname": "கோத்தலூத்து                                                                                                                  "
  },
  {
    "villagecode": "007",
    "villagename": "Kothapatti               ",
    "villagetname": "கொத்தபட்டி                                                                                                                   "
  },
  {
    "villagecode": "003",
    "villagename": "Kovilpatti               ",
    "villagetname": "கோவில்பட்டி                                                                                                                  "
  },
  {
    "villagecode": "019",
    "villagename": "Kunnur                   ",
    "villagetname": "குன்னூர்                                                                                                                     "
  },
  {
    "villagecode": "018",
    "villagename": "Marigundu                ",
    "villagetname": "மரிக்குண்டு                                                                                                                  "
  },
  {
    "villagecode": "023",
    "villagename": "Megamalai                ",
    "villagetname": "மேகமலை                                                                                                                       "
  },
  {
    "villagecode": "015",
    "villagename": "Mottanoothu              ",
    "villagetname": "மொட்டனூத்து                                                                                                                  "
  },
  {
    "villagecode": "022",
    "villagename": "Myladumparai             ",
    "villagetname": "மயிலாடும்பாறை                                                                                                                "
  },
  {
    "villagecode": "009",
    "villagename": "Palayakottai             ",
    "villagetname": "பழையகோட்டை                                                                                                                   "
  },
  {
    "villagecode": "001",
    "villagename": "Pulliman Kombai          ",
    "villagetname": "புலிமான்கோம்பை                                                                                                               "
  },
  {
    "villagecode": "008",
    "villagename": "Rajadhani                ",
    "villagetname": "ராஜதானி                                                                                                                      "
  },
  {
    "villagecode": "010",
    "villagename": "Ramakrishnapuram         ",
    "villagetname": "ராமகிருஷ்ணபுரம்                                                                                                              "
  },
  {
    "villagecode": "004",
    "villagename": "Sanmugasundarapuram      ",
    "villagetname": "சண்முகசுந்தரபுரம்                                                                                                            "
  },
  {
    "villagecode": "017",
    "villagename": "Thekkampatti             ",
    "villagetname": "தேக்கம்பட்டி                                                                                                                 "
  },
  {
    "villagecode": "012",
    "villagename": "Theppampatti             ",
    "villagetname": "தெப்பம்பட்டி                                                                                                                 "
  },
  {
    "villagecode": "202",
    "villagename": "Thimmarasanaickanur Bit-2",
    "villagetname": "திம்மரசநாயக்கனூர் பிட்- 2                                                                                                    "
  },
  {
    "villagecode": "002",
    "villagename": "Thimmarasanaickanur Bit-I",
    "villagetname": "திம்மரசநாயக்கனூர்                                                                                                            "
  },
  {
    "villagecode": "020",
    "villagename": "Vallalnathi              ",
    "villagetname": "வள்ளல்நதி                                                                                                                    "
  }
]
