[
  {
    "villagecode": "016",
    "villagename": "Adaichani                ",
    "villagetname": "அடைச்சாணி                                                                                                                    "
  },
  {
    "villagecode": "121",
    "villagename": "Alwarkurichi - 1         ",
    "villagetname": "ஆழ்வார்குறிச்சி-1                                                                                                            "
  },
  {
    "villagecode": "122",
    "villagename": "Alwarkurichi - 2         ",
    "villagetname": "ஆழ்வார்குறிச்சி-2                                                                                                            "
  },
  {
    "villagecode": "036",
    "villagename": "Avudaiyannur             ",
    "villagetname": "ஆவுடையானூர்                                                                                                                  "
  },
  {
    "villagecode": "010",
    "villagename": "Ayan Dharmapuramadam     ",
    "villagetname": "அயன் தர்மபுரம் மடம்                                                                                                          "
  },
  {
    "villagecode": "005",
    "villagename": "Ayan Pottalpudhur        ",
    "villagetname": "அயன் பொட்டல்புதூர்                                                                                                           "
  },
  {
    "villagecode": "029",
    "villagename": "Ayiraperi                ",
    "villagetname": "ஆயிரப்பேரி                                                                                                                   "
  },
  {
    "villagecode": "025",
    "villagename": "Courtallam",
    "villagetname": "குற்றாலம்"
  },
  {
    "villagecode": "009",
    "villagename": "Govindaperi              ",
    "villagetname": "கோவிந்தப்பேரி                                                                                                                "
  },
  {
    "villagecode": "032",
    "villagename": "Gunaramanallur           ",
    "villagetname": "குணராமநல்லூர்                                                                                                                "
  },
  {
    "villagecode": "024",
    "villagename": "Ilanji                   ",
    "villagetname": "இலஞ்சி                                                                                                                       "
  },
  {
    "villagecode": "111",
    "villagename": "Kadaiyam Perumpathu - 1  ",
    "villagetname": "கடையம்பெரும்பத்து-1                                                                                                          "
  },
  {
    "villagecode": "112",
    "villagename": "Kadaiyam Perumpathu - 2  ",
    "villagetname": "கடையம்பெரும்பத்து-2                                                                                                          "
  },
  {
    "villagecode": "034",
    "villagename": "Kallurani                ",
    "villagetname": "கல்லூரணி                                                                                                                     "
  },
  {
    "villagecode": "014",
    "villagename": "Keela Ambur              ",
    "villagetname": "கீழஆம்பூர்                                                                                                                   "
  },
  {
    "villagecode": "301",
    "villagename": "Keela Kadaiyam - 1       ",
    "villagetname": "கீழக்கடையம்-1                                                                                                                "
  },
  {
    "villagecode": "302",
    "villagename": "Keela Kadaiyam - 2       ",
    "villagetname": "கீழக்கடையம்-2                                                                                                                "
  },
  {
    "villagecode": "033",
    "villagename": "Kulasekarapatti          ",
    "villagetname": "குலசேகரப்பட்டி                                                                                                               "
  },
  {
    "villagecode": "023",
    "villagename": "Kuthukkalvalasai         ",
    "villagetname": "குத்துக்கல்வலசை                                                                                                              "
  },
  {
    "villagecode": "030",
    "villagename": "Mathalamparai            ",
    "villagetname": "மத்தளம்பாறை                                                                                                                  "
  },
  {
    "villagecode": "131",
    "villagename": "Mela Ambur - 1           ",
    "villagetname": "மேல ஆம்பூர் - 1                                                                                                              "
  },
  {
    "villagecode": "132",
    "villagename": "Mela Ambur - 2           ",
    "villagetname": "மேல ஆம்பூர்-2                                                                                                                "
  },
  {
    "villagecode": "026",
    "villagename": "Melagaram                ",
    "villagetname": "மேலகரம்                                                                                                                      "
  },
  {
    "villagecode": "002",
    "villagename": "Mela Kadaiyam            ",
    "villagetname": "மேலக்கடையம்                                                                                                                  "
  },
  {
    "villagecode": "019",
    "villagename": "Melapavoor               ",
    "villagetname": "மேலப்பாவூர்                                                                                                                  "
  },
  {
    "villagecode": "028",
    "villagename": "Minnadicheri             ",
    "villagetname": "மின்னடிசேரி                                                                                                                  "
  },
  {
    "villagecode": "020",
    "villagename": "Pattakuruchi             ",
    "villagetname": "பாட்டாக்குறிச்சி                                                                                                             "
  },
  {
    "villagecode": "027",
    "villagename": "Pattapathu               ",
    "villagetname": "பாட்டப்பத்து                                                                                                                 "
  },
  {
    "villagecode": "008",
    "villagename": "Ravanasamudram           ",
    "villagetname": "ரவணசமுத்திரம்                                                                                                                "
  },
  {
    "villagecode": "031",
    "villagename": "Sillaraipuravu           ",
    "villagetname": "சில்லரைப்புரவு                                                                                                               "
  },
  {
    "villagecode": "011",
    "villagename": "Sivasailam               ",
    "villagetname": "சிவசைலம்                                                                                                                     "
  },
  {
    "villagecode": "017",
    "villagename": "Sundarapandiapuram       ",
    "villagetname": "சுந்தரபாண்டியபுரம்                                                                                                           "
  },
  {
    "villagecode": "006",
    "villagename": "Therkku Kadaiyam         ",
    "villagetname": "தெற்கு கடையம்                                                                                                                "
  },
  {
    "villagecode": "004",
    "villagename": "Therkku Madathur         ",
    "villagetname": "தெற்கு மடத்தூர்                                                                                                              "
  },
  {
    "villagecode": "035",
    "villagename": "Thippanampatti           ",
    "villagetname": "திப்பணம்பட்டி                                                                                                                "
  },
  {
    "villagecode": "018",
    "villagename": "Thiruchitrambalam        ",
    "villagetname": "திருச்சிற்றம்பலம்                                                                                                            "
  },
  {
    "villagecode": "015",
    "villagename": "Vadakku Pappankulam      ",
    "villagetname": "வடக்கு பாப்பான்குளம்                                                                                                         "
  },
  {
    "villagecode": "007",
    "villagename": "Veerasamudram            ",
    "villagetname": "வீராசமுத்திரம்                                                                                                               "
  }
]
