[
  {
    "villagecode": "045",
    "villagename": "Aaladikaruppur",
    "villagetname": "ஆலடிக்கருப்பூர்"
  },
  {
    "villagecode": "011",
    "villagename": "Aalthur",
    "villagetname": "ஆலத்தூர்"
  },
  {
    "villagecode": "062",
    "villagename": "Aarpar",
    "villagetname": "ஆர்பார்"
  },
  {
    "villagecode": "060",
    "villagename": "Abhivirutheswaram",
    "villagetname": "அபிவிருத்தீஸ்வரம்"
  },
  {
    "villagecode": "024",
    "villagename": "Adambar Ukkadai",
    "villagetname": "அதம்பார் உக்கடை"
  },
  {
    "villagecode": "034",
    "villagename": "Adippuliyur",
    "villagetname": "ஆடிப்புலியூர்"
  },
  {
    "villagecode": "048",
    "villagename": "Akaraohai",
    "villagetname": "அகரஓகை"
  },
  {
    "villagecode": "041",
    "villagename": "Annavasal                ",
    "villagetname": "அன்னவாசல்"
  },
  {
    "villagecode": "006",
    "villagename": "Anniyur                  ",
    "villagetname": "அன்னியூர்"
  },
  {
    "villagecode": "049",
    "villagename": "Arasur                   ",
    "villagetname": "அரசூர்"
  },
  {
    "villagecode": "056",
    "villagename": "Ilaiyur",
    "villagetname": "இலையூர்"
  },
  {
    "villagecode": "018",
    "villagename": "Kadalangudi              ",
    "villagetname": "கடலங்குடி"
  },
  {
    "villagecode": "020",
    "villagename": "Kandaramanikkam",
    "villagetname": "கண்டரமாணிக்கம்"
  },
  {
    "villagecode": "063",
    "villagename": "Karaiyappalaiyur",
    "villagetname": "கரையாப்பாலையூர்"
  },
  {
    "villagecode": "054",
    "villagename": "Kelappalaiyur",
    "villagetname": "கீழப்பாலையூர்"
  },
  {
    "villagecode": "012",
    "villagename": "Killiyur                 ",
    "villagetname": "கிள்ளியூர்"
  },
  {
    "villagecode": "021",
    "villagename": "Koonthalur",
    "villagetname": "கூந்தலூர்"
  },
  {
    "villagecode": "043",
    "villagename": "Kudavasal                ",
    "villagetname": "குடவாசல்"
  },
  {
    "villagecode": "044",
    "villagename": "Manapparavai             ",
    "villagetname": "மணப்பறவை"
  },
  {
    "villagecode": "022",
    "villagename": "Manavalanallur",
    "villagetname": "மணவாளநல்லூர்"
  },
  {
    "villagecode": "050",
    "villagename": "Manjakkudi",
    "villagetname": "மஞ்சக்குடி"
  },
  {
    "villagecode": "016",
    "villagename": "Maruthuvakkudi",
    "villagetname": "மருத்துவக்குடி"
  },
  {
    "villagecode": "059",
    "villagename": "Mela Adichchamangalam",
    "villagetname": "மேலாதிச்சமங்கலம்"
  },
  {
    "villagecode": "046",
    "villagename": "Melapaalaiyur",
    "villagetname": "மேலப்பாலையூர்"
  },
  {
    "villagecode": "026",
    "villagename": "Melaramansethi",
    "villagetname": "மேலராமன்சேத்தி"
  },
  {
    "villagecode": "037",
    "villagename": "Naranamangalam",
    "villagetname": "நாரணமங்கலம்"
  },
  {
    "villagecode": "038",
    "villagename": "Neduncheri               ",
    "villagetname": "நெடுஞ்சேரி"
  },
  {
    "villagecode": "053",
    "villagename": "Neikkuppai",
    "villagetname": "நெய்க்குப்பை"
  },
  {
    "villagecode": "003",
    "villagename": "Paravakkarai             ",
    "villagetname": "பரவாக்கரை"
  },
  {
    "villagecode": "032",
    "villagename": "Paruttiyur",
    "villagetname": "பருத்தியூர்"
  },
  {
    "villagecode": "042",
    "villagename": "Perumangalam             ",
    "villagetname": "பெருமங்கலம்"
  },
  {
    "villagecode": "039",
    "villagename": "Perumpanniyur",
    "villagetname": "பெரும்பண்ணையூர்"
  },
  {
    "villagecode": "027",
    "villagename": "Prathaparamapuram",
    "villagetname": "பிரதாபராமபுரம்"
  },
  {
    "villagecode": "051",
    "villagename": "Pudukkudi",
    "villagetname": "புதுக்குடி"
  },
  {
    "villagecode": "019",
    "villagename": "Pudukkudi                ",
    "villagetname": "புதுக்குடி"
  },
  {
    "villagecode": "028",
    "villagename": "Puliyancheri             ",
    "villagetname": "புளியஞ்சேரி"
  },
  {
    "villagecode": "013",
    "villagename": "Sarabojirajapuram        ",
    "villagetname": "சரபோஜிராஜபுரம்"
  },
  {
    "villagecode": "017",
    "villagename": "Sarkuneswarapuram",
    "villagetname": "சர்குணேஸ்வரபுரம்"
  },
  {
    "villagecode": "025",
    "villagename": "Seethakkamangalam",
    "villagetname": "சீதக்கமங்கலம்"
  },
  {
    "villagecode": "058",
    "villagename": "Sellur                   ",
    "villagetname": "செல்லூர்"
  },
  {
    "villagecode": "040",
    "villagename": "Sengaalipuram",
    "villagetname": "சேங்காலிபுரம்"
  },
  {
    "villagecode": "007",
    "villagename": "Serugudi                 ",
    "villagetname": "செருகுடி"
  },
  {
    "villagecode": "035",
    "villagename": "Serukalathur",
    "villagetname": "செருகளத்தூர்"
  },
  {
    "villagecode": "030",
    "villagename": "Sethinipuram",
    "villagetname": "சேதினிபுரம்"
  },
  {
    "villagecode": "052",
    "villagename": "Simili",
    "villagetname": "சிமிழி"
  },
  {
    "villagecode": "033",
    "villagename": "Sithadi",
    "villagetname": "சித்தாடி"
  },
  {
    "villagecode": "010",
    "villagename": "Suraikkaayur",
    "villagetname": "சுரைக்காயூர்"
  },
  {
    "villagecode": "023",
    "villagename": "Thethiyur",
    "villagetname": "தேதியூர்"
  },
  {
    "villagecode": "047",
    "villagename": "Thirukkudi",
    "villagetname": "திருக்குடி"
  },
  {
    "villagecode": "009",
    "villagename": "Thiruppamburam",
    "villagetname": "திருப்பாம்புரம்"
  },
  {
    "villagecode": "004",
    "villagename": "Thiruvelimilalai",
    "villagetname": "திருவீழிமிழலை"
  },
  {
    "villagecode": "031",
    "villagename": "Thiruvidachcheri",
    "villagetname": "திருவிடச்சேரி"
  },
  {
    "villagecode": "057",
    "villagename": "Tirukkalambur",
    "villagetname": "திருக்களம்பூர்"
  },
  {
    "villagecode": "055",
    "villagename": "Uthirangudi",
    "villagetname": "உத்திரங்குடி"
  },
  {
    "villagecode": "002",
    "villagename": "Vadamattam 1-1           ",
    "villagetname": "வடமட்டம் 1-1"
  },
  {
    "villagecode": "036",
    "villagename": "Vadaver                  ",
    "villagetname": "வடவேர்"
  },
  {
    "villagecode": "008",
    "villagename": "Vadukakkudi",
    "villagetname": "வடுகக்குடி"
  },
  {
    "villagecode": "061",
    "villagename": "Valavanallur             ",
    "villagetname": "வளவநல்லூர்"
  },
  {
    "villagecode": "001",
    "villagename": "Vayalur                  ",
    "villagetname": "வயலூர்"
  },
  {
    "villagecode": "014",
    "villagename": "Vellai Adambaar",
    "villagetname": "வெள்ளை அதம்பார்"
  },
  {
    "villagecode": "029",
    "villagename": "Vikrapandiam",
    "villagetname": "விக்கிரபாண்டியம்"
  },
  {
    "villagecode": "005",
    "villagename": "Vilagam                  ",
    "villagetname": "விளாகம்"
  },
  {
    "villagecode": "015",
    "villagename": "Vishnupuram              ",
    "villagetname": "விஷ்னுபுரம்"
  }
]
