[
  {
    "villagecode": "001",
    "villagename": "Pamban                   ",
    "villagetname": "பாம்பன்                                                                                                                      "
  },
  {
    "villagecode": "002",
    "villagename": "Rameswaram               ",
    "villagetname": "இராமேஸ்வரம்                                                                                                                  "
  }
]
