[
  {
    "villagecode": "027",
    "villagename": "Adinathapuram            ",
    "villagetname": "ஆதிநாதபுரம்                                                                                                                  "
  },
  {
    "villagecode": "021",
    "villagename": "Agaram                   ",
    "villagetname": "அகரம்                                                                                                                        "
  },
  {
    "villagecode": "030",
    "villagename": "Alagiyamanavalapuram     ",
    "villagetname": "அழகியமணவாளபுரம்                                                                                                              "
  },
  {
    "villagecode": "028",
    "villagename": "Alwarthirunagari         ",
    "villagetname": "ஆழ்வார்திருநகரி                                                                                                              "
  },
  {
    "villagecode": "042",
    "villagename": "Angamangalam             ",
    "villagetname": "அங்கமங்கலம்                                                                                                                  "
  },
  {
    "villagecode": "010",
    "villagename": "Arumugamangalam          ",
    "villagetname": "ஆறுமுகமங்கலம்                                                                                                                "
  },
  {
    "villagecode": "015",
    "villagename": "Iruvappapuram-I          ",
    "villagetname": "இருவப்பபுரம் 1                                                                                                               "
  },
  {
    "villagecode": "016",
    "villagename": "Iruvappapuram-Ii         ",
    "villagetname": "இருவப்பபுரம் 2                                                                                                               "
  },
  {
    "villagecode": "044",
    "villagename": "Kachanavilai             ",
    "villagetname": "கச்சனாவிளை                                                                                                                   "
  },
  {
    "villagecode": "035",
    "villagename": "Kadaiyanodai             ",
    "villagetname": "கடையனோடை                                                                                                                     "
  },
  {
    "villagecode": "004",
    "villagename": "Kilpidagai Appankovil    ",
    "villagetname": "கீழ்ப்பிடாகை அப்பன்கோவில்                                                                                                    "
  },
  {
    "villagecode": "003",
    "villagename": "Kilpidagai Kasba         ",
    "villagetname": "கீழ்ப்பிடாகை கஸ்பா                                                                                                           "
  },
  {
    "villagecode": "022",
    "villagename": "Kodungani                ",
    "villagetname": "கொடுங்கனி                                                                                                                    "
  },
  {
    "villagecode": "018",
    "villagename": "Korkai                   ",
    "villagetname": "கொற்கை                                                                                                                       "
  },
  {
    "villagecode": "012",
    "villagename": "Kottarakurichi           ",
    "villagetname": "கொட்டாரக்குறிச்சி                                                                                                            "
  },
  {
    "villagecode": "026",
    "villagename": "Kurippankulam            ",
    "villagetname": "குறிப்பன்குளம்                                                                                                               "
  },
  {
    "villagecode": "038",
    "villagename": "Kurukattur               ",
    "villagetname": "குருக்காட்டூர்                                                                                                               "
  },
  {
    "villagecode": "024",
    "villagename": "Malavarayanatham         ",
    "villagetname": "மழவராயநத்தம்                                                                                                                 "
  },
  {
    "villagecode": "006",
    "villagename": "Mangalakurichi           ",
    "villagetname": "மங்கலக்குறிச்சி                                                                                                              "
  },
  {
    "villagecode": "019",
    "villagename": "Manjalneerkayal          ",
    "villagetname": "மஞ்சள் நீர்க்காயல்                                                                                                           "
  },
  {
    "villagecode": "017",
    "villagename": "Maramangalam             ",
    "villagetname": "மாரமங்கலம்                                                                                                                   "
  },
  {
    "villagecode": "036",
    "villagename": "Mavadipannai             ",
    "villagetname": "மாவடிபண்ணை                                                                                                                   "
  },
  {
    "villagecode": "023",
    "villagename": "Mukkani                  ",
    "villagetname": "முக்காணி                                                                                                                     "
  },
  {
    "villagecode": "043",
    "villagename": "Mukkuperi                ",
    "villagetname": "மூக்குப்பீறி                                                                                                                 "
  },
  {
    "villagecode": "045",
    "villagename": "Nalumavadi               ",
    "villagetname": "நாலுமாவடி                                                                                                                    "
  },
  {
    "villagecode": "007",
    "villagename": "Nattathi                 ",
    "villagetname": "நட்டாத்தி                                                                                                                    "
  },
  {
    "villagecode": "033",
    "villagename": "Nazareth                 ",
    "villagetname": "நாசரேத்                                                                                                                      "
  },
  {
    "villagecode": "020",
    "villagename": "Pazhayakayal             ",
    "villagetname": "பழையகாயல்                                                                                                                    "
  },
  {
    "villagecode": "005",
    "villagename": "Perungulam               ",
    "villagetname": "பெருங்குளம்                                                                                                                  "
  },
  {
    "villagecode": "041",
    "villagename": "Puraiyur                 ",
    "villagetname": "புறையூர்                                                                                                                     "
  },
  {
    "villagecode": "039",
    "villagename": "Rajapathy                ",
    "villagetname": "இராஜபதி                                                                                                                      "
  },
  {
    "villagecode": "008",
    "villagename": "Sawyerpuram              ",
    "villagetname": "சாயர்புரம்                                                                                                                   "
  },
  {
    "villagecode": "040",
    "villagename": "Sethukkuvaythan          ",
    "villagetname": "சேதுக்குவாய்த்தான்                                                                                                           "
  },
  {
    "villagecode": "011",
    "villagename": "Siruthondanallur         ",
    "villagetname": "சிறுத்தொண்டநல்லூர்                                                                                                           "
  },
  {
    "villagecode": "002",
    "villagename": "Sivagalai                ",
    "villagetname": "சிவகளை                                                                                                                       "
  },
  {
    "villagecode": "001",
    "villagename": "Thannuthu                ",
    "villagetname": "தன்னூத்து                                                                                                                    "
  },
  {
    "villagecode": "032",
    "villagename": "Themangulam              ",
    "villagetname": "தேமாங்குளம்                                                                                                                  "
  },
  {
    "villagecode": "037",
    "villagename": "Thenthirupperai          ",
    "villagetname": "தென்திருப்பேரை                                                                                                               "
  },
  {
    "villagecode": "034",
    "villagename": "Thirukkalur              ",
    "villagetname": "திருக்களூர்                                                                                                                  "
  },
  {
    "villagecode": "031",
    "villagename": "Thirunavirudaiyapuram    ",
    "villagetname": "திருநாவீருடையார்புரம்                                                                                                        "
  },
  {
    "villagecode": "014",
    "villagename": "Thirupanichetiapathu     ",
    "villagetname": "திருப்பணி செட்டியாபத்து                                                                                                      "
  },
  {
    "villagecode": "009",
    "villagename": "Thirupanichettikulam     ",
    "villagetname": "திருப்பணி செட்டிகுளம்                                                                                                        "
  },
  {
    "villagecode": "025",
    "villagename": "Udaiyarkulam             ",
    "villagetname": "உடையார்குளம்                                                                                                                 "
  },
  {
    "villagecode": "013",
    "villagename": "Valavallan               ",
    "villagetname": "வாழவல்லான்                                                                                                                   "
  },
  {
    "villagecode": "029",
    "villagename": "Vellamadam               ",
    "villagetname": "வெள்ளமடம்                                                                                                                    "
  }
]
