[
  {
    "villagecode": "049",
    "villagename": "Atchamthavilthan         ",
    "villagetname": "அச்சந்தவிழ்த்தான்                                                                                                            "
  },
  {
    "villagecode": "040",
    "villagename": "Atithikulam Senkkulam    ",
    "villagetname": "அத்திகுளம் செங்குளம்                                                                                                         "
  },
  {
    "villagecode": "047",
    "villagename": "Ion Nachiyarkovil        ",
    "villagetname": "அயன் நாச்சியாரகோவில்                                                                                                         "
  },
  {
    "villagecode": "029",
    "villagename": "Kurukkal Kulam           ",
    "villagetname": "குருக்கள்குளம்                                                                                                               "
  },
  {
    "villagecode": "046",
    "villagename": "Malli                    ",
    "villagetname": "மல்லி                                                                                                                        "
  },
  {
    "villagecode": "036",
    "villagename": "Mamsapuram               ",
    "villagetname": "மம்சாபுரம்                                                                                                                   "
  },
  {
    "villagecode": "044",
    "villagename": "Mullikkulam              ",
    "villagetname": "முள்ளிக்குளம்                                                                                                                "
  },
  {
    "villagecode": "043",
    "villagename": "Muthuvenkidarayapuram    ",
    "villagetname": "முத்துவெங்கட்ராயபுரம்                                                                                                        "
  },
  {
    "villagecode": "042",
    "villagename": "Nallinkkaperi            ",
    "villagetname": "நல்லிங்கபேர                                                                                                                  "
  },
  {
    "villagecode": "023",
    "villagename": "Paddakulam Sallipatti    ",
    "villagetname": "பாட்டக்குளம் சல்லிபட்டி                                                                                                      "
  },
  {
    "villagecode": "037",
    "villagename": "Padikasuvaithanpatti     ",
    "villagetname": "படிக்காசுவைத்தான்பட்டி                                                                                                       "
  },
  {
    "villagecode": "028",
    "villagename": "Pillayar Natham          ",
    "villagetname": "பிள்ளையார்நத்தம்                                                                                                             "
  },
  {
    "villagecode": "048",
    "villagename": "Pilliyarkulam            ",
    "villagetname": "பிள்ளையார்குளம்                                                                                                              "
  },
  {
    "villagecode": "034",
    "villagename": "Ponnakkanni              ",
    "villagetname": "பொண்ணாங்கன்னி                                                                                                                "
  },
  {
    "villagecode": "027",
    "villagename": "Poovani                  ",
    "villagetname": "புவாணி                                                                                                                       "
  },
  {
    "villagecode": "024",
    "villagename": "S.Ammapatti              ",
    "villagetname": "ச அம்மாபட்டி                                                                                                                 "
  },
  {
    "villagecode": "031",
    "villagename": "Singammalpuram           ",
    "villagetname": "சிங்கம்மாள்புரம்                                                                                                             "
  },
  {
    "villagecode": "033",
    "villagename": "Sivandhipatti            ",
    "villagetname": "சிவந்திபட்டி                                                                                                                 "
  },
  {
    "villagecode": "038",
    "villagename": "Srivilliputhur           ",
    "villagetname": "ஸ்ரீவில்லிபுத்துார                                                                                                           "
  },
  {
    "villagecode": "039",
    "villagename": "Thailakulam              ",
    "villagetname": "தைலாகுளம்                                                                                                                    "
  },
  {
    "villagecode": "035",
    "villagename": "Theiventhri              ",
    "villagetname": "தெய்வேந்திரி                                                                                                                 "
  },
  {
    "villagecode": "045",
    "villagename": "T.Manakacheri            ",
    "villagetname": "டி மானகசேர                                                                                                                   "
  },
  {
    "villagecode": "041",
    "villagename": "Vadakku Srivilliputhur   ",
    "villagetname": "வடக்கு ஸ்ரீவில்லிபுத்துார                                                                                                    "
  },
  {
    "villagecode": "032",
    "villagename": "Vazhaikullam             ",
    "villagetname": "வாழைக்குளம்                                                                                                                  "
  },
  {
    "villagecode": "030",
    "villagename": "Venkadesvarapuram        ",
    "villagetname": "வெங்கடேஸ்வரபுரம்                                                                                                             "
  },
  {
    "villagecode": "025",
    "villagename": "Viluppanur               ",
    "villagetname": "விழுப்பனுார                                                                                                                  "
  }
]
