[
  {
    "villagecode": "030",
    "villagename": "Aadur Agaram",
    "villagetname": "ஆடூரஅகரம்"
  },
  {
    "villagecode": "015",
    "villagename": "Abatharanapuram",
    "villagetname": "ஆபத்தானபுரம்"
  },
  {
    "villagecode": "060",
    "villagename": "Adinarayanapuram East",
    "villagetname": "ஆதிநாராயணபுரம்  கிழக்கு"
  },
  {
    "villagecode": "069",
    "villagename": "Adinarayanapuram West",
    "villagetname": "ஆதிநாராயணபுரம் மேற்கு"
  },
  {
    "villagecode": "033",
    "villagename": "Adurkuppam",
    "villagetname": "ஆடூரகுப்பம்"
  },
  {
    "villagecode": "057",
    "villagename": "Agaram  East",
    "villagetname": "அகரம் கிழக்கு"
  },
  {
    "villagecode": "071",
    "villagename": "Agaram  West",
    "villagetname": "அகரம் மேற்கு"
  },
  {
    "villagecode": "040",
    "villagename": "Akkatthimapuram",
    "villagetname": "அகத்திமாபுரம்"
  },
  {
    "villagecode": "043",
    "villagename": "Ambalavanampettai",
    "villagetname": "அம்பலவானன்பேட்டை"
  },
  {
    "villagecode": "049",
    "villagename": "Annathanapettai",
    "villagetname": "அன்னதானம்பேட்டை"
  },
  {
    "villagecode": "056",
    "villagename": "Anukampattu",
    "villagetname": "அனுக்கம்பட்டு"
  },
  {
    "villagecode": "021",
    "villagename": "Arangamangalam",
    "villagetname": "அரங்கமங்கலம்"
  },
  {
    "villagecode": "006",
    "villagename": "Athipattu",
    "villagetname": "அத்திப்பட்டு"
  },
  {
    "villagecode": "042",
    "villagename": "Ayekkuppam",
    "villagetname": "அயிகுப்பம்"
  },
  {
    "villagecode": "027",
    "villagename": "Boothampadi",
    "villagetname": "புதம்பாடி"
  },
  {
    "villagecode": "041",
    "villagename": "Edangondampattu",
    "villagetname": "எடகொண்டம்பட்டு"
  },
  {
    "villagecode": "004",
    "villagename": "Elavarasampattu",
    "villagetname": "இளவரசம்பட்டு"
  },
  {
    "villagecode": "024",
    "villagename": "Ellappenpettai",
    "villagetname": "எல்லப்பன்பேட்டை"
  },
  {
    "villagecode": "026",
    "villagename": "Kalkunam",
    "villagetname": "கல்குணம்"
  },
  {
    "villagecode": "014",
    "villagename": "Kanchamanathapuram",
    "villagetname": "கஞ்சமநாதபுரம்"
  },
  {
    "villagecode": "035",
    "villagename": "Kanjamanathanpettai",
    "villagetname": "கஞ்சமநாதன்பேட்டை"
  },
  {
    "villagecode": "032",
    "villagename": "Kannady",
    "villagetname": "கண்ணாடி"
  },
  {
    "villagecode": "017",
    "villagename": "Karunkuzhi",
    "villagetname": "கருங்குழி"
  },
  {
    "villagecode": "062",
    "villagename": "Karuveppampadi",
    "villagetname": "கருவேப்பம்பாடி"
  },
  {
    "villagecode": "013",
    "villagename": "Keezhur",
    "villagetname": "கீழூர"
  },
  {
    "villagecode": "038",
    "villagename": "Kesavanarayanapuram",
    "villagetname": "கேசவநாராயணபுரம்"
  },
  {
    "villagecode": "018",
    "villagename": "Kolakudi",
    "villagetname": "கொளக்குடி"
  },
  {
    "villagecode": "005",
    "villagename": "Kooraiyapettai",
    "villagetname": "கூரய்யாபேட்டை"
  },
  {
    "villagecode": "052",
    "villagename": "Koranapattu",
    "villagetname": "கோரனபட்டு"
  },
  {
    "villagecode": "031",
    "villagename": "Kothavachery",
    "villagetname": "கொத்தவாசேர"
  },
  {
    "villagecode": "046",
    "villagename": "Krishnagkuppam",
    "villagetname": "கிருஷ்ணங்குப்பம்"
  },
  {
    "villagecode": "064",
    "villagename": "Kundiamallur North",
    "villagetname": "குண்டியமல்லுார வடக்கு"
  },
  {
    "villagecode": "068",
    "villagename": "Kundiamallur South",
    "villagetname": "குண்டியமல்லியுர் தெற்கு"
  },
  {
    "villagecode": "025",
    "villagename": "Kurinjipadi North",
    "villagetname": "குறிஞ்சிபாடி வடக்கு"
  },
  {
    "villagecode": "066",
    "villagename": "Kurinjipadi South",
    "villagetname": "குறிஞ்சிப்பாடி தெற்கு"
  },
  {
    "villagecode": "028",
    "villagename": "Kuruvappanpettai",
    "villagetname": "குருவப்பன்பேட்டை"
  },
  {
    "villagecode": "053",
    "villagename": "Madhanagopalapuram",
    "villagetname": "மதனகோபாலபுரம்"
  },
  {
    "villagecode": "020",
    "villagename": "Maruvai",
    "villagetname": "மருவாய்"
  },
  {
    "villagecode": "029",
    "villagename": "Melappudhupettai",
    "villagetname": "மேலபுதுபேட்டை"
  },
  {
    "villagecode": "019",
    "villagename": "Nainarkuppam",
    "villagetname": "நைனாரகுப்பம்"
  },
  {
    "villagecode": "016",
    "villagename": "Parvathipuram",
    "villagetname": "பாரவதிபுரம்"
  },
  {
    "villagecode": "002",
    "villagename": "Peramathur",
    "villagetname": "பெரமாத்தூர"
  },
  {
    "villagecode": "036",
    "villagename": "Pethanayakkankuppam",
    "villagetname": "பெத்தநாயக்கன்குப்பம்"
  },
  {
    "villagecode": "051",
    "villagename": "Peykkanatham",
    "villagetname": "பேய்க்காநத்தம்"
  },
  {
    "villagecode": "054",
    "villagename": "Puliyur (East)",
    "villagetname": "புலியுர  (கிழக்கு)"
  },
  {
    "villagecode": "065",
    "villagename": "Puliyur (West)",
    "villagetname": "புலியுர(மேற்கு)"
  },
  {
    "villagecode": "058",
    "villagename": "Puvanikuppam  North",
    "villagetname": "புவானிகுப்பம் வடக்கு"
  },
  {
    "villagecode": "070",
    "villagename": "Puvanikuppam  South",
    "villagetname": "புவானிக்குப்பம் தெற்கு"
  },
  {
    "villagecode": "003",
    "villagename": "Pyirvelivellaiankuppam",
    "villagetname": "பயிர்வெளிவெள்ளையான்"
  },
  {
    "villagecode": "039",
    "villagename": "Ranganathapuram",
    "villagetname": "ரெங்கநாதபுரம்"
  },
  {
    "villagecode": "023",
    "villagename": "Rasakuppam",
    "villagetname": "ராஜாகுப்பம்"
  },
  {
    "villagecode": "022",
    "villagename": "Serakuppam",
    "villagetname": "சேராகுப்பம்"
  },
  {
    "villagecode": "061",
    "villagename": "Sirupalaiyur  North",
    "villagetname": "சிறுபாலையுூர வடக்கு"
  },
  {
    "villagecode": "067",
    "villagename": "Sirupalaiyur  South",
    "villagetname": "சிறுபாலையுர் தெற்கு"
  },
  {
    "villagecode": "037",
    "villagename": "Thaiyal Kunam Patinam",
    "villagetname": "தையல்குணம்பட்டினம்"
  },
  {
    "villagecode": "048",
    "villagename": "Thambipettai",
    "villagetname": "தம்பிப்பேட்டை"
  },
  {
    "villagecode": "059",
    "villagename": "Thanur",
    "villagetname": "தாணுார"
  },
  {
    "villagecode": "063",
    "villagename": "Theerthanagiri",
    "villagetname": "தூரத்தனகிர"
  },
  {
    "villagecode": "010",
    "villagename": "Thenkuthu",
    "villagetname": "தென்குத்து"
  },
  {
    "villagecode": "008",
    "villagename": "Therkku Melur",
    "villagetname": "தெற்குமேலூர"
  },
  {
    "villagecode": "045",
    "villagename": "Thimmaravuthankuppam",
    "villagetname": "திம்மராவுத்தன்குப்பம்"
  },
  {
    "villagecode": "044",
    "villagename": "Thoppukollai",
    "villagetname": "தோப்புகொல்லை"
  },
  {
    "villagecode": "047",
    "villagename": "T.Palayam",
    "villagetname": "டீ.பாளையம்"
  },
  {
    "villagecode": "011",
    "villagename": "Vadakkumelur",
    "villagetname": "வடக்குமேலுார"
  },
  {
    "villagecode": "012",
    "villagename": "Vadakuthu",
    "villagetname": "வடகுத்து"
  },
  {
    "villagecode": "009",
    "villagename": "Vanathirayapuram",
    "villagetname": "வானாதிராயபுரம்"
  },
  {
    "villagecode": "055",
    "villagename": "Vazhudhalampattu",
    "villagetname": "வழுதலம்பட்டு"
  },
  {
    "villagecode": "001",
    "villagename": "Velankulam",
    "villagetname": "வேளங்குளம்"
  },
  {
    "villagecode": "007",
    "villagename": "Veludiyanpattu",
    "villagetname": "வேலுடையான்பட்டு"
  },
  {
    "villagecode": "050",
    "villagename": "Vengadampettai",
    "villagetname": "வெங்கடாம்பேட்டை"
  },
  {
    "villagecode": "034",
    "villagename": "Viruppatchi",
    "villagetname": "விருப்பாச்சி"
  }
]
