[
  {
    "villagecode": "004",
    "villagename": "Adaiyur                  ",
    "villagetname": "ஆடையூர்                                                                                                                      "
  },
  {
    "villagecode": "007",
    "villagename": "Avaniperur (East)        ",
    "villagetname": "ஆவணிபேரூர் கிழக்கு                                                                                                           "
  },
  {
    "villagecode": "008",
    "villagename": "Avaniperur (West)        ",
    "villagetname": "ஆவணிபேரூர் மேற்கு                                                                                                            "
  },
  {
    "villagecode": "006",
    "villagename": "Chetimankurrichi         ",
    "villagetname": "செட்டிமாங்குறிச்சி                                                                                                           "
  },
  {
    "villagecode": "019",
    "villagename": "Chinnamalani             ",
    "villagetname": "சின்னமனலி                                                                                                                    "
  },
  {
    "villagecode": "995",
    "villagename": "Chittur - Bit 2          ",
    "villagetname": "சித்தூர் பிட் 2                                                                                                              "
  },
  {
    "villagecode": "018",
    "villagename": "Edapadi                  ",
    "villagetname": "எடப்பாடி                                                                                                                     "
  },
  {
    "villagecode": "060",
    "villagename": "Erumaipaati              ",
    "villagetname": "எருமைபட்டி                                                                                                                   "
  },
  {
    "villagecode": "003",
    "villagename": "Irrupali                 ",
    "villagetname": "இருப்பாளி                                                                                                                    "
  },
  {
    "villagecode": "028",
    "villagename": "Kachapalli               ",
    "villagetname": "கச்சுப்பள்ளி                                                                                                                 "
  },
  {
    "villagecode": "027",
    "villagename": "Konasamutharam           ",
    "villagetname": "கோணசமுத்திரம்                                                                                                                "
  },
  {
    "villagecode": "002",
    "villagename": "Konganapuram             ",
    "villagetname": "கொங்கணாபுரம்                                                                                                                 "
  },
  {
    "villagecode": "021",
    "villagename": "Koranampatti             ",
    "villagetname": "கோரணம்பட்டி                                                                                                                  "
  },
  {
    "villagecode": "020",
    "villagename": "Kurumbapatti             ",
    "villagetname": "குரும்பபட்டி                                                                                                                 "
  },
  {
    "villagecode": "011",
    "villagename": "Nedunkulam               ",
    "villagetname": "நெடுங்குளம்                                                                                                                  "
  },
  {
    "villagecode": "001",
    "villagename": "Pakkanadu                ",
    "villagetname": "பக்கநாடு                                                                                                                     "
  },
  {
    "villagecode": "024",
    "villagename": "Pudupalayam              ",
    "villagetname": "புதுப்பாளையம்                                                                                                                "
  },
  {
    "villagecode": "010",
    "villagename": "Pulampatti               ",
    "villagetname": "பூலாம்பட்டி                                                                                                                  "
  },
  {
    "villagecode": "025",
    "villagename": "Samutharam               ",
    "villagetname": "சமுத்திரம்                                                                                                                   "
  },
  {
    "villagecode": "005",
    "villagename": "Siddur Bit 1             ",
    "villagetname": "சித்தூர் பிட் 1                                                                                                              "
  },
  {
    "villagecode": "022",
    "villagename": "Thadapuram               ",
    "villagetname": "தாதாபுரம்                                                                                                                    "
  },
  {
    "villagecode": "041",
    "villagename": "Thathangaiyur            ",
    "villagetname": "தங்காயூர்                                                                                                                    "
  },
  {
    "villagecode": "026",
    "villagename": "Vellapuram               ",
    "villagetname": "வெள்ளாளபுரம்                                                                                                                 "
  },
  {
    "villagecode": "009",
    "villagename": "Vellarivelli             ",
    "villagetname": "வெள்ளரிவெள்ளி                                                                                                                "
  },
  {
    "villagecode": "023",
    "villagename": "Vempaneri                ",
    "villagetname": "வேம்பனேரி                                                                                                                    "
  }
]
