[
  {
    "villagecode": "023",
    "villagename": "Amirthi                  ",
    "villagetname": "அமிர்தி"
  },
  {
    "villagecode": "016",
    "villagename": "Athipattu                ",
    "villagetname": "அத்திப்பட்டு             "
  },
  {
    "villagecode": "001",
    "villagename": "Eriyur                   ",
    "villagetname": "ஏரியூர்"
  },
  {
    "villagecode": "017",
    "villagename": "Erukkampattu             ",
    "villagetname": "எருக்கம்பட்டு            "
  },
  {
    "villagecode": "012",
    "villagename": "Erumaiyanur              ",
    "villagetname": "எருமையனூர்"
  },
  {
    "villagecode": "024",
    "villagename": "Kanamalai                ",
    "villagetname": "கானமலை"
  },
  {
    "villagecode": "027",
    "villagename": "Kilkanavayur             ",
    "villagetname": "கீழ்கணவாயூர்"
  },
  {
    "villagecode": "021",
    "villagename": "Kilpattu                 ",
    "villagetname": "கீழ்ப்பட்டு              "
  },
  {
    "villagecode": "014",
    "villagename": "Kilthatiyapattu          ",
    "villagetname": "கீழ்தட்டியாப்பட்டு       "
  },
  {
    "villagecode": "013",
    "villagename": "Kilthatiyappattu         ",
    "villagetname": "கீழ்தட்டியாப்பட்டு"
  },
  {
    "villagecode": "005",
    "villagename": "Kovilur                  ",
    "villagetname": "கோவிலூர்"
  },
  {
    "villagecode": "030",
    "villagename": "Kuttakkarai              ",
    "villagetname": "குட்டக்கரை"
  },
  {
    "villagecode": "004",
    "villagename": "Mandaparai               ",
    "villagetname": "மண்டப்பாறை"
  },
  {
    "villagecode": "019",
    "villagename": "Melpattu                 ",
    "villagetname": "மேல்பட்டு                "
  },
  {
    "villagecode": "008",
    "villagename": "Melsilambadi             ",
    "villagetname": "மேல்சிலம்படி             "
  },
  {
    "villagecode": "033",
    "villagename": "Melsippili               ",
    "villagetname": "மேல்சிப்பிலி"
  },
  {
    "villagecode": "011",
    "villagename": "Melthatiyapattu          ",
    "villagetname": "மேல்தட்டியாப்பட்டு       "
  },
  {
    "villagecode": "026",
    "villagename": "Nammiyempattu            ",
    "villagetname": "நம்மியம்பட்டு"
  },
  {
    "villagecode": "022",
    "villagename": "Neeppalamppattu          ",
    "villagetname": "நீப்பலாம்பட்டு"
  },
  {
    "villagecode": "015",
    "villagename": "Nellivai                 ",
    "villagetname": "நெல்லிவாய்               "
  },
  {
    "villagecode": "031",
    "villagename": "Odamangalam              ",
    "villagetname": "ஓடமங்கலம்"
  },
  {
    "villagecode": "009",
    "villagename": "Padapanjamaraththur      ",
    "villagetname": "படபஞ்சமரத்தூர்           "
  },
  {
    "villagecode": "032",
    "villagename": "Pattaraikkadu            ",
    "villagetname": "பட்டரைக்காடு"
  },
  {
    "villagecode": "006",
    "villagename": "Pelamarathur             ",
    "villagetname": "பெலாமரத்தூர்             "
  },
  {
    "villagecode": "018",
    "villagename": "Perummuttam              ",
    "villagetname": "பெருமுட்டம்              "
  },
  {
    "villagecode": "002",
    "villagename": "Pudupattu                ",
    "villagetname": "புதுப்பட்டு"
  },
  {
    "villagecode": "025",
    "villagename": "Puliyankuppam            ",
    "villagetname": "புளியங்குப்பம்"
  },
  {
    "villagecode": "010",
    "villagename": "Puliyur                  ",
    "villagetname": "புலியூர்                 "
  },
  {
    "villagecode": "028",
    "villagename": "Senpathoppu              ",
    "villagetname": "செண்பகத்தோப்பு"
  },
  {
    "villagecode": "029",
    "villagename": "Singadu                  ",
    "villagetname": "செங்காடு"
  },
  {
    "villagecode": "020",
    "villagename": "Sinnakilpattu            ",
    "villagetname": "சின்னக்கீழ்ப்பட்டு       "
  },
  {
    "villagecode": "034",
    "villagename": "Thumpakadu               ",
    "villagetname": "தும்பக்காடு"
  },
  {
    "villagecode": "007",
    "villagename": "Vananankuttai            ",
    "villagetname": "வண்ணாங்குட்டை            "
  },
  {
    "villagecode": "003",
    "villagename": "Veerappanur              ",
    "villagetname": "வீரப்பனுர்"
  }
]
