[
  {
    "villagecode": "028",
    "villagename": "Abiramam                 ",
    "villagetname": "அபிராமம்                                                                                                                     "
  },
  {
    "villagecode": "027",
    "villagename": "Achankulam               ",
    "villagetname": "அச்சங்குளம்                                                                                                                  "
  },
  {
    "villagecode": "031",
    "villagename": "Anaiyur                  ",
    "villagetname": "ஆனையுர்                                                                                                                      "
  },
  {
    "villagecode": "046",
    "villagename": "Ariyamangalam            ",
    "villagetname": "அரியமங்கலம்                                                                                                                  "
  },
  {
    "villagecode": "023",
    "villagename": "A.Tharaikudi             ",
    "villagetname": "எ.தரைக்குடி                                                                                                                  "
  },
  {
    "villagecode": "024",
    "villagename": "D.Punavasal              ",
    "villagetname": "டி.புனவாசல்                                                                                                                  "
  },
  {
    "villagecode": "040",
    "villagename": "D.Valasubbiramaniyapuram ",
    "villagetname": "டி.வாலசுப்பிரமணியபுரம்                                                                                                       "
  },
  {
    "villagecode": "021",
    "villagename": "Eluvanur                 ",
    "villagetname": "எழுவனூர்                                                                                                                     "
  },
  {
    "villagecode": "045",
    "villagename": "Idivilagi                ",
    "villagetname": "இடிவிலகி                                                                                                                     "
  },
  {
    "villagecode": "043",
    "villagename": "Kadamangalam             ",
    "villagetname": "காடமங்கலம்                                                                                                                   "
  },
  {
    "villagecode": "019",
    "villagename": "Kakkudi                  ",
    "villagetname": "காக்குடி                                                                                                                     "
  },
  {
    "villagecode": "033",
    "villagename": "Kallikulam               ",
    "villagetname": "கள்ளிக்குளம்                                                                                                                 "
  },
  {
    "villagecode": "008",
    "villagename": "Kamuthi                  ",
    "villagetname": "கமுதி                                                                                                                        "
  },
  {
    "villagecode": "005",
    "villagename": "Keelaramanathi           ",
    "villagetname": "கீழராமநதி                                                                                                                    "
  },
  {
    "villagecode": "009",
    "villagename": "K.Nedungulam             ",
    "villagetname": "கே.நெடுங்குளம்                                                                                                               "
  },
  {
    "villagecode": "049",
    "villagename": "Komboothi                ",
    "villagetname": "கொம்புதி                                                                                                                     "
  },
  {
    "villagecode": "020",
    "villagename": "Koodakkulam              ",
    "villagetname": "கூடக்குளம்                                                                                                                   "
  },
  {
    "villagecode": "034",
    "villagename": "Kovilankulam             ",
    "villagetname": "கோவிலாங்குளம்                                                                                                                "
  },
  {
    "villagecode": "036",
    "villagename": "K.Veppankulam            ",
    "villagetname": "கே.வேப்பங்குளம்                                                                                                              "
  },
  {
    "villagecode": "006",
    "villagename": "Mandalamanickam          ",
    "villagetname": "மண்டலமாணிக்கம்                                                                                                               "
  },
  {
    "villagecode": "007",
    "villagename": "Marakkulam               ",
    "villagetname": "மரக்குளம்                                                                                                                    "
  },
  {
    "villagecode": "038",
    "villagename": "Mavilangai               ",
    "villagetname": "மாவிலங்கை                                                                                                                    "
  },
  {
    "villagecode": "001",
    "villagename": "Melamudimannarkottai     ",
    "villagetname": "மேலமுடிமன்னார்கோட்டை                                                                                                         "
  },
  {
    "villagecode": "004",
    "villagename": "Melaramanathi            ",
    "villagetname": "மேலராமநதி                                                                                                                    "
  },
  {
    "villagecode": "047",
    "villagename": "M.Pudukulam              ",
    "villagetname": "எம்.புதுக்குளம்                                                                                                              "
  },
  {
    "villagecode": "010",
    "villagename": "Mustakurichi             ",
    "villagetname": "முஷ்டக்குறிச்சி                                                                                                              "
  },
  {
    "villagecode": "011",
    "villagename": "Muthalnadu               ",
    "villagetname": "முதல்நாடு                                                                                                                    "
  },
  {
    "villagecode": "018",
    "villagename": "Nagaratharkurichi        ",
    "villagetname": "நகரத்தார்குறிச்சி                                                                                                            "
  },
  {
    "villagecode": "029",
    "villagename": "Natham                   ",
    "villagetname": "நத்தம்                                                                                                                       "
  },
  {
    "villagecode": "002",
    "villagename": "Neeravi                  ",
    "villagetname": "நீராவி                                                                                                                       "
  },
  {
    "villagecode": "003",
    "villagename": "Neeravikarisalkulam      ",
    "villagetname": "நீராவிகரிசல்குளம்                                                                                                            "
  },
  {
    "villagecode": "035",
    "villagename": "Oosampottalkarisalkulam  ",
    "villagetname": "ஊசம்பொட்டல்கரிசல்குளம்                                                                                                       "
  },
  {
    "villagecode": "015",
    "villagename": "Pakkuvetti               ",
    "villagetname": "பாக்குவெட்டி                                                                                                                 "
  },
  {
    "villagecode": "037",
    "villagename": "Pammanendal              ",
    "villagetname": "பம்மனேந்தல்                                                                                                                  "
  },
  {
    "villagecode": "032",
    "villagename": "Peraiyur                 ",
    "villagetname": "பேரையுர்                                                                                                                     "
  },
  {
    "villagecode": "026",
    "villagename": "Periyanaikulam           ",
    "villagetname": "பெரியானைக்குளம்                                                                                                              "
  },
  {
    "villagecode": "042",
    "villagename": "Perunazhi                ",
    "villagetname": "பெருநாழி                                                                                                                     "
  },
  {
    "villagecode": "041",
    "villagename": "P.Muthuramalingapuram    ",
    "villagetname": "பி.முத்துராமலிங்கபுரம்                                                                                                       "
  },
  {
    "villagecode": "044",
    "villagename": "Ponthampuli              ",
    "villagetname": "பொந்தம்புளி                                                                                                                  "
  },
  {
    "villagecode": "013",
    "villagename": "Puthukottai              ",
    "villagetname": "புதுக்கோட்டை                                                                                                                 "
  },
  {
    "villagecode": "030",
    "villagename": "Sadayanendal             ",
    "villagetname": "சடையனேந்தல்                                                                                                                  "
  },
  {
    "villagecode": "017",
    "villagename": "Sambakulam               ",
    "villagetname": "சாம்பக்குளம்                                                                                                                 "
  },
  {
    "villagecode": "012",
    "villagename": "Seemanendal              ",
    "villagetname": "சீமானேந்தல்                                                                                                                  "
  },
  {
    "villagecode": "014",
    "villagename": "Sengapadai               ",
    "villagetname": "செங்கப்படை                                                                                                                   "
  },
  {
    "villagecode": "016",
    "villagename": "Thavasikurichi           ",
    "villagetname": "தவசிக்குறிச்சி                                                                                                               "
  },
  {
    "villagecode": "039",
    "villagename": "Thimmanathapuram         ",
    "villagetname": "திம்மநாதபுரம்                                                                                                                "
  },
  {
    "villagecode": "022",
    "villagename": "Vallandai                ",
    "villagetname": "வல்லந்தை                                                                                                                     "
  },
  {
    "villagecode": "025",
    "villagename": "Vangarupuram             ",
    "villagetname": "வங்காருபுரம்                                                                                                                 "
  },
  {
    "villagecode": "048",
    "villagename": "Villanendal              ",
    "villagetname": "வில்லானேந்தல்                                                                                                                "
  }
]
