[
  {
    "villagecode": "021",
    "villagename": "Allinagaram               ",
    "villagetname": "அல்லி நகரம்"
  },
  {
    "villagecode": "018",
    "villagename": "Ambalathadi                   ",
    "villagetname": "அம்பலத்தாடி"
  },
  {
    "villagecode": "009",
    "villagename": "Athikarai                     ",
    "villagetname": "அதிகரை"
  },
  {
    "villagecode": "002",
    "villagename": "D. Karisalkulam               ",
    "villagetname": "டி. கரிசல் குளம்"
  },
  {
    "villagecode": "028",
    "villagename": "Enathi                        ",
    "villagetname": "ஏனாதி"
  },
  {
    "villagecode": "015",
    "villagename": "Erukkalavellur                ",
    "villagetname": "எருக்கலவெல்லூர்"
  },
  {
    "villagecode": "012",
    "villagename": "Kaliyandur                    ",
    "villagetname": "கலியாந்தூர்"
  },
  {
    "villagecode": "010",
    "villagename": "Kalukerkadai                  ",
    "villagetname": "கழுகேர்கடை"
  },
  {
    "villagecode": "001",
    "villagename": "Kaluvankulam                  ",
    "villagetname": "கழுவன்குளம்"
  },
  {
    "villagecode": "014",
    "villagename": "Kanjirankulam                 ",
    "villagetname": "காஞ்சிரங்குளம்"
  },
  {
    "villagecode": "031",
    "villagename": "Kanur                         ",
    "villagetname": "கானூர்"
  },
  {
    "villagecode": "007",
    "villagename": "Keeladi",
    "villagetname": "கீழடி"
  },
  {
    "villagecode": "004",
    "villagename": "Konthagai                     ",
    "villagetname": "கொந்தகை"
  },
  {
    "villagecode": "035",
    "villagename": "Kothankulam                   ",
    "villagetname": "கொத்தங்குளம்"
  },
  {
    "villagecode": "034",
    "villagename": "Ladanendal                    ",
    "villagetname": "லாடனேந்தல்"
  },
  {
    "villagecode": "026",
    "villagename": "Madappuram                    ",
    "villagetname": "மடப்புரம்"
  },
  {
    "villagecode": "008",
    "villagename": "Manalur                       ",
    "villagetname": "மணலூர்"
  },
  {
    "villagecode": "019",
    "villagename": "Mankudi                       ",
    "villagetname": "மாங்குடி"
  },
  {
    "villagecode": "036",
    "villagename": "Melachorikulam                ",
    "villagetname": "மேலச்சொரிக்குளம்"
  },
  {
    "villagecode": "020",
    "villagename": "Melarangiyam                  ",
    "villagetname": "மேலராங்கியம்"
  },
  {
    "villagecode": "016",
    "villagename": "Mukkudi                       ",
    "villagetname": "முக்குடி"
  },
  {
    "villagecode": "011",
    "villagename": "Nelmudikarai                  ",
    "villagetname": "நெல்முடிகரை"
  },
  {
    "villagecode": "041",
    "villagename": "Palayanur                     ",
    "villagetname": "பழையனூர்"
  },
  {
    "villagecode": "022",
    "villagename": "Panayanendal                  ",
    "villagetname": "பனையனேந்தல்"
  },
  {
    "villagecode": "030",
    "villagename": "Pappagudi                     ",
    "villagetname": "பாப்பாகுடி"
  },
  {
    "villagecode": "037",
    "villagename": "Piramanur                     ",
    "villagetname": "பிரமனூர்"
  },
  {
    "villagecode": "027",
    "villagename": "Poovanthi                     ",
    "villagetname": "பூவந்தி  "
  },
  {
    "villagecode": "003",
    "villagename": "Pottappalayam                 ",
    "villagetname": "பொட்டப்பாளையம்"
  },
  {
    "villagecode": "043",
    "villagename": "Saluppanodai                  ",
    "villagetname": "சலுப்பனோடை"
  },
  {
    "villagecode": "005",
    "villagename": "Sayanapuram                   ",
    "villagetname": "சயனாபுரம்"
  },
  {
    "villagecode": "029",
    "villagename": "Semboor                       ",
    "villagetname": "செம்பூர் "
  },
  {
    "villagecode": "017",
    "villagename": "Senkulam                      ",
    "villagetname": "செங்குளம்"
  },
  {
    "villagecode": "006",
    "villagename": "Sottathatti                   ",
    "villagetname": "சொட்டதட்டி"
  },
  {
    "villagecode": "039",
    "villagename": "S.Vagaikulam                  ",
    "villagetname": "எஸ்.வாகைக்குளம்"
  },
  {
    "villagecode": "025",
    "villagename": "Theli                         ",
    "villagetname": "தேளி"
  },
  {
    "villagecode": "032",
    "villagename": "Thiruppachetti North          ",
    "villagetname": "திருப்பாசேத்தி வடக்கு"
  },
  {
    "villagecode": "044",
    "villagename": "Thiruppachetti South          ",
    "villagetname": "திருப்பாச்சேத்தி தெற்கு"
  },
  {
    "villagecode": "024",
    "villagename": "Thiruppuvanam Pudur           ",
    "villagetname": "திருப்புவனம் புதூர்"
  },
  {
    "villagecode": "033",
    "villagename": "Thoothai                      ",
    "villagetname": "தூதை"
  },
  {
    "villagecode": "023",
    "villagename": "Valayanendal                  ",
    "villagetname": "வலையனேந்தல்"
  },
  {
    "villagecode": "038",
    "villagename": "Vallarendal                   ",
    "villagetname": "வல்லாரேந்தல்"
  },
  {
    "villagecode": "040",
    "villagename": "Veeranendal                   ",
    "villagetname": "வீரனேந்தல்"
  },
  {
    "villagecode": "013",
    "villagename": "Vellur                        ",
    "villagetname": "வெல்லூர்"
  }
]
