[
  {
    "villagecode": "032",
    "villagename": "Chinnakovilan Kulam      ",
    "villagetname": "சின்னக்கோவிலான்குளம்                                                                                                         "
  },
  {
    "villagecode": "035",
    "villagename": "Gurukkalpatti            ",
    "villagetname": "குருக்கள்பட்டி                                                                                                               "
  },
  {
    "villagecode": "039",
    "villagename": "Ilanthaikulam            ",
    "villagetname": "இலந்தைக்குளம்                                                                                                                "
  },
  {
    "villagecode": "013",
    "villagename": "Kalappakulam             ",
    "villagetname": "களப்பாக்குளம்                                                                                                                "
  },
  {
    "villagecode": "005",
    "villagename": "Karivalamvantha Nallur   ",
    "villagetname": "கரிவலம்வந்தநல்லூர்                                                                                                           "
  },
  {
    "villagecode": "037",
    "villagename": "Keelaneelithanallur      ",
    "villagetname": "கீழநீலிதநல்லூர்                                                                                                              "
  },
  {
    "villagecode": "025",
    "villagename": "Keelaveerasigamani       ",
    "villagetname": "கீழவீரசிகாமணி                                                                                                                "
  },
  {
    "villagecode": "034",
    "villagename": "K.Maruthappapuram        ",
    "villagetname": "கோ மருதப்பபுரம்                                                                                                              "
  },
  {
    "villagecode": "026",
    "villagename": "Kulasekaramangalam       ",
    "villagetname": "குலசேகரமங்கலம்                                                                                                               "
  },
  {
    "villagecode": "007",
    "villagename": "Kuvalaikanni             ",
    "villagetname": "குவளைக்கன்னி                                                                                                                 "
  },
  {
    "villagecode": "011",
    "villagename": "Manaloor                 ",
    "villagetname": "மணலூர்                                                                                                                       "
  },
  {
    "villagecode": "038",
    "villagename": "Melaneelithanallur       ",
    "villagetname": "மேலநீலிதநல்லூர்                                                                                                              "
  },
  {
    "villagecode": "030",
    "villagename": "Naduvakurichi-Major      ",
    "villagetname": "நடுவக்குறிச்சி மேஜர்                                                                                                         "
  },
  {
    "villagecode": "031",
    "villagename": "Naduvakurichi-Minor      ",
    "villagetname": "நடுவக்குறிச்சி மைனர்                                                                                                         "
  },
  {
    "villagecode": "017",
    "villagename": "Nochikulam               ",
    "villagetname": "நொச்சிகுளம்                                                                                                                  "
  },
  {
    "villagecode": "008",
    "villagename": "Panaiyoor                ",
    "villagetname": "பனையூர்                                                                                                                      "
  },
  {
    "villagecode": "003",
    "villagename": "Panthapuli               ",
    "villagetname": "பந்தப்புளி                                                                                                                   "
  },
  {
    "villagecode": "004",
    "villagename": "Paruvakudi               ",
    "villagetname": "பருவக்குடி                                                                                                                   "
  },
  {
    "villagecode": "029",
    "villagename": "Pattadaikatti            ",
    "villagetname": "பட்டாடைகட்டி                                                                                                                 "
  },
  {
    "villagecode": "033",
    "villagename": "Periyakovilan Kulam      ",
    "villagetname": "பெரியகோவிலான்குளம்                                                                                                           "
  },
  {
    "villagecode": "009",
    "villagename": "Periyoor                 ",
    "villagetname": "பெரியூர்                                                                                                                     "
  },
  {
    "villagecode": "001",
    "villagename": "Perumalpatti             ",
    "villagetname": "பெருமாள்பட்டி                                                                                                                "
  },
  {
    "villagecode": "010",
    "villagename": "Perumpathur              ",
    "villagetname": "பெரும்பத்தூர்                                                                                                                "
  },
  {
    "villagecode": "019",
    "villagename": "Poigai                   ",
    "villagetname": "பொய்கை                                                                                                                       "
  },
  {
    "villagecode": "018",
    "villagename": "Therku Sankarankovil     ",
    "villagetname": "தெற்கு சங்கரன்கோவில்                                                                                                         "
  },
  {
    "villagecode": "036",
    "villagename": "Vadakku Panai Vadali     ",
    "villagetname": "வடக்குபனைவடலி                                                                                                                "
  },
  {
    "villagecode": "015",
    "villagename": "Vaddakuputhur            ",
    "villagetname": "வடக்குப்புதூர்                                                                                                               "
  },
  {
    "villagecode": "012",
    "villagename": "Vadikkottai              ",
    "villagetname": "வாடிக்கோட்டை                                                                                                                 "
  },
  {
    "villagecode": "002",
    "villagename": "Valavanthapuram          ",
    "villagetname": "வாழவந்தாபுரம்                                                                                                                "
  },
  {
    "villagecode": "006",
    "villagename": "Vayali                   ",
    "villagetname": "வயலி                                                                                                                         "
  },
  {
    "villagecode": "024",
    "villagename": "Veerasigamani            ",
    "villagetname": "வீரசிகாமணி                                                                                                                   "
  },
  {
    "villagecode": "016",
    "villagename": "Veeriruppu               ",
    "villagetname": "வீரிருப்பு                                                                                                                   "
  },
  {
    "villagecode": "027",
    "villagename": "Vellalankulam            ",
    "villagetname": "வெள்ளாளன்குளம்                                                                                                               "
  },
  {
    "villagecode": "028",
    "villagename": "Yechantha                ",
    "villagetname": "ஈச்சந்தா                                                                                                                     "
  }
]
