[
  {
    "villagecode": "092",
    "villagename": "Alagiyamanavalam         ",
    "villagetname": "அழகியமணவாளம்                                                                                                                 "
  },
  {
    "villagecode": "061",
    "villagename": "Alanthuraiyarkattali     ",
    "villagetname": "ஆலந்துறையார்கட்டளை                                                                                                           "
  },
  {
    "villagecode": "039",
    "villagename": "Ameenabath               ",
    "villagetname": "அமீனாபாத்                                                                                                                    "
  },
  {
    "villagecode": "088",
    "villagename": "Andipattakadu            ",
    "villagetname": "ஆண்டிப்பட்டாக்காடு                                                                                                           "
  },
  {
    "villagecode": "078",
    "villagename": "Annimangalam             ",
    "villagetname": "அன்னிமங்கலம்                                                                                                                 "
  },
  {
    "villagecode": "035",
    "villagename": "Ariyalur (North)         ",
    "villagetname": "அரியலூர் (வடக்கு)                                                                                                            "
  },
  {
    "villagecode": "036",
    "villagename": "Ariyalur (South)         ",
    "villagetname": "அரியலூர் (தெற்கு)                                                                                                            "
  },
  {
    "villagecode": "063",
    "villagename": "Arunkal                  ",
    "villagetname": "அருங்கால்                                                                                                                    "
  },
  {
    "villagecode": "042",
    "villagename": "Ayan Athur               ",
    "villagetname": "அயன்ஆத்தூர்                                                                                                                  "
  },
  {
    "villagecode": "065",
    "villagename": "Ayansuthamalli           ",
    "villagetname": "அயன்சுத்தமல்லி                                                                                                               "
  },
  {
    "villagecode": "032",
    "villagename": "Chennivanam              ",
    "villagetname": "சென்னிவனம்                                                                                                                   "
  },
  {
    "villagecode": "087",
    "villagename": "Chinnapattakadu          ",
    "villagetname": "சின்னப்பட்டாக்காடு                                                                                                           "
  },
  {
    "villagecode": "091",
    "villagename": "Elakurichi               ",
    "villagetname": "ஏலாக்குறிச்சி                                                                                                                "
  },
  {
    "villagecode": "073",
    "villagename": "Elanthakudam             ",
    "villagetname": "எலந்தகூடம்                                                                                                                   "
  },
  {
    "villagecode": "034",
    "villagename": "Govindapuram             ",
    "villagetname": "கோவிந்தபுரம்                                                                                                                 "
  },
  {
    "villagecode": "059",
    "villagename": "Idayathankudi            ",
    "villagetname": "இடையாத்தங்குடி                                                                                                               "
  },
  {
    "villagecode": "030",
    "villagename": "Iluppaiyur               ",
    "villagetname": "இலுப்பையூர்                                                                                                                  "
  },
  {
    "villagecode": "041",
    "villagename": "Kadaugur                 ",
    "villagetname": "கடுகூர்                                                                                                                      "
  },
  {
    "villagecode": "038",
    "villagename": "Kairlabath               ",
    "villagetname": "கயர்லாபாத்                                                                                                                   "
  },
  {
    "villagecode": "040",
    "villagename": "Kallankurichi            ",
    "villagetname": "கல்லங்குறிச்சி                                                                                                               "
  },
  {
    "villagecode": "093",
    "villagename": "Kamarasavalli            ",
    "villagetname": "காமரசவல்லி                                                                                                                   "
  },
  {
    "villagecode": "077",
    "villagename": "Kandirathertham          ",
    "villagetname": "கண்டிராதீர்த்தம்                                                                                                             "
  },
  {
    "villagecode": "072",
    "villagename": "Karaiyavetti             ",
    "villagetname": "கரையவெட்டி                                                                                                                   "
  },
  {
    "villagecode": "062",
    "villagename": "Karupilakattalai         ",
    "villagetname": "கருப்பிலாக்கட்டளை                                                                                                            "
  },
  {
    "villagecode": "058",
    "villagename": "Karupursenapatti         ",
    "villagetname": "கருப்பூர்சேனாதிபதி                                                                                                           "
  },
  {
    "villagecode": "045",
    "villagename": "Kavanoor                 ",
    "villagetname": "காவனூர்                                                                                                                      "
  },
  {
    "villagecode": "079",
    "villagename": "Keelakavattankurichi     ",
    "villagetname": "கீழக்காவட்டாங்குறிச்சி                                                                                                       "
  },
  {
    "villagecode": "083",
    "villagename": "Keelakolathur            ",
    "villagetname": "கீழக்கொளத்தூர்                                                                                                               "
  },
  {
    "villagecode": "057",
    "villagename": "Keelapalur               ",
    "villagetname": "கீழப்பழூவூர்                                                                                                                 "
  },
  {
    "villagecode": "056",
    "villagename": "Kelaiyur                 ",
    "villagetname": "கீழையூர்                                                                                                                     "
  },
  {
    "villagecode": "070",
    "villagename": "Kovil Esanai (East)      ",
    "villagetname": "கோவில் எசனை (கிழக்கு)                                                                                                        "
  },
  {
    "villagecode": "069",
    "villagename": "Kovil Esanai (West)      ",
    "villagetname": "கோவில் எசனை (மேற்கு)                                                                                                         "
  },
  {
    "villagecode": "090",
    "villagename": "Kovilur                  ",
    "villagetname": "கோவிலூர்                                                                                                                     "
  },
  {
    "villagecode": "075",
    "villagename": "Kulamanickam (East)      ",
    "villagetname": "குலமாணிக்கம் (கிழக்கு)                                                                                                       "
  },
  {
    "villagecode": "074",
    "villagename": "Kulamanickam (West)      ",
    "villagetname": "குலமாணிக்கம் (மேற்கு)                                                                                                        "
  },
  {
    "villagecode": "095",
    "villagename": "Kuruvadi                 ",
    "villagetname": "குருவாடி                                                                                                                     "
  },
  {
    "villagecode": "051",
    "villagename": "Mallur                   ",
    "villagetname": "மல்லூர்                                                                                                                      "
  },
  {
    "villagecode": "081",
    "villagename": "Manjamedu                ",
    "villagetname": "மஞ்சமேடு                                                                                                                     "
  },
  {
    "villagecode": "055",
    "villagename": "Melapalur                ",
    "villagetname": "மேலப்பழூவூர்                                                                                                                 "
  },
  {
    "villagecode": "047",
    "villagename": "Nagamangalam             ",
    "villagetname": "நாகமங்கலம்                                                                                                                   "
  },
  {
    "villagecode": "094",
    "villagename": "Oriyur                   ",
    "villagetname": "ஓரியூர்                                                                                                                      "
  },
  {
    "villagecode": "033",
    "villagename": "Ottakoil                 ",
    "villagetname": "ஓட்டக்கோவில்                                                                                                                 "
  },
  {
    "villagecode": "068",
    "villagename": "Palinganatham            ",
    "villagetname": "பளிங்காநத்தம்                                                                                                                "
  },
  {
    "villagecode": "053",
    "villagename": "Parpanacherri            ",
    "villagetname": "பார்ப்பனச்சேரி                                                                                                               "
  },
  {
    "villagecode": "043",
    "villagename": "Periyanagalur            ",
    "villagetname": "பெரியநாகலூர்                                                                                                                 "
  },
  {
    "villagecode": "060",
    "villagename": "Periyathirukonam         ",
    "villagetname": "பெரியதிருக்கோணம்                                                                                                             "
  },
  {
    "villagecode": "054",
    "villagename": "Poondi                   ",
    "villagetname": "பூண்டி                                                                                                                       "
  },
  {
    "villagecode": "029",
    "villagename": "Pottaveli                ",
    "villagetname": "பொட்டவெளி                                                                                                                    "
  },
  {
    "villagecode": "049",
    "villagename": "Pudupalayam              ",
    "villagetname": "புதுப்பாளையம்                                                                                                                "
  },
  {
    "villagecode": "089",
    "villagename": "Pungankuzi               ",
    "villagetname": "புங்கங்குழி                                                                                                                  "
  },
  {
    "villagecode": "031",
    "villagename": "Rayampuram               ",
    "villagetname": "இராயம்புரம்                                                                                                                  "
  },
  {
    "villagecode": "048",
    "villagename": "Rettipalyam              ",
    "villagetname": "ரெட்டிப்பாளையம்                                                                                                              "
  },
  {
    "villagecode": "066",
    "villagename": "Sannavur (North)         ",
    "villagetname": "சன்னாவூர் (வடக்கு)                                                                                                           "
  },
  {
    "villagecode": "067",
    "villagename": "Sannavur (South)         ",
    "villagetname": "சன்னாவூர் (தெற்கு)                                                                                                           "
  },
  {
    "villagecode": "064",
    "villagename": "Sathamnagalam            ",
    "villagetname": "சாத்தமங்கலம்                                                                                                                 "
  },
  {
    "villagecode": "050",
    "villagename": "Siruvalur                ",
    "villagetname": "சிறுவளூர்                                                                                                                    "
  },
  {
    "villagecode": "086",
    "villagename": "Sullankudi               ",
    "villagetname": "சுள்ளங்குடி                                                                                                                  "
  },
  {
    "villagecode": "044",
    "villagename": "Thelur                   ",
    "villagetname": "தேளூர்                                                                                                                       "
  },
  {
    "villagecode": "076",
    "villagename": "Thirumalapadi            ",
    "villagetname": "திருமழப்பாடி                                                                                                                 "
  },
  {
    "villagecode": "082",
    "villagename": "Thirumanur               ",
    "villagetname": "திருமானூர்                                                                                                                   "
  },
  {
    "villagecode": "096",
    "villagename": "Thuthur                  ",
    "villagetname": "தூத்தூர்                                                                                                                     "
  },
  {
    "villagecode": "084",
    "villagename": "Vadugapalayam            ",
    "villagetname": "வடுகபாளையம்                                                                                                                  "
  },
  {
    "villagecode": "037",
    "villagename": "Valaja Nagaram           ",
    "villagetname": "வாலாஜாநகரம்                                                                                                                  "
  },
  {
    "villagecode": "052",
    "villagename": "Varanavasi               ",
    "villagetname": "வாரணவாசி                                                                                                                     "
  },
  {
    "villagecode": "071",
    "villagename": "Venganoor                ",
    "villagetname": "வெங்கனூர்                                                                                                                    "
  },
  {
    "villagecode": "080",
    "villagename": "Vetriyur                 ",
    "villagetname": "வெற்றியூர்                                                                                                                   "
  },
  {
    "villagecode": "046",
    "villagename": "Vilankudi                ",
    "villagetname": "விளாங்குடி                                                                                                                   "
  },
  {
    "villagecode": "085",
    "villagename": "Vilupanakurichi          ",
    "villagetname": "விழுப்பணங்குறிச்சி                                                                                                           "
  }
]
