[
  {
    "villagecode": "077",
    "villagename": "Akkaraivattam            ",
    "villagetname": "அக்கரைவட்டம்                                                                                                                 "
  },
  {
    "villagecode": "080",
    "villagename": "Ammankudi                ",
    "villagetname": "அம்மன்குடி                                                                                                                   "
  },
  {
    "villagecode": "001",
    "villagename": "Ananthagopalapuram North ",
    "villagetname": "அனந்தகோபாலபுரம் வடக்கு                                                                                                       "
  },
  {
    "villagecode": "003",
    "villagename": "Ananthagopalapuram South ",
    "villagetname": "அனந்தகோபாலபுரம் தெற்கு                                                                                                       "
  },
  {
    "villagecode": "090",
    "villagename": "Chenniyaviduthi          ",
    "villagetname": "சென்னியவிடுதி                                                                                                                "
  },
  {
    "villagecode": "091",
    "villagename": "Chenniyaviduthi(Krisnapu)",
    "villagetname": "சென்னியவிடுதி(கிருஷ்ணாபுரம்)                                                                                                 "
  },
  {
    "villagecode": "078",
    "villagename": "Chinna Ammankudi         ",
    "villagetname": "சின்னஅம்மங்குடி                                                                                                              "
  },
  {
    "villagecode": "911",
    "villagename": "Idaiyathi North          ",
    "villagetname": "இடையாத்தி வடக்கு                                                                                                             "
  },
  {
    "villagecode": "912",
    "villagename": "Idaiyathi South          ",
    "villagetname": "இடையாத்தி தெற்கு                                                                                                             "
  },
  {
    "villagecode": "081",
    "villagename": "Illuppaividuthi          ",
    "villagetname": "இலுப்பைவிடுதி                                                                                                                "
  },
  {
    "villagecode": "084",
    "villagename": "Kaduvettividuthi         ",
    "villagetname": "காடுவெட்டிவிடுதி                                                                                                             "
  },
  {
    "villagecode": "083",
    "villagename": "Kavalipatti              ",
    "villagetname": "காவாலிப்பட்டி                                                                                                                "
  },
  {
    "villagecode": "072",
    "villagename": "Kilamangalam             ",
    "villagetname": "கிளாமங்களம்                                                                                                                  "
  },
  {
    "villagecode": "002",
    "villagename": "Kollukkadu               ",
    "villagetname": "கொள்ளுக்காடு                                                                                                                 "
  },
  {
    "villagecode": "064",
    "villagename": "Krishnapuram             ",
    "villagetname": "கிருஷ்ணாபுரம்                                                                                                                "
  },
  {
    "villagecode": "070",
    "villagename": "Medayakkollai            ",
    "villagetname": "மேடையக்கொல்லை                                                                                                                "
  },
  {
    "villagecode": "093",
    "villagename": "Neiveli Thenpathi        ",
    "villagetname": "நெய்வேலி தென்பாதி                                                                                                            "
  },
  {
    "villagecode": "092",
    "villagename": "Neiveli Vadapathi        ",
    "villagetname": "நெய்வேலி வடபாதி                                                                                                              "
  },
  {
    "villagecode": "781",
    "villagename": "Pandipazhamanaikkadu     ",
    "villagetname": "பாண்டிபழமனைக்காடு                                                                                                            "
  },
  {
    "villagecode": "085",
    "villagename": "Panikondanviduthi        ",
    "villagetname": "பணிகொண்டான் விடுதி                                                                                                           "
  },
  {
    "villagecode": "005",
    "villagename": "Pathirankottai North     ",
    "villagetname": "பாதிரங்கோட்டை வடக்கு                                                                                                         "
  },
  {
    "villagecode": "004",
    "villagename": "Pathirankottai South     ",
    "villagetname": "பாதிரங்கோட்டை தெற்கு                                                                                                         "
  },
  {
    "villagecode": "079",
    "villagename": "Periya Ammankudi         ",
    "villagetname": "பெரியஅம்மங்குடி                                                                                                              "
  },
  {
    "villagecode": "892",
    "villagename": "Periyakottaikadu         ",
    "villagetname": "பெரியக்கோட்டைகாடு                                                                                                            "
  },
  {
    "villagecode": "062",
    "villagename": "Pugalsillathur           ",
    "villagetname": "புகழ்சில்லத்தூர்                                                                                                             "
  },
  {
    "villagecode": "066",
    "villagename": "Sankaranarkudikadu       ",
    "villagetname": "சங்கரனார்குடிக்காடு                                                                                                          "
  },
  {
    "villagecode": "063",
    "villagename": "Sillathur                ",
    "villagetname": "சில்லத்துர்ர்                                                                                                                "
  },
  {
    "villagecode": "076",
    "villagename": "Sooriyamurthipuram       ",
    "villagetname": "சுரியமுர்த்திபுரம்                                                                                                           "
  },
  {
    "villagecode": "087",
    "villagename": "Thalikaividuthi          ",
    "villagetname": "தளிகை விடுதி                                                                                                                 "
  },
  {
    "villagecode": "075",
    "villagename": "Therkkukottai            ",
    "villagetname": "தெற்குகோட்டை                                                                                                                 "
  },
  {
    "villagecode": "891",
    "villagename": "Thippanviduthi           ",
    "villagetname": "திப்பன்விடுதி                                                                                                                "
  },
  {
    "villagecode": "061",
    "villagename": "Thirunallur              ",
    "villagetname": "திருநல்லூர்                                                                                                                  "
  },
  {
    "villagecode": "082",
    "villagename": "Thoppuviduthi            ",
    "villagetname": "தோப்புவிடுதி                                                                                                                 "
  },
  {
    "villagecode": "086",
    "villagename": "Unchiyaviduthi           ",
    "villagetname": "உஞ்சியவிடுதி                                                                                                                 "
  },
  {
    "villagecode": "881",
    "villagename": "Uranipuram               ",
    "villagetname": "ஊரணிபுரம்                                                                                                                    "
  },
  {
    "villagecode": "065",
    "villagename": "Vadakkukottai            ",
    "villagetname": "வடக்குகோட்டை                                                                                                                 "
  },
  {
    "villagecode": "789",
    "villagename": "Vattathikottai Kollukkadu",
    "villagetname": "வாட்டாத்திகோட்டை கொள்                                                                                                        "
  },
  {
    "villagecode": "071",
    "villagename": "Vedanayakipuram          ",
    "villagetname": "வேதநாயகிபுரம்                                                                                                                "
  },
  {
    "villagecode": "089",
    "villagename": "Venkarai Part            ",
    "villagetname": "வெங்கரை பாகம்                                                                                                                "
  },
  {
    "villagecode": "631",
    "villagename": "Vettikadu                ",
    "villagetname": "வெட்டிக்காடு                                                                                                                 "
  },
  {
    "villagecode": "088",
    "villagename": "Vettuvakkottai           ",
    "villagetname": "வெட்டுவாக்கோட்டை                                                                                                             "
  },
  {
    "villagecode": "790",
    "villagename": "V.Kottai Ukkadai B.Puram ",
    "villagetname": "வா.கோ.உக்கடை பீமபுரம்                                                                                                        "
  },
  {
    "villagecode": "074",
    "villagename": "Yokanayakipuram          ",
    "villagetname": "யோகநாயகிபுரம்                                                                                                                "
  }
]
