[
  {
    "villagecode": "082",
    "villagename": "A.Kachan                 ",
    "villagetname": "அ.காச்சான்                                                                                                                   "
  },
  {
    "villagecode": "043",
    "villagename": "Akkiramesi               ",
    "villagetname": "அக்கிரமேசி                                                                                                                   "
  },
  {
    "villagecode": "088",
    "villagename": "A.Puthur                 ",
    "villagetname": "அ.புத்துார்                                                                                                                  "
  },
  {
    "villagecode": "071",
    "villagename": "Arasanur                 ",
    "villagetname": "அரசனுார்                                                                                                                     "
  },
  {
    "villagecode": "087",
    "villagename": "Ariyakudi                ",
    "villagetname": "அரயக்குடி                                                                                                                    "
  },
  {
    "villagecode": "022",
    "villagename": "Ariyanendal              ",
    "villagetname": "அரயனேந்தல்                                                                                                                   "
  },
  {
    "villagecode": "050",
    "villagename": "Bogalur                  ",
    "villagetname": "போகலுார்                                                                                                                     "
  },
  {
    "villagecode": "093",
    "villagename": "Emaneswaram              ",
    "villagetname": "எமனேஸ்வரம்                                                                                                                   "
  },
  {
    "villagecode": "085",
    "villagename": "Ettivayal                ",
    "villagetname": "எட்டிவயல்                                                                                                                    "
  },
  {
    "villagecode": "042",
    "villagename": "Gangaikondan             ",
    "villagetname": "கங்கைகொண்டான்                                                                                                                "
  },
  {
    "villagecode": "040",
    "villagename": "Kakkanendal              ",
    "villagetname": "காக்கனேந்தல்                                                                                                                 "
  },
  {
    "villagecode": "033",
    "villagename": "Kalaiyoor                ",
    "villagetname": "கலையூர்                                                                                                                      "
  },
  {
    "villagecode": "001",
    "villagename": "Kallikudi                ",
    "villagetname": "கள்ளிக்குடி                                                                                                                  "
  },
  {
    "villagecode": "039",
    "villagename": "Kamankottai              ",
    "villagetname": "காமன்கோட்டை                                                                                                                  "
  },
  {
    "villagecode": "017",
    "villagename": "Kamuthakudi              ",
    "villagetname": "கமுதக்குடி                                                                                                                   "
  },
  {
    "villagecode": "049",
    "villagename": "Karadarnthakudi          ",
    "villagetname": "காரடர்ந்தகுடி                                                                                                                "
  },
  {
    "villagecode": "019",
    "villagename": "Kattuparamakudi          ",
    "villagetname": "காட்டுபரமக்குடி                                                                                                              "
  },
  {
    "villagecode": "037",
    "villagename": "Keelakottai              ",
    "villagetname": "கீழக்கோட்டை                                                                                                                  "
  },
  {
    "villagecode": "009",
    "villagename": "Keelaparuthiyur          ",
    "villagetname": "கீழப்பருத்தியுர்                                                                                                             "
  },
  {
    "villagecode": "067",
    "villagename": "Kiliyur                  ",
    "villagetname": "கிளியூர்                                                                                                                     "
  },
  {
    "villagecode": "032",
    "villagename": "K.Karungulam             ",
    "villagetname": "கே.கருங்குளம்                                                                                                                "
  },
  {
    "villagecode": "060",
    "villagename": "Koluvur                  ",
    "villagetname": "கொளுவுர்                                                                                                                     "
  },
  {
    "villagecode": "006",
    "villagename": "Koonangulam              ",
    "villagetname": "கூனங்குளம்                                                                                                                   "
  },
  {
    "villagecode": "092",
    "villagename": "Koraikulam               ",
    "villagetname": "கோரைக்குளம்                                                                                                                  "
  },
  {
    "villagecode": "004",
    "villagename": "Kothankulam              ",
    "villagetname": "கொத்தங்குளம்                                                                                                                 "
  },
  {
    "villagecode": "059",
    "villagename": "Kottakudi                ",
    "villagetname": "கொட்டகுடி                                                                                                                    "
  },
  {
    "villagecode": "011",
    "villagename": "Kulandapuri              ",
    "villagetname": "குழந்தாபுரி                                                                                                                  "
  },
  {
    "villagecode": "075",
    "villagename": "Kulathur                 ",
    "villagetname": "குளத்துார்                                                                                                                   "
  },
  {
    "villagecode": "036",
    "villagename": "Kumukottai               ",
    "villagetname": "குமுக்கோட்டை                                                                                                                 "
  },
  {
    "villagecode": "014",
    "villagename": "Madandai                 ",
    "villagetname": "மடந்தை                                                                                                                       "
  },
  {
    "villagecode": "058",
    "villagename": "Manakkudi                ",
    "villagetname": "மணக்குடி                                                                                                                     "
  },
  {
    "villagecode": "041",
    "villagename": "Manjakkollai             ",
    "villagetname": "மஞ்சக்கொல்லை                                                                                                                 "
  },
  {
    "villagecode": "034",
    "villagename": "Manjoor                  ",
    "villagetname": "மஞ்சூர்                                                                                                                      "
  },
  {
    "villagecode": "002",
    "villagename": "Melaparthibanur          ",
    "villagetname": "மேலப்பார்த்திபனுார்                                                                                                          "
  },
  {
    "villagecode": "024",
    "villagename": "Melayakudi               ",
    "villagetname": "மேலாயக்குடி                                                                                                                  "
  },
  {
    "villagecode": "080",
    "villagename": "Mennandhi                ",
    "villagetname": "மென்னந்தி                                                                                                                    "
  },
  {
    "villagecode": "010",
    "villagename": "Mosukudi                 ",
    "villagetname": "மோசுகுடி                                                                                                                     "
  },
  {
    "villagecode": "066",
    "villagename": "Mummudisathan            ",
    "villagetname": "மும்முடிச்சாத்தான்                                                                                                           "
  },
  {
    "villagecode": "078",
    "villagename": "Muthalur                 ",
    "villagetname": "முதலுார்                                                                                                                     "
  },
  {
    "villagecode": "079",
    "villagename": "Nagachi                  ",
    "villagetname": "நாகாச்சி                                                                                                                     "
  },
  {
    "villagecode": "053",
    "villagename": "Nagaram                  ",
    "villagetname": "நகரம்                                                                                                                        "
  },
  {
    "villagecode": "052",
    "villagename": "Nagaramangalam           ",
    "villagetname": "நகரமங்கலம்                                                                                                                   "
  },
  {
    "villagecode": "031",
    "villagename": "N.Pethanendal            ",
    "villagetname": "என்.பெத்தனேந்தல்                                                                                                             "
  },
  {
    "villagecode": "030",
    "villagename": "Pambur                   ",
    "villagetname": "பாம்புர்                                                                                                                     "
  },
  {
    "villagecode": "073",
    "villagename": "Panaiyur                 ",
    "villagetname": "பனையூர்                                                                                                                      "
  },
  {
    "villagecode": "061",
    "villagename": "Pandappanendal           ",
    "villagetname": "பந்தப்பனேந்தல்                                                                                                               "
  },
  {
    "villagecode": "035",
    "villagename": "Pandikanmoi              ",
    "villagetname": "பாண்டிக்கண்மாய்                                                                                                              "
  },
  {
    "villagecode": "065",
    "villagename": "Pandiyur                 ",
    "villagetname": "பாண்டியுர்                                                                                                                   "
  },
  {
    "villagecode": "062",
    "villagename": "Periyanendal             ",
    "villagetname": "பெரியனேந்தல்                                                                                                                 "
  },
  {
    "villagecode": "074",
    "villagename": "Perungalur               ",
    "villagetname": "பெருங்களுர்                                                                                                                  "
  },
  {
    "villagecode": "016",
    "villagename": "Perungarai               ",
    "villagetname": "பெருங்கரை                                                                                                                    "
  },
  {
    "villagecode": "005",
    "villagename": "Pidariseri               ",
    "villagetname": "பிடாரிசேரி                                                                                                                   "
  },
  {
    "villagecode": "068",
    "villagename": "P.Kodikulam              ",
    "villagetname": "பி.கொடிக்குளம்                                                                                                               "
  },
  {
    "villagecode": "018",
    "villagename": "Pothuvakudi              ",
    "villagetname": "பொதுவக்குடி                                                                                                                  "
  },
  {
    "villagecode": "070",
    "villagename": "Pottagavayal             ",
    "villagetname": "பொட்டகவயல்                                                                                                                   "
  },
  {
    "villagecode": "048",
    "villagename": "Rathapuli                ",
    "villagetname": "இராதாப்புளி                                                                                                                  "
  },
  {
    "villagecode": "025",
    "villagename": "S.Andakudi               ",
    "villagetname": "எஸ்.அண்டக்குடி                                                                                                               "
  },
  {
    "villagecode": "089",
    "villagename": "Semanur                  ",
    "villagetname": "சேமனுார்                                                                                                                     "
  },
  {
    "villagecode": "069",
    "villagename": "Sethukal                 ",
    "villagetname": "சேதுகால்                                                                                                                     "
  },
  {
    "villagecode": "081",
    "villagename": "Sevvur                   ",
    "villagetname": "செவ்வுர்                                                                                                                     "
  },
  {
    "villagecode": "084",
    "villagename": "Seyyalur                 ",
    "villagetname": "செய்யாலுார்                                                                                                                  "
  },
  {
    "villagecode": "044",
    "villagename": "Siragikottai             ",
    "villagetname": "சிரகிக்கோட்டை                                                                                                                "
  },
  {
    "villagecode": "072",
    "villagename": "Siruvayal                ",
    "villagetname": "சிறுவயல்                                                                                                                     "
  },
  {
    "villagecode": "063",
    "villagename": "Sithanendal              ",
    "villagetname": "சித்தனேந்தல்                                                                                                                 "
  },
  {
    "villagecode": "028",
    "villagename": "S.Kavanoor               ",
    "villagetname": "எஸ்.காவனுார்                                                                                                                 "
  },
  {
    "villagecode": "090",
    "villagename": "S.Kodikulam              ",
    "villagetname": "எஸ்.கொடிக்குளம்                                                                                                              "
  },
  {
    "villagecode": "003",
    "villagename": "Soodiyur                 ",
    "villagetname": "சூடியுர்                                                                                                                     "
  },
  {
    "villagecode": "064",
    "villagename": "S.V.Mangalam             ",
    "villagetname": "எஸ்.வி.மங்களம்                                                                                                               "
  },
  {
    "villagecode": "008",
    "villagename": "Thaduthalankottai        ",
    "villagetname": "தடுத்தலாங்கோட்டை                                                                                                             "
  },
  {
    "villagecode": "047",
    "villagename": "Thalaiyadikottai         ",
    "villagetname": "தாளையடிக்கோட்டை                                                                                                              "
  },
  {
    "villagecode": "051",
    "villagename": "Thavalaikulam            ",
    "villagetname": "தவளைக்குளம்                                                                                                                  "
  },
  {
    "villagecode": "086",
    "villagename": "Theeyanur                ",
    "villagetname": "தீயனுார்                                                                                                                     "
  },
  {
    "villagecode": "029",
    "villagename": "Thenpothuvakudi          ",
    "villagetname": "தென்பொதுவக்குடி                                                                                                              "
  },
  {
    "villagecode": "076",
    "villagename": "Thethangal               ",
    "villagetname": "தேத்தாங்கால்                                                                                                                 "
  },
  {
    "villagecode": "077",
    "villagename": "Thiyagavanseri           ",
    "villagetname": "தியாகவன்சேரி                                                                                                                 "
  },
  {
    "villagecode": "027",
    "villagename": "Tholur                   ",
    "villagetname": "தோளுர்                                                                                                                       "
  },
  {
    "villagecode": "021",
    "villagename": "Urappuli                 ",
    "villagetname": "உரப்புளி                                                                                                                     "
  },
  {
    "villagecode": "091",
    "villagename": "Urathur                  ",
    "villagetname": "உரத்துார்                                                                                                                    "
  },
  {
    "villagecode": "057",
    "villagename": "Vagavayal                ",
    "villagetname": "வாகவயல்                                                                                                                      "
  },
  {
    "villagecode": "013",
    "villagename": "Valangudi                ",
    "villagetname": "வாலாங்குடி                                                                                                                   "
  },
  {
    "villagecode": "012",
    "villagename": "Valimarichan             ",
    "villagetname": "வழிமறிச்சான்                                                                                                                 "
  },
  {
    "villagecode": "038",
    "villagename": "Vallakulam               ",
    "villagetname": "வல்லக்குளம்                                                                                                                  "
  },
  {
    "villagecode": "045",
    "villagename": "Vallam                   ",
    "villagetname": "வல்லம்                                                                                                                       "
  },
  {
    "villagecode": "046",
    "villagename": "Vanibavallam             ",
    "villagetname": "வாணிபவல்லம்                                                                                                                  "
  },
  {
    "villagecode": "054",
    "villagename": "Vathavaneri              ",
    "villagetname": "வாதவனேர                                                                                                                      "
  },
  {
    "villagecode": "083",
    "villagename": "Veeravanur               ",
    "villagetname": "வீரவனுார்                                                                                                                    "
  },
  {
    "villagecode": "015",
    "villagename": "Vengalur                 ",
    "villagetname": "வெங்காளுர்                                                                                                                   "
  },
  {
    "villagecode": "023",
    "villagename": "Venkittankurichi         ",
    "villagetname": "வெங்கிட்டங்குறிச்சி                                                                                                          "
  },
  {
    "villagecode": "020",
    "villagename": "Venthoni                 ",
    "villagetname": "வேந்தோணி                                                                                                                     "
  },
  {
    "villagecode": "007",
    "villagename": "Veppankulam              ",
    "villagetname": "வேப்பங்குளம்                                                                                                                 "
  },
  {
    "villagecode": "026",
    "villagename": "Vilathur                 ",
    "villagetname": "விளத்துார்                                                                                                                   "
  }
]
