[
  {
    "villagecode": "014",
    "villagename": "Aabaranadari",
    "villagetname": "ஆபரணதாரி"
  },
  {
    "villagecode": "088",
    "villagename": "Aadhalaiyur",
    "villagetname": "ஆதலையூர்"
  },
  {
    "villagecode": "058",
    "villagename": "Aalatthur",
    "villagetname": "ஆலத்தூர்"
  },
  {
    "villagecode": "026",
    "villagename": "Agalanggan",
    "villagetname": "அகலங்கண்"
  },
  {
    "villagecode": "061",
    "villagename": "Agarakontagai",
    "villagetname": "அகரகொந்தகை"
  },
  {
    "villagecode": "016",
    "villagename": "Agaraorathur",
    "villagetname": "அகர ஓரத்தூர்"
  },
  {
    "villagecode": "009",
    "villagename": "Aivanallur",
    "villagetname": "ஐவநல்லூர்"
  },
  {
    "villagecode": "024",
    "villagename": "Alangudi",
    "villagetname": "ஆலங்குடி"
  },
  {
    "villagecode": "028",
    "villagename": "Ambal",
    "villagetname": "அம்பல்"
  },
  {
    "villagecode": "010",
    "villagename": "Andanapettai",
    "villagetname": "அந்தணப்பேட்டை"
  },
  {
    "villagecode": "059",
    "villagename": "Arunmozhidevan",
    "villagetname": "அருண்மொழித்தேவன்"
  },
  {
    "villagecode": "055",
    "villagename": "Edaiyathangudi",
    "villagetname": "இடையாத்தங்குடி"
  },
  {
    "villagecode": "210",
    "villagename": "Elangadambanur",
    "villagetname": "இளங்கடம்பனூர்"
  },
  {
    "villagecode": "089",
    "villagename": "Enangudi",
    "villagetname": "ஏனங்குடி"
  },
  {
    "villagecode": "118",
    "villagename": "Eravancheri",
    "villagetname": "எரவாஞ்சேரி"
  },
  {
    "villagecode": "053",
    "villagename": "Ervadi",
    "villagetname": "ஏர்வாடி"
  },
  {
    "villagecode": "121",
    "villagename": "Gopurajapuram",
    "villagetname": "கோபுராஜபுரம்"
  },
  {
    "villagecode": "109",
    "villagename": "Kaaraiyur",
    "villagetname": "காரையூர்"
  },
  {
    "villagecode": "105",
    "villagename": "Kangalanchery",
    "villagetname": "கங்களாஞ்சேரி"
  },
  {
    "villagecode": "018",
    "villagename": "Karuvelangadai",
    "villagetname": "கருவேலங்கடை"
  },
  {
    "villagecode": "063",
    "villagename": "Kattumavadi",
    "villagetname": "காட்டுமாவடி"
  },
  {
    "villagecode": "071",
    "villagename": "Kayathur",
    "villagetname": "கயத்தூர்"
  },
  {
    "villagecode": "112",
    "villagename": "Keezha Boodhanur",
    "villagetname": "கீழப்பூதனூர்"
  },
  {
    "villagecode": "113",
    "villagename": "Keezha Thanjavur",
    "villagetname": "கீழதஞ்சாவூர்"
  },
  {
    "villagecode": "052",
    "villagename": "Kidamangalam",
    "villagetname": "கிடாமங்கலம்"
  },
  {
    "villagecode": "050",
    "villagename": "Kongarayanallur",
    "villagetname": "கொங்கராயநல்லூர்"
  },
  {
    "villagecode": "060",
    "villagename": "Kothamangalam",
    "villagetname": "கொத்தமங்கலம்"
  },
  {
    "villagecode": "054",
    "villagename": "Kottapadi",
    "villagetname": "கோட்டபாடி"
  },
  {
    "villagecode": "115",
    "villagename": "Kottarakudi",
    "villagetname": "கொட்டாரக்குடி"
  },
  {
    "villagecode": "093",
    "villagename": "Kottur",
    "villagetname": "கோட்டூர்"
  },
  {
    "villagecode": "022",
    "villagename": "Kuruchi",
    "villagetname": "குறிச்சி"
  },
  {
    "villagecode": "068",
    "villagename": "Kuruvadi",
    "villagetname": "குருவாடி"
  },
  {
    "villagecode": "120",
    "villagename": "Kuthalam",
    "villagetname": "குத்தாலம்"
  },
  {
    "villagecode": "023",
    "villagename": "Mahadhanam",
    "villagetname": "மகாதானம்"
  },
  {
    "villagecode": "117",
    "villagename": "Marungur",
    "villagetname": "மருங்கூர்"
  },
  {
    "villagecode": "072",
    "villagename": "Mathirimangalam",
    "villagetname": "மாதிரமங்கலம்"
  },
  {
    "villagecode": "111",
    "villagename": "Melaboodhanur",
    "villagetname": "மேலப்பூதனூர்"
  },
  {
    "villagecode": "005",
    "villagename": "Nagapattinam Village",
    "villagetname": "நாகப்பட்டினம்(கி)"
  },
  {
    "villagecode": "004",
    "villagename": "Nagore Village",
    "villagetname": "நாகூர் கிராமம்"
  },
  {
    "villagecode": "122",
    "villagename": "Narimanam",
    "villagetname": "நரிமணம்"
  },
  {
    "villagecode": "116",
    "villagename": "Neikkuppai",
    "villagetname": "நெய்க்குப்பை"
  },
  {
    "villagecode": "017",
    "villagename": "Oratthur",
    "villagetname": "ஓரத்தூர்"
  },
  {
    "villagecode": "006",
    "villagename": "Palaiyur",
    "villagetname": "பாலையூர்"
  },
  {
    "villagecode": "124",
    "villagename": "Panangudi",
    "villagetname": "பணங்குடி"
  },
  {
    "villagecode": "067",
    "villagename": "Pandaravadai",
    "villagetname": "பண்டாரவாடை"
  },
  {
    "villagecode": "011",
    "villagename": "Pappakoil",
    "villagetname": "பாப்பாகோயில்"
  },
  {
    "villagecode": "114",
    "villagename": "Periyakannamangalam",
    "villagetname": "பெரயகண்ணமங்கலம்"
  },
  {
    "villagecode": "002",
    "villagename": "Perunkadambanur",
    "villagetname": "பெருங்கடம்பனூர்"
  },
  {
    "villagecode": "108",
    "villagename": "Pillali",
    "villagetname": "பில்லாளி"
  },
  {
    "villagecode": "069",
    "villagename": "Polagam",
    "villagetname": "போலகம்"
  },
  {
    "villagecode": "013",
    "villagename": "Ponveli",
    "villagetname": "பொன்வெளி"
  },
  {
    "villagecode": "051",
    "villagename": "Porakudi",
    "villagetname": "பொறக்குடி"
  },
  {
    "villagecode": "008",
    "villagename": "Poravachery",
    "villagetname": "பொறவச்சேரி"
  },
  {
    "villagecode": "015",
    "villagename": "Puducheri",
    "villagetname": "புதுச்சேரி"
  },
  {
    "villagecode": "073",
    "villagename": "Puthagaram",
    "villagetname": "புத்தகரம்"
  },
  {
    "villagecode": "090",
    "villagename": "Puthukadai",
    "villagetname": "புதுக்கடை"
  },
  {
    "villagecode": "095",
    "villagename": "Raranthimangalam",
    "villagetname": "ராராந்திமங்கலம்"
  },
  {
    "villagecode": "007",
    "villagename": "Sangamangalam",
    "villagetname": "சங்கமங்கலம்"
  },
  {
    "villagecode": "065",
    "villagename": "Sekal",
    "villagetname": "சேகல்"
  },
  {
    "villagecode": "910",
    "villagename": "Sellur",
    "villagetname": "செல்லூர்"
  },
  {
    "villagecode": "027",
    "villagename": "Sembiyanmadevi",
    "villagetname": "செம்பியன்மாதேவி"
  },
  {
    "villagecode": "056",
    "villagename": "Sesamulai",
    "villagetname": "க்ஷேமூலை"
  },
  {
    "villagecode": "012",
    "villagename": "Sikkal",
    "villagetname": "சிக்கல்"
  },
  {
    "villagecode": "140",
    "villagename": "Sirangudipulliyur",
    "villagetname": "சிராங்குடிபுலியூர்"
  },
  {
    "villagecode": "064",
    "villagename": "Siyathamangai",
    "villagetname": "சீயாத்தமங்கை"
  },
  {
    "villagecode": "001",
    "villagename": "Themangalam",
    "villagetname": "தேமங்கலம்"
  },
  {
    "villagecode": "094",
    "villagename": "Thenkarai",
    "villagetname": "தென்கரை"
  },
  {
    "villagecode": "057",
    "villagename": "Thenpidagai",
    "villagetname": "தென்பிடாகை"
  },
  {
    "villagecode": "020",
    "villagename": "Therkupoigainallur",
    "villagetname": "தெற்குபொய்கைநல்லூர்"
  },
  {
    "villagecode": "420",
    "villagename": "Thethi",
    "villagetname": "தெத்தி"
  },
  {
    "villagecode": "092",
    "villagename": "Thirukannapuram",
    "villagetname": "திருக்கண்ணபுரம்"
  },
  {
    "villagecode": "110",
    "villagename": "Thirupayathangudi",
    "villagetname": "திருப்பயத்தங்குடி"
  },
  {
    "villagecode": "070",
    "villagename": "Thirupugalur",
    "villagetname": "திருப்புகலூர்"
  },
  {
    "villagecode": "091",
    "villagename": "Thirusenkattangudi",
    "villagetname": "திருச்செங்காட்டாங்குடி"
  },
  {
    "villagecode": "062",
    "villagename": "Thittachery",
    "villagetname": "திட்டச்சேரி"
  },
  {
    "villagecode": "066",
    "villagename": "Thiurmarugal",
    "villagetname": "திருமருகல்"
  },
  {
    "villagecode": "119",
    "villagename": "Thuraiyur",
    "villagetname": "துரையூர்"
  },
  {
    "villagecode": "123",
    "villagename": "Uthamachozhapuram",
    "villagetname": "உத்தமசோழபுரம்"
  },
  {
    "villagecode": "087",
    "villagename": "Vadakarai",
    "villagetname": "வடகரை"
  },
  {
    "villagecode": "019",
    "villagename": "Vadakku Poigainallur",
    "villagetname": "வடக்குபொய்கைநல்லூர்"
  },
  {
    "villagecode": "003",
    "villagename": "Vadakudi",
    "villagetname": "வடகுடி"
  },
  {
    "villagecode": "025",
    "villagename": "Vadugachery",
    "villagetname": "வடுகச்சேரி"
  },
  {
    "villagecode": "021",
    "villagename": "Vaduvur",
    "villagetname": "வடவூர்"
  },
  {
    "villagecode": "106",
    "villagename": "Vazhkudi",
    "villagetname": "வாழ்குடி"
  },
  {
    "villagecode": "107",
    "villagename": "Virkudi",
    "villagetname": "விற்குடி"
  }
]
