[
  {
    "villagecode": "008",
    "villagename": "A Kamatchipuram          ",
    "villagetname": "எ. காமாட்சிபுரம்                                                                                                             "
  },
  {
    "villagecode": "009",
    "villagename": "Endapulli                ",
    "villagetname": "எண்டபுளி                                                                                                                     "
  },
  {
    "villagecode": "010",
    "villagename": "Genguvarpatti Bit I Ii   ",
    "villagetname": "கெங்குவார்பட்டி                                                                                                              "
  },
  {
    "villagecode": "005",
    "villagename": "Jeyamangalam Bit I       ",
    "villagetname": "ஜெயமங்களம் பிரிவு 1                                                                                                          "
  },
  {
    "villagecode": "205",
    "villagename": "Jeyamangalam Bit Ii      ",
    "villagetname": "ஜெயமங்களம் பிரிவு 2                                                                                                          "
  },
  {
    "villagecode": "011",
    "villagename": "Keelavadakarai           ",
    "villagetname": "கீழவடகரை                                                                                                                     "
  },
  {
    "villagecode": "006",
    "villagename": "Kullapuram               ",
    "villagetname": "குள்ளப்புரம்                                                                                                                 "
  },
  {
    "villagecode": "007",
    "villagename": "Melmangalam Bit I        ",
    "villagetname": "மேல்மங்களம் பிரிவு 1                                                                                                         "
  },
  {
    "villagecode": "207",
    "villagename": "Melmangalam Bit Ii       ",
    "villagetname": "மேல்மங்களம் பிரிவு 2                                                                                                         "
  },
  {
    "villagecode": "003",
    "villagename": "Pudukotai                ",
    "villagetname": "புதுக்கோட்டை                                                                                                                 "
  },
  {
    "villagecode": "004",
    "villagename": "Silvarpatti              ",
    "villagetname": "சில்வார்பட்டி                                                                                                                "
  },
  {
    "villagecode": "014",
    "villagename": "Thamaraikulam Bit I      ",
    "villagetname": "தாமரைக்குளம் பிரிவு 1                                                                                                        "
  },
  {
    "villagecode": "214",
    "villagename": "Thamaraikulam Bit Ii     ",
    "villagetname": "தாமரைக்குளம் பிரிவு 2                                                                                                        "
  },
  {
    "villagecode": "013",
    "villagename": "Thenkarai Bit I          ",
    "villagetname": "தென்கரை பிரிவு 1                                                                                                             "
  },
  {
    "villagecode": "213",
    "villagename": "Thenkarai Bit Ii         ",
    "villagetname": "தென்கரை பிரிவு 2                                                                                                             "
  },
  {
    "villagecode": "002",
    "villagename": "Thevathanapatti          ",
    "villagetname": "தேவதானப்பட்டி                                                                                                                "
  },
  {
    "villagecode": "012",
    "villagename": "Vadakarai Bit I          ",
    "villagetname": "வடகரை பிரிவு 1                                                                                                               "
  },
  {
    "villagecode": "212",
    "villagename": "Vadakarai Bit Ii         ",
    "villagetname": "வடகரை பிரிவு 2                                                                                                               "
  },
  {
    "villagecode": "015",
    "villagename": "Vadaveeranayakanpatti    ",
    "villagetname": "வடவீரநாயக்கன்பட்டி                                                                                                           "
  },
  {
    "villagecode": "016",
    "villagename": "Vadipatti                ",
    "villagetname": "வாடிப்பட்டி                                                                                                                  "
  }
]
