[
  {
    "villagecode": "094",
    "villagename": "Abdullapuram             ",
    "villagetname": "அப்துல்லாபுரம்                                                                                                               "
  },
  {
    "villagecode": "113",
    "villagename": "Adukkamparai             ",
    "villagetname": "அடுக்கம்பாறை                                                                                                                 "
  },
  {
    "villagecode": "108",
    "villagename": "Alamelumangapuram        ",
    "villagetname": "அலமேலுமங்காபுரம்                                                                                                             "
  },
  {
    "villagecode": "101",
    "villagename": "Allapuram                ",
    "villagetname": "அல்லாபுரம்                                                                                                                   "
  },
  {
    "villagecode": "087",
    "villagename": "Anpoondi                 ",
    "villagetname": "அன்புண்டி                                                                                                                    "
  },
  {
    "villagecode": "098",
    "villagename": "Ariyur                   ",
    "villagetname": "அரியுர்                                                                                                                      "
  },
  {
    "villagecode": "109",
    "villagename": "Balamathi                ",
    "villagetname": "பாலமதி                                                                                                                       "
  },
  {
    "villagecode": "078",
    "villagename": "Cholavaram               ",
    "villagetname": "சோழவரம்                                                                                                                      "
  },
  {
    "villagecode": "112",
    "villagename": "Edaiyansathu             ",
    "villagetname": "இடையஞ்சாத்து                                                                                                                 "
  },
  {
    "villagecode": "129",
    "villagename": "Kammasamutram            ",
    "villagetname": "கம்மசமுத்திரம்                                                                                                               "
  },
  {
    "villagecode": "119",
    "villagename": "Kanikaniyan              ",
    "villagetname": "கணிகினியாண்                                                                                                                  "
  },
  {
    "villagecode": "120",
    "villagename": "Kaniyambadi              ",
    "villagetname": "கணியம்பாடி                                                                                                                   "
  },
  {
    "villagecode": "090",
    "villagename": "Karugamputhur            ",
    "villagetname": "கருகம்பத்தூர்                                                                                                                "
  },
  {
    "villagecode": "073",
    "villagename": "Kathalampattu            ",
    "villagetname": "கத்தாழம்பட்டு                                                                                                                "
  },
  {
    "villagecode": "131",
    "villagename": "Katpadi  Railway Station ",
    "villagetname": "காட்பாடி ரெயில்வே நிலையம்                                                                                                    "
  },
  {
    "villagecode": "079",
    "villagename": "Kattuputhur              ",
    "villagetname": "காட்டுபுத்தூர்                                                                                                               "
  },
  {
    "villagecode": "072",
    "villagename": "Keelarasampattu          ",
    "villagetname": "கீழ்அரசம்பட்டு                                                                                                               "
  },
  {
    "villagecode": "089",
    "villagename": "Keelmonavur              ",
    "villagetname": "கீழ்மொணவுர்                                                                                                                  "
  },
  {
    "villagecode": "128",
    "villagename": "Keelpallipattu           ",
    "villagetname": "கீழ்பள்ளிபட்டு                                                                                                               "
  },
  {
    "villagecode": "092",
    "villagename": "Konavattam               ",
    "villagetname": "கொணவட்டம்                                                                                                                    "
  },
  {
    "villagecode": "088",
    "villagename": "Melmonavur               ",
    "villagetname": "மேல்மொணவுர்                                                                                                                  "
  },
  {
    "villagecode": "126",
    "villagename": "Mettupalayam             ",
    "villagetname": "மேட்டுபாளையம்                                                                                                                "
  },
  {
    "villagecode": "124",
    "villagename": "Moonjurpattu             ",
    "villagetname": "மூஞ்சூர்பட்டு                                                                                                                "
  },
  {
    "villagecode": "130",
    "villagename": "Moothakkal               ",
    "villagetname": "மோத்தக்கல்                                                                                                                   "
  },
  {
    "villagecode": "122",
    "villagename": "Nelvai                   ",
    "villagetname": "நெல்வாய்                                                                                                                     "
  },
  {
    "villagecode": "076",
    "villagename": "Palampakkam              ",
    "villagetname": "பாலம்பாக்கம்                                                                                                                 "
  },
  {
    "villagecode": "075",
    "villagename": "Palathuvannan            ",
    "villagetname": "பாலாத்துவண்ணான்                                                                                                              "
  },
  {
    "villagecode": "111",
    "villagename": "Palavansathu             ",
    "villagetname": "பலவன்சாத்து                                                                                                                  "
  },
  {
    "villagecode": "121",
    "villagename": "Pangalathan              ",
    "villagetname": "பங்களத்தான்                                                                                                                  "
  },
  {
    "villagecode": "116",
    "villagename": "Pennathur                ",
    "villagetname": "பென்னாத்தூர்                                                                                                                 "
  },
  {
    "villagecode": "107",
    "villagename": "Perumugai                ",
    "villagetname": "பெருமுகை                                                                                                                     "
  },
  {
    "villagecode": "125",
    "villagename": "Salamanatham             ",
    "villagetname": "சலமநத்தம்                                                                                                                    "
  },
  {
    "villagecode": "105",
    "villagename": "Sambanginallur           ",
    "villagetname": "சம்பங்கிநல்லூர்                                                                                                              "
  },
  {
    "villagecode": "123",
    "villagename": "Sathumadurai             ",
    "villagetname": "சாத்துமதுரை                                                                                                                  "
  },
  {
    "villagecode": "117",
    "villagename": "Sathupalayam             ",
    "villagetname": "சாத்துப்பாளையம்                                                                                                              "
  },
  {
    "villagecode": "093",
    "villagename": "Sathuperi                ",
    "villagetname": "சதுப்பேரி                                                                                                                    "
  },
  {
    "villagecode": "104",
    "villagename": "Sathuvachari             ",
    "villagetname": "சத்துவாச்சாரி                                                                                                                "
  },
  {
    "villagecode": "091",
    "villagename": "Senpakkam                ",
    "villagetname": "சேண்பாக்கம்                                                                                                                  "
  },
  {
    "villagecode": "074",
    "villagename": "Singirikoil              ",
    "villagetname": "சிங்கிரிகோயில்                                                                                                               "
  },
  {
    "villagecode": "115",
    "villagename": "Sirukalambur             ",
    "villagetname": "சிறுகளம்புர்                                                                                                                 "
  },
  {
    "villagecode": "099",
    "villagename": "Sirukanchi               ",
    "villagetname": "சிறுகாஞ்சி                                                                                                                   "
  },
  {
    "villagecode": "071",
    "villagename": "Thellai                  ",
    "villagetname": "தெள்ளை                                                                                                                       "
  },
  {
    "villagecode": "102",
    "villagename": "Thenvellore              ",
    "villagetname": "தென்வேலூர்                                                                                                                   "
  },
  {
    "villagecode": "100",
    "villagename": "Thorapadi                ",
    "villagetname": "தொரப்பாடி                                                                                                                    "
  },
  {
    "villagecode": "077",
    "villagename": "Thuthikadu               ",
    "villagetname": "துத்திக்காடு                                                                                                                 "
  },
  {
    "villagecode": "114",
    "villagename": "Thuthipattu              ",
    "villagetname": "துத்திப்பட்டு                                                                                                                "
  },
  {
    "villagecode": "103",
    "villagename": "Vadavellore              ",
    "villagetname": "வடவேலூர்                                                                                                                     "
  },
  {
    "villagecode": "127",
    "villagename": "Vallam                   ",
    "villagetname": "வல்லம்                                                                                                                       "
  },
  {
    "villagecode": "106",
    "villagename": "Venkatapuram             ",
    "villagetname": "வெங்கடாபுரம்                                                                                                                 "
  },
  {
    "villagecode": "118",
    "villagename": "Veppampattu              ",
    "villagetname": "வேப்பம்பட்டு                                                                                                                 "
  },
  {
    "villagecode": "110",
    "villagename": "Virupakshipuram          ",
    "villagetname": "விருபாட்சிபுரம்                                                                                                              "
  }
]
