[
  {
    "villagecode": "052",
    "villagename": "Aambalapattu Gopalapuram ",
    "villagetname": "ஆம்பலாப்பட்டு  கோபாலபுரம்                                                                                                    "
  },
  {
    "villagecode": "054",
    "villagename": "Aambalapattu North       ",
    "villagetname": "ஆம்பலாப்பட்டு வடக்கு                                                                                                         "
  },
  {
    "villagecode": "053",
    "villagename": "Aambalapattu Ramapuram   ",
    "villagetname": "ஆம்பலாப்பட்டு  ராமாபுரம்                                                                                                     "
  },
  {
    "villagecode": "004",
    "villagename": "Alivoikkal               ",
    "villagetname": "ஆழிவாய்க்கால்                                                                                                                "
  },
  {
    "villagecode": "541",
    "villagename": "Ambalapattu South        ",
    "villagetname": "ஆம்பலாப்பட்டு தெற்கு                                                                                                         "
  },
  {
    "villagecode": "540",
    "villagename": "Ambalapattu S.Sivakollai ",
    "villagetname": "ஆம்பலாபட்டு தெ.சிவகொல்லை                                                                                                     "
  },
  {
    "villagecode": "141",
    "villagename": "Arasapattu               ",
    "villagetname": "அரசப்பட்டு                                                                                                                   "
  },
  {
    "villagecode": "044",
    "villagename": "Arumulai                 ",
    "villagetname": "அருமுளை                                                                                                                      "
  },
  {
    "villagecode": "029",
    "villagename": "Athanakkottai            ",
    "villagetname": "ஆதனக்கோட்டை                                                                                                                  "
  },
  {
    "villagecode": "069",
    "villagename": "Avidanalla  Vijayapuram  ",
    "villagetname": "ஆவிட நல்ல வியஜபுரம்                                                                                                          "
  },
  {
    "villagecode": "023",
    "villagename": "Ayangudi                 ",
    "villagetname": "ஆயங்குடி                                                                                                                     "
  },
  {
    "villagecode": "271",
    "villagename": "Balangandar Gudikadu     ",
    "villagetname": "பழங்கண்டார் குடிகாடு                                                                                                         "
  },
  {
    "villagecode": "151",
    "villagename": "Chinna Ponnappur         ",
    "villagetname": "சின்ன பொன்னாப்பூர்                                                                                                           "
  },
  {
    "villagecode": "073",
    "villagename": "Chozhakankudikadu        ",
    "villagetname": "சோழகன்குடிக்காடு                                                                                                             "
  },
  {
    "villagecode": "024",
    "villagename": "Chozhapuram              ",
    "villagetname": "சோழபுரம்                                                                                                                     "
  },
  {
    "villagecode": "210",
    "villagename": "Eachankottai             ",
    "villagetname": "ஈச்சங்கோட்டை                                                                                                                 "
  },
  {
    "villagecode": "043",
    "villagename": "Kaavaarappattu           ",
    "villagetname": "காவாரப்பட்டு                                                                                                                 "
  },
  {
    "villagecode": "039",
    "villagename": "Kakkarai                 ",
    "villagetname": "கக்கரை                                                                                                                       "
  },
  {
    "villagecode": "031",
    "villagename": "Kakkaraikkottai          ",
    "villagetname": "கக்கரைக்கோட்டை                                                                                                               "
  },
  {
    "villagecode": "191",
    "villagename": "Kannanthankudi Keel Addl ",
    "villagetname": "கண்ணந்தன்குடி கீ.கூடுதல்                                                                                                     "
  },
  {
    "villagecode": "201",
    "villagename": "Kannanthankudi Melai.Addl",
    "villagetname": "கண்ணந்தங்குடிமேலையுர்கூடுதல                                                                                                  "
  },
  {
    "villagecode": "019",
    "villagename": "Kannthankudi Keelai.Chief",
    "villagetname": "கண்ணந்தங்குடி கீ.முதன்மை                                                                                                     "
  },
  {
    "villagecode": "020",
    "villagename": "Kannthankudi Melai.Chief ",
    "villagetname": "கண்ணந்தங்குடிமேலையுர்முதன்மை                                                                                                 "
  },
  {
    "villagecode": "050",
    "villagename": "Kannukkudi Keelpathi     ",
    "villagetname": "கண்ணுக்குடி கீழ்பாதி                                                                                                         "
  },
  {
    "villagecode": "551",
    "villagename": "Kannukkudi Melpathi Addl.",
    "villagetname": "கண்ணுக்குடிமேல்பாதிகூடுதல                                                                                                    "
  },
  {
    "villagecode": "055",
    "villagename": "Kannukkudi Melpathi Chief",
    "villagetname": "கண்ணுக்குடி மேல்பாதி முதன்மை                                                                                                 "
  },
  {
    "villagecode": "011",
    "villagename": "Karaimendarkottai        ",
    "villagetname": "கரைமீண்டார்கோட்டை                                                                                                            "
  },
  {
    "villagecode": "301",
    "villagename": "Karukadipatti            ",
    "villagetname": "கருக்காடிபட்டி                                                                                                               "
  },
  {
    "villagecode": "003",
    "villagename": "Karukkakottai            ",
    "villagetname": "கருக்காக்கோட்டை                                                                                                              "
  },
  {
    "villagecode": "006",
    "villagename": "Kattukuruchi             ",
    "villagetname": "காட்டுக்குறிச்சி                                                                                                             "
  },
  {
    "villagecode": "009",
    "villagename": "Keela Ulur               ",
    "villagetname": "கீழ உளுர்                                                                                                                    "
  },
  {
    "villagecode": "902",
    "villagename": "Keelaulur Paruthiyap.Koil",
    "villagetname": "கீழ உளுர் (ப. கோ)                                                                                                            "
  },
  {
    "villagecode": "041",
    "villagename": "Keezhavannipattu         ",
    "villagetname": "கீழவன்னிப்பட்டு                                                                                                              "
  },
  {
    "villagecode": "048",
    "villagename": "Kodiyalam                ",
    "villagetname": "கொடியாளம்                                                                                                                    "
  },
  {
    "villagecode": "034",
    "villagename": "Kovilur                  ",
    "villagetname": "கோவிலூர்                                                                                                                     "
  },
  {
    "villagecode": "017",
    "villagename": "Kulamangalam             ",
    "villagetname": "குலமங்கலம்                                                                                                                   "
  },
  {
    "villagecode": "033",
    "villagename": "Mandalakkottai           ",
    "villagetname": "மண்டலக்கோட்டை                                                                                                                "
  },
  {
    "villagecode": "051",
    "villagename": "Mullurpattikkadu         ",
    "villagetname": "முள்ளுர்பட்டிக்காடு                                                                                                          "
  },
  {
    "villagecode": "013",
    "villagename": "Muruthiyambalpuram       ",
    "villagetname": "மூர்த்தியம்பாள்புரம்                                                                                                         "
  },
  {
    "villagecode": "021",
    "villagename": "Muthambalpuram           ",
    "villagetname": "முத்தாம்பாள்புரம                                                                                                             "
  },
  {
    "villagecode": "001",
    "villagename": "Naduvur                  ",
    "villagetname": "நடுவுர்                                                                                                                      "
  },
  {
    "villagecode": "014",
    "villagename": "Neivasal Thenpathi       ",
    "villagetname": "நெய்வாசல் தென்பாதி                                                                                                           "
  },
  {
    "villagecode": "067",
    "villagename": "Nemali Thippiyakkudi     ",
    "villagetname": "நெம்மேலி திப்பியக்குடி                                                                                                       "
  },
  {
    "villagecode": "042",
    "villagename": "Okkanadu Keelai.Chief    ",
    "villagetname": "ஒக்கநாடு கீழையுர்முதன்மை                                                                                                     "
  },
  {
    "villagecode": "421",
    "villagename": "Okkanadu Keelaiyur Addl. ",
    "villagetname": "ஒக்கநாடு கீழையூர்கூடுதல்                                                                                                     "
  },
  {
    "villagecode": "018",
    "villagename": "Okkanadu Melaiyur        ",
    "villagetname": "ஓக்கநாடு மேலையுர்                                                                                                            "
  },
  {
    "villagecode": "028",
    "villagename": "Pachur                   ",
    "villagetname": "பாச்சூர்                                                                                                                     "
  },
  {
    "villagecode": "038",
    "villagename": "Palamputhur              ",
    "villagetname": "பாளாம்புதூர்                                                                                                                 "
  },
  {
    "villagecode": "131",
    "villagename": "Panayakkottai            ",
    "villagetname": "பனையக்கோட்டை                                                                                                                 "
  },
  {
    "villagecode": "005",
    "villagename": "Panchanathikottai        ",
    "villagetname": "பஞ்சநதிக்கோட்டை                                                                                                              "
  },
  {
    "villagecode": "049",
    "villagename": "Paravathur               ",
    "villagetname": "பரவத்தூர்                                                                                                                    "
  },
  {
    "villagecode": "008",
    "villagename": "Paruthikkottai           ",
    "villagetname": "பருத்திக்கோட்டை                                                                                                              "
  },
  {
    "villagecode": "801",
    "villagename": "Paruthiyapparkovil       ",
    "villagetname": "பருத்தியப்பர்கோவில்                                                                                                          "
  },
  {
    "villagecode": "161",
    "villagename": "Paruthiyapparkovil - 1   ",
    "villagetname": "பருத்தியப்பர் கோவில்-1                                                                                                       "
  },
  {
    "villagecode": "058",
    "villagename": "Peikkarumban Kottai      ",
    "villagetname": "பேய்க்கரும்பன் கோட்டை                                                                                                        "
  },
  {
    "villagecode": "351",
    "villagename": "Pinnaiyur East           ",
    "villagetname": "பின்னையூர் கிழக்கு                                                                                                           "
  },
  {
    "villagecode": "035",
    "villagename": "Pinnaiyur West           ",
    "villagetname": "பின்னையுர் மேற்கு                                                                                                            "
  },
  {
    "villagecode": "027",
    "villagename": "Poiyundarkottai          ",
    "villagetname": "பொய்யுண்டார்கோட்டை                                                                                                           "
  },
  {
    "villagecode": "060",
    "villagename": "Poiyundarkudikadu        ",
    "villagetname": "பொய்யுண்டார்குடிக்காடு                                                                                                       "
  },
  {
    "villagecode": "015",
    "villagename": "Ponnappur Keelpathi      ",
    "villagetname": "பொன்னாப்புர்  கீழ்பாதி                                                                                                       "
  },
  {
    "villagecode": "016",
    "villagename": "Ponnappur Melpathi       ",
    "villagetname": "பொன்னாப்புர் மேல்பாதி                                                                                                        "
  },
  {
    "villagecode": "040",
    "villagename": "Poovathur                ",
    "villagetname": "புவத்தூர்                                                                                                                    "
  },
  {
    "villagecode": "401",
    "villagename": "Poovathur Pudunagar      ",
    "villagetname": "பூவத்துர்ர் புதுநகர்                                                                                                         "
  },
  {
    "villagecode": "059",
    "villagename": "Pulavankadu              ",
    "villagetname": "புலவன்காடு                                                                                                                   "
  },
  {
    "villagecode": "037",
    "villagename": "Puthur                   ",
    "villagetname": "புதூர்                                                                                                                       "
  },
  {
    "villagecode": "012",
    "villagename": "Ragavambalpuram          ",
    "villagetname": "இராகவாம்பாள்புரம்                                                                                                            "
  },
  {
    "villagecode": "121",
    "villagename": "Sadaiyarkoil             ",
    "villagetname": "சடையார் கோவில்                                                                                                               "
  },
  {
    "villagecode": "181",
    "villagename": "Samayankudikadu          ",
    "villagetname": "சமயன்குடிகாடு                                                                                                                "
  },
  {
    "villagecode": "202",
    "villagename": "Samipatti                ",
    "villagetname": "சாமிப்பட்டி                                                                                                                  "
  },
  {
    "villagecode": "410",
    "villagename": "Sethurayankudikadu       ",
    "villagetname": "சேதுராயன்குடிகாடு                                                                                                            "
  },
  {
    "villagecode": "171",
    "villagename": "Thalaiyamangalam         ",
    "villagetname": "தலையாமங்கலம்                                                                                                                 "
  },
  {
    "villagecode": "030",
    "villagename": "Thekkur                  ",
    "villagetname": "தெக்கூர்                                                                                                                     "
  },
  {
    "villagecode": "036",
    "villagename": "Thelunkankudikadu        ",
    "villagetname": "தெலுங்கன்குடிக்காடு                                                                                                          "
  },
  {
    "villagecode": "022",
    "villagename": "Thennamanadu North       ",
    "villagetname": "தென்னமநாடு  வடக்கு                                                                                                           "
  },
  {
    "villagecode": "221",
    "villagename": "Thennamanadu South       ",
    "villagetname": "தென்னமநாடு தெற்கு                                                                                                            "
  },
  {
    "villagecode": "056",
    "villagename": "Thondarampattu East      ",
    "villagetname": "தொண்டராம்பட்டு  கிழக்கு                                                                                                      "
  },
  {
    "villagecode": "561",
    "villagename": "Thondarampattu West      ",
    "villagetname": "தொண்டராம்பட்டு மேற்கு                                                                                                        "
  },
  {
    "villagecode": "046",
    "villagename": "Tirumangalakkottai Keelai",
    "villagetname": "திருமங்கலக்கோட்டைகீழையுர்                                                                                                    "
  },
  {
    "villagecode": "045",
    "villagename": "Tirumangalakkottai Melai.",
    "villagetname": "திருமங்கலக் கோ மேலையுர்                                                                                                      "
  },
  {
    "villagecode": "461",
    "villagename": "Tirumangalakottai K.Coly ",
    "villagetname": "திரு ம. கோ. கீ. காலனி                                                                                                        "
  },
  {
    "villagecode": "451",
    "villagename": "Tirumangalakottai M.Col  ",
    "villagetname": "திரு ம. கோ. மே. காலனி                                                                                                        "
  },
  {
    "villagecode": "007",
    "villagename": "Ulur East                ",
    "villagetname": "உளுர் கிழக்கு                                                                                                                "
  },
  {
    "villagecode": "700",
    "villagename": "Ulur West                ",
    "villagetname": "உளுர் மேற்கு                                                                                                                 "
  },
  {
    "villagecode": "032",
    "villagename": "Vadakkukottai            ",
    "villagetname": "வடக்கிக்கோட்டை                                                                                                               "
  },
  {
    "villagecode": "026",
    "villagename": "Vadakkur Therkku Sethi   ",
    "villagetname": "வடக்கூர் தெற்கு சேத்தி                                                                                                       "
  },
  {
    "villagecode": "025",
    "villagename": "Vadakkur Vadakku Sethi   ",
    "villagetname": "வடக்கூர் வடக்குச் சேத்தி                                                                                                     "
  },
  {
    "villagecode": "047",
    "villagename": "Vadaseri North           ",
    "villagetname": "வடசேரி வடக்கு                                                                                                                "
  },
  {
    "villagecode": "471",
    "villagename": "Vadaseri South           ",
    "villagetname": "வடசேரி  தெற்கு                                                                                                               "
  },
  {
    "villagecode": "010",
    "villagename": "Vandaiyar Irruppu        ",
    "villagetname": "வாண்டையார் இருப்பு                                                                                                           "
  },
  {
    "villagecode": "068",
    "villagename": "Veda Vijayapuram         ",
    "villagetname": "வேத வியஜபுரம்                                                                                                                "
  },
  {
    "villagecode": "057",
    "villagename": "Vellur                   ",
    "villagetname": "வெள்ளுர்                                                                                                                     "
  }
]
