[
  {
    "villagecode": "069",
    "villagename": "Amoor                    ",
    "villagetname": "ஆமூர்                                                                                                                        "
  },
  {
    "villagecode": "030",
    "villagename": "Anjalam                  ",
    "villagetname": "அஞ்சலம்                                                                                                                      "
  },
  {
    "villagecode": "043",
    "villagename": "Arachi                   ",
    "villagetname": "ஆராய்ச்சி                                                                                                                    "
  },
  {
    "villagecode": "067",
    "villagename": "Ayyampalayam             ",
    "villagetname": "அய்யம்பாளையம்                                                                                                                "
  },
  {
    "villagecode": "044",
    "villagename": "Devanur                  ",
    "villagetname": "தேவானூர்                                                                                                                     "
  },
  {
    "villagecode": "068",
    "villagename": "Evoor                    ",
    "villagetname": "ஏவூர்                                                                                                                        "
  },
  {
    "villagecode": "075",
    "villagename": "Gunaseelam               ",
    "villagetname": "குணசீலம்                                                                                                                     "
  },
  {
    "villagecode": "059",
    "villagename": "Jayankondan              ",
    "villagetname": "ஜெயங்கொண்டான்                                                                                                                "
  },
  {
    "villagecode": "032",
    "villagename": "Jumbumadai               ",
    "villagetname": "ஜம்புமடை                                                                                                                     "
  },
  {
    "villagecode": "062",
    "villagename": "Kamatchipatty            ",
    "villagetname": "காமாட்சிப்பட்டி                                                                                                              "
  },
  {
    "villagecode": "161",
    "villagename": "Karattampatty            ",
    "villagetname": "கரட்டாம்பட்டி                                                                                                                "
  },
  {
    "villagecode": "039",
    "villagename": "Karigali                 ",
    "villagetname": "கரிகாலி                                                                                                                      "
  },
  {
    "villagecode": "037",
    "villagename": "Karugudi                 ",
    "villagetname": "காருகுடி                                                                                                                     "
  },
  {
    "villagecode": "166",
    "villagename": "Kattukulam               ",
    "villagetname": "காட்டுக்குளம்                                                                                                                "
  },
  {
    "villagecode": "070",
    "villagename": "Kodunthurai              ",
    "villagetname": "கொடுந்துரை                                                                                                                   "
  },
  {
    "villagecode": "073",
    "villagename": "Komangalam               ",
    "villagetname": "கோமங்கலம்                                                                                                                    "
  },
  {
    "villagecode": "033",
    "villagename": "Konappampatty            ",
    "villagetname": "கோணப்பம்பட்டி                                                                                                                "
  },
  {
    "villagecode": "035",
    "villagename": "Mahadevi                 ",
    "villagetname": "மகாதேவி                                                                                                                      "
  },
  {
    "villagecode": "162",
    "villagename": "Manbarai                 ",
    "villagetname": "மண்பறை                                                                                                                       "
  },
  {
    "villagecode": "049",
    "villagename": "Mangalam                 ",
    "villagetname": "மங்கலம்                                                                                                                      "
  },
  {
    "villagecode": "050",
    "villagename": "Mavilippatty             ",
    "villagetname": "மாவிலிப்பட்டி                                                                                                                "
  },
  {
    "villagecode": "063",
    "villagename": "Moovali                  ",
    "villagetname": "மூவேலி                                                                                                                       "
  },
  {
    "villagecode": "165",
    "villagename": "Moovanoor                ",
    "villagetname": "மூவானூர்                                                                                                                     "
  },
  {
    "villagecode": "038",
    "villagename": "Morupatty                ",
    "villagetname": "மோருப்பட்டி                                                                                                                  "
  },
  {
    "villagecode": "562",
    "villagename": "M.Puthupatty (East)      ",
    "villagetname": "எம்.புதுப்பட்டி (கிழக்கு)                                                                                                    "
  },
  {
    "villagecode": "561",
    "villagename": "M.Puthupatty (West)      ",
    "villagetname": "எம்.புதுப்பட்டி (மேற்கு)                                                                                                     "
  },
  {
    "villagecode": "552",
    "villagename": "Musiri (East)            ",
    "villagetname": "முசிறி (கிழக்கு)                                                                                                             "
  },
  {
    "villagecode": "551",
    "villagename": "Musiri (West)            ",
    "villagetname": "முசிறி (மேற்கு)                                                                                                              "
  },
  {
    "villagecode": "054",
    "villagename": "Muthampatty              ",
    "villagetname": "முத்தம்பட்டி                                                                                                                 "
  },
  {
    "villagecode": "072",
    "villagename": "Neyvali                  ",
    "villagetname": "நெய்வேலி                                                                                                                     "
  },
  {
    "villagecode": "034",
    "villagename": "Oorakarai                ",
    "villagetname": "ஊரக்கரை                                                                                                                      "
  },
  {
    "villagecode": "046",
    "villagename": "Paithambarai             ",
    "villagetname": "பைத்தம்பாறை                                                                                                                  "
  },
  {
    "villagecode": "167",
    "villagename": "Peramangalam             ",
    "villagetname": "பெரமங்கலம்                                                                                                                   "
  },
  {
    "villagecode": "058",
    "villagename": "Perur                    ",
    "villagetname": "பேரூர்                                                                                                                       "
  },
  {
    "villagecode": "036",
    "villagename": "Pillapalayam             ",
    "villagetname": "பிள்ளாபாளையம்                                                                                                                "
  },
  {
    "villagecode": "041",
    "villagename": "Pillathurai              ",
    "villagetname": "பிள்ளாத்துரை                                                                                                                 "
  },
  {
    "villagecode": "029",
    "villagename": "Poolancheri              ",
    "villagetname": "பூலாஞ்சேரி                                                                                                                   "
  },
  {
    "villagecode": "168",
    "villagename": "Pulivalam                ",
    "villagetname": "புலிவலம்                                                                                                                     "
  },
  {
    "villagecode": "045",
    "villagename": "Serugudi                 ",
    "villagetname": "சேர்குடி                                                                                                                     "
  },
  {
    "villagecode": "064",
    "villagename": "Sevanthalingapuram       ",
    "villagetname": "செவந்திலிங்கபுரம்                                                                                                            "
  },
  {
    "villagecode": "074",
    "villagename": "Sithamboor               ",
    "villagetname": "சித்தாம்பூர்                                                                                                                 "
  },
  {
    "villagecode": "053",
    "villagename": "Sitilari                 ",
    "villagetname": "சிட்டிலரை                                                                                                                    "
  },
  {
    "villagecode": "051",
    "villagename": "Soorampatty              ",
    "villagetname": "சூரம்பட்டி                                                                                                                   "
  },
  {
    "villagecode": "060",
    "villagename": "Sukkampatty              ",
    "villagetname": "சுக்காம்பட்டி                                                                                                                "
  },
  {
    "villagecode": "061",
    "villagename": "Thandalaiputhur          ",
    "villagetname": "தண்டலைபுத்தூர்                                                                                                               "
  },
  {
    "villagecode": "042",
    "villagename": "Thathiengarpattai        ",
    "villagetname": "தாத்தையங்கார்பேட்டை                                                                                                          "
  },
  {
    "villagecode": "071",
    "villagename": "Thinakkonam              ",
    "villagetname": "திண்ணக்கோணம்                                                                                                                 "
  },
  {
    "villagecode": "169",
    "villagename": "Thinnanoor               ",
    "villagetname": "திண்ணனூர்                                                                                                                    "
  },
  {
    "villagecode": "159",
    "villagename": "Thiruthalayr             ",
    "villagetname": "திருத்தலையூர்                                                                                                                "
  },
  {
    "villagecode": "163",
    "villagename": "Thiruthiyamalai          ",
    "villagetname": "திருத்தியமலை                                                                                                                 "
  },
  {
    "villagecode": "048",
    "villagename": "Thulayanatham            ",
    "villagetname": "துலையாநத்தம்                                                                                                                 "
  },
  {
    "villagecode": "052",
    "villagename": "Thumbalam                ",
    "villagetname": "தும்பலம்                                                                                                                     "
  },
  {
    "villagecode": "160",
    "villagename": "T.Puthupatty             ",
    "villagetname": "டி.புதுப்பட்டி                                                                                                               "
  },
  {
    "villagecode": "065",
    "villagename": "Umayalpuram              ",
    "villagetname": "உமையாள்புரம்                                                                                                                 "
  },
  {
    "villagecode": "040",
    "villagename": "Vadamalaipatty           ",
    "villagetname": "வடமலைப்பட்டி                                                                                                                 "
  },
  {
    "villagecode": "047",
    "villagename": "Valaieduppu              ",
    "villagetname": "வளையெடுப்பு                                                                                                                  "
  },
  {
    "villagecode": "031",
    "villagename": "Valasiramani             ",
    "villagetname": "வாளசிராமணி                                                                                                                   "
  },
  {
    "villagecode": "572",
    "villagename": "Valavanthi (East)        ",
    "villagetname": "வாளவந்தி (கிழக்கு)                                                                                                           "
  },
  {
    "villagecode": "571",
    "villagename": "Valavanthi (West)        ",
    "villagetname": "வாளவந்தி (மேற்கு)                                                                                                            "
  },
  {
    "villagecode": "066",
    "villagename": "Vellure                  ",
    "villagetname": "வெள்ளுர்                                                                                                                     "
  },
  {
    "villagecode": "164",
    "villagename": "Vengaimandalam           ",
    "villagetname": "வேங்கைமண்டலம்                                                                                                                "
  }
]
