[
  {
    "villagecode": "057",
    "villagename": "Aaladu 1                 ",
    "villagetname": "ஆலாடு 1                                                                                                                      "
  },
  {
    "villagecode": "155",
    "villagename": "Aaladu 2                 ",
    "villagetname": "ஆலாடு 2                                                                                                                      "
  },
  {
    "villagecode": "041",
    "villagename": "Aasanapudur              ",
    "villagetname": "ஆசானபுதூர்                                                                                                                   "
  },
  {
    "villagecode": "072",
    "villagename": "Adambakkam               ",
    "villagetname": "அடம்பாக்கம்                                                                                                                  "
  },
  {
    "villagecode": "020",
    "villagename": "Agaram                   ",
    "villagetname": "அகரம்                                                                                                                        "
  },
  {
    "villagecode": "111",
    "villagename": "Alamathi                 ",
    "villagetname": "அலமாதி                                                                                                                       "
  },
  {
    "villagecode": "175",
    "villagename": "Alamathy 2               ",
    "villagetname": "அலமாதி 2                                                                                                                     "
  },
  {
    "villagecode": "196",
    "villagename": "Alinjivakkam             ",
    "villagetname": "அழிஞ்சிவாக்கம்                                                                                                               "
  },
  {
    "villagecode": "077",
    "villagename": "Amoor                    ",
    "villagetname": "ஆமூர்                                                                                                                        "
  },
  {
    "villagecode": "171",
    "villagename": "Amoor 2                  ",
    "villagetname": "ஆமூர் 2                                                                                                                      "
  },
  {
    "villagecode": "034",
    "villagename": "Andarmadam               ",
    "villagetname": "ஆண்டார்மடம்                                                                                                                  "
  },
  {
    "villagecode": "046",
    "villagename": "Andavoyal                ",
    "villagetname": "அண்டவாயல்                                                                                                                    "
  },
  {
    "villagecode": "124",
    "villagename": "Angadu                   ",
    "villagetname": "ஆங்காடு                                                                                                                      "
  },
  {
    "villagecode": "011",
    "villagename": "Annamalaicheri           ",
    "villagetname": "அண்ணாமலைச்சேரி                                                                                                               "
  },
  {
    "villagecode": "078",
    "villagename": "Anuppampattu             ",
    "villagetname": "அனுப்பம்பட்டு                                                                                                                "
  },
  {
    "villagecode": "182",
    "villagename": "Anuppampattu 2           ",
    "villagetname": "அனுப்பம்பட்டு 2                                                                                                              "
  },
  {
    "villagecode": "047",
    "villagename": "Appalavaram              ",
    "villagetname": "அப்பளாவரம்                                                                                                                   "
  },
  {
    "villagecode": "068",
    "villagename": "Arani                    ",
    "villagetname": "ஆரணி                                                                                                                         "
  },
  {
    "villagecode": "158",
    "villagename": "Arani 2                  ",
    "villagetname": "ஆரணி 2                                                                                                                       "
  },
  {
    "villagecode": "044",
    "villagename": "Arasur                   ",
    "villagetname": "அரசூர்                                                                                                                       "
  },
  {
    "villagecode": "138",
    "villagename": "Ariyanvoyal              ",
    "villagetname": "அரியன்வாயல்                                                                                                                  "
  },
  {
    "villagecode": "128",
    "villagename": "Arumandai                ",
    "villagetname": "அருமந்தை                                                                                                                     "
  },
  {
    "villagecode": "086",
    "villagename": "Athamanjeri              ",
    "villagetname": "அத்தமணஞ்சேரி                                                                                                                 "
  },
  {
    "villagecode": "143",
    "villagename": "Athipattu                ",
    "villagetname": "அத்திப்பட்டு                                                                                                                 "
  },
  {
    "villagecode": "178",
    "villagename": "Athipattu 2              ",
    "villagetname": "அத்திபட்டு 2                                                                                                                 "
  },
  {
    "villagecode": "197",
    "villagename": "Athivakkam               ",
    "villagetname": "அத்திவாக்கம்                                                                                                                 "
  },
  {
    "villagecode": "108",
    "villagename": "Athur                    ",
    "villagetname": "ஆத்தூ                                                                                                                        "
  },
  {
    "villagecode": "112",
    "villagename": "Attanthanagal            ",
    "villagetname": "ஆட்டந்தாங்கல்                                                                                                                "
  },
  {
    "villagecode": "026",
    "villagename": "Avoor                    ",
    "villagetname": "ஆவுர்                                                                                                                        "
  },
  {
    "villagecode": "151",
    "villagename": "Avoor 2                  ",
    "villagetname": "ஆவுர் 2                                                                                                                      "
  },
  {
    "villagecode": "009",
    "villagename": "Awurivakkam              ",
    "villagetname": "அவுரிவாக்கம்                                                                                                                 "
  },
  {
    "villagecode": "107",
    "villagename": "Bandikavanur             ",
    "villagetname": "பண்டிகாவனூர்                                                                                                                 "
  },
  {
    "villagecode": "126",
    "villagename": "Budur                    ",
    "villagetname": "புதூர்                                                                                                                       "
  },
  {
    "villagecode": "055",
    "villagename": "Chinnakavanam            ",
    "villagetname": "சின்னகாவணம்                                                                                                                  "
  },
  {
    "villagecode": "156",
    "villagename": "Chinnakavanam 2          ",
    "villagetname": "சின்னக்காவனம் 2                                                                                                              "
  },
  {
    "villagecode": "070",
    "villagename": "Chinnambedu              ",
    "villagetname": "சின்னம்பேடு                                                                                                                  "
  },
  {
    "villagecode": "170",
    "villagename": "Chinnambedu 2            ",
    "villagetname": "சின்னம்பேடு 2                                                                                                                "
  },
  {
    "villagecode": "188",
    "villagename": "Chinnambedu 3            ",
    "villagetname": "சின்னம்பேடு 3                                                                                                                "
  },
  {
    "villagecode": "134",
    "villagename": "Chinnamullavoyal         ",
    "villagetname": "சின்னமுல்லவாயல்                                                                                                              "
  },
  {
    "villagecode": "164",
    "villagename": "Chinnaveppathur          ",
    "villagetname": "சின்னவெப்பத்தூர்                                                                                                             "
  },
  {
    "villagecode": "079",
    "villagename": "Devadhanam               ",
    "villagetname": "தேவதானம்                                                                                                                     "
  },
  {
    "villagecode": "019",
    "villagename": "Devampattu               ",
    "villagetname": "தேவம்பட்டு                                                                                                                   "
  },
  {
    "villagecode": "062",
    "villagename": "Durainallur              ",
    "villagetname": "துரைநல்லூர்                                                                                                                  "
  },
  {
    "villagecode": "154",
    "villagename": "Ealiyambedu 2            ",
    "villagetname": "எலியம்பேடு 2                                                                                                                 "
  },
  {
    "villagecode": "037",
    "villagename": "Ebrahampuram             ",
    "villagetname": "ஏப்ரான்புரம்                                                                                                                 "
  },
  {
    "villagecode": "052",
    "villagename": "Eliambedu                ",
    "villagetname": "ஏலியம்பேடு                                                                                                                   "
  },
  {
    "villagecode": "142",
    "villagename": "Ennore                   ",
    "villagetname": "எண்ணூர்                                                                                                                      "
  },
  {
    "villagecode": "085",
    "villagename": "Eriyapillaikuppam        ",
    "villagetname": "எரியபிள்ளைகுப்பம்                                                                                                            "
  },
  {
    "villagecode": "031",
    "villagename": "Ernaguracheri            ",
    "villagetname": "எர்ணாகுரச்சேரி                                                                                                               "
  },
  {
    "villagecode": "074",
    "villagename": "Ernavakkam               ",
    "villagetname": "எரணவாக்கம்                                                                                                                   "
  },
  {
    "villagecode": "201",
    "villagename": "Grand Lyon               ",
    "villagetname": "கிராண்ட்லயன்                                                                                                                 "
  },
  {
    "villagecode": "054",
    "villagename": "Guduvanjeri              ",
    "villagetname": "கூடுவாஞ்சேரி                                                                                                                 "
  },
  {
    "villagecode": "023",
    "villagename": "Ilupakkam                ",
    "villagetname": "இலுப்பாக்கம்                                                                                                                 "
  },
  {
    "villagecode": "015",
    "villagename": "Injur                    ",
    "villagetname": "ஈஞ்சூர்                                                                                                                      "
  },
  {
    "villagecode": "172",
    "villagename": "Jaganathapuram 2         ",
    "villagetname": "ஜெகநாதபுரம் 2                                                                                                                "
  },
  {
    "villagecode": "187",
    "villagename": "Jaganathapuram 3         ",
    "villagetname": "ஜெகநாதபுரம் 3                                                                                                                "
  },
  {
    "villagecode": "106",
    "villagename": "Jagannathapuram          ",
    "villagetname": "ஜெகநாதபுரம்                                                                                                                  "
  },
  {
    "villagecode": "093",
    "villagename": "Kadamanjeri              ",
    "villagetname": "கடமஞ்சேரி                                                                                                                    "
  },
  {
    "villagecode": "038",
    "villagename": "Kadapakkam               ",
    "villagetname": "கடப்பாக்கம்                                                                                                                  "
  },
  {
    "villagecode": "090",
    "villagename": "Kalanji                  ",
    "villagetname": "காளாஞ்சி                                                                                                                     "
  },
  {
    "villagecode": "139",
    "villagename": "Kalapakkam               ",
    "villagetname": "கல்பாக்கம்                                                                                                                   "
  },
  {
    "villagecode": "004",
    "villagename": "Kallur                   ",
    "villagetname": "கள்ளுர்                                                                                                                      "
  },
  {
    "villagecode": "006",
    "villagename": "Kanavanthurai            ",
    "villagetname": "கணவன்துரை                                                                                                                    "
  },
  {
    "villagecode": "127",
    "villagename": "Kandigai                 ",
    "villagetname": "கண்டிகை                                                                                                                      "
  },
  {
    "villagecode": "016",
    "villagename": "Kanganimedu              ",
    "villagetname": "கங்காணிமேடு                                                                                                                  "
  },
  {
    "villagecode": "053",
    "villagename": "Kangavallipuram          ",
    "villagetname": "கனகவல்லிபுரம்                                                                                                                "
  },
  {
    "villagecode": "081",
    "villagename": "Kanniyambakkam           ",
    "villagetname": "காணியம்பாக்கம்                                                                                                               "
  },
  {
    "villagecode": "105",
    "villagename": "Karanodai                ",
    "villagetname": "காரணோடை                                                                                                                      "
  },
  {
    "villagecode": "005",
    "villagename": "Karimanallur             ",
    "villagetname": "கரிமணல்                                                                                                                      "
  },
  {
    "villagecode": "036",
    "villagename": "Karungali                ",
    "villagetname": "கருங்காலி                                                                                                                    "
  },
  {
    "villagecode": "043",
    "villagename": "Kattavur                 ",
    "villagetname": "காட்டாவுர்                                                                                                                   "
  },
  {
    "villagecode": "091",
    "villagename": "Kattupalli               ",
    "villagetname": "காட்டுப்பள்ளி                                                                                                                "
  },
  {
    "villagecode": "089",
    "villagename": "Kattur                   ",
    "villagetname": "காட்டூர்                                                                                                                     "
  },
  {
    "villagecode": "179",
    "villagename": "Kattur 2                 ",
    "villagetname": "காட்டூர் 2                                                                                                                   "
  },
  {
    "villagecode": "071",
    "villagename": "Keelameni                ",
    "villagetname": "கீழ்மேனி                                                                                                                     "
  },
  {
    "villagecode": "003",
    "villagename": "Keerapakkam              ",
    "villagetname": "கீரப்பாக்கம்                                                                                                                 "
  },
  {
    "villagecode": "050",
    "villagename": "Kilikodi                 ",
    "villagetname": "கிளிக்கொடி                                                                                                                   "
  },
  {
    "villagecode": "129",
    "villagename": "Kodpallam                ",
    "villagetname": "கொடிப்பள்ளம்                                                                                                                 "
  },
  {
    "villagecode": "137",
    "villagename": "Kollatti                 ",
    "villagetname": "கொள்ளட்டி                                                                                                                    "
  },
  {
    "villagecode": "022",
    "villagename": "Kolur                    ",
    "villagetname": "கோளுர்                                                                                                                       "
  },
  {
    "villagecode": "165",
    "villagename": "Kolur 2                  ",
    "villagetname": "கோளுர் 2                                                                                                                     "
  },
  {
    "villagecode": "166",
    "villagename": "Kolur 3                  ",
    "villagetname": "கோளுர் 3                                                                                                                     "
  },
  {
    "villagecode": "025",
    "villagename": "Kumaranjeri              ",
    "villagetname": "குமரஞ்சேரி                                                                                                                   "
  },
  {
    "villagecode": "080",
    "villagename": "Kumarasirulabakkam       ",
    "villagetname": "குமரசிருளபாக்கம்                                                                                                             "
  },
  {
    "villagecode": "123",
    "villagename": "Kummanur                 ",
    "villagetname": "கும்மனூர்                                                                                                                    "
  },
  {
    "villagecode": "056",
    "villagename": "Lingapaiyanpettai        ",
    "villagetname": "லிங்கபையன்பேட்டை                                                                                                             "
  },
  {
    "villagecode": "198",
    "villagename": "Lyongrant                ",
    "villagetname": "லையன்                                                                                                                        "
  },
  {
    "villagecode": "067",
    "villagename": "Madhavaram               ",
    "villagetname": "மாதவரம்                                                                                                                      "
  },
  {
    "villagecode": "146",
    "villagename": "Madiyur                  ",
    "villagetname": "மடியூர்                                                                                                                      "
  },
  {
    "villagecode": "131",
    "villagename": "Mafuskhanpet             ",
    "villagetname": "மாபுஸ்காண்பேட்டை                                                                                                             "
  },
  {
    "villagecode": "069",
    "villagename": "Malliyankuppam           ",
    "villagetname": "மல்லியன்குப்பம்                                                                                                              "
  },
  {
    "villagecode": "002",
    "villagename": "Mangadu                  ",
    "villagetname": "மாங்கோடு                                                                                                                     "
  },
  {
    "villagecode": "122",
    "villagename": "Marambedu                ",
    "villagetname": "மாரம்பேடு                                                                                                                    "
  },
  {
    "villagecode": "042",
    "villagename": "Medur                    ",
    "villagetname": "மெதூர்                                                                                                                       "
  },
  {
    "villagecode": "162",
    "villagename": "Medur 2                  ",
    "villagetname": "மெதூர் 2                                                                                                                     "
  },
  {
    "villagecode": "163",
    "villagename": "Medur 3                  ",
    "villagetname": "மெதூர் 3                                                                                                                     "
  },
  {
    "villagecode": "120",
    "villagename": "Melsingilimedu           ",
    "villagetname": "மேல்சிங்கிலிமேடு                                                                                                             "
  },
  {
    "villagecode": "095",
    "villagename": "Merattur                 ",
    "villagetname": "மெரட்டூர்                                                                                                                    "
  },
  {
    "villagecode": "135",
    "villagename": "Minjur                   ",
    "villagetname": "மீஞ்சூர்                                                                                                                     "
  },
  {
    "villagecode": "177",
    "villagename": "Minjur 2                 ",
    "villagetname": "மீஞ்சுர் 2                                                                                                                   "
  },
  {
    "villagecode": "098",
    "villagename": "Nalloor                  ",
    "villagetname": "நாலூர்                                                                                                                       "
  },
  {
    "villagecode": "114",
    "villagename": "Nallur                   ",
    "villagetname": "நல்லூர்                                                                                                                      "
  },
  {
    "villagecode": "180",
    "villagename": "Nallur 2                 ",
    "villagetname": "நாலூர் 2                                                                                                                     "
  },
  {
    "villagecode": "136",
    "villagename": "Nandiyampakkam           ",
    "villagetname": "நந்தியம்பாக்கம்                                                                                                              "
  },
  {
    "villagecode": "190",
    "villagename": "Naravarikuppam           ",
    "villagetname": "நாரவாரிக்குப்பம்                                                                                                             "
  },
  {
    "villagecode": "073",
    "villagename": "Natham                   ",
    "villagetname": "நத்தம்                                                                                                                       "
  },
  {
    "villagecode": "100",
    "villagename": "Nayar                    ",
    "villagetname": "ஞாயறு                                                                                                                        "
  },
  {
    "villagecode": "168",
    "villagename": "Nayar 2                  ",
    "villagetname": "ஞாயறு 2                                                                                                                      "
  },
  {
    "villagecode": "140",
    "villagename": "Neidavoyal               ",
    "villagetname": "நெய்தவாயல்                                                                                                                   "
  },
  {
    "villagecode": "157",
    "villagename": "Neithavoyal 2            ",
    "villagetname": "நெய்தவாயல் 2                                                                                                                 "
  },
  {
    "villagecode": "101",
    "villagename": "Nerkundram               ",
    "villagetname": "நெற்குன்றம்                                                                                                                  "
  },
  {
    "villagecode": "109",
    "villagename": "New Erumaivettipalayam   ",
    "villagetname": "புதியஎருமைவெட்டிபாளையம்                                                                                                      "
  },
  {
    "villagecode": "110",
    "villagename": "Old Erumaivettipalayam   ",
    "villagetname": "பழையஎருமைவெட்டிபாளையம்                                                                                                       "
  },
  {
    "villagecode": "125",
    "villagename": "Orakkadu                 ",
    "villagetname": "ஒரக்காடு                                                                                                                     "
  },
  {
    "villagecode": "118",
    "villagename": "Padiyanallur             ",
    "villagetname": "பாடியநல்லூர்                                                                                                                 "
  },
  {
    "villagecode": "008",
    "villagename": "Pakkam                   ",
    "villagetname": "பாக்கம்                                                                                                                      "
  },
  {
    "villagecode": "192",
    "villagename": "Palavoyal                ",
    "villagetname": "பாலவாயல்                                                                                                                     "
  },
  {
    "villagecode": "024",
    "villagename": "Panapakkam               ",
    "villagetname": "பனப்பாக்கம்                                                                                                                  "
  },
  {
    "villagecode": "075",
    "villagename": "Panjetty                 ",
    "villagetname": "பஞ்செட்டி                                                                                                                    "
  },
  {
    "villagecode": "049",
    "villagename": "Paranambedu              ",
    "villagetname": "பரனம்பேடு                                                                                                                    "
  },
  {
    "villagecode": "195",
    "villagename": "Payasambakkam            ",
    "villagetname": "பாயசம்பாக்கம்                                                                                                                "
  },
  {
    "villagecode": "007",
    "villagename": "Pazhaverkadu             ",
    "villagetname": "பழவேற்காடு                                                                                                                   "
  },
  {
    "villagecode": "061",
    "villagename": "Peravallur               ",
    "villagetname": "பெரவல்லூர்                                                                                                                   "
  },
  {
    "villagecode": "021",
    "villagename": "Periyakarumbur           ",
    "villagetname": "பெரியகரும்புர்                                                                                                               "
  },
  {
    "villagecode": "132",
    "villagename": "Periyamullavoyal         ",
    "villagetname": "பெரியமுல்லைவாயல்                                                                                                             "
  },
  {
    "villagecode": "012",
    "villagename": "Periyaveppathur          ",
    "villagetname": "பெரியவெப்பத்தூர்                                                                                                             "
  },
  {
    "villagecode": "040",
    "villagename": "Perumbedu                ",
    "villagetname": "பெரும்பேடு                                                                                                                   "
  },
  {
    "villagecode": "153",
    "villagename": "Perumbedu 2              ",
    "villagetname": "பெரும்பேடு 2                                                                                                                 "
  },
  {
    "villagecode": "121",
    "villagename": "Perungavur               ",
    "villagetname": "பெருங்காவுர்                                                                                                                 "
  },
  {
    "villagecode": "167",
    "villagename": "Perungavur 2             ",
    "villagetname": "பெருங்காவுர் 2                                                                                                               "
  },
  {
    "villagecode": "032",
    "villagename": "Piralayambakkam          ",
    "villagetname": "பிரளயம்பாக்கம்                                                                                                               "
  },
  {
    "villagecode": "161",
    "villagename": "Piralayambakkam 2        ",
    "villagetname": "பிரளயம்பாக்கம் 2                                                                                                             "
  },
  {
    "villagecode": "066",
    "villagename": "Pondavakkam              ",
    "villagetname": "போந்தவாக்கம்                                                                                                                 "
  },
  {
    "villagecode": "059",
    "villagename": "Ponneri 1                ",
    "villagetname": "பொன்னேரி 1                                                                                                                   "
  },
  {
    "villagecode": "152",
    "villagename": "Ponneri 2                ",
    "villagetname": "பொன்னேரி 2                                                                                                                   "
  },
  {
    "villagecode": "001",
    "villagename": "Poongulam                ",
    "villagetname": "புங்குளம்                                                                                                                    "
  },
  {
    "villagecode": "028",
    "villagename": "Poovami                  ",
    "villagetname": "புவாமி                                                                                                                       "
  },
  {
    "villagecode": "130",
    "villagename": "Pudupakkam               ",
    "villagetname": "புதுப்பாக்கம்                                                                                                                "
  },
  {
    "villagecode": "141",
    "villagename": "Puzhuthivakkam           ",
    "villagetname": "புழுதிவாக்கம்                                                                                                                "
  },
  {
    "villagecode": "189",
    "villagename": "Redhills                 ",
    "villagetname": "செங்குன்றம்                                                                                                                  "
  },
  {
    "villagecode": "014",
    "villagename": "Saliembedu               ",
    "villagetname": "சேலியம்பேடு                                                                                                                  "
  },
  {
    "villagecode": "145",
    "villagename": "Seemapuram               ",
    "villagetname": "சீமாபுரம்                                                                                                                    "
  },
  {
    "villagecode": "018",
    "villagename": "Seganyam                 ",
    "villagetname": "சேகண்யம்                                                                                                                     "
  },
  {
    "villagecode": "102",
    "villagename": "Sekkanjeri               ",
    "villagetname": "செக்கஞ்சேரி                                                                                                                  "
  },
  {
    "villagecode": "115",
    "villagename": "Sembulivaram             ",
    "villagetname": "செம்பிலிவரம்                                                                                                                 "
  },
  {
    "villagecode": "064",
    "villagename": "Sevittupanapakkam        ",
    "villagetname": "செவிட்டுபனப்பாக்கம்                                                                                                          "
  },
  {
    "villagecode": "116",
    "villagename": "Sholavaram               ",
    "villagetname": "சோழவரம்                                                                                                                      "
  },
  {
    "villagecode": "010",
    "villagename": "Sirlapakkam              ",
    "villagetname": "சிறுலபாக்கம்                                                                                                                 "
  },
  {
    "villagecode": "202",
    "villagename": "Sirugavur (Chenrambakkam)",
    "villagetname": "சிறுகாவூர் (சென்றம்பாக்கம்)"
  },
  {
    "villagecode": "194",
    "villagename": "Sirukavoor               ",
    "villagetname": "சிறுகாவுர்                                                                                                                   "
  },
  {
    "villagecode": "088",
    "villagename": "Sirulapanjeri            ",
    "villagetname": "சிருளப்பனஞ்சேரி                                                                                                              "
  },
  {
    "villagecode": "117",
    "villagename": "Siruniyam                ",
    "villagetname": "சிருணியம்                                                                                                                    "
  },
  {
    "villagecode": "033",
    "villagename": "Sirupazaverkadu          ",
    "villagetname": "சிறுபழவேற்காடு                                                                                                               "
  },
  {
    "villagecode": "082",
    "villagename": "Siruvelur                ",
    "villagetname": "சிறுவேலூர்                                                                                                                   "
  },
  {
    "villagecode": "087",
    "villagename": "Somanjeri                ",
    "villagetname": "சோமஞ்சேரி                                                                                                                    "
  },
  {
    "villagecode": "048",
    "villagename": "Sompattu                 ",
    "villagetname": "சோம்பட்டு                                                                                                                    "
  },
  {
    "villagecode": "103",
    "villagename": "Soorapattu               ",
    "villagetname": "சூரப்பட்டு                                                                                                                   "
  },
  {
    "villagecode": "119",
    "villagename": "Sothupakkam              ",
    "villagetname": "சோத்துப்பாக்கம்                                                                                                              "
  },
  {
    "villagecode": "104",
    "villagename": "Sothuperumbedu           ",
    "villagetname": "சோத்துப்பெரும்பேடு                                                                                                           "
  },
  {
    "villagecode": "065",
    "villagename": "Soundipuram              ",
    "villagetname": "சவுண்டாபுரம்                                                                                                                 "
  },
  {
    "villagecode": "058",
    "villagename": "Thadaperumbakkam 1       ",
    "villagetname": "தடபெரும்பாக்கம் 1                                                                                                            "
  },
  {
    "villagecode": "159",
    "villagename": "Thadaperumbakkam 2       ",
    "villagetname": "தடபெரும்பாக்கம் 2                                                                                                            "
  },
  {
    "villagecode": "200",
    "villagename": "Thandalkalani            ",
    "villagetname": "தண்டல்கழனி                                                                                                                   "
  },
  {
    "villagecode": "035",
    "villagename": "Thangalaperumpulam       ",
    "villagetname": "தங்கல்பெரும்புலம்                                                                                                            "
  },
  {
    "villagecode": "076",
    "villagename": "Thatchur                 ",
    "villagetname": "தச்சுர்                                                                                                                      "
  },
  {
    "villagecode": "169",
    "villagename": "Thatchur 2               ",
    "villagetname": "தச்சுர் 2                                                                                                                    "
  },
  {
    "villagecode": "039",
    "villagename": "Thathamanjeri            ",
    "villagetname": "தத்தமஞ்சி                                                                                                                    "
  },
  {
    "villagecode": "191",
    "villagename": "Theerthakiriyampattu     ",
    "villagetname": "தீர்த்தகிரியம்பட்டு                                                                                                          "
  },
  {
    "villagecode": "094",
    "villagename": "Thinaipakkam             ",
    "villagetname": "தினைப்பாக்கம்                                                                                                                "
  },
  {
    "villagecode": "147",
    "villagename": "Thirunilai               ",
    "villagetname": "திருநிலை                                                                                                                     "
  },
  {
    "villagecode": "051",
    "villagename": "Thirupair                ",
    "villagetname": "திருப்பேர்                                                                                                                   "
  },
  {
    "villagecode": "029",
    "villagename": "Thirupalaivanam 1        ",
    "villagetname": "திருபாளைவனம் 1                                                                                                               "
  },
  {
    "villagecode": "160",
    "villagename": "Thirupalaivanam 2        ",
    "villagetname": "திருபாளைவனம் 2                                                                                                               "
  },
  {
    "villagecode": "084",
    "villagename": "Thiruvellavoyal          ",
    "villagetname": "திருவெள்ளவாயல்                                                                                                               "
  },
  {
    "villagecode": "096",
    "villagename": "Thottakadu               ",
    "villagetname": "தோட்டக்காடு                                                                                                                  "
  },
  {
    "villagecode": "017",
    "villagename": "Umibedu                  ",
    "villagetname": "உமிப்பேடு                                                                                                                    "
  },
  {
    "villagecode": "013",
    "villagename": "Uppunelvoyal             ",
    "villagetname": "உப்புநெல்வாயல்                                                                                                               "
  },
  {
    "villagecode": "199",
    "villagename": "Vadakarai                ",
    "villagetname": "வடகரை                                                                                                                        "
  },
  {
    "villagecode": "063",
    "villagename": "Vadakkunallur            ",
    "villagetname": "வடக்குநல்லூர்                                                                                                                "
  },
  {
    "villagecode": "060",
    "villagename": "Vairavankuppam           ",
    "villagetname": "வைரவன்குப்பம்                                                                                                                "
  },
  {
    "villagecode": "184",
    "villagename": "Valllur D                ",
    "villagetname": "வள்ளுர் (டி)                                                                                                                 "
  },
  {
    "villagecode": "144",
    "villagename": "Vallur                   ",
    "villagetname": "வல்லூர்                                                                                                                      "
  },
  {
    "villagecode": "173",
    "villagename": "Vallur B                 ",
    "villagetname": "வள்ளுர் (பி)                                                                                                                 "
  },
  {
    "villagecode": "185",
    "villagename": "Vallur C                 ",
    "villagetname": "வள்ளுர் (சி)                                                                                                                 "
  },
  {
    "villagecode": "030",
    "villagename": "Vanjivakkam              ",
    "villagetname": "வஞ்சிவாக்கம்                                                                                                                 "
  },
  {
    "villagecode": "099",
    "villagename": "Vannipakkam              ",
    "villagetname": "வன்னிபாக்கம்                                                                                                                 "
  },
  {
    "villagecode": "176",
    "villagename": "Vayaloor 2               ",
    "villagetname": "வாயலூர் 2                                                                                                                    "
  },
  {
    "villagecode": "186",
    "villagename": "Vayaloor 3               ",
    "villagetname": "வாயலூர் 3                                                                                                                    "
  },
  {
    "villagecode": "133",
    "villagename": "Vazhuthalambedu          ",
    "villagetname": "வழுதிகைமேடு                                                                                                                  "
  },
  {
    "villagecode": "097",
    "villagename": "Vellampakkam             ",
    "villagetname": "வெள்ளம்பாக்கம்                                                                                                               "
  },
  {
    "villagecode": "149",
    "villagename": "Vellivoyal               ",
    "villagetname": "வெள்ளிவாயல்                                                                                                                  "
  },
  {
    "villagecode": "181",
    "villagename": "Vellivoyal  2            ",
    "villagetname": "வெள்ளிவாயல் 2                                                                                                                "
  },
  {
    "villagecode": "083",
    "villagename": "Velur                    ",
    "villagetname": "வேலூர்                                                                                                                       "
  },
  {
    "villagecode": "027",
    "villagename": "Vembedu                  ",
    "villagetname": "வேம்பேடு                                                                                                                     "
  },
  {
    "villagecode": "150",
    "villagename": "Vichoor                  ",
    "villagetname": "விச்சூர்                                                                                                                     "
  },
  {
    "villagecode": "045",
    "villagename": "Vidathandalam            ",
    "villagetname": "விடதண்டலம்                                                                                                                   "
  },
  {
    "villagecode": "113",
    "villagename": "Vijayanallur             ",
    "villagetname": "விஜயநல்லூர்                                                                                                                  "
  },
  {
    "villagecode": "193",
    "villagename": "Vilangadupakkam          ",
    "villagetname": "விளாங்காடுபாக்கம்                                                                                                            "
  },
  {
    "villagecode": "183",
    "villagename": "Vitchur 2                ",
    "villagetname": "விச்சுர் 2                                                                                                                   "
  },
  {
    "villagecode": "092",
    "villagename": "Voyalur                  ",
    "villagetname": "வாயலூர்                                                                                                                      "
  }
]
