[
  {
    "villagecode": "370",
    "villagename": "Alampatti                ",
    "villagetname": "ஆலம்பட்டி                                                                                                                    "
  },
  {
    "villagecode": "069",
    "villagename": "Appaneri                 ",
    "villagetname": "அப்பனேரி                                                                                                                     "
  },
  {
    "villagecode": "400",
    "villagename": "Avalnaththam             ",
    "villagetname": "ஆவல்நத்தம்                                                                                                                   "
  },
  {
    "villagecode": "073",
    "villagename": "Ayyaneri                 ",
    "villagetname": "அய்யனேரி                                                                                                                     "
  },
  {
    "villagecode": "068",
    "villagename": "Chithirampatti           ",
    "villagetname": "சித்திரம்பட்டி                                                                                                               "
  },
  {
    "villagecode": "660",
    "villagename": "Duraiyoor                ",
    "villagetname": "துறையூர்                                                                                                                     "
  },
  {
    "villagecode": "311",
    "villagename": "Idaiseval-I              ",
    "villagetname": "இடைசெவல்பகுதி1                                                                                                               "
  },
  {
    "villagecode": "312",
    "villagename": "Idaiseval-Ii             ",
    "villagetname": "இடைசெவல்பகுதி2                                                                                                               "
  },
  {
    "villagecode": "065",
    "villagename": "Ilaiyarasanenthal        ",
    "villagetname": "இளையரசனேந்தல்                                                                                                                "
  },
  {
    "villagecode": "410",
    "villagename": "Iluppaiyurani            ",
    "villagetname": "இலுப்பையூரணி                                                                                                                 "
  },
  {
    "villagecode": "380",
    "villagename": "Innammaniachi            ",
    "villagetname": "இனாம் மணியாச்சி                                                                                                              "
  },
  {
    "villagecode": "071",
    "villagename": "Jameenthevar Kulam       ",
    "villagetname": "ஜமீன்தேவர்குளம்                                                                                                              "
  },
  {
    "villagecode": "020",
    "villagename": "Kalugumalai              ",
    "villagetname": "கழுகுமலை                                                                                                                     "
  },
  {
    "villagecode": "360",
    "villagename": "Kangankulam              ",
    "villagetname": "கங்கன்குளம்                                                                                                                  "
  },
  {
    "villagecode": "460",
    "villagename": "Kilavipatti              ",
    "villagetname": "கிளவிப்பட்டி                                                                                                                 "
  },
  {
    "villagecode": "680",
    "villagename": "Kodukkamparai            ",
    "villagetname": "கொடுக்கம்பாறை                                                                                                                "
  },
  {
    "villagecode": "390",
    "villagename": "Kovilpatti               ",
    "villagetname": "கோவில்பட்டி                                                                                                                  "
  },
  {
    "villagecode": "010",
    "villagename": "K.Venkateswarapuram      ",
    "villagetname": "கே வெங்கடேஸ்வரபுரம்                                                                                                          "
  },
  {
    "villagecode": "066",
    "villagename": "Lakshmiammal Puram       ",
    "villagetname": "லட்சுமி அம்மாள் புரம்                                                                                                        "
  },
  {
    "villagecode": "700",
    "villagename": "Lingampatti              ",
    "villagetname": "லிங்கம்பட்டி                                                                                                                 "
  },
  {
    "villagecode": "450",
    "villagename": "Manditoppu               ",
    "villagetname": "மந்திதோப்பு                                                                                                                  "
  },
  {
    "villagecode": "330",
    "villagename": "Mudukkumindanpatti       ",
    "villagetname": "முடுக்குமீண்டான்பட்டி                                                                                                        "
  },
  {
    "villagecode": "061",
    "villagename": "Mukkuttumalai            ",
    "villagetname": "முக்கூட்டுமலை                                                                                                                "
  },
  {
    "villagecode": "062",
    "villagename": "Nakkalamuthan Patti      ",
    "villagetname": "நக்கலமுத்தன்பட்டி                                                                                                            "
  },
  {
    "villagecode": "320",
    "villagename": "Nalattinputtur           ",
    "villagetname": "நாலாட்டின்புத்தூர்                                                                                                           "
  },
  {
    "villagecode": "440",
    "villagename": "Pandavarmangalam         ",
    "villagetname": "பாண்டவர்மங்கலம்                                                                                                              "
  },
  {
    "villagecode": "064",
    "villagename": "Pichaithalaivan Patti    ",
    "villagetname": "பிச்சைத் தலைவன் பட்டி                                                                                                        "
  },
  {
    "villagecode": "072",
    "villagename": "Pillaiyar Nathan         ",
    "villagetname": "பிள்ளையார் நத்தம்                                                                                                            "
  },
  {
    "villagecode": "067",
    "villagename": "Puliyangulam             ",
    "villagetname": "புளியங்குளம்                                                                                                                 "
  },
  {
    "villagecode": "420",
    "villagename": "Pusarippatti             ",
    "villagetname": "பூசாரிப்பட்டி                                                                                                                "
  },
  {
    "villagecode": "480",
    "villagename": "Sivandippatti            ",
    "villagetname": "சிவந்திப்பட்டி                                                                                                               "
  },
  {
    "villagecode": "350",
    "villagename": "Thonukal                 ",
    "villagetname": "தோணுகால்                                                                                                                     "
  },
  {
    "villagecode": "430",
    "villagename": "Tittangulam              ",
    "villagetname": "திட்டங்குளம்                                                                                                                 "
  },
  {
    "villagecode": "470",
    "villagename": "Uttuppatti               ",
    "villagetname": "ஊத்துப்பட்டி                                                                                                                 "
  },
  {
    "villagecode": "063",
    "villagename": "Vadukkupatti             ",
    "villagetname": "வடக்குப்பட்டி                                                                                                                "
  },
  {
    "villagecode": "340",
    "villagename": "Vanaramutti              ",
    "villagetname": "வானரமுட்டி                                                                                                                   "
  },
  {
    "villagecode": "301",
    "villagename": "Villiseri - I            ",
    "villagetname": "வில்லிசேரிபகுதி1                                                                                                             "
  },
  {
    "villagecode": "302",
    "villagename": "Villiseri-Ii             ",
    "villagetname": "வில்லிசேரிபகுதி2                                                                                                             "
  }
]
