[
  {
    "villagecode": "187",
    "villagename": "Aarpakkam                ",
    "villagetname": "ஆர்ப்பாக்கம்                                                                                                                 "
  },
  {
    "villagecode": "159",
    "villagename": "Agaram                   ",
    "villagetname": "அகரம்                                                                                                                        "
  },
  {
    "villagecode": "163",
    "villagename": "Allavur                  ",
    "villagetname": "அளவூர்                                                                                                                       "
  },
  {
    "villagecode": "154",
    "villagename": "Amayamacheri             ",
    "villagetname": "அயிமிச்சேரி                                                                                                                  "
  },
  {
    "villagecode": "168",
    "villagename": "Ambakkam                 ",
    "villagetname": "ஆம்பாக்கம்                                                                                                                   "
  },
  {
    "villagecode": "175",
    "villagename": "Angampakkam              ",
    "villagetname": "அங்கம்பாக்கம்                                                                                                                "
  },
  {
    "villagecode": "179",
    "villagename": "Asoor                    ",
    "villagetname": "ஆசூர்                                                                                                                        "
  },
  {
    "villagecode": "091",
    "villagename": "Athipattu                ",
    "villagetname": "அத்திப்பட்டு                                                                                                                 "
  },
  {
    "villagecode": "176",
    "villagename": "Avalur                   ",
    "villagetname": "அவளுர்                                                                                                                       "
  },
  {
    "villagecode": "167",
    "villagename": "Chinnamadurapakkam       ",
    "villagetname": "சின்னமதுரம்பாக்கம்                                                                                                           "
  },
  {
    "villagecode": "108",
    "villagename": "Chinnivakkam             ",
    "villagetname": "சின்னிவாக்கம்                                                                                                                "
  },
  {
    "villagecode": "184",
    "villagename": "Chithathur               ",
    "villagetname": "சித்தாத்தூர்                                                                                                                 "
  },
  {
    "villagecode": "173",
    "villagename": "Devariyambakkam          ",
    "villagetname": "தேவரியம்பாக்கம்                                                                                                              "
  },
  {
    "villagecode": "047",
    "villagename": "Earivai                  ",
    "villagetname": "ஏரிவாய்                                                                                                                      "
  },
  {
    "villagecode": "078",
    "villagename": "Ekanampettai             ",
    "villagetname": "ஏகனாம்பேட்டை                                                                                                                 "
  },
  {
    "villagecode": "185",
    "villagename": "Illaiyanar Vellore       ",
    "villagetname": "இளையனார்வேலுார்                                                                                                              "
  },
  {
    "villagecode": "080",
    "villagename": "Iyampettai               ",
    "villagetname": "அய்யம்பேட்டை                                                                                                                 "
  },
  {
    "villagecode": "039",
    "villagename": "Kalakattur               ",
    "villagetname": "களக்காட்டூர்                                                                                                                 "
  },
  {
    "villagecode": "094",
    "villagename": "Kallipattu               ",
    "villagetname": "கள்ளிப்பட்டு                                                                                                                 "
  },
  {
    "villagecode": "044",
    "villagename": "Kallur - A               ",
    "villagetname": "காலுார் - அ                                                                                                                  "
  },
  {
    "villagecode": "194",
    "villagename": "Kalur -  B               ",
    "villagetname": "காலுார் - ஆ                                                                                                                  "
  },
  {
    "villagecode": "183",
    "villagename": "Kammarajapuram           ",
    "villagetname": "கம்பராசபுரம்                                                                                                                 "
  },
  {
    "villagecode": "090",
    "villagename": "Kattavakkam              ",
    "villagetname": "கட்டவாக்கம்                                                                                                                  "
  },
  {
    "villagecode": "186",
    "villagename": "Kavanthandalam           ",
    "villagetname": "காவாந்தண்டலம்                                                                                                                "
  },
  {
    "villagecode": "084",
    "villagename": "Keelottivakkam           ",
    "villagetname": "கீழ் ஒட்டிவாக்கம்                                                                                                            "
  },
  {
    "villagecode": "182",
    "villagename": "Keel Puthur              ",
    "villagetname": "கீழ் புத்தூர்                                                                                                                "
  },
  {
    "villagecode": "092",
    "villagename": "Kithiripettai",
    "villagetname": "கிதிரிபேட்டை"
  },
  {
    "villagecode": "180",
    "villagename": "Kolathur                 ",
    "villagetname": "கொளத்தூர்                                                                                                                    "
  },
  {
    "villagecode": "172",
    "villagename": "Kosappattu               ",
    "villagetname": "கொசப்பட்டு                                                                                                                   "
  },
  {
    "villagecode": "155",
    "villagename": "Kovalavadu               ",
    "villagetname": "கோவளவேடு                                                                                                                     "
  },
  {
    "villagecode": "045",
    "villagename": "Koyamppakkam             ",
    "villagetname": "கோயம்பாக்கம்                                                                                                                 "
  },
  {
    "villagecode": "158",
    "villagename": "Kunnavakkam              ",
    "villagetname": "குன்னவாக்கம்                                                                                                                 "
  },
  {
    "villagecode": "040",
    "villagename": "Kuruvimalai              ",
    "villagetname": "குருவிமலை                                                                                                                    "
  },
  {
    "villagecode": "111",
    "villagename": "Madavilagam              ",
    "villagetname": "மடவிளாகம்                                                                                                                    "
  },
  {
    "villagecode": "189",
    "villagename": "Magaral  - A             ",
    "villagetname": "மாகரல் - அ                                                                                                                   "
  },
  {
    "villagecode": "204",
    "villagename": "Magaral - B              ",
    "villagetname": "மாகரல் - ஆ                                                                                                                   "
  },
  {
    "villagecode": "160",
    "villagename": "Manchamadu               ",
    "villagetname": "மஞ்சமேடு                                                                                                                     "
  },
  {
    "villagecode": "178",
    "villagename": "Melputthur               ",
    "villagetname": "மேல்புத்தூர்                                                                                                                 "
  },
  {
    "villagecode": "072",
    "villagename": "Muthiyalpattai           ",
    "villagetname": "முத்தியால்பேட்டை                                                                                                             "
  },
  {
    "villagecode": "089",
    "villagename": "Natha Nallur             ",
    "villagetname": "நத்தாநல்லுார்                                                                                                                "
  },
  {
    "villagecode": "156",
    "villagename": "Navettigulam             ",
    "villagetname": "நாவெட்டுகுளம்                                                                                                                "
  },
  {
    "villagecode": "106",
    "villagename": "Nayakkankuppam           ",
    "villagetname": "நாயக்கன்குப்பம்                                                                                                              "
  },
  {
    "villagecode": "077",
    "villagename": "Nayakkanpettai           ",
    "villagetname": "நாயக்கன்பேட்டை                                                                                                               "
  },
  {
    "villagecode": "181",
    "villagename": "Nelveli                  ",
    "villagetname": "நெல்வேலி                                                                                                                     "
  },
  {
    "villagecode": "206",
    "villagename": "Neykuppam                ",
    "villagetname": "நெய்குப்பம்                                                                                                                  "
  },
  {
    "villagecode": "107",
    "villagename": "Ottanthangal             ",
    "villagetname": "ஒட்டன்தாங்கல்                                                                                                                "
  },
  {
    "villagecode": "048",
    "villagename": "Padappam                 ",
    "villagetname": "படப்பம்                                                                                                                      "
  },
  {
    "villagecode": "083",
    "villagename": "Pavasayub Pettai         ",
    "villagetname": "பாவசாகிப் பேட்டை                                                                                                             "
  },
  {
    "villagecode": "174",
    "villagename": "Pazhayaseevaram  -A      ",
    "villagetname": "பழையசீவரம் - அ                                                                                                               "
  },
  {
    "villagecode": "203",
    "villagename": "Pazhayaseevaram  - B     ",
    "villagetname": "பழையசீவரம் - ஆ                                                                                                               "
  },
  {
    "villagecode": "043",
    "villagename": "Peramanallur             ",
    "villagetname": "பேரமநல்லுார்                                                                                                                 "
  },
  {
    "villagecode": "166",
    "villagename": "Periyamadurapakkam       ",
    "villagetname": "பெரியமதுரம்பாக்கம்                                                                                                           "
  },
  {
    "villagecode": "082",
    "villagename": "Poosivakkam              ",
    "villagetname": "புசிவாக்கம்                                                                                                                  "
  },
  {
    "villagecode": "088",
    "villagename": "Puliambakam              ",
    "villagetname": "புளியம்பாக்கம்                                                                                                               "
  },
  {
    "villagecode": "103",
    "villagename": "Puthagaram               ",
    "villagetname": "புத்தகரம்                                                                                                                    "
  },
  {
    "villagecode": "074",
    "villagename": "Seeyamangalam            ",
    "villagetname": "சீயமங்கலம்                                                                                                                   "
  },
  {
    "villagecode": "109",
    "villagename": "Sirubagal                ",
    "villagetname": "சிறுபாகல்                                                                                                                    "
  },
  {
    "villagecode": "188",
    "villagename": "Talaiyillaparumpakam     ",
    "villagetname": "தலையில்லாப் பெரும்பாக்கம்                                                                                                    "
  },
  {
    "villagecode": "177",
    "villagename": "Thammanur                ",
    "villagetname": "தம்மனுார்                                                                                                                    "
  },
  {
    "villagecode": "076",
    "villagename": "Thangi                   ",
    "villagetname": "தாங்கி                                                                                                                       "
  },
  {
    "villagecode": "162",
    "villagename": "Thazhayampet             ",
    "villagetname": "தாழம்பேடு                                                                                                                    "
  },
  {
    "villagecode": "110",
    "villagename": "Thenneri                 ",
    "villagetname": "தென்னேரி                                                                                                                     "
  },
  {
    "villagecode": "075",
    "villagename": "Thimmarajampettai        ",
    "villagetname": "திம்மராஜாம்பேட்டை                                                                                                            "
  },
  {
    "villagecode": "079",
    "villagename": "Thimmayapettai           ",
    "villagetname": "திம்மையன்பேட்டை                                                                                                              "
  },
  {
    "villagecode": "157",
    "villagename": "Thiruvenkaranai          ",
    "villagetname": "திருவங்கரணை                                                                                                                  "
  },
  {
    "villagecode": "169",
    "villagename": "Thollazhi                ",
    "villagetname": "தொள்ளாழி                                                                                                                     "
  },
  {
    "villagecode": "171",
    "villagename": "Thonankulam              ",
    "villagetname": "தோனாங்குளம்                                                                                                                  "
  },
  {
    "villagecode": "170",
    "villagename": "Ullavoor                 ",
    "villagetname": "உள்ளாவூர்                                                                                                                    "
  },
  {
    "villagecode": "197",
    "villagename": "Uthukadu-B               ",
    "villagetname": "ஊத்துக்காடு - ஆ                                                                                                              "
  },
  {
    "villagecode": "105",
    "villagename": "Vadaveri Pattu           ",
    "villagetname": "வடவேரிப்பட்டு                                                                                                                "
  },
  {
    "villagecode": "087",
    "villagename": "Vallapakkam              ",
    "villagetname": "வல்லப்பாக்கம்                                                                                                                "
  },
  {
    "villagecode": "081",
    "villagename": "Valluvapakkam            ",
    "villagetname": "வள்ளுவப்பாக்கம்                                                                                                              "
  },
  {
    "villagecode": "164",
    "villagename": "Varanavasi               ",
    "villagetname": "வாரணவாசி                                                                                                                     "
  },
  {
    "villagecode": "042",
    "villagename": "Vedal                    ",
    "villagetname": "வேடல்                                                                                                                        "
  },
  {
    "villagecode": "085",
    "villagename": "Vengudi                  ",
    "villagetname": "வெண்குடி                                                                                                                     "
  },
  {
    "villagecode": "165",
    "villagename": "Venpakkam                ",
    "villagetname": "வெண்பாக்கம்                                                                                                                  "
  },
  {
    "villagecode": "161",
    "villagename": "Vilagam                  ",
    "villagetname": "விளாகம்                                                                                                                      "
  },
  {
    "villagecode": "073",
    "villagename": "Villivalam               ",
    "villagetname": "வில்லிவலம்                                                                                                                   "
  },
  {
    "villagecode": "041",
    "villagename": "Vincethangal             ",
    "villagetname": "விச்சந்தாங்கல்                                                                                                               "
  },
  {
    "villagecode": "086",
    "villagename": "Walajabad                ",
    "villagetname": "வாலாஜாபாத்                                                                                                                   "
  }
]
