[
  {
    "villagecode": "068",
    "villagename": "Aattupakkam              ",
    "villagetname": "ஆட்டுபாக்கம்                                                                                                                 "
  },
  {
    "villagecode": "005",
    "villagename": "Abrahampuram             ",
    "villagetname": "ஆபிரகாம்புரம்                                                                                                                "
  },
  {
    "villagecode": "001",
    "villagename": "Adsan Nagaram            ",
    "villagetname": "அட்சன் நகரம்                                                                                                                 "
  },
  {
    "villagecode": "034",
    "villagename": "Agaram                   ",
    "villagetname": "(034) அகரம்                                                                                                                  "
  },
  {
    "villagecode": "116",
    "villagename": "Agaram                   ",
    "villagetname": "(116) அகரம்                                                                                                                  "
  },
  {
    "villagecode": "004",
    "villagename": "Allikulzhi               ",
    "villagetname": "அல்லிக்குழி                                                                                                                  "
  },
  {
    "villagecode": "033",
    "villagename": "Ammanambakkam            ",
    "villagetname": "அம்மணம்பாக்கம்                                                                                                               "
  },
  {
    "villagecode": "096",
    "villagename": "Aranvoyal                ",
    "villagetname": "அரண்வாயல்                                                                                                                    "
  },
  {
    "villagecode": "161",
    "villagename": "Aranvoyal Kuppam         ",
    "villagetname": "(096) அரண்வாயல் குப்பம்                                                                                                      "
  },
  {
    "villagecode": "037",
    "villagename": "Arkkambattu              ",
    "villagetname": "ஆர்க்கம்பட்டு                                                                                                                "
  },
  {
    "villagecode": "026",
    "villagename": "Arumbakkam               ",
    "villagetname": "(026) அரும்பாக்கம்                                                                                                           "
  },
  {
    "villagecode": "012",
    "villagename": "Arumbakkam               ",
    "villagetname": "(012) அரும்பாக்கம்                                                                                                           "
  },
  {
    "villagecode": "158",
    "villagename": "Athigathur               ",
    "villagetname": "(072) அதிகத்துார்                                                                                                            "
  },
  {
    "villagecode": "006",
    "villagename": "Atsanpuram               ",
    "villagetname": "அட்சன்புரம்                                                                                                                  "
  },
  {
    "villagecode": "079",
    "villagename": "Ayalur                   ",
    "villagetname": "ஆயலூர்                                                                                                                       "
  },
  {
    "villagecode": "090",
    "villagename": "Ayathur                  ",
    "villagetname": "அயத்தூர்                                                                                                                     "
  },
  {
    "villagecode": "039",
    "villagename": "Ayilcheri                ",
    "villagetname": "ஆயல்சேரி                                                                                                                     "
  },
  {
    "villagecode": "125",
    "villagename": "Azhinchivakkam           ",
    "villagetname": "அழிஞ்சிவாக்கம்                                                                                                               "
  },
  {
    "villagecode": "166",
    "villagename": "Bhimavaram               ",
    "villagetname": "(137) பீமாவரம்                                                                                                               "
  },
  {
    "villagecode": "021",
    "villagename": "Ceiyancheri              ",
    "villagetname": "சியஞ்சேரி                                                                                                                    "
  },
  {
    "villagecode": "114",
    "villagename": "Chennavaram              ",
    "villagetname": "சென்னாவரம்                                                                                                                   "
  },
  {
    "villagecode": "119",
    "villagename": "Chitrambakkam            ",
    "villagetname": "சிட்ரம்பாக்கம்                                                                                                               "
  },
  {
    "villagecode": "050",
    "villagename": "Chittathur               ",
    "villagetname": "சிட்டத்தூர்                                                                                                                  "
  },
  {
    "villagecode": "072",
    "villagename": "Egattur                  ",
    "villagetname": "ஏகாட்டூர்                                                                                                                    "
  },
  {
    "villagecode": "103",
    "villagename": "Eluppur                  ",
    "villagetname": "இலுப்புர்                                                                                                                    "
  },
  {
    "villagecode": "124",
    "villagename": "Eraiyamangalam           ",
    "villagetname": "எறையாமங்கலம்                                                                                                                 "
  },
  {
    "villagecode": "020",
    "villagename": "Eraiyur                  ",
    "villagetname": "எறையூர்                                                                                                                      "
  },
  {
    "villagecode": "129",
    "villagename": "Erulancheri              ",
    "villagetname": "இருளஞ்சேரி                                                                                                                   "
  },
  {
    "villagecode": "003",
    "villagename": "Genguli Kandigai         ",
    "villagetname": "கெங்குளுகண்டிகை                                                                                                              "
  },
  {
    "villagecode": "134",
    "villagename": "Govinthamedu             ",
    "villagetname": "கோவிந்தமேடு                                                                                                                  "
  },
  {
    "villagecode": "008",
    "villagename": "Greenvelnatham           ",
    "villagetname": "கீரின்வேல்நத்தம்                                                                                                             "
  },
  {
    "villagecode": "036",
    "villagename": "Guruvoyal                ",
    "villagetname": "குருவாயல்                                                                                                                    "
  },
  {
    "villagecode": "164",
    "villagename": "Hussain Nagaram          ",
    "villagetname": "(126) உசேன்நகரம்                                                                                                             "
  },
  {
    "villagecode": "052",
    "villagename": "Ikkadu                   ",
    "villagetname": "ஈக்காடு                                                                                                                      "
  },
  {
    "villagecode": "148",
    "villagename": "Ikkadu Kandigai          ",
    "villagetname": "(052) ஈக்காடு கண்டிகை                                                                                                        "
  },
  {
    "villagecode": "108",
    "villagename": "Kadambattur              ",
    "villagetname": "கடம்பத்தூர்                                                                                                                  "
  },
  {
    "villagecode": "154",
    "villagename": "Kaivandur                ",
    "villagetname": "(058) கைவண்டூர்                                                                                                              "
  },
  {
    "villagecode": "075",
    "villagename": "Kakkalur                 ",
    "villagetname": "காக்களுர்                                                                                                                    "
  },
  {
    "villagecode": "111",
    "villagename": "Kaliyanur                ",
    "villagetname": "களியனூர்                                                                                                                     "
  },
  {
    "villagecode": "140",
    "villagename": "Kallambedu               ",
    "villagetname": "கல்லம்பேடு                                                                                                                   "
  },
  {
    "villagecode": "051",
    "villagename": "Kalyana Kuppam           ",
    "villagetname": "கல்யாணகுப்பம்                                                                                                                "
  },
  {
    "villagecode": "060",
    "villagename": "Kanakavallipuram         ",
    "villagetname": "கனகவல்லிபுரம்                                                                                                                "
  },
  {
    "villagecode": "016",
    "villagename": "Kannammapettai           ",
    "villagetname": "கண்ணம்மாபேட்டை                                                                                                               "
  },
  {
    "villagecode": "155",
    "villagename": "Kannan Karanai           ",
    "villagetname": "(058) கண்ணன் காரணை                                                                                                           "
  },
  {
    "villagecode": "143",
    "villagename": "Kannur                   ",
    "villagetname": "கண்னூர்                                                                                                                      "
  },
  {
    "villagecode": "069",
    "villagename": "Karanai                  ",
    "villagetname": "(069) காரணை                                                                                                                  "
  },
  {
    "villagecode": "139",
    "villagename": "Karanai                  ",
    "villagetname": "(139) காரணை                                                                                                                  "
  },
  {
    "villagecode": "042",
    "villagename": "Karanai                  ",
    "villagetname": "(042) காரணை                                                                                                                  "
  },
  {
    "villagecode": "062",
    "villagename": "Karaninizampattu         ",
    "villagetname": "காரணிநிசாம்பட்டு                                                                                                             "
  },
  {
    "villagecode": "011",
    "villagename": "Karattanur               ",
    "villagetname": "கரட்டானுார்                                                                                                                  "
  },
  {
    "villagecode": "047",
    "villagename": "Karikkalavakkam          ",
    "villagetname": "கரிக்கலவாக்கம்                                                                                                               "
  },
  {
    "villagecode": "107",
    "villagename": "Kasavanallathur          ",
    "villagetname": "கசவநல்லாத்தூர்                                                                                                               "
  },
  {
    "villagecode": "121",
    "villagename": "Kavankolathur            ",
    "villagetname": "காவங்கொளத்தூர்                                                                                                               "
  },
  {
    "villagecode": "028",
    "villagename": "Kerukampoondi            ",
    "villagetname": "கெருகம்புண்டி                                                                                                                "
  },
  {
    "villagecode": "078",
    "villagename": "Kilambakkam              ",
    "villagetname": "கிளாம்பாக்கம்                                                                                                                "
  },
  {
    "villagecode": "066",
    "villagename": "Kilvilagam               ",
    "villagetname": "கீழ்விளாகம்                                                                                                                  "
  },
  {
    "villagecode": "127",
    "villagename": "Kizhacheri               ",
    "villagetname": "கீழச்சேரி                                                                                                                    "
  },
  {
    "villagecode": "025",
    "villagename": "Kizhanoor                ",
    "villagetname": "கீழானூர்                                                                                                                     "
  },
  {
    "villagecode": "041",
    "villagename": "Koduvelli                ",
    "villagetname": "கோடுவெளி                                                                                                                     "
  },
  {
    "villagecode": "160",
    "villagename": "Koilkuppam               ",
    "villagetname": "(094) கோயில் குப்பம்                                                                                                         "
  },
  {
    "villagecode": "153",
    "villagename": "Kolunthalur              ",
    "villagetname": "(057) கொழுந்தலுார்                                                                                                           "
  },
  {
    "villagecode": "128",
    "villagename": "Kondencheri              ",
    "villagetname": "கொண்டஞ்சேரி                                                                                                                  "
  },
  {
    "villagecode": "132",
    "villagename": "Koovam                   ",
    "villagetname": "கூவம்                                                                                                                        "
  },
  {
    "villagecode": "100",
    "villagename": "Koppur                   ",
    "villagetname": "கொப்பூர்                                                                                                                     "
  },
  {
    "villagecode": "138",
    "villagename": "Kottaiyur                ",
    "villagetname": "கொட்டையுர்                                                                                                                   "
  },
  {
    "villagecode": "014",
    "villagename": "Krishnapuram             ",
    "villagetname": "கிருஷ்ணாபுரம்                                                                                                                "
  },
  {
    "villagecode": "131",
    "villagename": "Kumaracheri              ",
    "villagetname": "குமாரச்சேரி                                                                                                                  "
  },
  {
    "villagecode": "063",
    "villagename": "Kunnavalam               ",
    "villagetname": "குன்னவலம்                                                                                                                    "
  },
  {
    "villagecode": "113",
    "villagename": "Madathu Kuppam           ",
    "villagetname": "மடத்துக்குப்பம்                                                                                                              "
  },
  {
    "villagecode": "043",
    "villagename": "Magaral                  ",
    "villagetname": "மாகரல்                                                                                                                       "
  },
  {
    "villagecode": "142",
    "villagename": "Manamedu                 ",
    "villagetname": "மணமேடு                                                                                                                       "
  },
  {
    "villagecode": "126",
    "villagename": "Mappedu                  ",
    "villagetname": "மப்பேடு                                                                                                                      "
  },
  {
    "villagecode": "045",
    "villagename": "Melakondiyur             ",
    "villagetname": "மேலகொண்டையூர்                                                                                                                "
  },
  {
    "villagecode": "024",
    "villagename": "Melanur                  ",
    "villagetname": "மேலானூர்                                                                                                                     "
  },
  {
    "villagecode": "098",
    "villagename": "Melnallathur             ",
    "villagetname": "மேல்நல்லாத்தூர்                                                                                                              "
  },
  {
    "villagecode": "065",
    "villagename": "Melvilagam               ",
    "villagetname": "மேல்விளாகம்                                                                                                                  "
  },
  {
    "villagecode": "022",
    "villagename": "Monnavedu                ",
    "villagetname": "மொன்னவேடு                                                                                                                    "
  },
  {
    "villagecode": "017",
    "villagename": "Movur                    ",
    "villagetname": "மோவுர்                                                                                                                       "
  },
  {
    "villagecode": "165",
    "villagename": "Muddugur                 ",
    "villagetname": "(135) மூதுகூர்                                                                                                               "
  },
  {
    "villagecode": "167",
    "villagename": "Mummudi Kuppam           ",
    "villagetname": "(137) மும்முடிக்குப்பம்                                                                                                      "
  },
  {
    "villagecode": "084",
    "villagename": "Nallangkavanur           ",
    "villagetname": "நல்லாங்காவனூர்                                                                                                               "
  },
  {
    "villagecode": "130",
    "villagename": "Narashingapuram          ",
    "villagetname": "நரசிங்கபுரம்                                                                                                                 "
  },
  {
    "villagecode": "159",
    "villagename": "Nathamedu                ",
    "villagetname": "(086) நத்தமேடு                                                                                                               "
  },
  {
    "villagecode": "101",
    "villagename": "Nayapakkam               ",
    "villagetname": "நயப்பாக்கம்                                                                                                                  "
  },
  {
    "villagecode": "067",
    "villagename": "Nemili Agaram            ",
    "villagetname": "நெமிலிஅகரம்                                                                                                                  "
  },
  {
    "villagecode": "018",
    "villagename": "Neyveli                  ",
    "villagetname": "நெய்வேலி                                                                                                                     "
  },
  {
    "villagecode": "105",
    "villagename": "Nungambakkam             ",
    "villagetname": "நுங்கம்பாக்கம்                                                                                                               "
  },
  {
    "villagecode": "053",
    "villagename": "Othikkadu                ",
    "villagetname": "ஒதிக்காடு                                                                                                                    "
  },
  {
    "villagecode": "086",
    "villagename": "Pakkam                   ",
    "villagetname": "பாக்கம்                                                                                                                      "
  },
  {
    "villagecode": "115",
    "villagename": "Panambakkam              ",
    "villagetname": "பானம்பாக்கம்                                                                                                                 "
  },
  {
    "villagecode": "059",
    "villagename": "Pandur                   ",
    "villagetname": "பாண்டூர்                                                                                                                     "
  },
  {
    "villagecode": "099",
    "villagename": "Papparambakkam           ",
    "villagetname": "பாப்பரம்பாக்கம்                                                                                                              "
  },
  {
    "villagecode": "064",
    "villagename": "Pattaraiperumbudur       ",
    "villagetname": "பட்டரைபெரும்புதூர்                                                                                                           "
  },
  {
    "villagecode": "120",
    "villagename": "Perambakkam              ",
    "villagetname": "பேரம்பாக்கம்                                                                                                                 "
  },
  {
    "villagecode": "048",
    "villagename": "Perathur                 ",
    "villagetname": "பேரத்தூர்                                                                                                                    "
  },
  {
    "villagecode": "074",
    "villagename": "Periyakuppam             ",
    "villagetname": "பெரியகுப்பம்                                                                                                                 "
  },
  {
    "villagecode": "071",
    "villagename": "Periyankuppam            ",
    "villagetname": "பிரயாங்குப்பம்                                                                                                               "
  },
  {
    "villagecode": "089",
    "villagename": "Perumalpattu             ",
    "villagetname": "பெருமாள்பட்டு                                                                                                                "
  },
  {
    "villagecode": "056",
    "villagename": "Perumbakkam              ",
    "villagetname": "பெரும்பாக்கம்                                                                                                                "
  },
  {
    "villagecode": "070",
    "villagename": "Pillaiyarkuppam          ",
    "villagetname": "பள்ளியறைகுப்பம்                                                                                                              "
  },
  {
    "villagecode": "133",
    "villagename": "Pillayar Kuppam          ",
    "villagetname": "பிள்ளையார்குப்பம்                                                                                                            "
  },
  {
    "villagecode": "106",
    "villagename": "Pinchivakkam             ",
    "villagetname": "பிஞ்சிவாக்கம்                                                                                                                "
  },
  {
    "villagecode": "002",
    "villagename": "Placepalayam             ",
    "villagetname": "பிளேஸ்பாளையம்                                                                                                                "
  },
  {
    "villagecode": "104",
    "villagename": "Polivakkam               ",
    "villagetname": "போளிவாக்கம்                                                                                                                  "
  },
  {
    "villagecode": "082",
    "villagename": "Ponnapattu               ",
    "villagetname": "புண்ணப்பட்டு                                                                                                                 "
  },
  {
    "villagecode": "015",
    "villagename": "Poondi                   ",
    "villagetname": "பூண்டி                                                                                                                       "
  },
  {
    "villagecode": "085",
    "villagename": "Puliyur                  ",
    "villagetname": "புலியுர்                                                                                                                     "
  },
  {
    "villagecode": "055",
    "villagename": "Pullarambakkam           ",
    "villagetname": "புல்லரம்பாக்கம்                                                                                                              "
  },
  {
    "villagecode": "149",
    "villagename": "Pungathur                ",
    "villagetname": "(057) புங்கத்துார்                                                                                                           "
  },
  {
    "villagecode": "054",
    "villagename": "Punnapakkam              ",
    "villagetname": "புன்னப்பாக்கம்                                                                                                               "
  },
  {
    "villagecode": "040",
    "villagename": "Puthu Kuppam             ",
    "villagetname": "புதுகுப்பம்                                                                                                                  "
  },
  {
    "villagecode": "122",
    "villagename": "Puthumavilangai          ",
    "villagetname": "புதுமாவிலங்கை                                                                                                                "
  },
  {
    "villagecode": "144",
    "villagename": "Puthupattu               ",
    "villagetname": "புதுப்பட்டு                                                                                                                  "
  },
  {
    "villagecode": "095",
    "villagename": "Putlur                   ",
    "villagetname": "புட்லூர்                                                                                                                     "
  },
  {
    "villagecode": "061",
    "villagename": "Ramancheri               ",
    "villagetname": "இராமஞ்சேரி                                                                                                                   "
  },
  {
    "villagecode": "112",
    "villagename": "Raman Koil               ",
    "villagetname": "இராமன்கோயில்                                                                                                                 "
  },
  {
    "villagecode": "019",
    "villagename": "Ramathandalam            ",
    "villagetname": "இராமதண்டலம்                                                                                                                  "
  },
  {
    "villagecode": "013",
    "villagename": "Rangapuram               ",
    "villagetname": "ரங்காபுரம்                                                                                                                   "
  },
  {
    "villagecode": "123",
    "villagename": "Satharai                 ",
    "villagetname": "சத்தரை                                                                                                                       "
  },
  {
    "villagecode": "073",
    "villagename": "Selai                    ",
    "villagetname": "சேலை                                                                                                                         "
  },
  {
    "villagecode": "030",
    "villagename": "Sembedu                  ",
    "villagetname": "செம்பேடு                                                                                                                     "
  },
  {
    "villagecode": "117",
    "villagename": "Senji                    ",
    "villagetname": "செஞ்சி                                                                                                                       "
  },
  {
    "villagecode": "007",
    "villagename": "Senrayanpalayam          ",
    "villagetname": "சென்றான்பாளையம்                                                                                                              "
  },
  {
    "villagecode": "035",
    "villagename": "Sethupakkam              ",
    "villagetname": "சேத்துப்பாக்கம்                                                                                                              "
  },
  {
    "villagecode": "092",
    "villagename": "Sevvapettai              ",
    "villagetname": "செவ்வாப்பேட்டை                                                                                                               "
  },
  {
    "villagecode": "038",
    "villagename": "Singily Kuppam           ",
    "villagetname": "சிங்கிலிகுப்பம்                                                                                                              "
  },
  {
    "villagecode": "163",
    "villagename": "Siriyaperambakkam        ",
    "villagetname": "(120) சிறியபேரம்பாக்கம்                                                                                                      "
  },
  {
    "villagecode": "091",
    "villagename": "Sirukadal                ",
    "villagetname": "சிறுகடல்                                                                                                                     "
  },
  {
    "villagecode": "081",
    "villagename": "Sirukalathur             ",
    "villagetname": "சிறுகளத்தூர்                                                                                                                 "
  },
  {
    "villagecode": "151",
    "villagename": "Siruvanur                ",
    "villagetname": "(057) சிறுவானுார்                                                                                                            "
  },
  {
    "villagecode": "023",
    "villagename": "Sithambakkam             ",
    "villagetname": "சித்தம்பாக்கம்                                                                                                               "
  },
  {
    "villagecode": "083",
    "villagename": "Sivanvoyal               ",
    "villagetname": "சிவன்வாயல்                                                                                                                   "
  },
  {
    "villagecode": "169",
    "villagename": "Thalakkancheri           ",
    "villagetname": "(057) தலக்காஞ்சேரி                                                                                                           "
  },
  {
    "villagecode": "044",
    "villagename": "Thamaraipakkam           ",
    "villagetname": "தாமரைப்பாக்கம்                                                                                                               "
  },
  {
    "villagecode": "077",
    "villagename": "Thandalam                ",
    "villagetname": "தண்டலம்                                                                                                                      "
  },
  {
    "villagecode": "076",
    "villagename": "Thaneerkulam             ",
    "villagetname": "தண்ணீர்குளம்                                                                                                                 "
  },
  {
    "villagecode": "152",
    "villagename": "Thanganur                ",
    "villagetname": "(057) தங்கானுார்                                                                                                             "
  },
  {
    "villagecode": "118",
    "villagename": "Thenkaranai              ",
    "villagetname": "தென்காரணை                                                                                                                    "
  },
  {
    "villagecode": "027",
    "villagename": "Thirukkanancheri         ",
    "villagetname": "திருக்கனஞ்சேரி                                                                                                               "
  },
  {
    "villagecode": "168",
    "villagename": "Thirumeni Kuppam         ",
    "villagetname": "(145) திருமேணிக்குப்பம்                                                                                                      "
  },
  {
    "villagecode": "058",
    "villagename": "Thirupachur              ",
    "villagetname": "திருப்பாச்சூர்                                                                                                               "
  },
  {
    "villagecode": "145",
    "villagename": "Thirupanthiyur           ",
    "villagetname": "திருப்பந்தியுர்                                                                                                              "
  },
  {
    "villagecode": "010",
    "villagename": "Thiruper                 ",
    "villagetname": "திருப்பேர்                                                                                                                   "
  },
  {
    "villagecode": "136",
    "villagename": "Thodukadu                ",
    "villagetname": "தொடுகாடு                                                                                                                     "
  },
  {
    "villagecode": "009",
    "villagename": "Thomur                   ",
    "villagetname": "தோமூர்                                                                                                                       "
  },
  {
    "villagecode": "080",
    "villagename": "Thottikalai              ",
    "villagetname": "தொட்டிக்கலை                                                                                                                  "
  },
  {
    "villagecode": "156",
    "villagename": "Thozhuthavakkam          ",
    "villagetname": "(058) தொழுதவாக்கம்                                                                                                           "
  },
  {
    "villagecode": "093",
    "villagename": "Thozur                   ",
    "villagetname": "தொழுவூர்                                                                                                                     "
  },
  {
    "villagecode": "094",
    "villagename": "Tirur                    ",
    "villagetname": "திரூர்                                                                                                                       "
  },
  {
    "villagecode": "057",
    "villagename": "Tiruvallur               ",
    "villagetname": "திருவள்ளுர்                                                                                                                  "
  },
  {
    "villagecode": "135",
    "villagename": "Ulanthai                 ",
    "villagetname": "உளுந்தை                                                                                                                      "
  },
  {
    "villagecode": "141",
    "villagename": "Uthirambakkam            ",
    "villagetname": "உத்திரம்பாக்கம்                                                                                                              "
  },
  {
    "villagecode": "147",
    "villagename": "Vaikasi Kandigai         ",
    "villagetname": "(032) வைகாசி கண்டிகை                                                                                                         "
  },
  {
    "villagecode": "102",
    "villagename": "Valasaivetti Kadu        ",
    "villagetname": "வலசைவெட்டிக்காடு                                                                                                             "
  },
  {
    "villagecode": "157",
    "villagename": "Varathapuram             ",
    "villagetname": "(064) வரதாபுரம்                                                                                                              "
  },
  {
    "villagecode": "046",
    "villagename": "Vathattur                ",
    "villagetname": "வதட்டூர்                                                                                                                     "
  },
  {
    "villagecode": "137",
    "villagename": "Vayalur                  ",
    "villagetname": "வயலூர்                                                                                                                       "
  },
  {
    "villagecode": "110",
    "villagename": "Vedaiyur                 ",
    "villagetname": "விடையுர்                                                                                                                     "
  },
  {
    "villagecode": "150",
    "villagename": "Vedanginallur            ",
    "villagetname": "(057) வேடங்கிநல்லுார்                                                                                                        "
  },
  {
    "villagecode": "032",
    "villagename": "Veliyur                  ",
    "villagetname": "வெள்ளியூர்                                                                                                                   "
  },
  {
    "villagecode": "162",
    "villagename": "Vellerithangal           ",
    "villagetname": "(099) வெள்ளேரித்தாங்கல்                                                                                                      "
  },
  {
    "villagecode": "031",
    "villagename": "Vengal                   ",
    "villagetname": "வெங்கல்                                                                                                                      "
  },
  {
    "villagecode": "146",
    "villagename": "Vengal Kuppam            ",
    "villagetname": "(031) வெங்கல் குப்பம்                                                                                                        "
  },
  {
    "villagecode": "097",
    "villagename": "Vengathur                ",
    "villagetname": "வெங்கத்தூர்                                                                                                                  "
  },
  {
    "villagecode": "109",
    "villagename": "Venmanambathur           ",
    "villagetname": "வெண்மனம்புதூர்                                                                                                               "
  },
  {
    "villagecode": "088",
    "villagename": "Veppampattu              ",
    "villagetname": "(088) வேப்பம்பட்டு                                                                                                           "
  },
  {
    "villagecode": "087",
    "villagename": "Veppampattu              ",
    "villagetname": "(087) வேப்பம்பட்டு                                                                                                           "
  },
  {
    "villagecode": "029",
    "villagename": "Vilzpakkam               ",
    "villagetname": "விளாப்பாக்கம்                                                                                                                "
  },
  {
    "villagecode": "049",
    "villagename": "Vishnuvakkam             ",
    "villagetname": "விஷ்ணுவாக்கம்                                                                                                                "
  }
]
