[
  {
    "villagecode": "035",
    "villagename": "Aandakkottai             ",
    "villagetname": "ஆண்டாக்கோட்டை                                                                                                                "
  },
  {
    "villagecode": "027",
    "villagename": "Aathalur                 ",
    "villagetname": "ஆத்தாளுர்                                                                                                                    "
  },
  {
    "villagecode": "046",
    "villagename": "Aathanur                 ",
    "villagetname": "ஆதனுார்                                                                                                                      "
  },
  {
    "villagecode": "006",
    "villagename": "Aavanam                  ",
    "villagetname": "ஆவணம்                                                                                                                        "
  },
  {
    "villagecode": "078",
    "villagename": "Aavidaiyanikkottai       ",
    "villagetname": "ஆவிடையாணிக்கோட்டை                                                                                                            "
  },
  {
    "villagecode": "067",
    "villagename": "Adaikkadevan             ",
    "villagetname": "அடைக்கத்தேவன்                                                                                                                "
  },
  {
    "villagecode": "010",
    "villagename": "Ammaiyandi               ",
    "villagetname": "அம்மையாண்டி                                                                                                                  "
  },
  {
    "villagecode": "003",
    "villagename": "Arasalankarambai         ",
    "villagetname": "அரசலங்கரம்பை                                                                                                                 "
  },
  {
    "villagecode": "069",
    "villagename": "Ariyakuttidevan          ",
    "villagetname": "அரியக்குட்டித்தேவன்                                                                                                          "
  },
  {
    "villagecode": "032",
    "villagename": "Bainkalukkadai           ",
    "villagetname": "பைங்கால்உக்கடை                                                                                                               "
  },
  {
    "villagecode": "002",
    "villagename": "Chettivayal              ",
    "villagetname": "செட்டிவயல்                                                                                                                   "
  },
  {
    "villagecode": "004",
    "villagename": "Chinna Arasalankarambai  ",
    "villagetname": "சின்னஅரசலங்கரம்பை                                                                                                            "
  },
  {
    "villagecode": "008",
    "villagename": "Enathikarambai           ",
    "villagetname": "ஏனாதிக்கரம்பை                                                                                                                "
  },
  {
    "villagecode": "020",
    "villagename": "Gengatharapuram          ",
    "villagetname": "கெங்கநாதபுரம்                                                                                                                "
  },
  {
    "villagecode": "017",
    "villagename": "Kaalakam - 1             ",
    "villagetname": "காலகம் - 1                                                                                                                   "
  },
  {
    "villagecode": "052",
    "villagename": "Kaivinivayal             ",
    "villagetname": "கைவினிவயல்                                                                                                                   "
  },
  {
    "villagecode": "170",
    "villagename": "Kalakam - 2              ",
    "villagetname": "காலகம் - 2                                                                                                                   "
  },
  {
    "villagecode": "016",
    "villagename": "Kalluranikkadu           ",
    "villagetname": "கல்லூரணிக்காடு                                                                                                               "
  },
  {
    "villagecode": "080",
    "villagename": "Kalyanaramanathapuram    ",
    "villagetname": "கல்யாணராமநாதபுரம்                                                                                                            "
  },
  {
    "villagecode": "022",
    "villagename": "Karambakkadu             ",
    "villagetname": "கறம்பக்காடு                                                                                                                  "
  },
  {
    "villagecode": "049",
    "villagename": "Kazhanivasal             ",
    "villagetname": "கழனிவாசல்                                                                                                                    "
  },
  {
    "villagecode": "062",
    "villagename": "Kodivayal                ",
    "villagetname": "கொடிவயல்                                                                                                                     "
  },
  {
    "villagecode": "075",
    "villagename": "Kolakkudi                ",
    "villagetname": "கொளக்குடி                                                                                                                    "
  },
  {
    "villagecode": "048",
    "villagename": "Korattur                 ",
    "villagetname": "கொரட்டூர்                                                                                                                    "
  },
  {
    "villagecode": "047",
    "villagename": "Korattur Ukkadai         ",
    "villagetname": "கொரட்டூர் உக்கடை                                                                                                             "
  },
  {
    "villagecode": "018",
    "villagename": "Kottaikkadu              ",
    "villagetname": "கோட்டைக்காடு                                                                                                                 "
  },
  {
    "villagecode": "085",
    "villagename": "Kuppathevan              ",
    "villagetname": "குப்பத்தேவன்                                                                                                                 "
  },
  {
    "villagecode": "023",
    "villagename": "Kuruvikkarambai - 1      ",
    "villagetname": "குருவிக்கரம்பை - 1                                                                                                           "
  },
  {
    "villagecode": "230",
    "villagename": "Kuruvikkarambai - 2      ",
    "villagetname": "குருவிக்கரம்பை - 2                                                                                                           "
  },
  {
    "villagecode": "007",
    "villagename": "Lakshminarasimma Puram   ",
    "villagetname": "லெட்சுமிநரசிம்மபுரம்                                                                                                         "
  },
  {
    "villagecode": "130",
    "villagename": "Maavadukurichi West      ",
    "villagetname": "மாவடுகுறிச்சி மேற்கு                                                                                                         "
  },
  {
    "villagecode": "041",
    "villagename": "Manakkadu                ",
    "villagetname": "மணக்காடு                                                                                                                     "
  },
  {
    "villagecode": "061",
    "villagename": "Marakavalasai            ",
    "villagetname": "மரக்காவலசை                                                                                                                   "
  },
  {
    "villagecode": "065",
    "villagename": "Maravanvayal             ",
    "villagetname": "மறவன்வயல்                                                                                                                    "
  },
  {
    "villagecode": "054",
    "villagename": "Marungapallam            ",
    "villagetname": "மருங்கப்பள்ளம்                                                                                                               "
  },
  {
    "villagecode": "013",
    "villagename": "Mavadukurichi East       ",
    "villagetname": "மாவடுகுறிச்சி கிழக்கு                                                                                                        "
  },
  {
    "villagecode": "290",
    "villagename": "Mudapulikkadu 1 Bit      ",
    "villagetname": "முடப்புலிகாடு - 1 பிட்                                                                                                       "
  },
  {
    "villagecode": "029",
    "villagename": "Mudapulikkadu - 2 Bit    ",
    "villagetname": "முடப்புளிக்காடு 2 பிட்                                                                                                       "
  },
  {
    "villagecode": "077",
    "villagename": "Mudukadu                 ",
    "villagetname": "முதுகாடு                                                                                                                     "
  },
  {
    "villagecode": "056",
    "villagename": "Nadiam                   ",
    "villagetname": "நாடியம்                                                                                                                      "
  },
  {
    "villagecode": "028",
    "villagename": "Nattanikkottai           ",
    "villagetname": "நாட்டாணிக்கோட்டை                                                                                                             "
  },
  {
    "villagecode": "058",
    "villagename": "Nayakathivayal           ",
    "villagetname": "நாயகத்திவயல்                                                                                                                 "
  },
  {
    "villagecode": "044",
    "villagename": "Nelliyadikkadu           ",
    "villagetname": "நெல்லியடிக்காடு                                                                                                              "
  },
  {
    "villagecode": "036",
    "villagename": "Padapanarvayal           ",
    "villagetname": "படப்பனார்வயல்                                                                                                                "
  },
  {
    "villagecode": "019",
    "villagename": "Palacherikkadu           ",
    "villagetname": "பாலச்சேரிக்காடு                                                                                                              "
  },
  {
    "villagecode": "012",
    "villagename": "Palaiyanagaram           ",
    "villagetname": "பழையநகரம்                                                                                                                    "
  },
  {
    "villagecode": "038",
    "villagename": "Panancheri               ",
    "villagetname": "பனஞ்சேரி                                                                                                                     "
  },
  {
    "villagecode": "076",
    "villagename": "Panankulam               ",
    "villagetname": "பனங்குளம்                                                                                                                    "
  },
  {
    "villagecode": "009",
    "villagename": "Panchanathipuram         ",
    "villagetname": "பஞ்சநதிபுரம்                                                                                                                 "
  },
  {
    "villagecode": "072",
    "villagename": "Pattankkadu              ",
    "villagetname": "பட்டங்காடு                                                                                                                   "
  },
  {
    "villagecode": "030",
    "villagename": "Peravurani - 1           ",
    "villagetname": "பேராவுரணி -1                                                                                                                 "
  },
  {
    "villagecode": "300",
    "villagename": "Peravurani - 2           ",
    "villagetname": "பேராவூரணி - 2                                                                                                                "
  },
  {
    "villagecode": "050",
    "villagename": "Periyakathikkottai       ",
    "villagetname": "பெரியகத்திக்கோட்டை                                                                                                           "
  },
  {
    "villagecode": "001",
    "villagename": "Periyanayakipuram        ",
    "villagetname": "பெரியநாயகிபுரம்                                                                                                              "
  },
  {
    "villagecode": "073",
    "villagename": "Perumagalur Vadapati     ",
    "villagetname": "பெருமகளுார் வடபாதி                                                                                                           "
  },
  {
    "villagecode": "082",
    "villagename": "Perumakalur Thenpathi    ",
    "villagetname": "பெருமகளுார் தென்பாதி                                                                                                         "
  },
  {
    "villagecode": "066",
    "villagename": "Pethanatchivayal         ",
    "villagetname": "பெத்தநாட்சிவயல்                                                                                                              "
  },
  {
    "villagecode": "039",
    "villagename": "Pinnavasal               ",
    "villagetname": "பின்னவாசல்                                                                                                                   "
  },
  {
    "villagecode": "074",
    "villagename": "Poolankollai             ",
    "villagetname": "பூலாங்கொல்லை                                                                                                                 "
  },
  {
    "villagecode": "025",
    "villagename": "Poonaikuthikkadu         ",
    "villagetname": "புனைக்குத்திக்காடு                                                                                                           "
  },
  {
    "villagecode": "005",
    "villagename": "Pulichankadu             ",
    "villagetname": "புளிச்சங்காடு                                                                                                                "
  },
  {
    "villagecode": "063",
    "villagename": "Ravuthanvayal            ",
    "villagetname": "ராவுத்தன்வயல்                                                                                                                "
  },
  {
    "villagecode": "026",
    "villagename": "Regunathapuram           ",
    "villagetname": "ரெகுநாதபுரம்                                                                                                                 "
  },
  {
    "villagecode": "059",
    "villagename": "Regunayakipuram          ",
    "villagetname": "ரெகுநாயகிபுரம்                                                                                                               "
  },
  {
    "villagecode": "011",
    "villagename": "Renganayakipuram         ",
    "villagetname": "ரெங்கநாயகிபுரம்                                                                                                              "
  },
  {
    "villagecode": "043",
    "villagename": "Rettaivayal Ukkadai      ",
    "villagetname": "ரெட்டவயல் உக்கடை                                                                                                             "
  },
  {
    "villagecode": "045",
    "villagename": "Rettavayal               ",
    "villagetname": "ரெட்டவயல்                                                                                                                    "
  },
  {
    "villagecode": "071",
    "villagename": "Ruthirachinthamani       ",
    "villagetname": "ருத்திரசிந்தாமணி                                                                                                             "
  },
  {
    "villagecode": "055",
    "villagename": "Saanthampettai           ",
    "villagetname": "சாந்தாம்பேட்டை                                                                                                               "
  },
  {
    "villagecode": "033",
    "villagename": "Sanakkarai               ",
    "villagetname": "சாணாக்கரை                                                                                                                    "
  },
  {
    "villagecode": "031",
    "villagename": "Sengamangalam            ",
    "villagetname": "செங்கமங்களம்                                                                                                                 "
  },
  {
    "villagecode": "068",
    "villagename": "Senthalaivayal           ",
    "villagetname": "செந்தலைவயல்                                                                                                                  "
  },
  {
    "villagecode": "021",
    "villagename": "Serupalakkadu            ",
    "villagetname": "செருபாலக்காடு                                                                                                                "
  },
  {
    "villagecode": "057",
    "villagename": "Sethubavachathiram       ",
    "villagetname": "சேதுபாவாசத்திரம்                                                                                                             "
  },
  {
    "villagecode": "034",
    "villagename": "Sithathikkadu            ",
    "villagetname": "சித்தாதிக்காடு                                                                                                               "
  },
  {
    "villagecode": "083",
    "villagename": "Solaikkadu               ",
    "villagetname": "சோலைக்காடு                                                                                                                   "
  },
  {
    "villagecode": "037",
    "villagename": "Sornakkadu               ",
    "villagetname": "சொர்ணக்காடு                                                                                                                  "
  },
  {
    "villagecode": "014",
    "villagename": "Thennankudi              ",
    "villagetname": "தென்னங்குடி                                                                                                                  "
  },
  {
    "villagecode": "084",
    "villagename": "Thiruvathevan            ",
    "villagetname": "திருவத்தேவன்                                                                                                                 "
  },
  {
    "villagecode": "015",
    "villagename": "Thonthupulikkadu         ",
    "villagetname": "தொந்துபுலிக்காடு                                                                                                             "
  },
  {
    "villagecode": "060",
    "villagename": "Thuraiyur                ",
    "villagetname": "துறையுர்                                                                                                                     "
  },
  {
    "villagecode": "081",
    "villagename": "Thurankudi               ",
    "villagetname": "துாரங்குடி                                                                                                                   "
  },
  {
    "villagecode": "040",
    "villagename": "Valapiramankadu          ",
    "villagetname": "வலப்பிரமன்காடு                                                                                                               "
  },
  {
    "villagecode": "079",
    "villagename": "Valayanvayal             ",
    "villagetname": "வலையன்வயல்                                                                                                                   "
  },
  {
    "villagecode": "024",
    "villagename": "Vathalaikkadu            ",
    "villagetname": "வாத்தலைக்காடு                                                                                                                "
  },
  {
    "villagecode": "042",
    "villagename": "Veerakkudi               ",
    "villagetname": "வீரக்குடி                                                                                                                    "
  },
  {
    "villagecode": "530",
    "villagename": "Veeriyankottai Part - 1  ",
    "villagetname": "வீரியங்கோட்டை - 1                                                                                                            "
  },
  {
    "villagecode": "531",
    "villagename": "Veeriyankottai Part - 2  ",
    "villagetname": "வீரியங்கோட்டை - 2                                                                                                            "
  },
  {
    "villagecode": "070",
    "villagename": "Vilankulam               ",
    "villagetname": "விளாங்குளம்                                                                                                                  "
  },
  {
    "villagecode": "064",
    "villagename": "Villunivayal             ",
    "villagetname": "வில்லுாணிவயல்                                                                                                                "
  },
  {
    "villagecode": "051",
    "villagename": "Vumathanadu              ",
    "villagetname": "ஊமத்தநாடு                                                                                                                    "
  }
]
