[
  {
    "villagecode": "088",
    "villagename": "Agrahara Kannadi Puthur  ",
    "villagetname": "அக்ரஹார கண்ணாடிபுத்தூர்                                                                                                      "
  },
  {
    "villagecode": "028",
    "villagename": "Jothampatti              ",
    "villagetname": "ஜோத்தம்பட்டி                                                                                                                 "
  },
  {
    "villagecode": "026",
    "villagename": "Kadathur                 ",
    "villagetname": "கடத்தூர்                                                                                                                     "
  },
  {
    "villagecode": "027",
    "villagename": "Kaniyur                  ",
    "villagetname": "கணியூர்                                                                                                                      "
  },
  {
    "villagecode": "025",
    "villagename": "Karatholuvu           ",
    "villagetname": "காரத்தொழுவு                                                                                                                  "
  },
  {
    "villagecode": "002",
    "villagename": "Kolumam                 ",
    "villagetname": "கொழுமம்                                                                                                                      "
  },
  {
    "villagecode": "092",
    "villagename": "Komaralingam East          ",
    "villagetname": "கொமரலிங்கம் கிழக்கு                                                                                                          "
  },
  {
    "villagecode": "004",
    "villagename": "Komaralingam West          ",
    "villagetname": "கொமரலிங்கம் மேற்கு                                                                                                           "
  },
  {
    "villagecode": "085",
    "villagename": "Maivadi 1-2               ",
    "villagetname": "மைவாடி 1-2                                                                                                                   "
  },
  {
    "villagecode": "024",
    "villagename": "Mettrathi 1-2             ",
    "villagetname": "மெட்ராத்தி 1-2                                                                                                               "
  },
  {
    "villagecode": "089",
    "villagename": "Pappankulam              ",
    "villagetname": "பாப்பன்குளம்                                                                                                                 "
  },
  {
    "villagecode": "093",
    "villagename": "Sankararamanallur North       ",
    "villagetname": "சங்கரராமநல்லூர் வடக்கு                                                                                                       "
  },
  {
    "villagecode": "001",
    "villagename": "Sankararamanallur South       ",
    "villagetname": "சங்கரராமநல்லூர் தெற்கு                                                                                                       "
  },
  {
    "villagecode": "087",
    "villagename": "Sarkar Kannadi Puthur    ",
    "villagetname": "சர்க்கார் கண்ணாடிபுத்தூர்                                                                                                    "
  },
  {
    "villagecode": "086",
    "villagename": "Sholamadevi              ",
    "villagetname": "சோழமாதேவி                                                                                                                    "
  },
  {
    "villagecode": "030",
    "villagename": "Thanthoni                ",
    "villagetname": "தாந்தோணி                                                                                                                     "
  },
  {
    "villagecode": "029",
    "villagename": "Thungavi 1-2             ",
    "villagetname": "துங்காவி 1-2                                                                                                                 "
  },
  {
    "villagecode": "084",
    "villagename": "Vedapatti                ",
    "villagetname": "வேடப்பட்டி                                                                                                                   "
  }
]
