[
  {
    "villagecode": "031",
    "villagename": "Airavathanallur          ",
    "villagetname": "31 அயிராவதநல்லூர்                                                                                                            "
  },
  {
    "villagecode": "029",
    "villagename": "Annupanadi               ",
    "villagetname": "29 அனுப்பானடி                                                                                                                "
  },
  {
    "villagecode": "041",
    "villagename": "Avaniyapuram             ",
    "villagetname": "41 அவனியாபுரம்                                                                                                               "
  },
  {
    "villagecode": "043",
    "villagename": "Ayanpappakudi            ",
    "villagetname": "43 அயன்பாப்பாகுடி                                                                                                            "
  },
  {
    "villagecode": "039",
    "villagename": "Chettikulam              ",
    "villagetname": "39 செட்டிகுளம்                                                                                                               "
  },
  {
    "villagecode": "037",
    "villagename": "Chinthamani              ",
    "villagetname": "37 சிந்தாமணி                                                                                                                 "
  },
  {
    "villagecode": "092",
    "villagename": "East Madurai             ",
    "villagetname": "92 கிழக்கு மதுரை                                                                                                             "
  },
  {
    "villagecode": "042",
    "villagename": "Kalkulam                 ",
    "villagetname": "42 கல்குளம்                                                                                                                  "
  },
  {
    "villagecode": "035",
    "villagename": "Kallambal                ",
    "villagetname": "35 கல்லம்பல்                                                                                                                 "
  },
  {
    "villagecode": "044",
    "villagename": "Kudalsenkulam            ",
    "villagetname": "44 கூடல்செங்குளம்                                                                                                            "
  },
  {
    "villagecode": "045",
    "villagename": "Kusavankundu             ",
    "villagetname": "45 குசவன்குண்டு                                                                                                              "
  },
  {
    "villagecode": "068",
    "villagename": "Kusavapatti              ",
    "villagetname": "68 குசவபட்டி                                                                                                                 "
  },
  {
    "villagecode": "046",
    "villagename": "Kuthiraikuthi            ",
    "villagetname": "46 குதிரைகுத்தி                                                                                                              "
  },
  {
    "villagecode": "099",
    "villagename": "Meenakshipuram           ",
    "villagetname": "99 மீனாட்சிபுரம்                                                                                                             "
  },
  {
    "villagecode": "070",
    "villagename": "Moothankulam             ",
    "villagetname": "70 மூத்தான்குளம்                                                                                                             "
  },
  {
    "villagecode": "072",
    "villagename": "Muthupillai Alankulam    ",
    "villagetname": "72 முத்துப்பிள்ளைஆலங்குளம்                                                                                                   "
  },
  {
    "villagecode": "066",
    "villagename": "Nallur                   ",
    "villagetname": "66 நல்லூர்                                                                                                                   "
  },
  {
    "villagecode": "073",
    "villagename": "Nedunkulam               ",
    "villagetname": "73 நெடுங்குளம்                                                                                                               "
  },
  {
    "villagecode": "071",
    "villagename": "Panaikulam               ",
    "villagetname": "71 பனைக்குளம்                                                                                                                "
  },
  {
    "villagecode": "036",
    "villagename": "Panaiyur                 ",
    "villagetname": "36 பனையுர்                                                                                                                   "
  },
  {
    "villagecode": "048",
    "villagename": "Pappanodai               ",
    "villagetname": "48 பாப்பானோடை                                                                                                                "
  },
  {
    "villagecode": "040",
    "villagename": "Perumalendal             ",
    "villagetname": "40 பெருமாளேந்தல்                                                                                                             "
  },
  {
    "villagecode": "030",
    "villagename": "Pirakudi                 ",
    "villagetname": "30 பிராகுடி                                                                                                                  "
  },
  {
    "villagecode": "033",
    "villagename": "Puliyankulam             ",
    "villagetname": "33 புளியங்குளம்                                                                                                              "
  },
  {
    "villagecode": "047",
    "villagename": "Ramankulam               ",
    "villagetname": "47 ராமன்குளம்                                                                                                                "
  },
  {
    "villagecode": "038",
    "villagename": "Samanatham               ",
    "villagetname": "38 சாமநத்தம்                                                                                                                 "
  },
  {
    "villagecode": "034",
    "villagename": "Silaiman                 ",
    "villagetname": "34 சிலைமான்                                                                                                                  "
  },
  {
    "villagecode": "067",
    "villagename": "Solankuruni              ",
    "villagetname": "67 சோளன்குருணி                                                                                                               "
  },
  {
    "villagecode": "028",
    "villagename": "Villapuram               ",
    "villagetname": "28 வில்லாபுரம்                                                                                                               "
  },
  {
    "villagecode": "032",
    "villagename": "Virahanur                ",
    "villagetname": "32 விரகனூர்                                                                                                                  "
  },
  {
    "villagecode": "069",
    "villagename": "Virathanur               ",
    "villagetname": "69 விராதனூர்                                                                                                                 "
  }
]
