[
  {
    "villagecode": "002",
    "villagename": "Alathur                 ",
    "villagetname": "ஆலத்தூர்                                                                                                                     "
  },
  {
    "villagecode": "027",
    "villagename": "Avanashi                ",
    "villagetname": "அவிநாசி                                                                                                                      "
  },
  {
    "villagecode": "031",
    "villagename": "Ayyampalayam            ",
    "villagetname": "அய்யம்பாளையம்                                                                                                                "
  },
  {
    "villagecode": "011",
    "villagename": "Cheyur                    ",
    "villagetname": "சேவூர்                                                                                                                       "
  },
  {
    "villagecode": "034",
    "villagename": "Ittiveerampalayam       ",
    "villagetname": "ஈட்டிவீரம்பாளையம்                                                                                                            "
  },
  {
    "villagecode": "041",
    "villagename": "Kalipalayam             ",
    "villagetname": "காளிபாளையம்                                                                                                                  "
  },
  {
    "villagecode": "024",
    "villagename": "Kaniampundi           ",
    "villagetname": "கனியாம்பூண்டி                                                                                                                "
  },
  {
    "villagecode": "014",
    "villagename": "Kanur                   ",
    "villagetname": "கானூர்                                                                                                                       "
  },
  {
    "villagecode": "018",
    "villagename": "Karavalur              ",
    "villagetname": "கரவலூர்                                                                                                                      "
  },
  {
    "villagecode": "028",
    "villagename": "Karumapalayam           ",
    "villagetname": "கருமாபாளையம்                                                                                                                 "
  },
  {
    "villagecode": "033",
    "villagename": "Kuppandampalayam        ",
    "villagetname": "குப்பாண்டாம்பாளையம்                                                                                                          "
  },
  {
    "villagecode": "004",
    "villagename": "Kuttagam                ",
    "villagetname": "குட்டகம்                                                                                                                     "
  },
  {
    "villagecode": "003",
    "villagename": "Mangarasavalaya Palayam ",
    "villagetname": "மங்கரசவலயபாளையம்                                                                                                             "
  },
  {
    "villagecode": "036",
    "villagename": "Merkupathi",
    "villagetname": "மேற்குப்பதி                                                                                                                  "
  },
  {
    "villagecode": "013",
    "villagename": "Muriandam Palayam      ",
    "villagetname": "முரியாண்டாம்பாளையம்                                                                                                          "
  },
  {
    "villagecode": "030",
    "villagename": "Naduvacheri            ",
    "villagetname": "நடுவச்சேரி                                                                                                                   "
  },
  {
    "villagecode": "017",
    "villagename": "Nambiampalayam         ",
    "villagetname": "நம்பியம்பாளையம்                                                                                                              "
  },
  {
    "villagecode": "026",
    "villagename": "Palangarai              ",
    "villagetname": "பழங்கரை                                                                                                                      "
  },
  {
    "villagecode": "010",
    "villagename": "Papan Kulam            ",
    "villagetname": "பாப்பாங்குளம்                                                                                                                "
  },
  {
    "villagecode": "038",
    "villagename": "Pattampalayam           ",
    "villagetname": "பட்டாம்பாளையம்                                                                                                               "
  },
  {
    "villagecode": "040",
    "villagename": "Perumanallur            ",
    "villagetname": "பெருமாநல்லூர்                                                                                                                "
  },
  {
    "villagecode": "001",
    "villagename": "Pongalore              ",
    "villagetname": "பொங்கலூர்                                                                                                                    "
  },
  {
    "villagecode": "005",
    "villagename": "Potham Palayam          ",
    "villagetname": "போத்தம்பாளையம்                                                                                                               "
  },
  {
    "villagecode": "023",
    "villagename": "Pudupalayam (N-S)        ",
    "villagetname": "புதுப்பாளையம் வ-தெ                                                                                                           "
  },
  {
    "villagecode": "006",
    "villagename": "Pulipar                ",
    "villagetname": "புலிப்பார்                                                                                                                   "
  },
  {
    "villagecode": "008",
    "villagename": "Punjai Thamarai Kulam   ",
    "villagetname": "பூஞ்சைதாமரைக்குளம்                                                                                                           "
  },
  {
    "villagecode": "025",
    "villagename": "Rakkiapalayam         ",
    "villagetname": "ராக்கியாபாளையம்                                                                                                              "
  },
  {
    "villagecode": "015",
    "villagename": "Ramanatha Puram         ",
    "villagetname": "ராமநாதபுரம்                                                                                                                  "
  },
  {
    "villagecode": "021",
    "villagename": "Sembainallur           ",
    "villagetname": "செம்பைநல்லூர்                                                                                                                "
  },
  {
    "villagecode": "029",
    "villagename": "Sinnaripalayam         ",
    "villagetname": "சின்னாரிபாளையம்                                                                                                              "
  },
  {
    "villagecode": "037",
    "villagename": "Sokkanur                ",
    "villagetname": "சொக்கனூர்                                                                                                                    "
  },
  {
    "villagecode": "012",
    "villagename": "Thandakkarampalayam     ",
    "villagetname": "தண்டக்காரம்பாளையம்                                                                                                           "
  },
  {
    "villagecode": "007",
    "villagename": "Thathanur               ",
    "villagetname": "தத்தனூர்                                                                                                                     "
  },
  {
    "villagecode": "020",
    "villagename": "Thekkalur                ",
    "villagetname": "தெக்கலூர்                                                                                                                    "
  },
  {
    "villagecode": "035",
    "villagename": "Thoravalur             ",
    "villagetname": "தொரவலூர்                                                                                                                     "
  },
  {
    "villagecode": "032",
    "villagename": "Thulukkamuthur          ",
    "villagetname": "துலுக்கமுத்தூர்                                                                                                              "
  },
  {
    "villagecode": "019",
    "villagename": "Uppilipalayam           ",
    "villagetname": "உப்பிலிபாளையம்                                                                                                               "
  },
  {
    "villagecode": "039",
    "villagename": "Vallipuram              ",
    "villagetname": "வல்லிபுரம்                                                                                                                   "
  },
  {
    "villagecode": "009",
    "villagename": "Vaudga Palayam          ",
    "villagetname": "வடுகபாளையம்                                                                                                                  "
  },
  {
    "villagecode": "022",
    "villagename": "Velayudampalayam        ",
    "villagetname": "வேலாயுதம்பாளையம்                                                                                                             "
  },
  {
    "villagecode": "016",
    "villagename": "Vettuvampalayam         ",
    "villagetname": "வேட்டுவபாளையம்                                                                                                               "
  }
]
