[
  {
    "villagecode": "014",
    "villagename": "Annupatty.               ",
    "villagetname": "அனுப்பட்டி                                                                                                                   "
  },
  {
    "villagecode": "027",
    "villagename": "A.Vadamalaipalayam.      ",
    "villagetname": "வே.வடமலைபாளையம்                                                                                                              "
  },
  {
    "villagecode": "024",
    "villagename": "Elavanthi.               ",
    "villagetname": "எலவந்தி                                                                                                                      "
  },
  {
    "villagecode": "021",
    "villagename": "Ganapathipalayam.        ",
    "villagetname": "கணபதிபாளையம்                                                                                                                 "
  },
  {
    "villagecode": "002",
    "villagename": "Ichipatty.               ",
    "villagetname": "இச்சிப்பட்டி                                                                                                                 "
  },
  {
    "villagecode": "010",
    "villagename": "Karadivavi.              ",
    "villagetname": "கரடிவாவி                                                                                                                     "
  },
  {
    "villagecode": "020",
    "villagename": "Karaipudur.              ",
    "villagetname": "கரைப்புதூர்                                                                                                                  "
  },
  {
    "villagecode": "029",
    "villagename": "Kattur.                  ",
    "villagetname": "காட்டூர்                                                                                                                     "
  },
  {
    "villagecode": "009",
    "villagename": "K.Ayyampalayam.          ",
    "villagetname": "கே.அய்யம்பாளையம்                                                                                                             "
  },
  {
    "villagecode": "025",
    "villagename": "Kethanur.                ",
    "villagetname": "கேத்தனூர்                                                                                                                    "
  },
  {
    "villagecode": "013",
    "villagename": "K.Krishnapuram.          ",
    "villagetname": "கே.கிருஷ்ணாபுரம்                                                                                                             "
  },
  {
    "villagecode": "007",
    "villagename": "Kodangipalayam.          ",
    "villagetname": "கோடங்கிபாளையம்                                                                                                               "
  },
  {
    "villagecode": "023",
    "villagename": "Madampoor.               ",
    "villagetname": "மாதப்பூர்                                                                                                                    "
  },
  {
    "villagecode": "011",
    "villagename": "Mallegoundanpalayam.     ",
    "villagetname": "மல்லேகவுண்டன்பாளையம்                                                                                                         "
  },
  {
    "villagecode": "019",
    "villagename": "Naranapuram.             ",
    "villagetname": "நாரணாபுரம்                                                                                                                   "
  },
  {
    "villagecode": "018",
    "villagename": "Palladam.                ",
    "villagetname": "பல்லடம்                                                                                                                      "
  },
  {
    "villagecode": "015",
    "villagename": "Panickampatty.           ",
    "villagetname": "பணிக்கம்பட்டி                                                                                                                "
  },
  {
    "villagecode": "008",
    "villagename": "Paruvai.                 ",
    "villagetname": "பருவாய்                                                                                                                      "
  },
  {
    "villagecode": "022",
    "villagename": "Pongalur.                ",
    "villagetname": "பொங்கலூர்                                                                                                                    "
  },
  {
    "villagecode": "003",
    "villagename": "Poomalur.                ",
    "villagetname": "பூமலூர்                                                                                                                      "
  },
  {
    "villagecode": "012",
    "villagename": "Puliyampatty.            ",
    "villagetname": "புளியம்பட்டி                                                                                                                 "
  },
  {
    "villagecode": "001",
    "villagename": "Samalapuram.             ",
    "villagetname": "சாமளாபுரம்                                                                                                                   "
  },
  {
    "villagecode": "006",
    "villagename": "Semmipalayam.            ",
    "villagetname": "செம்மிபாளையம்                                                                                                                "
  },
  {
    "villagecode": "016",
    "villagename": "Sitrambalam.             ",
    "villagetname": "சித்தம்பலம்                                                                                                                  "
  },
  {
    "villagecode": "005",
    "villagename": "Sukkampalayam.           ",
    "villagetname": "சுக்கம்பாளையம்                                                                                                               "
  },
  {
    "villagecode": "017",
    "villagename": "Vadugapalayam.           ",
    "villagetname": "வடுகபாளையம்                                                                                                                  "
  },
  {
    "villagecode": "026",
    "villagename": "Vavipalayam.             ",
    "villagetname": "வாவிபாளையம்                                                                                                                  "
  },
  {
    "villagecode": "004",
    "villagename": "Velampalayam.            ",
    "villagetname": "வேலம்பாளையம்                                                                                                                 "
  },
  {
    "villagecode": "028",
    "villagename": "V.Kallipalayam.          ",
    "villagetname": "வே.கள்ளிப்பாளையம்                                                                                                            "
  }
]
