[
  {
    "villagecode": "107",
    "villagename": "Aandikkulam 10-1         ",
    "villagetname": "ஆண்டிக்குளம் 10-1"
  },
  {
    "villagecode": "055",
    "villagename": "Aathichchapuram",
    "villagetname": "ஆதிச்சபுரம்"
  },
  {
    "villagecode": "077",
    "villagename": "Akkaraikottakam",
    "villagetname": "அக்கரைக்கோட்டகம்"
  },
  {
    "villagecode": "061",
    "villagename": "Alathur",
    "villagetname": "ஆலத்தூர்"
  },
  {
    "villagecode": "018",
    "villagename": "Apparasampettai Peraiyur 28-3",
    "villagetname": "அப்பரசம்பேட்டை பேரையூர் 28-3"
  },
  {
    "villagecode": "006",
    "villagename": "Aravattur",
    "villagetname": "அரவத்தூர்"
  },
  {
    "villagecode": "032",
    "villagename": "Asesham",
    "villagetname": "அஷேசம்"
  },
  {
    "villagecode": "029",
    "villagename": "Athikkottai 27-2",
    "villagetname": "அத்திக்கோட்டை 27-2"
  },
  {
    "villagecode": "110",
    "villagename": "Bigaji Madikerao Thottam 19-2",
    "villagetname": "பீகாஜி மடிகேராவ் தோட்டம் 19-2"
  },
  {
    "villagecode": "033",
    "villagename": "Edaiyar Natham 36-3",
    "villagetname": "எடயைர் நத்தம் 36-3"
  },
  {
    "villagecode": "087",
    "villagename": "Elavanur                 ",
    "villagetname": "எளவனூர்"
  },
  {
    "villagecode": "070",
    "villagename": "Ettakkudi",
    "villagetname": "ஏத்தக்குடி"
  },
  {
    "villagecode": "031",
    "villagename": "Gopiralayam",
    "villagetname": "கோபிரளயம்"
  },
  {
    "villagecode": "014",
    "villagename": "Idaiyar Embethi",
    "villagetname": "இடையர் எம்பேத்தி"
  },
  {
    "villagecode": "063",
    "villagename": "Irulnekki",
    "villagetname": "இருள்நீக்கி"
  },
  {
    "villagecode": "111",
    "villagename": "Jala Sahib Tottam 19-3",
    "villagetname": "ஜாலசாகிப் தோட்டம் 19-3"
  },
  {
    "villagecode": "015",
    "villagename": "Kaarikkottai",
    "villagetname": "காரிக்கோட்டை"
  },
  {
    "villagecode": "009",
    "villagename": "Kailasanatharkovil",
    "villagetname": "கைலாசநாதர்கோவில்"
  },
  {
    "villagecode": "114",
    "villagename": "Kalki Akka Thottam 24-1",
    "villagetname": "கல்கி அக்கா தோட்டம் 24-1"
  },
  {
    "villagecode": "013",
    "villagename": "Kallar Embethi",
    "villagetname": "கள்ளர் எம்பேத்தி"
  },
  {
    "villagecode": "054",
    "villagename": "Kandamangalam            ",
    "villagetname": "கண்டமங்கலம்"
  },
  {
    "villagecode": "040",
    "villagename": "Kandithampettai 34-1",
    "villagetname": "கண்டிதம்பேட்டை 34-1"
  },
  {
    "villagecode": "020",
    "villagename": "Karakkottai 5-2",
    "villagetname": "காரக்கோட்டை 5-2"
  },
  {
    "villagecode": "005",
    "villagename": "Karnavur                 ",
    "villagetname": "கர்ணாவூர்"
  },
  {
    "villagecode": "075",
    "villagename": "Karuppukkilar            ",
    "villagetname": "கருப்புக்கிளார்"
  },
  {
    "villagecode": "023",
    "villagename": "Karuvakkurichchi",
    "villagetname": "கருவாக்குறிச்சி"
  },
  {
    "villagecode": "019",
    "villagename": "Kattakkudi Peraiyur 28-2",
    "villagetname": "கட்டக்குடி பேரையூர் 28-2"
  },
  {
    "villagecode": "080",
    "villagename": "Keluvathur",
    "villagetname": "கெழுவத்தூர்"
  },
  {
    "villagecode": "043",
    "villagename": "Koopachikkottai",
    "villagetname": "கூப்பாச்சிக்கோட்டை"
  },
  {
    "villagecode": "066",
    "villagename": "Kottur                   ",
    "villagetname": "கோட்டூர்"
  },
  {
    "villagecode": "065",
    "villagename": "Kottur Thottam",
    "villagetname": "கோட்டூர் தோட்டம்"
  },
  {
    "villagecode": "016",
    "villagename": "Kumarapuram              ",
    "villagetname": "குமரபுரம்"
  },
  {
    "villagecode": "057",
    "villagename": "Kunniyur                 ",
    "villagetname": "குன்னியூர்"
  },
  {
    "villagecode": "072",
    "villagename": "Kurichchi",
    "villagetname": "குறிச்சி"
  },
  {
    "villagecode": "026",
    "villagename": "Mahadevapattinam",
    "villagetname": "மகாதேவப்பட்டிணம்"
  },
  {
    "villagecode": "039",
    "villagename": "Mahathevapattinam 32-1",
    "villagetname": "மகாதேவப்பட்டிணம் 32-1"
  },
  {
    "villagecode": "056",
    "villagename": "Malavarayanallur",
    "villagetname": "மழவராயநல்லூர்"
  },
  {
    "villagecode": "011",
    "villagename": "Mannargudi               ",
    "villagetname": "மன்னார்குடி"
  },
  {
    "villagecode": "049",
    "villagename": "Maravakkadu              ",
    "villagetname": "மரவாக்காடு"
  },
  {
    "villagecode": "086",
    "villagename": "Melanatham",
    "villagetname": "மேலநத்தம்"
  },
  {
    "villagecode": "115",
    "villagename": "Melavasal (Municipal) 24-2",
    "villagetname": "மேலவாசல் (நகராட்சி) 24-2"
  },
  {
    "villagecode": "108",
    "villagename": "Melavasal Narasimmachari 10-2",
    "villagetname": "மேலவாசல் நரசிம்மாச்சாரி 10-2"
  },
  {
    "villagecode": "012",
    "villagename": "Melvasal",
    "villagetname": "மேலவாசல்"
  },
  {
    "villagecode": "051",
    "villagename": "Mondramsethi",
    "villagetname": "மூன்றாம்சேத்தி"
  },
  {
    "villagecode": "003",
    "villagename": "Movanallur",
    "villagetname": "மூவாநல்லூர்"
  },
  {
    "villagecode": "025",
    "villagename": "Mukkulam Sathanaur 30-1",
    "villagetname": "முக்குளம் சாத்தனூர் 30-1"
  },
  {
    "villagecode": "010",
    "villagename": "Muthalsethi",
    "villagetname": "முதல்சேத்தி"
  },
  {
    "villagecode": "052",
    "villagename": "Nalaamsethi",
    "villagetname": "நாலாம்சேத்தி"
  },
  {
    "villagecode": "078",
    "villagename": "Nallur                   ",
    "villagetname": "நல்லூர்"
  },
  {
    "villagecode": "030",
    "villagename": "Neduvakkottai            ",
    "villagetname": "நெடுவாக்கோட்டை"
  },
  {
    "villagecode": "109",
    "villagename": "Nelakanda Kaderao Thottam 19-1",
    "villagetname": "நீலகண்டகாடேராவ் தோட்டம் 19-1"
  },
  {
    "villagecode": "027",
    "villagename": "Nemmeli  29",
    "villagetname": "நெம்மேலி 29"
  },
  {
    "villagecode": "064",
    "villagename": "Nemmeli 49",
    "villagetname": "நெம்மேலி 49"
  },
  {
    "villagecode": "053",
    "villagename": "Nemmeli 54",
    "villagetname": "நெம்மேலி 54"
  },
  {
    "villagecode": "068",
    "villagename": "Nokkan Ukkadai 60-1",
    "villagetname": "நோக்கன் உக்கடை 60-1"
  },
  {
    "villagecode": "079",
    "villagename": "Orathur",
    "villagetname": "ஒரத்தூர்"
  },
  {
    "villagecode": "022",
    "villagename": "Ovelkudi Peraiyur 28-1",
    "villagetname": "ஓவேல்குடி பேரையூர் 28-1"
  },
  {
    "villagecode": "045",
    "villagename": "Paingaanadu",
    "villagetname": "பைங்காநாடு"
  },
  {
    "villagecode": "073",
    "villagename": "Paingattur               ",
    "villagetname": "பைங்காட்டூர்"
  },
  {
    "villagecode": "088",
    "villagename": "Palayakottai Parasarapuram70-1",
    "villagetname": "பாளையக்கோட்டை பரசபுரம் 70-1"
  },
  {
    "villagecode": "058",
    "villagename": "Pallivarthi",
    "villagetname": "பள்ளிவர்த்தி"
  },
  {
    "villagecode": "004",
    "villagename": "Pamani",
    "villagetname": "பாமணி"
  },
  {
    "villagecode": "067",
    "villagename": "Panaiyur                 ",
    "villagetname": "பனையூர்"
  },
  {
    "villagecode": "041",
    "villagename": "Paravakkottai 35-2",
    "villagetname": "பரவாக்கோட்டை 35-2"
  },
  {
    "villagecode": "042",
    "villagename": "Paravakkottai 35-3",
    "villagetname": "பரவாக்கோட்டை 35-3"
  },
  {
    "villagecode": "001",
    "villagename": "Paruthikkottai",
    "villagetname": "பருத்திக்கோட்டை"
  },
  {
    "villagecode": "021",
    "villagename": "Peraiyur                 ",
    "villagetname": "பேரையூர்"
  },
  {
    "villagecode": "062",
    "villagename": "Puluthikkudi",
    "villagetname": "புழுதிக்குடி"
  },
  {
    "villagecode": "044",
    "villagename": "Rajasambalpuram 35-1",
    "villagetname": "ராஜசாம்பாள்புரம் 35-1"
  },
  {
    "villagecode": "008",
    "villagename": "Ramaapuram",
    "villagetname": "ராமாபுரம்"
  },
  {
    "villagecode": "002",
    "villagename": "Rasali Kudikkadu 10-3",
    "villagetname": "ராசாளி குடிகாடு 10-3"
  },
  {
    "villagecode": "082",
    "villagename": "Rathanarasimmapuram 66-1",
    "villagetname": "ராதாநரசிம்மபுரம் 66-1"
  },
  {
    "villagecode": "113",
    "villagename": "Rengamavuthan Tottam 19-5",
    "villagetname": "ரெங்கமாவுத்தன் தோட்டம் 19-5"
  },
  {
    "villagecode": "069",
    "villagename": "Renganthapuram",
    "villagetname": "ரெங்கநாதபுரம்"
  },
  {
    "villagecode": "007",
    "villagename": "Savalakkaran             ",
    "villagetname": "சவளக்காரன்"
  },
  {
    "villagecode": "112",
    "villagename": "Semmankulam 19-4",
    "villagetname": "செம்மன்குளம் 19-4"
  },
  {
    "villagecode": "059",
    "villagename": "Senthamangalam",
    "villagetname": "சேந்தமங்கலம்"
  },
  {
    "villagecode": "050",
    "villagename": "Serangulam",
    "villagetname": "சேரங்குளம்"
  },
  {
    "villagecode": "017",
    "villagename": "Serumangalam",
    "villagetname": "செருமங்கலம்"
  },
  {
    "villagecode": "028",
    "villagename": "Serumangalam 27-1",
    "villagetname": "செருமங்கலம் 27-1"
  },
  {
    "villagecode": "034",
    "villagename": "Suntharakkottai 36-2",
    "villagetname": "சுந்தரக்கோட்டை 36-2"
  },
  {
    "villagecode": "071",
    "villagename": "Thalaiyamangalam",
    "villagetname": "தலையாமங்கலம்"
  },
  {
    "villagecode": "024",
    "villagename": "Thalikkottai",
    "villagetname": "தளிக்கோட்டை"
  },
  {
    "villagecode": "081",
    "villagename": "Thenparai",
    "villagetname": "தென்பரை"
  },
  {
    "villagecode": "047",
    "villagename": "Thenpathi",
    "villagetname": "தென்பாதி"
  },
  {
    "villagecode": "076",
    "villagename": "Thirukkalar",
    "villagetname": "திருக்களார்"
  },
  {
    "villagecode": "084",
    "villagename": "Thirumakkottai",
    "villagetname": "திருமக்கோட்டை"
  },
  {
    "villagecode": "085",
    "villagename": "Thirumakkottai 67-1",
    "villagetname": "திருமக்கோட்டை 67-1"
  },
  {
    "villagecode": "037",
    "villagename": "Thirupalakudi Allankottai 33-2",
    "villagetname": "திருப்பாலக்குடி ஆலங்கோட்டை 33-2"
  },
  {
    "villagecode": "036",
    "villagename": "Thiruppalakkudi",
    "villagetname": "திருப்பாலக்குடி"
  },
  {
    "villagecode": "035",
    "villagename": "Thiruppalakkudi 33-1",
    "villagetname": "திருப்பாலக்குடி 33-1"
  },
  {
    "villagecode": "046",
    "villagename": "Thulasenthirapuram 36-1",
    "villagetname": "துளசேந்திரபுரம் 36-1"
  },
  {
    "villagecode": "038",
    "villagename": "Ullikkottai              ",
    "villagetname": "உள்ளிக்கோட்டை"
  },
  {
    "villagecode": "048",
    "villagename": "Vadapathi",
    "villagetname": "வடபாதி"
  },
  {
    "villagecode": "083",
    "villagename": "Vallur                   ",
    "villagetname": "வல்லூர்"
  },
  {
    "villagecode": "074",
    "villagename": "Vattar",
    "villagetname": "வாட்டார்"
  },
  {
    "villagecode": "060",
    "villagename": "Vikrapandiyam",
    "villagetname": "விக்கிரபாண்டியம்"
  }
]
