[
  {
    "villagecode": "013",
    "villagename": "Adagappadi                    ",
    "villagetname": "013 அதகப்பாடி                                                                                                                                         "
  },
  {
    "villagecode": "048",
    "villagename": "Akkammanahalli                ",
    "villagetname": "048 அக்கமனஅள்ளி                                                                                                                                       "
  },
  {
    "villagecode": "043",
    "villagename": "Andihalli                     ",
    "villagetname": "043 ஆண்டிஅள்ளி                                                                                                                                        "
  },
  {
    "villagecode": "036",
    "villagename": "Annasagaram                   ",
    "villagetname": "036 அன்னசாகரம்                                                                                                                                        "
  },
  {
    "villagecode": "033",
    "villagename": "A.Reddihalli                  ",
    "villagetname": "033 ஏ.ரெட்டிஅள்ளி                                                                                                                                     "
  },
  {
    "villagecode": "959",
    "villagename": "Goduhalli                     ",
    "villagetname": "959 கோடுஅள்ளி                                                                                                                                         "
  },
  {
    "villagecode": "038",
    "villagename": "Hele Dharmapuri               ",
    "villagetname": "038 அளேதருமபுரி                                                                                                                                       "
  },
  {
    "villagecode": "031",
    "villagename": "Kadagattur                    ",
    "villagetname": "031 கடகத்தூர்                                                                                                                                         "
  },
  {
    "villagecode": "032",
    "villagename": "K.Naduhalli                   ",
    "villagetname": "032 கே.நடுஅள்ளி                                                                                                                                       "
  },
  {
    "villagecode": "040",
    "villagename": "Konanginayakkanahalli         ",
    "villagetname": "040 கோணங்கிநாய்க்கனஅள்ளி                                                                                                                              "
  },
  {
    "villagecode": "060",
    "villagename": "Kondaharahalli                ",
    "villagetname": "060 கொண்டகரஅள்ளி                                                                                                                                      "
  },
  {
    "villagecode": "046",
    "villagename": "Kondampatti                   ",
    "villagetname": "046 கொண்டம்பட்டி                                                                                                                                      "
  },
  {
    "villagecode": "044",
    "villagename": "Krishnapuram                  ",
    "villagetname": "044 கிருஷ்ணாபுரம்                                                                                                                                     "
  },
  {
    "villagecode": "062",
    "villagename": "Kukkalamalai                  ",
    "villagetname": "062 குக்கல்மலை                                                                                                                                        "
  },
  {
    "villagecode": "041",
    "villagename": "Kuppur                        ",
    "villagetname": "041 குப்பூர்                                                                                                                                          "
  },
  {
    "villagecode": "054",
    "villagename": "M.Noolahalli                  ",
    "villagetname": "054 மிட்டாநூலஅள்ளி                                                                                                                                    "
  },
  {
    "villagecode": "047",
    "villagename": "Mookkanur                     ",
    "villagetname": "047 மூக்கனூர்                                                                                                                                         "
  },
  {
    "villagecode": "052",
    "villagename": "Mukkalnaickenahalli           ",
    "villagetname": "052 முக்கல்நாய்க்கனஅள்ளி                                                                                                                              "
  },
  {
    "villagecode": "039",
    "villagename": "Nallanahalli                  ",
    "villagetname": "039 நல்லனஅள்ளி                                                                                                                                        "
  },
  {
    "villagecode": "049",
    "villagename": "Nayakkanahalli                ",
    "villagetname": "049 நாய்க்கனஅள்ளி                                                                                                                                     "
  },
  {
    "villagecode": "057",
    "villagename": "Noolahalli Reddihalli         ",
    "villagetname": "057 நூலஅள்ளி ரெட்டிஅள்ளி                                                                                                                              "
  },
  {
    "villagecode": "030",
    "villagename": "Papinayakanahalli             ",
    "villagetname": "030 பாப்பிநாய்க்கனஅள்ளி                                                                                                                               "
  },
  {
    "villagecode": "045",
    "villagename": "Puludikarai                   ",
    "villagetname": "045 புளதிகரை                                                                                                                                          "
  },
  {
    "villagecode": "939",
    "villagename": "Semmandakuppam                ",
    "villagetname": "939 செம்மாண்டகுப்பம்                                                                                                                                  "
  },
  {
    "villagecode": "037",
    "villagename": "Settikarai                    ",
    "villagetname": "037 செட்டிகரை                                                                                                                                         "
  },
  {
    "villagecode": "061",
    "villagename": "Thippireddihalli              ",
    "villagetname": "061 திப்பிரெட்டிஅள்ளி                                                                                                                                 "
  },
  {
    "villagecode": "051",
    "villagename": "Ungaranhalli                  ",
    "villagetname": "051 உங்கரானஅள்ளி                                                                                                                                      "
  },
  {
    "villagecode": "058",
    "villagename": "Vathlamalai                   ",
    "villagetname": "058 வத்தல்மலை                                                                                                                                         "
  },
  {
    "villagecode": "042",
    "villagename": "Vellalappatti                 ",
    "villagetname": "042 வெள்ளாளப்பட்டி                                                                                                                                    "
  },
  {
    "villagecode": "034",
    "villagename": "Vellekavundanpalaiyam         ",
    "villagetname": "034 வெ.க.பாளையம்                                                                                                                                      "
  },
  {
    "villagecode": "050",
    "villagename": "Vellolai                      ",
    "villagetname": "050 வெள்ளோலை                                                                                                                                          "
  },
  {
    "villagecode": "059",
    "villagename": "Veppilaimuthampatti           ",
    "villagetname": "059 வேப்பிலைமுத்தம்பட்டி                                                                                                                              "
  },
  {
    "villagecode": "035",
    "villagename": "Virupakshipuram               ",
    "villagetname": "035 விருப்பாட்சிபுரம்                                                                                                                                 "
  }
]
