[
  {
    "villagecode": "085",
    "villagename": "Agaram",
    "villagetname": "அகரம்                                                                                                                        "
  },
  {
    "villagecode": "091",
    "villagename": "Agasipalli",
    "villagetname": "அகசிப்பள்ளி                                                                                                                  "
  },
  {
    "villagecode": "083",
    "villagename": "Alapatti",
    "villagetname": "ஆலப்பட்டி                                                                                                                    "
  },
  {
    "villagecode": "040",
    "villagename": "Appinayakkankottai",
    "villagetname": "அப்பிநாயக்கன்கோட்டை                                                                                                          "
  },
  {
    "villagecode": "031",
    "villagename": "Ariyanapalli",
    "villagetname": "அரியனப்பள்ளி                                                                                                                 "
  },
  {
    "villagecode": "039",
    "villagename": "Avalnatham",
    "villagetname": "ஆவல்நத்தம்                                                                                                                   "
  },
  {
    "villagecode": "073",
    "villagename": "Baiyanapalli",
    "villagetname": "பையனப்பள்ளி                                                                                                                  "
  },
  {
    "villagecode": "005",
    "villagename": "Balanapalli",
    "villagetname": "பாலனப்பள்ளி                                                                                                                  "
  },
  {
    "villagecode": "113",
    "villagename": "Baleguli-1",
    "villagetname": "பாலேகுளி-1                                                                                                                   "
  },
  {
    "villagecode": "913",
    "villagename": "Baleguli - 2",
    "villagetname": "பாலேகுளி-2                                                                                                                   "
  },
  {
    "villagecode": "101",
    "villagename": "Bannihalli",
    "villagetname": "பன்னிஹள்ளி                                                                                                                   "
  },
  {
    "villagecode": "001",
    "villagename": "Bathimadugu",
    "villagetname": "பதிமடுகு                                                                                                                     "
  },
  {
    "villagecode": "061",
    "villagename": "Beemandapalli",
    "villagetname": "பீமாண்டப்பள்ளி                                                                                                               "
  },
  {
    "villagecode": "080",
    "villagename": "Bellampalli",
    "villagetname": "பெல்லம்பள்ளி                                                                                                                 "
  },
  {
    "villagecode": "093",
    "villagename": "Bellarampalli",
    "villagetname": "பெல்லாரம்பள்ளி                                                                                                               "
  },
  {
    "villagecode": "066",
    "villagename": "Billanakuppam",
    "villagetname": "பில்லனகுப்பம்                                                                                                                "
  },
  {
    "villagecode": "070",
    "villagename": "Boganapalli",
    "villagetname": "போகனப்பள்ளி                                                                                                                  "
  },
  {
    "villagecode": "050",
    "villagename": "Bommarasanapalli",
    "villagetname": "பொம்மரசனப்பள்ளி                                                                                                              "
  },
  {
    "villagecode": "033",
    "villagename": "Budimutlu",
    "villagetname": "பூதிமுட்லு                                                                                                                   "
  },
  {
    "villagecode": "100",
    "villagename": "Chaparthi",
    "villagetname": "சாப்பர்த்தி                                                                                                                  "
  },
  {
    "villagecode": "044",
    "villagename": "Chennasandiram",
    "villagetname": "சென்னசந்திரம்                                                                                                                "
  },
  {
    "villagecode": "081",
    "villagename": "Chickkapuvathi",
    "villagetname": "சிக்கபூவத்தி                                                                                                                 "
  },
  {
    "villagecode": "045",
    "villagename": "Chinnakothur",
    "villagetname": "சின்னகொத்தூர்                                                                                                                "
  },
  {
    "villagecode": "112",
    "villagename": "Chowtahalli-1",
    "villagetname": "சௌட்டஹள்ளி-1                                                                                                                 "
  },
  {
    "villagecode": "912",
    "villagename": "Chowtahalli - 2",
    "villagetname": "சௌட்டஹள்ளி-2                                                                                                                 "
  },
  {
    "villagecode": "082",
    "villagename": "Dandegoundanahalli",
    "villagetname": "தண்டேகவுண்டனஹள்ளி                                                                                                            "
  },
  {
    "villagecode": "048",
    "villagename": "Dasegaunipalli",
    "villagetname": "தாசேகவுனிப்பள்ளி                                                                                                             "
  },
  {
    "villagecode": "046",
    "villagename": "Dasiripalli",
    "villagetname": "தாசிரிப்பள்ளி                                                                                                                "
  },
  {
    "villagecode": "013",
    "villagename": "Devarkundani",
    "villagetname": "தேவர்குந்தாணி                                                                                                                "
  },
  {
    "villagecode": "090",
    "villagename": "Devasamudram",
    "villagetname": "தேவசமுத்திரம்                                                                                                                "
  },
  {
    "villagecode": "026",
    "villagename": "Ebbiri",
    "villagetname": "எப்பிரி                                                                                                                      "
  },
  {
    "villagecode": "038",
    "villagename": "Edayarapalli",
    "villagetname": "எடயரப்பள்ளி                                                                                                                  "
  },
  {
    "villagecode": "109",
    "villagename": "Errahalli-1",
    "villagetname": "எர்ரஹள்ளி-1                                                                                                                  "
  },
  {
    "villagecode": "909",
    "villagename": "Errahalli - 2",
    "villagetname": "எர்ரஹள்ளி-2                                                                                                                  "
  },
  {
    "villagecode": "016",
    "villagename": "Ettipalli",
    "villagetname": "எட்டிப்பள்ளி                                                                                                                 "
  },
  {
    "villagecode": "015",
    "villagename": "Ettipallitalav",
    "villagetname": "எட்டிப்பள்ளிதலாவ்                                                                                                            "
  },
  {
    "villagecode": "087",
    "villagename": "Gangaleri",
    "villagetname": "கங்கலேரி                                                                                                                     "
  },
  {
    "villagecode": "025",
    "villagename": "Gangamadugu",
    "villagetname": "கங்கமடுகு                                                                                                                    "
  },
  {
    "villagecode": "022",
    "villagename": "Gollapalli",
    "villagetname": "கொல்லப்பள்ளி                                                                                                                 "
  },
  {
    "villagecode": "062",
    "villagename": "Gollappalli",
    "villagetname": "கொல்லப்பள்ளி                                                                                                                 "
  },
  {
    "villagecode": "078",
    "villagename": "Guliyam",
    "villagetname": "கூளியம்                                                                                                                      "
  },
  {
    "villagecode": "098",
    "villagename": "Gundalapatti-1",
    "villagetname": "குண்டலப்பட்டி-1                                                                                                              "
  },
  {
    "villagecode": "998",
    "villagename": "Gundalapatti - 2",
    "villagetname": "குண்டலப்பட்டி-2                                                                                                              "
  },
  {
    "villagecode": "060",
    "villagename": "Gunthapalli",
    "villagetname": "குந்தப்பள்ளி                                                                                                                 "
  },
  {
    "villagecode": "007",
    "villagename": "Halekrishnapuram",
    "villagetname": "அளேகிருஷ்ணாபுரம்                                                                                                             "
  },
  {
    "villagecode": "008",
    "villagename": "Halekundani",
    "villagetname": "அளேகுந்தாணி                                                                                                                  "
  },
  {
    "villagecode": "004",
    "villagename": "Idippalli",
    "villagetname": "இடிப்பள்ளி                                                                                                                   "
  },
  {
    "villagecode": "002",
    "villagename": "Idippalli",
    "villagetname": "இடிப்பள்ளி                                                                                                                   "
  },
  {
    "villagecode": "103",
    "villagename": "Jagadab",
    "villagetname": "ஜெகதாப்                                                                                                                      "
  },
  {
    "villagecode": "076",
    "villagename": "Jinjupalli",
    "villagetname": "ஜிஞ்சுப்பள்ளி                                                                                                                "
  },
  {
    "villagecode": "034",
    "villagename": "Kadavarappalli",
    "villagetname": "கடவரப்பள்ளி                                                                                                                  "
  },
  {
    "villagecode": "068",
    "villagename": "Kallugurikki",
    "villagetname": "கல்லுகுறுக்கி                                                                                                                "
  },
  {
    "villagecode": "124",
    "villagename": "Kammampalli",
    "villagetname": "கம்மம்பள்ளி                                                                                                                  "
  },
  {
    "villagecode": "102",
    "villagename": "Karadihalli",
    "villagetname": "கரடிஹள்ளி                                                                                                                    "
  },
  {
    "villagecode": "010",
    "villagename": "Kariyasagaramtalav",
    "villagetname": "கரியசாகரம்தலாவ்                                                                                                              "
  },
  {
    "villagecode": "020",
    "villagename": "Kasiruganappalli",
    "villagetname": "கசிருகானப்பள்ளி                                                                                                              "
  },
  {
    "villagecode": "095",
    "villagename": "Katheri-1",
    "villagetname": "கத்தேரி-1                                                                                                                    "
  },
  {
    "villagecode": "995",
    "villagename": "Katheri - 2",
    "villagetname": "கத்தேரி-2                                                                                                                    "
  },
  {
    "villagecode": "037",
    "villagename": "Kathiripalli",
    "villagetname": "கத்திரிப்பள்ளி                                                                                                               "
  },
  {
    "villagecode": "089",
    "villagename": "Kattiganapalli",
    "villagetname": "கட்டிகானப்பள்ளி                                                                                                              "
  },
  {
    "villagecode": "069",
    "villagename": "Kattinayanapalli",
    "villagetname": "காட்டினாயனப்பள்ளி                                                                                                            "
  },
  {
    "villagecode": "110",
    "villagename": "Kaveripattinam-1",
    "villagetname": "காவேரிப்பட்டிணம்-1                                                                                                           "
  },
  {
    "villagecode": "910",
    "villagename": "Kaveripattinam - 2",
    "villagetname": "காவேரிப்பட்டிணம்-2                                                                                                           "
  },
  {
    "villagecode": "056",
    "villagename": "Kodipalli",
    "villagetname": "கோடிப்பள்ளி                                                                                                                  "
  },
  {
    "villagecode": "075",
    "villagename": "Kompalli",
    "villagetname": "கொம்பள்ளி                                                                                                                    "
  },
  {
    "villagecode": "043",
    "villagename": "Kondappanayanapalli",
    "villagetname": "கொண்டப்பநாயனப்பள்ளி                                                                                                          "
  },
  {
    "villagecode": "074",
    "villagename": "Kondepalli",
    "villagetname": "கொண்டேப்பள்ளி                                                                                                                "
  },
  {
    "villagecode": "027",
    "villagename": "Konganapalli",
    "villagetname": "கொங்கனப்பள்ளி                                                                                                                "
  },
  {
    "villagecode": "072",
    "villagename": "Kothapeta",
    "villagetname": "கொத்தபேட்டா                                                                                                                  "
  },
  {
    "villagecode": "126",
    "villagename": "Kothigutlapalli",
    "villagetname": "கோதிகுட்லப்பள்ளி                                                                                                             "
  },
  {
    "villagecode": "071",
    "villagename": "Krishnagiri",
    "villagetname": "கிருஷ்ணகிரி                                                                                                                  "
  },
  {
    "villagecode": "006",
    "villagename": "Krishnappanaickanpodur",
    "villagetname": "கிருஷ்ணப்பநாயக்கன்போடுர்                                                                                                     "
  },
  {
    "villagecode": "067",
    "villagename": "Kundharappalli",
    "villagetname": "குந்தாரப்பள்ளி                                                                                                               "
  },
  {
    "villagecode": "059",
    "villagename": "Kuppachiparai",
    "villagetname": "குப்பாச்சிப்பாறை                                                                                                             "
  },
  {
    "villagecode": "064",
    "villagename": "Kurubarapalli",
    "villagetname": "குருபரப்பள்ளி                                                                                                                "
  },
  {
    "villagecode": "058",
    "villagename": "Lakkabathalapalli",
    "villagetname": "லக்கபத்தலப்பள்ளி                                                                                                             "
  },
  {
    "villagecode": "024",
    "villagename": "Manavaranapalli",
    "villagetname": "மணவாரனப்பள்ளி                                                                                                                "
  },
  {
    "villagecode": "057",
    "villagename": "Marasandiram",
    "villagetname": "மாரசந்திரம்                                                                                                                  "
  },
  {
    "villagecode": "107",
    "villagename": "Marichettihalli-1",
    "villagetname": "மாரிசெட்டிஹள்ளி-1                                                                                                            "
  },
  {
    "villagecode": "907",
    "villagename": "Marichettihalli - 2",
    "villagetname": "மாரிசெட்டிஹள்ளி-2                                                                                                            "
  },
  {
    "villagecode": "086",
    "villagename": "Marikkampalli",
    "villagetname": "மரிக்கம்பள்ளி                                                                                                                "
  },
  {
    "villagecode": "099",
    "villagename": "Mittahalli-1",
    "villagetname": "மிட்டஹள்ளி-1                                                                                                                 "
  },
  {
    "villagecode": "999",
    "villagename": "Mittahalli - 2",
    "villagetname": "மிட்டஹள்ளி-2                                                                                                                 "
  },
  {
    "villagecode": "106",
    "villagename": "Mottur",
    "villagetname": "மோட்டுர்                                                                                                                     "
  },
  {
    "villagecode": "036",
    "villagename": "Nachikuppam",
    "villagetname": "நாச்சிகுப்பம்                                                                                                                "
  },
  {
    "villagecode": "047",
    "villagename": "Naduvanapalli",
    "villagetname": "நாடுவனப்பள்ளி                                                                                                                "
  },
  {
    "villagecode": "011",
    "villagename": "Nallur",
    "villagetname": "நல்லூர்                                                                                                                      "
  },
  {
    "villagecode": "127",
    "villagename": "Naralapalli",
    "villagetname": "நாரலப்பள்ளி                                                                                                                  "
  },
  {
    "villagecode": "018",
    "villagename": "Neralagiri",
    "villagetname": "நேரலகிரி                                                                                                                     "
  },
  {
    "villagecode": "012",
    "villagename": "Nimmalvadi",
    "villagetname": "நிம்மல்வாடி                                                                                                                  "
  },
  {
    "villagecode": "003",
    "villagename": "Oddappalli",
    "villagetname": "ஒட்டப்பள்ளி                                                                                                                  "
  },
  {
    "villagecode": "104",
    "villagename": "Paiyur-1",
    "villagetname": "பையூர்-1                                                                                                                     "
  },
  {
    "villagecode": "904",
    "villagename": "Paiyur - 2",
    "villagetname": "பையூர்-2                                                                                                                     "
  },
  {
    "villagecode": "054",
    "villagename": "Pandikurikki",
    "villagetname": "பந்திகுறிக்கி                                                                                                                "
  },
  {
    "villagecode": "035",
    "villagename": "Pannapalli",
    "villagetname": "பண்ணப்பள்ளி                                                                                                                  "
  },
  {
    "villagecode": "125",
    "villagename": "Peddanapalli",
    "villagetname": "பெத்தனப்பள்ளி                                                                                                                "
  },
  {
    "villagecode": "108",
    "villagename": "Pennaswaramadam-1",
    "villagetname": "பென்னேஸ்வரமடம்- 1                                                                                                            "
  },
  {
    "villagecode": "908",
    "villagename": "Pennaswaramadam - 2",
    "villagetname": "பென்னேஸ்வரமடம்- 2                                                                                                            "
  },
  {
    "villagecode": "092",
    "villagename": "Periyamuthur",
    "villagetname": "பெரியமுத்தூர்-1                                                                                                              "
  },
  {
    "villagecode": "992",
    "villagename": "Periyamuthur - 2",
    "villagetname": "பெரியமுத்தூர்-2                                                                                                              "
  },
  {
    "villagecode": "088",
    "villagename": "Pethatalapalli",
    "villagetname": "பெத்ததாலப்பள்ளி                                                                                                              "
  },
  {
    "villagecode": "065",
    "villagename": "Polupalli",
    "villagetname": "போலுப்பள்ளி                                                                                                                  "
  },
  {
    "villagecode": "055",
    "villagename": "Ponnappagaunipalli",
    "villagetname": "பொன்னப்பகவுனிப்பள்ளி                                                                                                         "
  },
  {
    "villagecode": "063",
    "villagename": "Puliyancheri",
    "villagetname": "புளியஞ்சேரி                                                                                                                  "
  },
  {
    "villagecode": "041",
    "villagename": "Puram",
    "villagetname": "புரம்                                                                                                                        "
  },
  {
    "villagecode": "017",
    "villagename": "Ragimaganapalli",
    "villagetname": "ராகிமாகனப்பள்ளி                                                                                                              "
  },
  {
    "villagecode": "077",
    "villagename": "Ragimaganapalli",
    "villagetname": "ராகிமாகனபள்ளி                                                                                                                "
  },
  {
    "villagecode": "021",
    "villagename": "Seeranapalli",
    "villagetname": "சீரனப்பள்ளி                                                                                                                  "
  },
  {
    "villagecode": "079",
    "villagename": "Sembadamuthur",
    "villagetname": "செம்படமுத்தூர்                                                                                                               "
  },
  {
    "villagecode": "019",
    "villagename": "Sigaralapalli",
    "villagetname": "சிகரலப்பள்ளி                                                                                                                 "
  },
  {
    "villagecode": "028",
    "villagename": "Sigaramaganapalli",
    "villagetname": "சிகரமாகனப்பள்ளி                                                                                                              "
  },
  {
    "villagecode": "023",
    "villagename": "Singiripalli",
    "villagetname": "சிங்கிரிப்பள்ளி                                                                                                              "
  },
  {
    "villagecode": "094",
    "villagename": "Sokkadi",
    "villagetname": "சோக்காடி                                                                                                                     "
  },
  {
    "villagecode": "053",
    "villagename": "Sulamalai",
    "villagetname": "சூலாமலை                                                                                                                      "
  },
  {
    "villagecode": "096",
    "villagename": "Sundekuppam-1",
    "villagetname": "சுண்டேகுப்பம்-1                                                                                                              "
  },
  {
    "villagecode": "996",
    "villagename": "Sundekuppam - 2",
    "villagetname": "சுண்டேகுப்பம்-2                                                                                                              "
  },
  {
    "villagecode": "049",
    "villagename": "Talippalli",
    "villagetname": "தளிப்பள்ளி                                                                                                                   "
  },
  {
    "villagecode": "014",
    "villagename": "Tankadikuppam",
    "villagetname": "தங்காடிகுப்பம்                                                                                                               "
  },
  {
    "villagecode": "051",
    "villagename": "Thadatharai",
    "villagetname": "தடத்தாரை                                                                                                                     "
  },
  {
    "villagecode": "111",
    "villagename": "Thalihalli-1",
    "villagetname": "தளிஹள்ளி-1                                                                                                                   "
  },
  {
    "villagecode": "911",
    "villagename": "Thalihalli - 2",
    "villagetname": "தளிஹள்ளி-2                                                                                                                   "
  },
  {
    "villagecode": "105",
    "villagename": "Thatrahalli",
    "villagetname": "தட்ரஹள்ளி                                                                                                                    "
  },
  {
    "villagecode": "009",
    "villagename": "Theertham",
    "villagetname": "தீர்த்தம்                                                                                                                    "
  },
  {
    "villagecode": "097",
    "villagename": "Thimmapuram-1",
    "villagetname": "திம்மாபுரம்-1                                                                                                                "
  },
  {
    "villagecode": "997",
    "villagename": "Thimmapuram - 2",
    "villagetname": "திம்மாபுரம்-2                                                                                                                "
  },
  {
    "villagecode": "029",
    "villagename": "Thottakanama",
    "villagetname": "தொட்டகனமா                                                                                                                    "
  },
  {
    "villagecode": "030",
    "villagename": "Undiganatham",
    "villagetname": "உண்டிகாநத்தம்                                                                                                                "
  },
  {
    "villagecode": "084",
    "villagename": "Velagalahalli",
    "villagetname": "வெலகலஹள்ளி                                                                                                                   "
  },
  {
    "villagecode": "032",
    "villagename": "Veppanapalli",
    "villagetname": "வேப்பனப்பள்ளி                                                                                                                "
  },
  {
    "villagecode": "042",
    "villagename": "Verupasandiram",
    "villagetname": "விருப்பசந்திரம்                                                                                                              "
  },
  {
    "villagecode": "052",
    "villagename": "V.Madepalli",
    "villagetname": "வி.மாதேப்பள்ளி                                                                                                               "
  }
]
