[
  {
    "villagecode": "007",
    "villagename": "Enchambakkam             ",
    "villagetname": "ஈஞ்சம்பாக்கம்                                                                                                                "
  },
  {
    "villagecode": "012",
    "villagename": "Jalladianpattai          ",
    "villagetname": "ஜல்லடியான்பேட்டை                                                                                                             "
  },
  {
    "villagecode": "008",
    "villagename": "Karappakam               ",
    "villagetname": "காரப்பாக்கம்                                                                                                                 "
  },
  {
    "villagecode": "002",
    "villagename": "Kottivakkam              ",
    "villagetname": "கொட்டிவாக்கம்                                                                                                                "
  },
  {
    "villagecode": "011",
    "villagename": "Madipakam   - 1          ",
    "villagetname": "மடிப்பாக்கம்  - 1                                                                                                            "
  },
  {
    "villagecode": "017",
    "villagename": "Madipakkam- 2            ",
    "villagetname": "மடிப்பாக்கம் - 2                                                                                                             "
  },
  {
    "villagecode": "006",
    "villagename": "Neelangarai              ",
    "villagetname": "நீலாங்கரை                                                                                                                    "
  },
  {
    "villagecode": "009",
    "villagename": "Okkkiyam Thorambakka     ",
    "villagetname": "ஒக்கியம்துரைப்பாக்கம்                                                                                                        "
  },
  {
    "villagecode": "003",
    "villagename": "Palavakam                ",
    "villagetname": "பாலவாக்கம்                                                                                                                   "
  },
  {
    "villagecode": "010",
    "villagename": "Pallikaranai             ",
    "villagetname": "பள்ளிக்கரணை                                                                                                                  "
  },
  {
    "villagecode": "004",
    "villagename": "Perunkudi                ",
    "villagetname": "பெருங்குடி                                                                                                                   "
  },
  {
    "villagecode": "005",
    "villagename": "Seevaram                 ",
    "villagetname": "சீவரம்                                                                                                                       "
  },
  {
    "villagecode": "013",
    "villagename": "Sholinganallur- 1        ",
    "villagetname": "சோழிங்கநல்லூர்-1                                                                                                             "
  },
  {
    "villagecode": "016",
    "villagename": "Sholinganallur - 2       ",
    "villagetname": "சோழிங்கநல்லூர்-2                                                                                                             "
  },
  {
    "villagecode": "001",
    "villagename": "Uallakaram               ",
    "villagetname": "உள்ளகரம்                                                                                                                     "
  },
  {
    "villagecode": "015",
    "villagename": "Uttandi                  ",
    "villagetname": "உத்தண்டி                                                                                                                     "
  }
]
