[
  {
    "villagecode": "026",
    "villagename": "Aalathambadi",
    "villagetname": "ஆலத்தம்பாடி"
  },
  {
    "villagecode": "010",
    "villagename": "Aalivalam",
    "villagetname": "ஆலிவலம்"
  },
  {
    "villagecode": "013",
    "villagename": "Aandankarai",
    "villagetname": "ஆண்டாங்கரை"
  },
  {
    "villagecode": "059",
    "villagename": "Aariyalur",
    "villagetname": "ஆரியலூர்"
  },
  {
    "villagecode": "016",
    "villagename": "Ammanur                  ",
    "villagetname": "அம்மனூர்"
  },
  {
    "villagecode": "011",
    "villagename": "Athanur",
    "villagetname": "ஆதனூர்"
  },
  {
    "villagecode": "052",
    "villagename": "Athirangam",
    "villagetname": "ஆதிரங்கம்"
  },
  {
    "villagecode": "093",
    "villagename": "Chetiyamoolai 3-1",
    "villagetname": "செட்டியமூலை 3-1"
  },
  {
    "villagecode": "030",
    "villagename": "Deevammapuram",
    "villagetname": "தீவம்மாபுரம்"
  },
  {
    "villagecode": "069",
    "villagename": "Ekkal                    ",
    "villagetname": "எக்கல்"
  },
  {
    "villagecode": "034",
    "villagename": "Elilur",
    "villagetname": "எழிலூர்"
  },
  {
    "villagecode": "064",
    "villagename": "Idaiyur",
    "villagetname": "இடையூர்"
  },
  {
    "villagecode": "025",
    "villagename": "Kachchanam",
    "villagetname": "கச்சனம்"
  },
  {
    "villagecode": "094",
    "villagename": "Kaduva Kottamangalam 3-2",
    "villagetname": "காடுவா கொத்தமங்கலம் 3-2"
  },
  {
    "villagecode": "055",
    "villagename": "Kallikkudi               ",
    "villagetname": "கள்ளிக்குடி"
  },
  {
    "villagecode": "053",
    "villagename": "Kattimedu",
    "villagetname": "கட்டிமேடு"
  },
  {
    "villagecode": "066",
    "villagename": "Keela Pandi",
    "villagetname": "கீழ பாண்டி"
  },
  {
    "villagecode": "071",
    "villagename": "Keelaperumalai",
    "villagetname": "கீழப்பெருமழை"
  },
  {
    "villagecode": "014",
    "villagename": "Keeralathur",
    "villagetname": "கீராளத்தூர்"
  },
  {
    "villagecode": "007",
    "villagename": "Kerakkalur",
    "villagetname": "கீரக்களுர்"
  },
  {
    "villagecode": "039",
    "villagename": "Kokkaladi                ",
    "villagetname": "கொக்காலடி"
  },
  {
    "villagecode": "012",
    "villagename": "Komal                    ",
    "villagetname": "கோமல்"
  },
  {
    "villagecode": "050",
    "villagename": "Korukkai                 ",
    "villagetname": "கொருக்கை"
  },
  {
    "villagecode": "031",
    "villagename": "Kothamangalam",
    "villagetname": "கொத்தமங்கலம்"
  },
  {
    "villagecode": "070",
    "villagename": "Kunnalur                 ",
    "villagetname": "குன்னலூர்"
  },
  {
    "villagecode": "005",
    "villagename": "Kunnur                   ",
    "villagetname": "குன்னூர்"
  },
  {
    "villagecode": "028",
    "villagename": "Kurumbal                 ",
    "villagetname": "குரும்பல்"
  },
  {
    "villagecode": "041",
    "villagename": "Manali                   ",
    "villagetname": "மணலி"
  },
  {
    "villagecode": "058",
    "villagename": "Mangudi                  ",
    "villagetname": "மாங்குடி"
  },
  {
    "villagecode": "057",
    "villagename": "Maruthavanam",
    "villagetname": "மருதவனம்"
  },
  {
    "villagecode": "068",
    "villagename": "Mela Maruthur",
    "villagetname": "மேல மருதூர்"
  },
  {
    "villagecode": "072",
    "villagename": "Melaperumalai",
    "villagetname": "மேலப்பெருமழை"
  },
  {
    "villagecode": "004",
    "villagename": "Mettupalaiyam",
    "villagetname": "மேட்டுபாளையம்"
  },
  {
    "villagecode": "035",
    "villagename": "Nedumbalam               ",
    "villagetname": "நெடும்பலம்"
  },
  {
    "villagecode": "033",
    "villagename": "Nunakkadu",
    "villagetname": "நுணாக்காடு"
  },
  {
    "villagecode": "065",
    "villagename": "Ovarur                   ",
    "villagetname": "ஓவரூர்"
  },
  {
    "villagecode": "027",
    "villagename": "Palaiyangudi",
    "villagetname": "பழையங்குடி"
  },
  {
    "villagecode": "038",
    "villagename": "Pamani                   ",
    "villagetname": "பாமணி"
  },
  {
    "villagecode": "001",
    "villagename": "Panaiyur                 ",
    "villagetname": "பனையூர்"
  },
  {
    "villagecode": "054",
    "villagename": "Pandi",
    "villagetname": "பாண்டி"
  },
  {
    "villagecode": "067",
    "villagename": "Pitchankottagam",
    "villagetname": "பிச்சங்கோட்டகம்"
  },
  {
    "villagecode": "009",
    "villagename": "Poosalaangudi",
    "villagetname": "பூசலாங்குடி"
  },
  {
    "villagecode": "003",
    "villagename": "Rayanallur",
    "villagetname": "ராயநல்லூர்"
  },
  {
    "villagecode": "042",
    "villagename": "Sathangudi",
    "villagetname": "சாத்தங்குடி"
  },
  {
    "villagecode": "051",
    "villagename": "Segal",
    "villagetname": "சேகல்"
  },
  {
    "villagecode": "036",
    "villagename": "Sinkalanthi",
    "villagetname": "சிங்களாந்தி"
  },
  {
    "villagecode": "095",
    "villagename": "Thesingurasapuram 38-1",
    "villagetname": "தேசிங்குராசபுரம் 38-1"
  },
  {
    "villagecode": "002",
    "villagename": "Thirupathur",
    "villagetname": "திருப்பத்தூர்"
  },
  {
    "villagecode": "015",
    "villagename": "Thiruthankur",
    "villagetname": "திருத்தங்கூர்"
  },
  {
    "villagecode": "037",
    "villagename": "Thiruthuraipoondi",
    "villagetname": "திருத்துறைப்பூண்டி"
  },
  {
    "villagecode": "006",
    "villagename": "Thiruvalanjuli",
    "villagetname": "திருவலஞ்சுழி"
  },
  {
    "villagecode": "056",
    "villagename": "Vanga Nagar",
    "villagetname": "வங்க நகர்"
  },
  {
    "villagecode": "029",
    "villagename": "Velur                    ",
    "villagetname": "வேளூர்"
  },
  {
    "villagecode": "099",
    "villagename": "Vilaankadu 86-3",
    "villagetname": "விளாங்காடு 86-3"
  },
  {
    "villagecode": "008",
    "villagename": "Vilakkudi",
    "villagetname": "விளக்குடி"
  },
  {
    "villagecode": "017",
    "villagename": "Vilathur",
    "villagetname": "விளத்தூர்"
  }
]
