[
  {
    "villagecode": "146",
    "villagename": "Agaramthen",
    "villagetname": "அகரம் தென்                                                                                                                   "
  },
  {
    "villagecode": "157",
    "villagename": "Arasankalani             ",
    "villagetname": "அரசன்கழனி                                                                                                                    "
  },
  {
    "villagecode": "129",
    "villagename": "Chitlapakkam             ",
    "villagetname": "சிட்லபாக்கம்                                                                                                                 "
  },
  {
    "villagecode": "155",
    "villagename": "Chittallapakkam          ",
    "villagetname": "சித்தாலப்பாக்கம்                                                                                                             "
  },
  {
    "villagecode": "141",
    "villagename": "Gowrivakkam              ",
    "villagetname": "கௌரிவாக்கம்                                                                                                                  "
  },
  {
    "villagecode": "144",
    "villagename": "Kaspapuram               ",
    "villagetname": "கஸ்பாபுரம்                                                                                                                   "
  },
  {
    "villagecode": "147",
    "villagename": "Kovilacheri              ",
    "villagetname": "கோவிலாஞ்சேரி                                                                                                                 "
  },
  {
    "villagecode": "153",
    "villagename": "Kovilambakkam            ",
    "villagetname": "கோவிலம்பாக்கம்                                                                                                               "
  },
  {
    "villagecode": "143",
    "villagename": "Madambakkam              ",
    "villagetname": "மாடம்பாக்கம்                                                                                                                 "
  },
  {
    "villagecode": "149",
    "villagename": "Madurapakam              ",
    "villagetname": "மதுரப்பாக்கம்                                                                                                                "
  },
  {
    "villagecode": "151",
    "villagename": "Meedavakkam              ",
    "villagetname": "மேடவாக்கம்                                                                                                                   "
  },
  {
    "villagecode": "135",
    "villagename": "Mudichur                 ",
    "villagetname": "முடிச்சூர்                                                                                                                   "
  },
  {
    "villagecode": "150",
    "villagename": "Mulacheri                ",
    "villagetname": "மூலச்சேரி                                                                                                                    "
  },
  {
    "villagecode": "152",
    "villagename": "Nanmangalam              ",
    "villagetname": "நன்மங்கலம்                                                                                                                   "
  },
  {
    "villagecode": "156",
    "villagename": "Otiyampakam              ",
    "villagetname": "ஒட்டியம்பாக்கம்                                                                                                              "
  },
  {
    "villagecode": "136",
    "villagename": "Peerkkararanai           ",
    "villagetname": "பீர்க்கங்கரணை                                                                                                                "
  },
  {
    "villagecode": "158",
    "villagename": "Perumpakkam",
    "villagetname": "பெரும்பாக்கம்"
  },
  {
    "villagecode": "134",
    "villagename": "Perunkalathur            ",
    "villagetname": "பெருங்களத்தூர்                                                                                                               "
  },
  {
    "villagecode": "140",
    "villagename": "Rajakizhpakkam           ",
    "villagetname": "இராஜகீழ்பாக்கம்                                                                                                              "
  },
  {
    "villagecode": "128",
    "villagename": "Sembakkam                ",
    "villagetname": "செம்பாக்கம்                                                                                                                  "
  },
  {
    "villagecode": "138",
    "villagename": "Thiruvancherri           ",
    "villagetname": "திருவஞ்சேரி                                                                                                                  "
  },
  {
    "villagecode": "154",
    "villagename": "Vengaivasal              ",
    "villagetname": "வேங்கைவாசல்                                                                                                                  "
  },
  {
    "villagecode": "145",
    "villagename": "Vengapakkam              ",
    "villagetname": "வெங்கப்பாக்கம்                                                                                                               "
  }
]
