[
  {
    "villagecode": "059",
    "villagename": "059 Kummangudi           ",
    "villagetname": "கும்மங்குடி 059                                                                                                              "
  },
  {
    "villagecode": "082",
    "villagename": "Adugapatti               ",
    "villagetname": "அடுகப்பட்டி                                                                                                                  "
  },
  {
    "villagecode": "109",
    "villagename": "Agavayal                 ",
    "villagetname": "அகவயல் 109                                                                                                                   "
  },
  {
    "villagecode": "121",
    "villagename": "Akavayal                 ",
    "villagetname": "அகவயல் 121                                                                                                                   "
  },
  {
    "villagecode": "077",
    "villagename": "Alavayal                 ",
    "villagetname": "ஆலவயல்                                                                                                                       "
  },
  {
    "villagecode": "123",
    "villagename": "Allanvayal               ",
    "villagetname": "அல்லன்வயல்                                                                                                                   "
  },
  {
    "villagecode": "124",
    "villagename": "Anigini                  ",
    "villagetname": "அனிக்கினி                                                                                                                    "
  },
  {
    "villagecode": "092",
    "villagename": "Aranmanaipatti           ",
    "villagetname": "அரண்மனைப்பட்டி                                                                                                               "
  },
  {
    "villagecode": "065",
    "villagename": "Arasanthampatti          ",
    "villagetname": "அரசந்தம்பட்டி                                                                                                                "
  },
  {
    "villagecode": "105",
    "villagename": "Arimalam                 ",
    "villagetname": "அரிமளம்                                                                                                                      "
  },
  {
    "villagecode": "091",
    "villagename": "Athanur                  ",
    "villagetname": "ஆதனூர்                                                                                                                       "
  },
  {
    "villagecode": "017",
    "villagename": "Athur                    ",
    "villagetname": "ஆத்தூர்                                                                                                                      "
  },
  {
    "villagecode": "125",
    "villagename": "Chittampatti             ",
    "villagetname": "சிட்டாம்பட்டி                                                                                                                "
  },
  {
    "villagecode": "068",
    "villagename": "Chokkanathappatti        ",
    "villagetname": "சொக்கநாதபட்டி                                                                                                                "
  },
  {
    "villagecode": "127",
    "villagename": "Edaiyan Vayal            ",
    "villagetname": "இடையன்வயல்                                                                                                                   "
  },
  {
    "villagecode": "072",
    "villagename": "Ennapatti                ",
    "villagetname": "ஏனப்பட்டி                                                                                                                    "
  },
  {
    "villagecode": "070",
    "villagename": "Ilanjavur                ",
    "villagetname": "இளஞ்சாவூர்                                                                                                                   "
  },
  {
    "villagecode": "063",
    "villagename": "Kadamba Vayal            ",
    "villagetname": "கடம்பவயல்                                                                                                                    "
  },
  {
    "villagecode": "118",
    "villagename": "Kaikulanvayal            ",
    "villagetname": "கைக்குளன்வயல்                                                                                                                "
  },
  {
    "villagecode": "094",
    "villagename": "Kannakarankudi           ",
    "villagetname": "கண்ணங்காரக்குடி                                                                                                              "
  },
  {
    "villagecode": "019",
    "villagename": "Kannanur                 ",
    "villagetname": "கண்ணணூர்                                                                                                                     "
  },
  {
    "villagecode": "021",
    "villagename": "Kannanur Ii Bit          ",
    "villagetname": "கண்ணணூர் 2 பிட்                                                                                                              "
  },
  {
    "villagecode": "120",
    "villagename": "Karamangalam             ",
    "villagetname": "காரமங்கலம்                                                                                                                   "
  },
  {
    "villagecode": "106",
    "villagename": "Kelapannaiur             ",
    "villagetname": "கீழப்பனையூர்                                                                                                                 "
  },
  {
    "villagecode": "090",
    "villagename": "Konappattu               ",
    "villagetname": "கோனாபட்டு                                                                                                                    "
  },
  {
    "villagecode": "060",
    "villagename": "Koottur                  ",
    "villagetname": "கோட்டூர்                                                                                                                     "
  },
  {
    "villagecode": "069",
    "villagename": "Kottaiur                 ",
    "villagetname": "கோட்டையூர்                                                                                                                   "
  },
  {
    "villagecode": "058",
    "villagename": "Kulamangalam             ",
    "villagetname": "குலமங்கலம்                                                                                                                   "
  },
  {
    "villagecode": "079",
    "villagename": "Kulathupatti             ",
    "villagetname": "குளத்துப்பட்டி                                                                                                               "
  },
  {
    "villagecode": "024",
    "villagename": "Kulipirai                ",
    "villagetname": "குழிபிறை                                                                                                                     "
  },
  {
    "villagecode": "112",
    "villagename": "Kummankudy               ",
    "villagetname": "கும்மங்குடி 112                                                                                                              "
  },
  {
    "villagecode": "081",
    "villagename": "Kunnathupatti            ",
    "villagetname": "குன்னத்துப்பட்டி                                                                                                             "
  },
  {
    "villagecode": "128",
    "villagename": "Kurichi                  ",
    "villagetname": "குறிச்சி                                                                                                                     "
  },
  {
    "villagecode": "073",
    "villagename": "Lempalakudi              ",
    "villagetname": "லெம்பலக்குடி                                                                                                                 "
  },
  {
    "villagecode": "061",
    "villagename": "Mallankudi               ",
    "villagetname": "மல்லாங்குடி                                                                                                                  "
  },
  {
    "villagecode": "086",
    "villagename": "Manchinipatti            ",
    "villagetname": "மஞ்சினிப்பட்டி                                                                                                               "
  },
  {
    "villagecode": "076",
    "villagename": "Mealur                   ",
    "villagetname": "மேலூர்                                                                                                                       "
  },
  {
    "villagecode": "113",
    "villagename": "Melanilaivayal           ",
    "villagetname": "மேல்நிலைவயல்                                                                                                                 "
  },
  {
    "villagecode": "023",
    "villagename": "Melappanayur             ",
    "villagetname": "மேலப்பனையூர்                                                                                                                 "
  },
  {
    "villagecode": "108",
    "villagename": "Melivayal                ",
    "villagetname": "மேலிவயல்                                                                                                                     "
  },
  {
    "villagecode": "083",
    "villagename": "Meyapuram                ",
    "villagetname": "மெய்யபுரம்                                                                                                                   "
  },
  {
    "villagecode": "103",
    "villagename": "Mirattunilai             ",
    "villagetname": "மிரட்டுநிலை                                                                                                                  "
  },
  {
    "villagecode": "116",
    "villagename": "Nalambalsamuthiram       ",
    "villagetname": "நல்லம்பாள் சமுத்திரம்                                                                                                        "
  },
  {
    "villagecode": "074",
    "villagename": "Neikkonam                ",
    "villagetname": "நெய்க்கோணம்                                                                                                                  "
  },
  {
    "villagecode": "085",
    "villagename": "Neivasal                 ",
    "villagetname": "நெய்வாசல்                                                                                                                    "
  },
  {
    "villagecode": "095",
    "villagename": "Nudunkudi                ",
    "villagetname": "நெடுங்குடி                                                                                                                   "
  },
  {
    "villagecode": "093",
    "villagename": "Oonaiur                  ",
    "villagetname": "ஊனையூர்                                                                                                                      "
  },
  {
    "villagecode": "088",
    "villagename": "Pallivasal               ",
    "villagetname": "பள்ளிவாசல்                                                                                                                   "
  },
  {
    "villagecode": "096",
    "villagename": "Panangudi                ",
    "villagetname": "பணங்குடி                                                                                                                     "
  },
  {
    "villagecode": "062",
    "villagename": "Pelakudipatti            ",
    "villagetname": "பிலாக்குடிப்பட்டி                                                                                                            "
  },
  {
    "villagecode": "064",
    "villagename": "Peraiyur                 ",
    "villagetname": "பேரையூர்                                                                                                                     "
  },
  {
    "villagecode": "075",
    "villagename": "Perundurai               ",
    "villagetname": "பெருந்துறை                                                                                                                   "
  },
  {
    "villagecode": "100",
    "villagename": "Perunkudi                ",
    "villagetname": "பெருங்குடி                                                                                                                   "
  },
  {
    "villagecode": "067",
    "villagename": "Pilivalam                ",
    "villagetname": "பிலிவலம்                                                                                                                     "
  },
  {
    "villagecode": "117",
    "villagename": "Piliyavayal              ",
    "villagetname": "பிலியவயல்                                                                                                                    "
  },
  {
    "villagecode": "084",
    "villagename": "Pillamangalam            ",
    "villagetname": "பில்லமங்கலம்                                                                                                                 "
  },
  {
    "villagecode": "101",
    "villagename": "Poovampatti              ",
    "villagetname": "பூவம்பட்டி                                                                                                                   "
  },
  {
    "villagecode": "114",
    "villagename": "Pudunilaivayal           ",
    "villagetname": "புதுநிலைவயல்                                                                                                                 "
  },
  {
    "villagecode": "018",
    "villagename": "Rangiayam                ",
    "villagetname": "ராங்கியம்                                                                                                                    "
  },
  {
    "villagecode": "057",
    "villagename": "Rarapuram                ",
    "villagetname": "ராராபுரம்                                                                                                                    "
  },
  {
    "villagecode": "099",
    "villagename": "Rayaregunathasamuthiram  ",
    "villagetname": "ராயரெகுநாதசமுத்திரம்                                                                                                         "
  },
  {
    "villagecode": "098",
    "villagename": "Rayavaram                ",
    "villagetname": "ராயவரம்                                                                                                                      "
  },
  {
    "villagecode": "115",
    "villagename": "Rayavaram                ",
    "villagetname": "கே.ராயபுரம் 115                                                                                                              "
  },
  {
    "villagecode": "107",
    "villagename": "Samanthanvayal           ",
    "villagetname": "சாமந்தன்வயல்                                                                                                                 "
  },
  {
    "villagecode": "110",
    "villagename": "Samuthiram               ",
    "villagetname": "சமுத்திரம்                                                                                                                   "
  },
  {
    "villagecode": "087",
    "villagename": "Seerathakudi             ",
    "villagetname": "சீராத்தக்குடி                                                                                                                "
  },
  {
    "villagecode": "097",
    "villagename": "Sengeerai                ",
    "villagetname": "செங்கீரை                                                                                                                     "
  },
  {
    "villagecode": "104",
    "villagename": "Sirayampatti             ",
    "villagetname": "சிராயம்பட்டி                                                                                                                 "
  },
  {
    "villagecode": "119",
    "villagename": "Thalaiyathivayal         ",
    "villagetname": "தலையாத்திவயல்                                                                                                                "
  },
  {
    "villagecode": "066",
    "villagename": "Thekkattur               ",
    "villagetname": "தேக்காட்டூர்                                                                                                                 "
  },
  {
    "villagecode": "071",
    "villagename": "Thirumayam               ",
    "villagetname": "திருமயம்                                                                                                                     "
  },
  {
    "villagecode": "080",
    "villagename": "Thulaiyanur              ",
    "villagetname": "துளையானூர்                                                                                                                   "
  },
  {
    "villagecode": "111",
    "villagename": "Thuraiur                 ",
    "villagetname": "துறையூர்                                                                                                                     "
  },
  {
    "villagecode": "020",
    "villagename": "Thuruvasapuram           ",
    "villagetname": "துருவாசபுரம்                                                                                                                 "
  },
  {
    "villagecode": "126",
    "villagename": "Valaramanickam           ",
    "villagetname": "வாளரமாணிக்கம்                                                                                                                "
  },
  {
    "villagecode": "102",
    "villagename": "Valayam Patty            ",
    "villagetname": "வலயம்பட்டி                                                                                                                   "
  },
  {
    "villagecode": "122",
    "villagename": "Velavayal                ",
    "villagetname": "வேலவயல்                                                                                                                      "
  },
  {
    "villagecode": "089",
    "villagename": "Vengalur                 ",
    "villagetname": "வெங்களூர்                                                                                                                    "
  },
  {
    "villagecode": "221",
    "villagename": "Verachilai I Bit         ",
    "villagetname": "விராச்சிலை 1 பிட்                                                                                                            "
  },
  {
    "villagecode": "222",
    "villagename": "Virachilai Ii Bit        ",
    "villagetname": "விராச்சிலை 2 பிட்                                                                                                            "
  },
  {
    "villagecode": "078",
    "villagename": "Vnnivilanthanvayal       ",
    "villagetname": "வன்னியிளந்தான்வயல்                                                                                                           "
  }
]
