[
  {
    "villagecode": "026",
    "villagename": "Athanakottai             ",
    "villagetname": "ஆதனக்கோட்டை                                                                                                                                           "
  },
  {
    "villagecode": "027",
    "villagename": "Chokanathampatti         ",
    "villagetname": "சொக்கநாதப்பட்டி                                                                                                                                       "
  },
  {
    "villagecode": "001",
    "villagename": "Eagavayal                ",
    "villagetname": "ஏகவயல்                                                                                                                                                "
  },
  {
    "villagecode": "039",
    "villagename": "Ganapathipuram           ",
    "villagetname": "கணபதிபுரம்                                                                                                                                            "
  },
  {
    "villagecode": "022",
    "villagename": "Ichadi I Bit             ",
    "villagetname": "இச்சடி 1 பிட்                                                                                                                                         "
  },
  {
    "villagecode": "021",
    "villagename": "Ichadi Ii Bit            ",
    "villagetname": "இச்சடி 2 பிட்                                                                                                                                         "
  },
  {
    "villagecode": "018",
    "villagename": "Iyyavayal                ",
    "villagetname": "அய்யாவயல்                                                                                                                                             "
  },
  {
    "villagecode": "028",
    "villagename": "Kallukaranpatti          ",
    "villagetname": "கல்லுக்காரன்பட்டி                                                                                                                                     "
  },
  {
    "villagecode": "015",
    "villagename": "Kavinadu East            ",
    "villagetname": "கவிநாடு கிழக்கு                                                                                                                                       "
  },
  {
    "villagecode": "014",
    "villagename": "Kavinadu West            ",
    "villagetname": "கவிநாடு மேற்கு                                                                                                                                        "
  },
  {
    "villagecode": "006",
    "villagename": "Kedayapatti              ",
    "villagetname": "கேடயப்பட்டி                                                                                                                                           "
  },
  {
    "villagecode": "030",
    "villagename": "Kippaiyanpatti           ",
    "villagetname": "குப்பையன்பட்டி                                                                                                                                        "
  },
  {
    "villagecode": "033",
    "villagename": "Kulavaipatti             ",
    "villagetname": "குளவாய்ப்பட்டி                                                                                                                                        "
  },
  {
    "villagecode": "004",
    "villagename": "Kuruchipatti             ",
    "villagetname": "குறிச்சிப்பட்டி                                                                                                                                       "
  },
  {
    "villagecode": "032",
    "villagename": "Manaviduthi              ",
    "villagetname": "மணவிடுதி                                                                                                                                              "
  },
  {
    "villagecode": "024",
    "villagename": "Mangalathupatti          ",
    "villagetname": "மங்களத்துப்பட்டி                                                                                                                                      "
  },
  {
    "villagecode": "034",
    "villagename": "Mookampatti              ",
    "villagetname": "மூக்கம்பட்டி                                                                                                                                          "
  },
  {
    "villagecode": "019",
    "villagename": "Mullur                   ",
    "villagetname": "முள்ளூர்                                                                                                                                              "
  },
  {
    "villagecode": "011",
    "villagename": "Nathampannai             ",
    "villagetname": "நத்தம்பண்ணை                                                                                                                                           "
  },
  {
    "villagecode": "031",
    "villagename": "Nemmelipatti             ",
    "villagetname": "நெம்மேலிப்பட்டி                                                                                                                                       "
  },
  {
    "villagecode": "023",
    "villagename": "Perimkondanviduthi       ",
    "villagetname": "பெருங்கொண்டான்விடுதி                                                                                                                                  "
  },
  {
    "villagecode": "025",
    "villagename": "Perungalur               ",
    "villagetname": "பெருங்களூர்                                                                                                                                           "
  },
  {
    "villagecode": "171",
    "villagename": "Pudukkottai - North      ",
    "villagetname": "புதுக்கோட்டை வடக்கு                                                                                                                                   "
  },
  {
    "villagecode": "172",
    "villagename": "Pudukkottai - South      ",
    "villagetname": "புதுக்கோட்டை தெற்கு                                                                                                                                   "
  },
  {
    "villagecode": "037",
    "villagename": "Pulavankadu              ",
    "villagetname": "புலவன்காடு                                                                                                                                            "
  },
  {
    "villagecode": "013",
    "villagename": "Purakarainathampannai    ",
    "villagetname": "புறகரை நத்தம்பண்ணை                                                                                                                                    "
  },
  {
    "villagecode": "003",
    "villagename": "Puthambur                ",
    "villagetname": "புத்தாம்பூர்                                                                                                                                          "
  },
  {
    "villagecode": "035",
    "villagename": "Sammattividuthi          ",
    "villagetname": "சம்மட்டிவிடுதி                                                                                                                                        "
  },
  {
    "villagecode": "005",
    "villagename": "Sanivayal                ",
    "villagetname": "சாணிவயல்                                                                                                                                              "
  },
  {
    "villagecode": "012",
    "villagename": "Sellukudi                ",
    "villagetname": "செல்லுகுடி                                                                                                                                            "
  },
  {
    "villagecode": "002",
    "villagename": "Sempattur                ",
    "villagetname": "செம்பாட்டூர்                                                                                                                                          "
  },
  {
    "villagecode": "010",
    "villagename": "Siruvayal                ",
    "villagetname": "சிறுவயல்                                                                                                                                              "
  },
  {
    "villagecode": "007",
    "villagename": "Thattmapatti             ",
    "villagetname": "தட்டாம்பட்டி                                                                                                                                          "
  },
  {
    "villagecode": "008",
    "villagename": "Thennithirayanpatti      ",
    "villagetname": "தென்னதிரையான்பட்டி                                                                                                                                    "
  },
  {
    "villagecode": "016",
    "villagename": "Thirumalairayasamuthiram ",
    "villagetname": "திருமலைராயசமுத்திரம்                                                                                                                                  "
  },
  {
    "villagecode": "038",
    "villagename": "Thondamonoorani          ",
    "villagetname": "தொண்டைமான்ஊரணி                                                                                                                                        "
  },
  {
    "villagecode": "020",
    "villagename": "Vadavalam                ",
    "villagetname": "வடவாளம்                                                                                                                                               "
  },
  {
    "villagecode": "009",
    "villagename": "Vagavasal                ",
    "villagetname": "வாகவாசல்                                                                                                                                              "
  },
  {
    "villagecode": "029",
    "villagename": "Vannarapatti             ",
    "villagetname": "வண்ணாரப்பட்டி                                                                                                                                         "
  },
  {
    "villagecode": "036",
    "villagename": "Varappur                 ",
    "villagetname": "வாராப்பூர்                                                                                                                                            "
  }
]
