[
  {
    "villagecode": "023",
    "villagename": "Achchangulam             ",
    "villagetname": "அச்சங்குளம்                                                                                                                  "
  },
  {
    "villagecode": "009",
    "villagename": "A.Lakshmipuram           ",
    "villagetname": "ஏ.லட்சுமிபுரம்                                                                                                               "
  },
  {
    "villagecode": "004",
    "villagename": "Alangulam                ",
    "villagetname": "ஆலங்குளம்                                                                                                                    "
  },
  {
    "villagecode": "016",
    "villagename": "Appayyanayakkanpatti     ",
    "villagetname": "அப்பையநாயக்கனபட்டி                                                                                                           "
  },
  {
    "villagecode": "005",
    "villagename": "Edirkottai               ",
    "villagetname": "எதிர்கோட்டை                                                                                                                  "
  },
  {
    "villagecode": "032",
    "villagename": "Elayirampannai           ",
    "villagetname": "ஏழாயிரம்பண்ணை                                                                                                                "
  },
  {
    "villagecode": "010",
    "villagename": "Gopalapuram              ",
    "villagetname": "கோபாலபுரம்                                                                                                                   "
  },
  {
    "villagecode": "006",
    "villagename": "Kananjampatti            ",
    "villagetname": "கனஞ்சாம்பட்டி                                                                                                                "
  },
  {
    "villagecode": "034",
    "villagename": "Kangarakottai            ",
    "villagetname": "கங்காரகோட்டை                                                                                                                 "
  },
  {
    "villagecode": "007",
    "villagename": "Kangaraseval             ",
    "villagetname": "கங்கரசெவல்                                                                                                                   "
  },
  {
    "villagecode": "002",
    "villagename": "Keelrajagularaman        ",
    "villagetname": "கீழ்ராஜகுலராமன்                                                                                                              "
  },
  {
    "villagecode": "017",
    "villagename": "Kilanmarainadu           ",
    "villagetname": "கீழான்மறைநாடு                                                                                                                "
  },
  {
    "villagecode": "003",
    "villagename": "Kongankulam              ",
    "villagetname": "கொங்கன்குளம்                                                                                                                 "
  },
  {
    "villagecode": "015",
    "villagename": "Korukkampatti            ",
    "villagetname": "கொறுக்காம்பட்டி                                                                                                              "
  },
  {
    "villagecode": "025",
    "villagename": "Kuganparai               ",
    "villagetname": "குகன்பாறை                                                                                                                    "
  },
  {
    "villagecode": "008",
    "villagename": "Kundayiruppu             ",
    "villagetname": "குண்டாயிருப்பு                                                                                                               "
  },
  {
    "villagecode": "012",
    "villagename": "Kurichihiyarpatti        ",
    "villagetname": "குறிச்சியார்பட்டி                                                                                                            "
  },
  {
    "villagecode": "036",
    "villagename": "Muthandiapuram           ",
    "villagetname": "முத்தாண்டியாபுரம்                                                                                                            "
  },
  {
    "villagecode": "035",
    "villagename": "Muthusamy Puram.O        ",
    "villagetname": "முத்துசாமிபுரம் ஒ                                                                                                            "
  },
  {
    "villagecode": "001",
    "villagename": "Nadikkudi                ",
    "villagetname": "நதிக்குடி                                                                                                                    "
  },
  {
    "villagecode": "021",
    "villagename": "Panaiyadippatti          ",
    "villagetname": "பனையடிபட்டி                                                                                                                  "
  },
  {
    "villagecode": "031",
    "villagename": "Ramanathapuram.E         ",
    "villagetname": "இ ராமநாதபுரம்                                                                                                                "
  },
  {
    "villagecode": "037",
    "villagename": "Reddiapatti.E            ",
    "villagetname": "இ ரெட்டியாபட்டி                                                                                                              "
  },
  {
    "villagecode": "033",
    "villagename": "Sanankulam               ",
    "villagetname": "சானான்குளம்                                                                                                                  "
  },
  {
    "villagecode": "028",
    "villagename": "Sankarapandiapuram       ",
    "villagetname": "சங்கரபாண்டியாபுரம்                                                                                                           "
  },
  {
    "villagecode": "029",
    "villagename": "Servaikkaranpatti        ",
    "villagetname": "சேர்வைக்காரன்பட்டி                                                                                                           "
  },
  {
    "villagecode": "024",
    "villagename": "Sevalpatti               ",
    "villagetname": "செவல்பட்டி                                                                                                                   "
  },
  {
    "villagecode": "026",
    "villagename": "Sippipparai              ",
    "villagetname": "சிப்பிபாறை                                                                                                                   "
  },
  {
    "villagecode": "022",
    "villagename": "Surarpatti               ",
    "villagetname": "சுரார்பட்டி                                                                                                                  "
  },
  {
    "villagecode": "014",
    "villagename": "Tenkarai                 ",
    "villagetname": "தென்கரை                                                                                                                      "
  },
  {
    "villagecode": "027",
    "villagename": "Thulukknkurichi          ",
    "villagetname": "துலுக்கன்குறிச்சி                                                                                                            "
  },
  {
    "villagecode": "030",
    "villagename": "Uthu Patti               ",
    "villagetname": "ஊத்துபட்டி                                                                                                                   "
  },
  {
    "villagecode": "013",
    "villagename": "Vadagarai                ",
    "villagetname": "வடகரை                                                                                                                        "
  },
  {
    "villagecode": "011",
    "villagename": "Varagunaramapuram        ",
    "villagetname": "வரகுணராமபுரம்                                                                                                                "
  },
  {
    "villagecode": "018",
    "villagename": "Vembakkottai             ",
    "villagetname": "வெம்பக்கோட்டை                                                                                                                "
  },
  {
    "villagecode": "019",
    "villagename": "Vijayakarisalkulam       ",
    "villagetname": "விசயகரிசல்குளம்                                                                                                              "
  },
  {
    "villagecode": "020",
    "villagename": "Vijayarangapuram         ",
    "villagetname": "விஜயரங்கபுரம்                                                                                                                "
  }
]
