[
  {
    "villagecode": "045",
    "villagename": "Achadipirambu            ",
    "villagetname": "அச்சடிப்பிரம்பு                                                                                                              "
  },
  {
    "villagecode": "022",
    "villagename": "Achuthanvayal            ",
    "villagetname": "அச்சுந்தன் வயல்                                                                                                              "
  },
  {
    "villagecode": "058",
    "villagename": "Alagankulam              ",
    "villagetname": "அழகன்குளம்                                                                                                                   "
  },
  {
    "villagecode": "007",
    "villagename": "Alamanenthal             ",
    "villagetname": "அலாமனேந்தல்                                                                                                                  "
  },
  {
    "villagecode": "003",
    "villagename": "Andichanenthal           ",
    "villagetname": "ஆண்டிச்சனேந்தல்                                                                                                              "
  },
  {
    "villagecode": "059",
    "villagename": "Athankarai               ",
    "villagetname": "ஆற்றங்கரை                                                                                                                    "
  },
  {
    "villagecode": "016",
    "villagename": "Athiyuthu                ",
    "villagetname": "அத்தியுத்து                                                                                                                  "
  },
  {
    "villagecode": "009",
    "villagename": "Chitharkottai            ",
    "villagetname": "சித்தார்கோட்டை                                                                                                               "
  },
  {
    "villagecode": "008",
    "villagename": "Devipattinam             ",
    "villagetname": "தேவிபட்டினம்                                                                                                                 "
  },
  {
    "villagecode": "062",
    "villagename": "Enmanamkondan            ",
    "villagetname": "என்மணங்கொண்டான்                                                                                                              "
  },
  {
    "villagecode": "018",
    "villagename": "Kalukoorani              ",
    "villagetname": "கழுகு ஊரணி                                                                                                                   "
  },
  {
    "villagecode": "055",
    "villagename": "Karan                    ",
    "villagetname": "காரான்                                                                                                                       "
  },
  {
    "villagecode": "012",
    "villagename": "Karendal                 ",
    "villagetname": "காரேந்தல்                                                                                                                    "
  },
  {
    "villagecode": "013",
    "villagename": "Kavanoor                 ",
    "villagetname": "காவனூ                                                                                                                        "
  },
  {
    "villagecode": "067",
    "villagename": "Kumariyendal             ",
    "villagetname": "குமரியேந்தல்                                                                                                                 "
  },
  {
    "villagecode": "054",
    "villagename": "Kumbaram                 ",
    "villagetname": "கும்பரம்                                                                                                                     "
  },
  {
    "villagecode": "024",
    "villagename": "Kuriyur                  ",
    "villagetname": "கூரியுர்                                                                                                                     "
  },
  {
    "villagecode": "052",
    "villagename": "Kuyavankudi              ",
    "villagetname": "குயவன் குடி                                                                                                                  "
  },
  {
    "villagecode": "002",
    "villagename": "Ladanenthal              ",
    "villagetname": "லாடனேந்தல்                                                                                                                   "
  },
  {
    "villagecode": "023",
    "villagename": "Landai                   ",
    "villagetname": "லாந்தை                                                                                                                       "
  },
  {
    "villagecode": "066",
    "villagename": "Mandapam                 ",
    "villagetname": "மண்டபம்                                                                                                                      "
  },
  {
    "villagecode": "060",
    "villagename": "Nagachi                  ",
    "villagetname": "நாகாச்சி                                                                                                                     "
  },
  {
    "villagecode": "006",
    "villagename": "Naranamangalam           ",
    "villagetname": "நாரணமங்கலம்                                                                                                                  "
  },
  {
    "villagecode": "064",
    "villagename": "Nochiyoorani             ",
    "villagetname": "நொச்சியுரன்                                                                                                                  "
  },
  {
    "villagecode": "015",
    "villagename": "Palankulam               ",
    "villagetname": "பழங்குளம்                                                                                                                    "
  },
  {
    "villagecode": "001",
    "villagename": "Pandamangalam            ",
    "villagetname": "பாண்டமங்கலம்                                                                                                                 "
  },
  {
    "villagecode": "005",
    "villagename": "Pathanenthal             ",
    "villagetname": "பத்ானேந்தல்                                                                                                                  "
  },
  {
    "villagecode": "019",
    "villagename": "Patinamkathan            ",
    "villagetname": "பட்டினம் காத்தான்                                                                                                            "
  },
  {
    "villagecode": "057",
    "villagename": "Perunkulam               ",
    "villagetname": "பெருங்குளம்                                                                                                                  "
  },
  {
    "villagecode": "011",
    "villagename": "Peruvayal                ",
    "villagetname": "பெருவயல்                                                                                                                     "
  },
  {
    "villagecode": "063",
    "villagename": "Pirappanvalasai          ",
    "villagetname": "பிரப்பன் வலசை                                                                                                                "
  },
  {
    "villagecode": "010",
    "villagename": "Pullangudi               ",
    "villagetname": "புல்லங் குடி                                                                                                                 "
  },
  {
    "villagecode": "061",
    "villagename": "Puthumadam               ",
    "villagetname": "புதுமடம்                                                                                                                     "
  },
  {
    "villagecode": "044",
    "villagename": "Rajasuriyamadai          ",
    "villagetname": "இரா.சூ.மடை                                                                                                                   "
  },
  {
    "villagecode": "056",
    "villagename": "Retaiurani               ",
    "villagetname": "இரெட்டையுரணி                                                                                                                 "
  },
  {
    "villagecode": "046",
    "villagename": "Sakkarakotai             ",
    "villagetname": "சக்கரக்கோட்டை                                                                                                                "
  },
  {
    "villagecode": "065",
    "villagename": "Sathakon Valasai         ",
    "villagetname": "சாத்ாக்கோன் வலசை                                                                                                             "
  },
  {
    "villagecode": "020",
    "villagename": "Soorakottai              ",
    "villagetname": "சுரன்கோட்டை                                                                                                                  "
  },
  {
    "villagecode": "017",
    "villagename": "Therpogi                 ",
    "villagetname": "தேர்போகி                                                                                                                     "
  },
  {
    "villagecode": "014",
    "villagename": "Thoruvallur              ",
    "villagetname": "தொருவளுர்                                                                                                                    "
  },
  {
    "villagecode": "053",
    "villagename": "Valantharavai            ",
    "villagetname": "வாலாந்தரவை                                                                                                                   "
  },
  {
    "villagecode": "021",
    "villagename": "Vannivayal               ",
    "villagetname": "வன்னிவயல்                                                                                                                    "
  },
  {
    "villagecode": "004",
    "villagename": "Vennathur                ",
    "villagetname": "வெண்ணத்தூ                                                                                                                    "
  }
]
