[
  {
    "villagecode": "003",
    "villagename": "Chettiaragaram           ",
    "villagetname": "செட்டியாரகரம்                                                                                                                "
  },
  {
    "villagecode": "005",
    "villagename": "Karambakkam              ",
    "villagetname": "காரம்பாக்கம்                                                                                                                 "
  },
  {
    "villagecode": "006",
    "villagename": "Maduravoyal              ",
    "villagetname": "மதுரவாயல்                                                                                                                    "
  },
  {
    "villagecode": "007",
    "villagename": "Nerkundram               ",
    "villagetname": "நெற்குன்றம்                                                                                                                  "
  },
  {
    "villagecode": "001",
    "villagename": "Nolambur                 ",
    "villagetname": "நொளம்புர்                                                                                                                    "
  },
  {
    "villagecode": "009",
    "villagename": "Porur                    ",
    "villagetname": "போரூர்                                                                                                                       "
  },
  {
    "villagecode": "010",
    "villagename": "Ramapuram                ",
    "villagetname": "இராமாபுரம்                                                                                                                   "
  },
  {
    "villagecode": "004",
    "villagename": "Sivapoodam               ",
    "villagetname": "சிவபுதம்                                                                                                                     "
  },
  {
    "villagecode": "002",
    "villagename": "Thundalam                ",
    "villagetname": "துண்டலம்                                                                                                                     "
  },
  {
    "villagecode": "008",
    "villagename": "Valasaravakkam           ",
    "villagetname": "வளசரவாக்கம்                                                                                                                  "
  }
]
