[
  {
    "villagecode": "012",
    "villagename": "12-Puthur                ",
    "villagetname": "12.புத்தூர்                                                                                                                  "
  },
  {
    "villagecode": "026",
    "villagename": "Adanoor                  ",
    "villagetname": "ஆதனூர்                                                                                                                       "
  },
  {
    "villagecode": "023",
    "villagename": "Adayappalam",
    "villagetname": "அடையபலம்"
  },
  {
    "villagecode": "044",
    "villagename": "Agaram                   ",
    "villagetname": "ஆகாரம்                                                                                                                       "
  },
  {
    "villagecode": "015",
    "villagename": "Agrapalayam              ",
    "villagetname": "அக்ராபாளையம்                                                                                                                 "
  },
  {
    "villagecode": "042",
    "villagename": "Arayalam",
    "villagetname": "அரையாளம்                                                                                                                     "
  },
  {
    "villagecode": "016",
    "villagename": "Ariyapadi                ",
    "villagetname": "அரியாபாடி                                                                                                                    "
  },
  {
    "villagecode": "009",
    "villagename": "Athimalaipattu           ",
    "villagetname": "அத்திமலைப்பட்டு                                                                                                              "
  },
  {
    "villagecode": "006",
    "villagename": "Ayyampalayam             ",
    "villagetname": "அய்யம்பாளையம்                                                                                                                "
  },
  {
    "villagecode": "027",
    "villagename": "Irumbedu                 ",
    "villagetname": "இரும்பேடு                                                                                                                    "
  },
  {
    "villagecode": "034",
    "villagename": "Kalpoondi                ",
    "villagetname": "கல்பூண்டி                                                                                                                    "
  },
  {
    "villagecode": "003",
    "villagename": "Kannamangalam            ",
    "villagetname": "கண்ணமங்கலம்                                                                                                                  "
  },
  {
    "villagecode": "001",
    "villagename": "Kattukanallur            ",
    "villagetname": "காட்டுகாநல்லூர்                                                                                                              "
  },
  {
    "villagecode": "008",
    "villagename": "Kilnagar                 ",
    "villagetname": "கீழ்நகர்                                                                                                                     "
  },
  {
    "villagecode": "002",
    "villagename": "Kolathur                 ",
    "villagetname": "கொளத்தூர்                                                                                                                    "
  },
  {
    "villagecode": "017",
    "villagename": "Kunnathur                ",
    "villagetname": "குன்னத்தூர்                                                                                                                  "
  },
  {
    "villagecode": "018",
    "villagename": "Kuppam                   ",
    "villagetname": "குப்பம்                                                                                                                      "
  },
  {
    "villagecode": "033",
    "villagename": "Mamandoor                ",
    "villagetname": "மாமண்டூர்                                                                                                                    "
  },
  {
    "villagecode": "043",
    "villagename": "Marusoor                 ",
    "villagetname": "மருசூர்                                                                                                                      "
  },
  {
    "villagecode": "029",
    "villagename": "Mattadhari               ",
    "villagetname": "மட்டதாரி                                                                                                                     "
  },
  {
    "villagecode": "024",
    "villagename": "Meiyur                   ",
    "villagetname": "மெய்யூர்                                                                                                                     "
  },
  {
    "villagecode": "007",
    "villagename": "Melnagar                 ",
    "villagetname": "மேல்நகர்                                                                                                                     "
  },
  {
    "villagecode": "013",
    "villagename": "Morappanthangal          ",
    "villagetname": "மொரப்பந்தாங்கல்                                                                                                              "
  },
  {
    "villagecode": "052",
    "villagename": "Mullandiram              ",
    "villagetname": "முள்ளண்டிரம்                                                                                                                 "
  },
  {
    "villagecode": "020",
    "villagename": "Mullipattu               ",
    "villagetname": "முள்ளிப்பட்டு                                                                                                                "
  },
  {
    "villagecode": "037",
    "villagename": "Nesal                    ",
    "villagetname": "நெசல்                                                                                                                        "
  },
  {
    "villagecode": "032",
    "villagename": "Ogaiyur                  ",
    "villagetname": "ஓகையூர்                                                                                                         ;            "
  },
  {
    "villagecode": "035",
    "villagename": "Paiyur                   ",
    "villagetname": "பையூர்                                                                                                                       "
  },
  {
    "villagecode": "019",
    "villagename": "Palayam                  ",
    "villagetname": "பாளையம்                                                                                                                      "
  },
  {
    "villagecode": "031",
    "villagename": "Paniyur                  ",
    "villagetname": "பனையூர்                                                                                                                      "
  },
  {
    "villagecode": "011",
    "villagename": "Poosimalaikuppm          ",
    "villagetname": "பூசிமலைக்குப்பம்                                                                                                             "
  },
  {
    "villagecode": "040",
    "villagename": "Pulavanpadi              ",
    "villagetname": "புலவன்பாடி                                                                                                                   "
  },
  {
    "villagecode": "039",
    "villagename": "Pungambadi               ",
    "villagetname": "புங்கம்பாடி                                                                                                                  "
  },
  {
    "villagecode": "005",
    "villagename": "Puthur",
    "villagetname": "5.புத்தூர்"
  },
  {
    "villagecode": "030",
    "villagename": "Rantham Koratur",
    "villagetname": "ராந்தம் கொரட்டூர்"
  },
  {
    "villagecode": "022",
    "villagename": "Rattinamangalam          ",
    "villagetname": "இராட்டிணமங்கலம்"
  },
  {
    "villagecode": "028",
    "villagename": "Sathiya Vijayanagaram",
    "villagetname": "சத்திய விஜயநகரம்"
  },
  {
    "villagecode": "041",
    "villagename": "Sennanthal               ",
    "villagetname": "சென்னானந்தல்                                                                                                                 "
  },
  {
    "villagecode": "021",
    "villagename": "Sevoor                   ",
    "villagetname": "சேவூர்                                                                                                                       "
  },
  {
    "villagecode": "010",
    "villagename": "Sirumoor                 ",
    "villagetname": "சிறுமூர்                                                                                                                     "
  },
  {
    "villagecode": "046",
    "villagename": "Thatchur                 ",
    "villagetname": "தச்சூர்                                                                                                                      "
  },
  {
    "villagecode": "038",
    "villagename": "Vadugasathu              ",
    "villagetname": "வடுகசாத்து                                                                                                                   "
  },
  {
    "villagecode": "004",
    "villagename": "Vannankulam              ",
    "villagetname": "வண்ணாங்குளம்                                                                                                                 "
  },
  {
    "villagecode": "036",
    "villagename": "Vellapadi",
    "villagetname": "வேலப்பாடி                                                                                                                    "
  },
  {
    "villagecode": "025",
    "villagename": "Vellari",
    "villagetname": "வெள்ளேரி                                                                                                                     "
  },
  {
    "villagecode": "014",
    "villagename": "Vettiyantholuvam         ",
    "villagetname": "வெட்டியாந்தொழுவம்                                                                                                            "
  },
  {
    "villagecode": "045",
    "villagename": "Vinnamangalam            ",
    "villagetname": "விண்ணமங்கலம்                                                                                                                 "
  }
]
