[
  {
    "villagecode": "109",
    "villagename": "Abdhullapuram            ",
    "villagetname": "அப்துல்லாபுரம்"
  },
  {
    "villagecode": "066",
    "villagename": "Alanthangal              ",
    "villagetname": "ஆலந்தாங்கல்"
  },
  {
    "villagecode": "126",
    "villagename": "Arasanipalai             ",
    "villagetname": "அரசாணிப்பாலை"
  },
  {
    "villagecode": "073",
    "villagename": "Arasankuppam             ",
    "villagetname": "அரசங்குப்பம்"
  },
  {
    "villagecode": "100",
    "villagename": "Ariyarapaklkam           ",
    "villagetname": "அரியரப்பாக்கம்"
  },
  {
    "villagecode": "001",
    "villagename": "Ariyur                   ",
    "villagetname": "அரியூர்"
  },
  {
    "villagecode": "027",
    "villagename": "Asanamapattai            ",
    "villagetname": "அசனமாப்பேட்டை"
  },
  {
    "villagecode": "104",
    "villagename": "Azhingalpattu            ",
    "villagetname": "அழிஞ்சல்பட்டு"
  },
  {
    "villagecode": "068",
    "villagename": "Azhivithithangi          ",
    "villagetname": "அழிவிடைதாங்கி"
  },
  {
    "villagecode": "117",
    "villagename": "Bhagavandhapuram         ",
    "villagetname": "பகவந்தபுரம்"
  },
  {
    "villagecode": "010",
    "villagename": "Brammadesam              ",
    "villagetname": "பிரம்மதேசம்"
  },
  {
    "villagecode": "103",
    "villagename": "Chellaperumpulimedu      ",
    "villagetname": "செல்லபெரும்புலிமேடு"
  },
  {
    "villagecode": "014",
    "villagename": "Cheyyanoor               ",
    "villagetname": "செய்யனூர்"
  },
  {
    "villagecode": "125",
    "villagename": "Chithalapakkam           ",
    "villagetname": "சித்தலப்பாக்கம்"
  },
  {
    "villagecode": "096",
    "villagename": "Chithath Oor             ",
    "villagetname": "சித்தாத்தூர்"
  },
  {
    "villagecode": "095",
    "villagename": "Cholavaram               ",
    "villagetname": "சோழவரம்"
  },
  {
    "villagecode": "129",
    "villagename": "Dharmacheri              ",
    "villagetname": "தர்மச்சேரி"
  },
  {
    "villagecode": "107",
    "villagename": "Dusi                     ",
    "villagetname": "தூசி"
  },
  {
    "villagecode": "124",
    "villagename": "Ezhacheri                ",
    "villagetname": "ஏழாச்சேரி"
  },
  {
    "villagecode": "118",
    "villagename": "Girijapuram              ",
    "villagetname": "கிரிஜாபுரம்"
  },
  {
    "villagecode": "006",
    "villagename": "Irumaram                 ",
    "villagetname": "இருமரம்"
  },
  {
    "villagecode": "082",
    "villagename": "Kaganam                  ",
    "villagetname": "காகனம்"
  },
  {
    "villagecode": "028",
    "villagename": "Kammanthangal            ",
    "villagetname": "கம்மந்தாங்கல்"
  },
  {
    "villagecode": "101",
    "villagename": "Kanagampakkam            ",
    "villagetname": "கனகம்பாக்கம்"
  },
  {
    "villagecode": "112",
    "villagename": "Kanigulippai             ",
    "villagetname": "கனிகிலுப்பை"
  },
  {
    "villagecode": "081",
    "villagename": "Karindhi                 ",
    "villagetname": "கரந்தை"
  },
  {
    "villagecode": "113",
    "villagename": "Kilnaickenpalayam        ",
    "villagetname": "கீழ்நாய்க்கன்பாளையம்"
  },
  {
    "villagecode": "097",
    "villagename": "Kilnelli                 ",
    "villagetname": "கீழ்நெல்லி"
  },
  {
    "villagecode": "067",
    "villagename": "Kodiyampakkam            ",
    "villagetname": "கொடையம்பாக்கம்"
  },
  {
    "villagecode": "122",
    "villagename": "Kundiyanthandalam        ",
    "villagetname": "குண்டியாந்தண்டலம்"
  },
  {
    "villagecode": "110",
    "villagename": "Kuranganilmuttam         ",
    "villagetname": "குரங்கணில்முட்டம்"
  },
  {
    "villagecode": "022",
    "villagename": "Kutthanur                ",
    "villagetname": "குத்தனூர்"
  },
  {
    "villagecode": "106",
    "villagename": "Mamandur                 ",
    "villagetname": "மாமண்டூர்"
  },
  {
    "villagecode": "135",
    "villagename": "Mangal                   ",
    "villagetname": "மாங்கால்"
  },
  {
    "villagecode": "134",
    "villagename": "Mathur                   ",
    "villagetname": "மாத்தூர்"
  },
  {
    "villagecode": "019",
    "villagename": "Melpoothery              ",
    "villagetname": "மேல்பூதேரி"
  },
  {
    "villagecode": "119",
    "villagename": "Mennallur                ",
    "villagetname": "மேனல்லூர்"
  },
  {
    "villagecode": "030",
    "villagename": "Moranam                  ",
    "villagetname": "மோரணம்"
  },
  {
    "villagecode": "007",
    "villagename": "Munjoorpattu             ",
    "villagetname": "ழூஞ்ஞர்பட்டு"
  },
  {
    "villagecode": "099",
    "villagename": "Namandi                  ",
    "villagetname": "நமண்டி"
  },
  {
    "villagecode": "105",
    "villagename": "Narasamangalam           ",
    "villagetname": "நரசமங்கலம்"
  },
  {
    "villagecode": "016",
    "villagename": "Natteri                  ",
    "villagetname": "நாட்டேரி"
  },
  {
    "villagecode": "017",
    "villagename": "Nayanthangal             ",
    "villagetname": "நாயந்தாங்கல்"
  },
  {
    "villagecode": "132",
    "villagename": "Nemili                   ",
    "villagetname": "நெமிலி"
  },
  {
    "villagecode": "075",
    "villagename": "Ozhukkavakkam            ",
    "villagetname": "ஒழுக்கவாக்கம்"
  },
  {
    "villagecode": "079",
    "villagename": "Pallanthangal            ",
    "villagetname": "பில்லாந்தாங்கல்"
  },
  {
    "villagecode": "111",
    "villagename": "Pallavaram               ",
    "villagetname": "பல்லாவரம்"
  },
  {
    "villagecode": "009",
    "villagename": "Panimugai                ",
    "villagetname": "பனைமுகை"
  },
  {
    "villagecode": "133",
    "villagename": "Pavoor                   ",
    "villagetname": "பாவூர்"
  },
  {
    "villagecode": "024",
    "villagename": "Perumanthangal           ",
    "villagetname": "பெருமந்தாங்கல்"
  },
  {
    "villagecode": "102",
    "villagename": "Perumpul;Imedu           ",
    "villagetname": "பெரும்புலிமேடு"
  },
  {
    "villagecode": "025",
    "villagename": "Perungattur              ",
    "villagetname": "பெருங்கட்டூர்"
  },
  {
    "villagecode": "121",
    "villagename": "Poonithangal             ",
    "villagetname": "பூனைத்தாங்கல்"
  },
  {
    "villagecode": "003",
    "villagename": "Poonthandalam            ",
    "villagetname": "பூந்தண்டலம்"
  },
  {
    "villagecode": "043",
    "villagename": "Poothery                 ",
    "villagetname": "பூதேரி"
  },
  {
    "villagecode": "130",
    "villagename": "Pudupalayam              ",
    "villagetname": "புதுப்பாளையம்"
  },
  {
    "villagecode": "002",
    "villagename": "Pulivalam                ",
    "villagetname": "புலிவலம்"
  },
  {
    "villagecode": "029",
    "villagename": "Pullavakkam              ",
    "villagetname": "புல்லவாக்கம்"
  },
  {
    "villagecode": "128",
    "villagename": "Punnai                   ",
    "villagetname": "புன்னை"
  },
  {
    "villagecode": "018",
    "villagename": "Rantham                  ",
    "villagetname": "ராந்தம்"
  },
  {
    "villagecode": "004",
    "villagename": "Sattuvanthangal          ",
    "villagetname": "சட்டுவந்தாங்கல்"
  },
  {
    "villagecode": "011",
    "villagename": "Seevaram                 ",
    "villagetname": "சீவரம்"
  },
  {
    "villagecode": "069",
    "villagename": "Selari                   ",
    "villagetname": "சேலேரி"
  },
  {
    "villagecode": "120",
    "villagename": "Seniyanellur             ",
    "villagetname": "சேனியநல்லூர்"
  },
  {
    "villagecode": "074",
    "villagename": "Settithangal             ",
    "villagetname": "செட்டித்தாங்கல்"
  },
  {
    "villagecode": "012",
    "villagename": "Sirunavalpattu           ",
    "villagetname": "சிறுநாவல்பட்டு"
  },
  {
    "villagecode": "131",
    "villagename": "Sirunellur               ",
    "villagetname": "சிறுநல்லூர்"
  },
  {
    "villagecode": "005",
    "villagename": "Siruvanjipattu           ",
    "villagetname": "சிறுவஞ்சிப்பட்டு"
  },
  {
    "villagecode": "116",
    "villagename": "Sodhiyambakkam           ",
    "villagetname": "சோதியம்பாக்கம்"
  },
  {
    "villagecode": "065",
    "villagename": "Sumangali                ",
    "villagetname": "சுமங்கலி"
  },
  {
    "villagecode": "008",
    "villagename": "Sunipattu                ",
    "villagetname": "சுனைப்பட்டு"
  },
  {
    "villagecode": "123",
    "villagename": "Surruttal                ",
    "villagetname": "சுருட்டல்"
  },
  {
    "villagecode": "077",
    "villagename": "Thalikkal                ",
    "villagetname": "தாளிக்கால்"
  },
  {
    "villagecode": "023",
    "villagename": "Thandappanthagal         ",
    "villagetname": "தண்டப்பந்தாங்கல்"
  },
  {
    "villagecode": "026",
    "villagename": "Thenkazhani              ",
    "villagetname": "தென்கழனி"
  },
  {
    "villagecode": "021",
    "villagename": "Thennampattu             ",
    "villagetname": "தென்னம்பட்டு"
  },
  {
    "villagecode": "080",
    "villagename": "Thirupanamur             ",
    "villagetname": "திருப்பனமூர்"
  },
  {
    "villagecode": "071",
    "villagename": "Thirupangaddu            ",
    "villagetname": "திருப்பனங்காடு"
  },
  {
    "villagecode": "098",
    "villagename": "Thiruvadirayapuram       ",
    "villagetname": "திருவடிராயபுரம்"
  },
  {
    "villagecode": "138",
    "villagename": "Ukkamperumbakkam         ",
    "villagetname": "உக்கம்பெரும்பாக்கம்"
  },
  {
    "villagecode": "072",
    "villagename": "Umayalpuram              ",
    "villagetname": "உமையாள்புரம்"
  },
  {
    "villagecode": "013",
    "villagename": "Vadailuppai              ",
    "villagetname": "வடஇலுப்பை"
  },
  {
    "villagecode": "114",
    "villagename": "Vadakalpakkam            ",
    "villagetname": "வடகல்பாக்கம்"
  },
  {
    "villagecode": "020",
    "villagename": "Vadamanapakkam           ",
    "villagetname": "வடமணபாக்கம்"
  },
  {
    "villagecode": "078",
    "villagename": "Vadamavanthal            ",
    "villagetname": "வடமாவந்தல்"
  },
  {
    "villagecode": "108",
    "villagename": "Vagai                    ",
    "villagetname": "வாகை"
  },
  {
    "villagecode": "127",
    "villagename": "Vayalathur               ",
    "villagetname": "வயலாத்தூர்"
  },
  {
    "villagecode": "115",
    "villagename": "Vazhavandal              ",
    "villagetname": "வாழவந்தல்"
  },
  {
    "villagecode": "076",
    "villagename": "Vellikulam               ",
    "villagetname": "வெள்ளகுளம்"
  },
  {
    "villagecode": "070",
    "villagename": "Vembakkam                ",
    "villagetname": "வெம்பாக்கம்"
  },
  {
    "villagecode": "015",
    "villagename": "Vengalathoor             ",
    "villagetname": "வெங்களத்தூர்"
  }
]
