[
  {
    "villagecode": "018",
    "villagename": "Aakur Pandaravadai",
    "villagetname": "அக்கூர் பண்டாரவாடை"
  },
  {
    "villagecode": "007",
    "villagename": "Aaru Pathi",
    "villagetname": "ஆறுபாதி"
  },
  {
    "villagecode": "671",
    "villagename": "Aathu Pakkam",
    "villagetname": "ஆத்துப்பாக்கம்"
  },
  {
    "villagecode": "044",
    "villagename": "Aharadhanur",
    "villagetname": "அகராதனூர்"
  },
  {
    "villagecode": "049",
    "villagename": "Aharavallam",
    "villagetname": "அகரவல்லம்"
  },
  {
    "villagecode": "026",
    "villagename": "Annavasal",
    "villagetname": "அன்னவாசல்"
  },
  {
    "villagecode": "055",
    "villagename": "Arasur",
    "villagetname": "அரசூர்"
  },
  {
    "villagecode": "711",
    "villagename": "Chandrapadi",
    "villagetname": "சந்திரபாடி"
  },
  {
    "villagecode": "041",
    "villagename": "Echchangudi",
    "villagetname": "ஈச்சங்குடி"
  },
  {
    "villagecode": "057",
    "villagename": "Edakudi",
    "villagetname": "எடக்குடி"
  },
  {
    "villagecode": "066",
    "villagename": "Eduthukatti",
    "villagetname": "எடுத்துக்கட்டி"
  },
  {
    "villagecode": "053",
    "villagename": "Eravancheri",
    "villagetname": "எரவாஞ்சேரி"
  },
  {
    "villagecode": "035",
    "villagename": "Erukkattencheri",
    "villagetname": "எருக்கட்டாஞ்சேரி"
  },
  {
    "villagecode": "025",
    "villagename": "Ilaiyalur",
    "villagetname": "இளையாளூர்"
  },
  {
    "villagecode": "063",
    "villagename": "Iluppur",
    "villagetname": "இலுப்பூர்"
  },
  {
    "villagecode": "016",
    "villagename": "Kaalamanallur",
    "villagetname": "காலமநல்லூர்"
  },
  {
    "villagecode": "045",
    "villagename": "Kadakkam",
    "villagetname": "கடக்கம்"
  },
  {
    "villagecode": "021",
    "villagename": "Kalahastinatha Puram",
    "villagetname": "காளஹஸ்தினாதபுரம்"
  },
  {
    "villagecode": "006",
    "villagename": "Kanjanaharam",
    "villagetname": "கஞ்சாநகரம்"
  },
  {
    "villagecode": "009",
    "villagename": "Karuvazhakarai",
    "villagetname": "கருவாழக்கரை"
  },
  {
    "villagecode": "070",
    "villagename": "Kattucheri",
    "villagetname": "காட்டுச்சேரி"
  },
  {
    "villagecode": "036",
    "villagename": "Kazhiyappa Nallur",
    "villagetname": "காழியப்பநல்லூர்"
  },
  {
    "villagecode": "010",
    "villagename": "Keezhaiyur",
    "villagetname": "கீழையூர்"
  },
  {
    "villagecode": "014",
    "villagename": "Keezha Perumpallam",
    "villagetname": "கீழபெரும்பள்ளம்"
  },
  {
    "villagecode": "171",
    "villagename": "Kidangal",
    "villagetname": "கிடங்கல்"
  },
  {
    "villagecode": "011",
    "villagename": "Kidarankondan",
    "villagetname": "கீடாரங்கொண்டான்"
  },
  {
    "villagecode": "121",
    "villagename": "Kiliyanur",
    "villagetname": "கிளியனூர்"
  },
  {
    "villagecode": "038",
    "villagename": "Killiyur",
    "villagetname": "கிள்ளியூர்"
  },
  {
    "villagecode": "039",
    "villagename": "Kizha Mathur",
    "villagetname": "கீழ்மாத்தூர்"
  },
  {
    "villagecode": "050",
    "villagename": "Kodavilaham",
    "villagetname": "கொடவிளாகம்"
  },
  {
    "villagecode": "040",
    "villagename": "Koodalur",
    "villagetname": "கூடலூர்"
  },
  {
    "villagecode": "054",
    "villagename": "Kothangudi",
    "villagetname": "கொத்தங்குடி"
  },
  {
    "villagecode": "091",
    "villagename": "Lashmi Narayanapuram -1",
    "villagetname": "லெட்சுமிநாராயணபுரம் - 1"
  },
  {
    "villagecode": "092",
    "villagename": "Lashmi Narayanapuram -2",
    "villagetname": "லெட்சுமிநாராயணபுரம் - 2"
  },
  {
    "villagecode": "020",
    "villagename": "Madapuram",
    "villagetname": "மடப்புரம்"
  },
  {
    "villagecode": "017",
    "villagename": "Mamakudi",
    "villagetname": "மாமாகுடி"
  },
  {
    "villagecode": "037",
    "villagename": "Manalmedu",
    "villagetname": "மணல்மேடு"
  },
  {
    "villagecode": "033",
    "villagename": "Manikapangu",
    "villagetname": "மாணிக்கப்பங்கு"
  },
  {
    "villagecode": "015",
    "villagename": "Marudampallam",
    "villagetname": "மருதம்பள்ளம்"
  },
  {
    "villagecode": "030",
    "villagename": "Mathur",
    "villagetname": "மாத்தூர்"
  },
  {
    "villagecode": "008",
    "villagename": "Melaiyur",
    "villagetname": "மேலையூர்"
  },
  {
    "villagecode": "013",
    "villagename": "Melaperumpallam",
    "villagetname": "மேலபெரும்பள்ளம்"
  },
  {
    "villagecode": "027",
    "villagename": "Memathur",
    "villagetname": "மேமாத்தூர்"
  },
  {
    "villagecode": "022",
    "villagename": "Mudikandanallur",
    "villagetname": "முடிகண்டநல்லூர்"
  },
  {
    "villagecode": "029",
    "villagename": "Mukkarumbur",
    "villagetname": "முக்கரும்பூர்"
  },
  {
    "villagecode": "043",
    "villagename": "Muthur",
    "villagetname": "முத்தூர்"
  },
  {
    "villagecode": "101",
    "villagename": "Nadukarai Keezhpathi",
    "villagetname": "நடுக்கரை கீழ்பாதி"
  },
  {
    "villagecode": "102",
    "villagename": "Nadukarai Melpathi",
    "villagetname": "நடுக்கரை மேல்பாதி"
  },
  {
    "villagecode": "170",
    "villagename": "Nallaadai",
    "villagetname": "நல்லாடை"
  },
  {
    "villagecode": "042",
    "villagename": "Narasinganatham",
    "villagetname": "நரசிங்கநத்தம்"
  },
  {
    "villagecode": "052",
    "villagename": "Neduvasal",
    "villagetname": "நெடுவாசல்"
  },
  {
    "villagecode": "024",
    "villagename": "Parasalur",
    "villagetname": "பரசலூர்"
  },
  {
    "villagecode": "056",
    "villagename": "Perambur",
    "villagetname": "பெரம்பூர்"
  },
  {
    "villagecode": "032",
    "villagename": "Pillaiperumanallur",
    "villagetname": "பிள்ளைபெருமாநல்லூர்"
  },
  {
    "villagecode": "177",
    "villagename": "Poraiyar",
    "villagetname": "பொறையார்"
  },
  {
    "villagecode": "172",
    "villagename": "Ramachandran Kovil Pathu",
    "villagetname": "ராமச்சந்திரன்கோயில்பத்து"
  },
  {
    "villagecode": "034",
    "villagename": "Saththangudi",
    "villagetname": "சாத்தங்குடி"
  },
  {
    "villagecode": "023",
    "villagename": "Sembanarkoil",
    "villagetname": "செம்பனார்கோயில்"
  },
  {
    "villagecode": "060",
    "villagename": "Sethur",
    "villagetname": "சேத்தூர்"
  },
  {
    "villagecode": "012",
    "villagename": "Thalaiyudaiyavar Kovil Pathu",
    "villagetname": "தலையுடையவர் கோவில் பத்து"
  },
  {
    "villagecode": "069",
    "villagename": "Thillaiyadi",
    "villagetname": "தில்லையாடி"
  },
  {
    "villagecode": "028",
    "villagename": "Thiruchampalli",
    "villagetname": "திருச்சம்பள்ளி"
  },
  {
    "villagecode": "031",
    "villagename": "Thirukadaiyur",
    "villagetname": "திருக்கடையூர்"
  },
  {
    "villagecode": "175",
    "villagename": "Thirukalacheri",
    "villagetname": "திருக்களாச்சேரி"
  },
  {
    "villagecode": "068",
    "villagename": "Thiruvidaikazhi",
    "villagetname": "திருவிடைக்கழி"
  },
  {
    "villagecode": "051",
    "villagename": "Thiruvilaiyattam",
    "villagetname": "திருவிளையாட்டம்"
  },
  {
    "villagecode": "019",
    "villagename": "Udaiyavar Kovilpathu",
    "villagetname": "உடையவர் கோவில்பத்து"
  },
  {
    "villagecode": "064",
    "villagename": "Uthirangudi",
    "villagetname": "உத்திரங்குடி"
  },
  {
    "villagecode": "061",
    "villagename": "Vilaham",
    "villagetname": "விளாகம்"
  },
  {
    "villagecode": "065",
    "villagename": "Visalur",
    "villagetname": "விசலூர்"
  }
]
