[
  {
    "villagecode": "015",
    "villagename": "Alangulam                ",
    "villagetname": "ஆலங்குளம்                                                                                                                    "
  },
  {
    "villagecode": "021",
    "villagename": "Anainthaperumalnadanoor  ",
    "villagetname": "அனைந்தபெருமாள்நாடானூர்                                                                                                       "
  },
  {
    "villagecode": "016",
    "villagename": "Andipatti                ",
    "villagetname": "ஆண்டிப்பட்டி                                                                                                                 "
  },
  {
    "villagecode": "024",
    "villagename": "Anjankattalai            ",
    "villagetname": "அஞ்சாங்கட்டளை                                                                                                                "
  },
  {
    "villagecode": "013",
    "villagename": "Ayyanarkulam             ",
    "villagetname": "அய்யனார்குளம்                                                                                                                "
  },
  {
    "villagecode": "008",
    "villagename": "Kadanganeri              ",
    "villagetname": "கடங்கனேரி                                                                                                                    "
  },
  {
    "villagecode": "009",
    "villagename": "Kaduvetti                ",
    "villagetname": "காடுவெட்டி                                                                                                                   "
  },
  {
    "villagecode": "002",
    "villagename": "Kaluneerkulam            ",
    "villagetname": "கழூநீர்குளம                                                                                                                  "
  },
  {
    "villagecode": "006",
    "villagename": "Kasikkuvaithan           ",
    "villagetname": "காசிக்குவாய்த்தான்                                                                                                           "
  },
  {
    "villagecode": "007",
    "villagename": "Kavalakuruchi            ",
    "villagetname": "காவலாக்குறிச்சி                                                                                                              "
  },
  {
    "villagecode": "101",
    "villagename": "Keelapavoor-1            ",
    "villagetname": "கீழப்பாவூர்-1                                                                                                                "
  },
  {
    "villagecode": "102",
    "villagename": "Keelapavoor-2            ",
    "villagetname": "கீழப்பாவூர்-2                                                                                                                "
  },
  {
    "villagecode": "005",
    "villagename": "Kidarakulam              ",
    "villagetname": "கிடாரக்குளம்                                                                                                                 "
  },
  {
    "villagecode": "025",
    "villagename": "Kuthapanjan              ",
    "villagetname": "குத்தப்பாஞ்சான்                                                                                                              "
  },
  {
    "villagecode": "020",
    "villagename": "Madathur                 ",
    "villagetname": "மடத்தூர்                                                                                                                     "
  },
  {
    "villagecode": "028",
    "villagename": "Maranthai                ",
    "villagetname": "மாறாந்தை                                                                                                                     "
  },
  {
    "villagecode": "271",
    "villagename": "Maruthamputhur-1         ",
    "villagetname": "மருதம்புத்தூர்-1                                                                                                             "
  },
  {
    "villagecode": "272",
    "villagename": "Maruthamputhur-2         ",
    "villagetname": "மருதம்புத்தூர்-2                                                                                                             "
  },
  {
    "villagecode": "004",
    "villagename": "Mayamankuruchi           ",
    "villagetname": "மாயமான்குறிச்சி                                                                                                              "
  },
  {
    "villagecode": "012",
    "villagename": "Naranapuram              ",
    "villagetname": "நாரணபுரம்                                                                                                                    "
  },
  {
    "villagecode": "011",
    "villagename": "Nettur                   ",
    "villagetname": "நெட்டூர்                                                                                                                     "
  },
  {
    "villagecode": "029",
    "villagename": "Odaimarichchan           ",
    "villagetname": "ஓடைமறிச்சான்                                                                                                                 "
  },
  {
    "villagecode": "181",
    "villagename": "Pethanadarpatti-1        ",
    "villagetname": "பெத்தநாடார்பட்டி-1                                                                                                           "
  },
  {
    "villagecode": "182",
    "villagename": "Pethanadarpatti-2        ",
    "villagetname": "பெத்தநாடார்பட்டி-2                                                                                                           "
  },
  {
    "villagecode": "017",
    "villagename": "Poolankulam              ",
    "villagetname": "பூலாங்குளம்                                                                                                                  "
  },
  {
    "villagecode": "261",
    "villagename": "Pudupatti-1              ",
    "villagetname": "புதுப்பட்டி-1                                                                                                                "
  },
  {
    "villagecode": "262",
    "villagename": "Pudupatti-2              ",
    "villagetname": "புதுப்பட்டி-2                                                                                                                "
  },
  {
    "villagecode": "023",
    "villagename": "Ravuthaperi              ",
    "villagetname": "இராவுத்தப்பேரி                                                                                                               "
  },
  {
    "villagecode": "014",
    "villagename": "Sivalarkulam             ",
    "villagetname": "சிவலார்குளம்                                                                                                                 "
  },
  {
    "villagecode": "010",
    "villagename": "Subbiahpuram             ",
    "villagetname": "சுப்பையாபுரம்                                                                                                                "
  },
  {
    "villagecode": "022",
    "villagename": "Thuppakudi               ",
    "villagetname": "துப்பாக்குடி                                                                                                                 "
  },
  {
    "villagecode": "003",
    "villagename": "Thuthikulam              ",
    "villagetname": "துத்திகுளம்                                                                                                                  "
  },
  {
    "villagecode": "030",
    "villagename": "Udaiyampuli              ",
    "villagetname": "உடையாம்புளி                                                                                                                  "
  },
  {
    "villagecode": "191",
    "villagename": "Venkadampatti-1          ",
    "villagetname": "வெங்கடாம்பட்டி-1                                                                                                             "
  },
  {
    "villagecode": "192",
    "villagename": "Venkadampatti-2          ",
    "villagetname": "வெங்கடாம்பட்டி-2                                                                                                             "
  }
]
