[
  {
    "villagecode": "032",
    "villagename": "Alambadi                 ",
    "villagetname": "ஆலாம்பாடி                                                                                                                    "
  },
  {
    "villagecode": "035",
    "villagename": "Aratholuvu               ",
    "villagetname": "ஆரத்தொழுவு                                                                                                                   "
  },
  {
    "villagecode": "016",
    "villagename": "Chinna Muttur                 ",
    "villagetname": "சின்னமுத்தூர்                                                                                                                "
  },
  {
    "villagecode": "002",
    "villagename": "Ganapathipalayam         ",
    "villagetname": "கணபதிபாளையம்                                                                                                                 "
  },
  {
    "villagecode": "038",
    "villagename": "Kadaiyur                  ",
    "villagetname": "காடையூர்                                                                                                                     "
  },
  {
    "villagecode": "027",
    "villagename": "Kampiliyampatti           ",
    "villagetname": "கம்பிளியம்பட்டி                                                                                                              "
  },
  {
    "villagecode": "033",
    "villagename": "Kangayam                 ",
    "villagetname": "காங்கயம்                                                                                                                     "
  },
  {
    "villagecode": "040",
    "villagename": "Kangayampalayam          ",
    "villagetname": "காங்கயம்பாளையம்                                                                                                              "
  },
  {
    "villagecode": "001",
    "villagename": "Kathanganni               ",
    "villagetname": "கத்தாங்கண்ணி                                                                                                                 "
  },
  {
    "villagecode": "007",
    "villagename": "Keeranur ",
    "villagetname": "கீரனூர்                                                                                                                      "
  },
  {
    "villagecode": "041",
    "villagename": "Kurukkapalayam           ",
    "villagetname": "குருக்கபாளையம்                                                                                                               "
  },
  {
    "villagecode": "013",
    "villagename": "Kuttapalayam             ",
    "villagetname": "குட்டப்பாளையம்                                                                                                               "
  },
  {
    "villagecode": "026",
    "villagename": "Lakkamanaickenpatti     ",
    "villagetname": "லக்கமநாயக்கன்பட்டி                                                                                                           "
  },
  {
    "villagecode": "018",
    "villagename": "Mangalapatti             ",
    "villagetname": "மங்கலப்பட்டி                                                                                                                 "
  },
  {
    "villagecode": "006",
    "villagename": "Maravapalayam            ",
    "villagetname": "மரவபாளையம்                                                                                                                   "
  },
  {
    "villagecode": "010",
    "villagename": "Marudurai                ",
    "villagetname": "மருதுறை                                                                                                                      "
  },
  {
    "villagecode": "022",
    "villagename": "Mettupalayam             ",
    "villagetname": "மேட்டுப்பாளையம்                                                                                                              "
  },
  {
    "villagecode": "044",
    "villagename": "Mudalipalayam            ",
    "villagetname": "முதலிபாளையம்                                                                                                                 "
  },
  {
    "villagecode": "012",
    "villagename": "Mullipuram               ",
    "villagetname": "முள்ளிபுரம்                                                                                                                  "
  },
  {
    "villagecode": "015",
    "villagename": "Muthur                   ",
    "villagetname": "முத்தூர்                                                                                                                     "
  },
  {
    "villagecode": "008",
    "villagename": "Nalroad                  ",
    "villagetname": "நால்ரோடு                                                                                                                     "
  },
  {
    "villagecode": "011",
    "villagename": "Nathakadayur             ",
    "villagetname": "நத்தக்காடையூர்                                                                                                               "
  },
  {
    "villagecode": "042",
    "villagename": "Nelali                   ",
    "villagetname": "நெழலி                                                                                                                        "
  },
  {
    "villagecode": "028",
    "villagename": "Pachapalayam             ",
    "villagetname": "பச்சாபாளையம்                                                                                                                 "
  },
  {
    "villagecode": "003",
    "villagename": "Padiyur                  ",
    "villagetname": "படியூர்                                                                                                                      "
  },
  {
    "villagecode": "014",
    "villagename": "Palayakottai             ",
    "villagetname": "பழையகோட்டை                                                                                                                   "
  },
  {
    "villagecode": "031",
    "villagename": "Pappini                   ",
    "villagetname": "பாப்பினி                                                                                                                     "
  },
  {
    "villagecode": "009",
    "villagename": "Paranjervali",
    "villagetname": "பரஞ்சேர்வழி                                                                                                                  "
  },
  {
    "villagecode": "020",
    "villagename": "Poomandamvalasu          ",
    "villagetname": "பூமாண்டம்வலசு                                                                                                                "
  },
  {
    "villagecode": "021",
    "villagename": "Rasatha Valasu           ",
    "villagetname": "ராசாத்தாவலசு                                                                                                                 "
  },
  {
    "villagecode": "039",
    "villagename": "Sampandham Palayam       ",
    "villagetname": "சம்பந்தம்பாளையம்                                                                                                             "
  },
  {
    "villagecode": "023",
    "villagename": "Senapathipalayam         ",
    "villagetname": "சேனாபதிபாளையம்                                                                                                               "
  },
  {
    "villagecode": "004",
    "villagename": "Sivanmalai               ",
    "villagetname": "சிவன்மலை                                                                                                                     "
  },
  {
    "villagecode": "005",
    "villagename": "Thammareddipalayam       ",
    "villagetname": "தம்மரெட்டிபாளையம்                                                                                                            "
  },
  {
    "villagecode": "017",
    "villagename": "Udaiyam                  ",
    "villagetname": "ஊடையம்                                                                                                                       "
  },
  {
    "villagecode": "025",
    "villagename": "Uthama Palayam           ",
    "villagetname": "உத்தமபாளையம்                                                                                                                 "
  },
  {
    "villagecode": "043",
    "villagename": "Uthiyur                  ",
    "villagetname": "ஊதியூர்                                                                                                                      "
  },
  {
    "villagecode": "037",
    "villagename": "Vadachinnaripalayam      ",
    "villagetname": "வடசின்னாரிபாளையம்                                                                                                            "
  },
  {
    "villagecode": "030",
    "villagename": "Valliyerachal            ",
    "villagetname": "வள்ளியரச்சல்                                                                                                                 "
  },
  {
    "villagecode": "036",
    "villagename": "Vattamalai               ",
    "villagetname": "வட்டமலை                                                                                                                      "
  },
  {
    "villagecode": "029",
    "villagename": "Veeracholapuram          ",
    "villagetname": "வீரசோழபுரம்                                                                                                                  "
  },
  {
    "villagecode": "034",
    "villagename": "Veeranampalayam          ",
    "villagetname": "வீரணம்பாளையம்                                                                                                                "
  },
  {
    "villagecode": "019",
    "villagename": "Velampalayam             ",
    "villagetname": "வேலம்பாளையம்                                                                                                                 "
  },
  {
    "villagecode": "024",
    "villagename": "Vellakoil                ",
    "villagetname": "வெள்ளக்கோயில்                                                                                                                "
  }
]
