[
  {
    "villagecode": "049",
    "villagename": "Adianoothu               ",
    "villagetname": "அடியனூத்து                                                                                                                   "
  },
  {
    "villagecode": "058",
    "villagename": "Ammakulathupatty         ",
    "villagetname": "அம்மாகுளத்துப்பட்டி                                                                                                          "
  },
  {
    "villagecode": "070",
    "villagename": "Anjukulipatty            ",
    "villagetname": "அஞ்சுகுளிப்பட்டி                                                                                                             "
  },
  {
    "villagecode": "071",
    "villagename": "Avilipatty               ",
    "villagetname": "ஆவிளிப்பட்டி                                                                                                                 "
  },
  {
    "villagecode": "061",
    "villagename": "Balakrishnapuram         ",
    "villagetname": "பாலகிருஷ்ணாபுரம்                                                                                                             "
  },
  {
    "villagecode": "067",
    "villagename": "Emakkalapuram            ",
    "villagetname": "எமக்கலாபுரம்                                                                                                                 "
  },
  {
    "villagecode": "087",
    "villagename": "Jothampatty              ",
    "villagetname": "ஜோத்தாம்பட்டி                                                                                                                "
  },
  {
    "villagecode": "079",
    "villagename": "Kambiliampatty           ",
    "villagetname": "கம்பிளியம்பட்டி                                                                                                              "
  },
  {
    "villagecode": "091",
    "villagename": "Kanavoipatty             ",
    "villagetname": "கணவாய்பட்டி                                                                                                                  "
  },
  {
    "villagecode": "090",
    "villagename": "Kombaipatty              ",
    "villagetname": "கோம்பைப்பட்டி                                                                                                                "
  },
  {
    "villagecode": "068",
    "villagename": "Konapatty                ",
    "villagetname": "கோணப்பட்டி                                                                                                                   "
  },
  {
    "villagecode": "063",
    "villagename": "Koovanuthu               ",
    "villagetname": "கூவநூத்து                                                                                                                    "
  },
  {
    "villagecode": "059",
    "villagename": "Kovilur                  ",
    "villagetname": "கோவிலூர்                                                                                                                     "
  },
  {
    "villagecode": "076",
    "villagename": "Madur                    ",
    "villagetname": "மடூர்                                                                                                                        "
  },
  {
    "villagecode": "081",
    "villagename": "Markkampatty             ",
    "villagetname": "மார்கம்பட்டி                                                                                                                 "
  },
  {
    "villagecode": "085",
    "villagename": "Marunoothu               ",
    "villagetname": "மருநூத்து                                                                                                                    "
  },
  {
    "villagecode": "056",
    "villagename": "Mullipadi                ",
    "villagetname": "முள்ளிப்பாடி                                                                                                                 "
  },
  {
    "villagecode": "060",
    "villagename": "Periakottai              ",
    "villagetname": "பெரியகோட்டை                                                                                                                  "
  },
  {
    "villagecode": "074",
    "villagename": "Ragalapuram              ",
    "villagetname": "ராகலாபுரம்                                                                                                                   "
  },
  {
    "villagecode": "075",
    "villagename": "Rajakkapatty             ",
    "villagetname": "ராஜக்காபட்டி                                                                                                                 "
  },
  {
    "villagecode": "092",
    "villagename": "Sakkiliankodai           ",
    "villagetname": "சக்கிலியன்கொடை                                                                                                               "
  },
  {
    "villagecode": "080",
    "villagename": "Sengurichi               ",
    "villagetname": "செங்குறிச்சி                                                                                                                 "
  },
  {
    "villagecode": "069",
    "villagename": "Shanarpatty              ",
    "villagetname": "சாணார்பட்டி                                                                                                                  "
  },
  {
    "villagecode": "077",
    "villagename": "Siluvathur               ",
    "villagetname": "சிலுவத்தூர்                                                                                                                  "
  },
  {
    "villagecode": "093",
    "villagename": "Sirumalai                ",
    "villagetname": "சிறுமலை                                                                                                                      "
  },
  {
    "villagecode": "057",
    "villagename": "Thamaraipadi             ",
    "villagetname": "தாமரைப்பாடி                                                                                                                  "
  },
  {
    "villagecode": "066",
    "villagename": "Thavasimadai             ",
    "villagetname": "தவசிமடை                                                                                                                      "
  },
  {
    "villagecode": "084",
    "villagename": "Thethampatty             ",
    "villagetname": "தேத்தாம்பட்டி                                                                                                                "
  },
  {
    "villagecode": "088",
    "villagename": "Thimmanallur             ",
    "villagetname": "திம்மணநல்லூர்                                                                                                                "
  },
  {
    "villagecode": "062",
    "villagename": "Thottanuthu              ",
    "villagetname": "தோட்டனூத்து                                                                                                                  "
  },
  {
    "villagecode": "073",
    "villagename": "T.Panchampatty           ",
    "villagetname": "டி.பஞ்சம்பட்டி                                                                                                               "
  },
  {
    "villagecode": "086",
    "villagename": "T.Pudupatty              ",
    "villagetname": "டி.புதுப்பட்டி                                                                                                               "
  },
  {
    "villagecode": "064",
    "villagename": "Vadakattupatty           ",
    "villagetname": "வடகாட்டுப்பட்டி                                                                                                              "
  },
  {
    "villagecode": "082",
    "villagename": "Vajraseraikarankottai    ",
    "villagetname": "வஜ்ரசேர்வைகாரன்கோட்டை                                                                                                        "
  },
  {
    "villagecode": "083",
    "villagename": "Vathalathoppampatty      ",
    "villagetname": "வத்தலதொப்பம்பட்டி                                                                                                            "
  },
  {
    "villagecode": "072",
    "villagename": "Veerachinnampatty        ",
    "villagetname": "வீரச்சின்னம்பட்டி                                                                                                            "
  },
  {
    "villagecode": "048",
    "villagename": "Vellodu                  ",
    "villagetname": "வெள்ளோடு                                                                                                                     "
  },
  {
    "villagecode": "089",
    "villagename": "Vembarpatty              ",
    "villagetname": "வேம்பார்பட்டி                                                                                                                "
  },
  {
    "villagecode": "078",
    "villagename": "Vengamanoothu            ",
    "villagetname": "வங்கமனூத்து                                                                                                                  "
  },
  {
    "villagecode": "065",
    "villagename": "Viralipatty              ",
    "villagetname": "விராலிப்பட்டி                                                                                                                "
  }
]
