[
  {
    "villagecode": "025",
    "villagename": "25 Moolakkadu            ",
    "villagetname": "25 மூலக்காடு                                                                                                                 "
  },
  {
    "villagecode": "085",
    "villagename": "85 Komarapalayam         ",
    "villagetname": "85 குமாரபாளையம்                                                                                                              "
  },
  {
    "villagecode": "009",
    "villagename": "Akkaraipatty             ",
    "villagetname": "அக்கரைப்பட்டி                                                                                                                "
  },
  {
    "villagecode": "012",
    "villagename": "Alampatty                ",
    "villagetname": "ஆலாம்பட்டி                                                                                                                   "
  },
  {
    "villagecode": "004",
    "villagename": "Alavaipatty              ",
    "villagetname": "அளவாய்பட்டி                                                                                                                  "
  },
  {
    "villagecode": "084",
    "villagename": "Anaikattypalayam         ",
    "villagetname": "ஆணைகட்டிபாளையம்                                                                                                              "
  },
  {
    "villagecode": "026",
    "villagename": "Anaipalayam              ",
    "villagetname": "அணைப்பாளையம்                                                                                                                 "
  },
  {
    "villagecode": "073",
    "villagename": "Anandagoundampalayam     ",
    "villagetname": "அனந்தக்கவுண்டன்பாளையம்                                                                                                       "
  },
  {
    "villagecode": "082",
    "villagename": "Andagalur                ",
    "villagetname": "ஆண்டகலூ                                                                                                                      "
  },
  {
    "villagecode": "074",
    "villagename": "Annamalaipatty           ",
    "villagetname": "அண்ணாமலைப்பட்டி                                                                                                              "
  },
  {
    "villagecode": "048",
    "villagename": "Ariyagoundampatty        ",
    "villagetname": "அரியாகவுண்டம்பட்டி                                                                                                           "
  },
  {
    "villagecode": "013",
    "villagename": "Athanur                  ",
    "villagetname": "அத்தனூர்                                                                                                                     "
  },
  {
    "villagecode": "078",
    "villagename": "Athanurayeepalayam       ",
    "villagetname": "அத்தனூர் ஆயிபாளையம்                                                                                                          "
  },
  {
    "villagecode": "057",
    "villagename": "Ayilpatty                ",
    "villagetname": "ஆயில்பட்டி                                                                                                                   "
  },
  {
    "villagecode": "088",
    "villagename": "Chinnakkapalayam         ",
    "villagetname": "சின்னக்காபாளையம்                                                                                                             "
  },
  {
    "villagecode": "095",
    "villagename": "Chinnasekkadi            ",
    "villagetname": "சின்னசெக்கடி                                                                                                                 "
  },
  {
    "villagecode": "251",
    "villagename": "C.S.Puram Akragaram      ",
    "villagetname": "சந்திரசேகரபுரம் அக்ரஹாரம்                                                                                                    "
  },
  {
    "villagecode": "083",
    "villagename": "Ellappalayam             ",
    "villagetname": "எல்லப்பாளையம்                                                                                                                "
  },
  {
    "villagecode": "060",
    "villagename": "Eswaramoorthypalayam     ",
    "villagetname": "ஈஸ்வரமூர்த்திபாளையம்                                                                                                         "
  },
  {
    "villagecode": "021",
    "villagename": "Kakkaveri                ",
    "villagetname": "காக்காவேரி                                                                                                                   "
  },
  {
    "villagecode": "019",
    "villagename": "Kallankulam              ",
    "villagetname": "கல்லாங்குளம்                                                                                                                 "
  },
  {
    "villagecode": "096",
    "villagename": "Kariampatty              ",
    "villagetname": "கரியாம்பட்டி                                                                                                                 "
  },
  {
    "villagecode": "561",
    "villagename": "Karkoodalpatty Bit.1     ",
    "villagetname": "கார்கூடல்பட்டி பிட்1                                                                                                         "
  },
  {
    "villagecode": "562",
    "villagename": "Karkoodalpatty Bit.2     ",
    "villagetname": "கார்கூடல்பட்டி பிட்2                                                                                                         "
  },
  {
    "villagecode": "563",
    "villagename": "Karkoodalpatty Bit.3     ",
    "villagetname": "கார்கூடல்பட்டி பிட்3                                                                                                         "
  },
  {
    "villagecode": "017",
    "villagename": "Kattanachampatty         ",
    "villagetname": "கட்டனாச்சம்பட்டி                                                                                                             "
  },
  {
    "villagecode": "038",
    "villagename": "Kedamalai                ",
    "villagetname": "கெடமலை                                                                                                                       "
  },
  {
    "villagecode": "031",
    "villagename": "Keelur                   ",
    "villagetname": "கீழூர்                                                                                                                       "
  },
  {
    "villagecode": "014",
    "villagename": "Keeranur                 ",
    "villagetname": "கீரனூர்                                                                                                                      "
  },
  {
    "villagecode": "066",
    "villagename": "Kolakkamedu              ",
    "villagetname": "கொளக்கமேடு                                                                                                                   "
  },
  {
    "villagecode": "003",
    "villagename": "Komarapalayam            ",
    "villagetname": "3 குமாரபாளையம்                                                                                                               "
  },
  {
    "villagecode": "022",
    "villagename": "Koneripatty              ",
    "villagetname": "கோனேரிப்பட்டி                                                                                                                "
  },
  {
    "villagecode": "028",
    "villagename": "Koonavelampatty          ",
    "villagetname": "கூனவேலம்பட்டி                                                                                                                "
  },
  {
    "villagecode": "086",
    "villagename": "Koppampatty              ",
    "villagetname": "கோப்பம்பட்டி                                                                                                                 "
  },
  {
    "villagecode": "027",
    "villagename": "Kurukkapuram             ",
    "villagetname": "குருக்கபுரம்                                                                                                                 "
  },
  {
    "villagecode": "080",
    "villagename": "Kuttaladampatti          ",
    "villagetname": "குட்டலாடம்பட்டி                                                                                                              "
  },
  {
    "villagecode": "015",
    "villagename": "Malayampalayam           ",
    "villagetname": "மலையாம்பாளையம்                                                                                                               "
  },
  {
    "villagecode": "043",
    "villagename": "Malayampaty              ",
    "villagetname": "மலையாம்பட்டி                                                                                                                 "
  },
  {
    "villagecode": "059",
    "villagename": "Mangalapuram             ",
    "villagetname": "மங்களபுரம்                                                                                                                   "
  },
  {
    "villagecode": "007",
    "villagename": "Mathiyampatty            ",
    "villagetname": "மதியம்பட்டி                                                                                                                  "
  },
  {
    "villagecode": "062",
    "villagename": "Mathurutu                ",
    "villagetname": "மத்துருட்டு                                                                                                                  "
  },
  {
    "villagecode": "077",
    "villagename": "Mattuvelampatty          ",
    "villagetname": "மாட்டுவேலம்பட்டி                                                                                                             "
  },
  {
    "villagecode": "101",
    "villagename": "Mavar                    ",
    "villagetname": "மாவார்                                                                                                                       "
  },
  {
    "villagecode": "036",
    "villagename": "Melur                    ",
    "villagetname": "மேலூர்                                                                                                                       "
  },
  {
    "villagecode": "001",
    "villagename": "Minnakkal                ",
    "villagetname": "மின்னக்கல்                                                                                                                   "
  },
  {
    "villagecode": "102",
    "villagename": "Molapalayam              ",
    "villagetname": "மோளப்பாளையம்                                                                                                                 "
  },
  {
    "villagecode": "065",
    "villagename": "Moolaikurichi            ",
    "villagetname": "மூலக்குறிச்சி                                                                                                                "
  },
  {
    "villagecode": "097",
    "villagename": "Moolakkadu               ",
    "villagetname": "97 மூலக்காடு                                                                                                                 "
  },
  {
    "villagecode": "045",
    "villagename": "Moolapallipatty          ",
    "villagetname": "மூலபள்ளிபட்டி                                                                                                                "
  },
  {
    "villagecode": "064",
    "villagename": "Mullukkurichi            ",
    "villagetname": "முள்ளுகுறிச்சி                                                                                                               "
  },
  {
    "villagecode": "032",
    "villagename": "Murangapatty             ",
    "villagetname": "முருங்கப்பட்டி                                                                                                               "
  },
  {
    "villagecode": "024",
    "villagename": "Muthukkalipatty          ",
    "villagetname": "முத்துகாளிப்பட்டி                                                                                                            "
  },
  {
    "villagecode": "075",
    "villagename": "Nachipatty               ",
    "villagetname": "நாச்சிப்பட்டி                                                                                                                "
  },
  {
    "villagecode": "006",
    "villagename": "Nadupatty                ",
    "villagetname": "நடுப்பட்டி                                                                                                                   "
  },
  {
    "villagecode": "047",
    "villagename": "Namagiripettai           ",
    "villagetname": "நாமகிரிப்பேட்டை                                                                                                              "
  },
  {
    "villagecode": "063",
    "villagename": "Naraikkinaru             ",
    "villagetname": "நாரைக்கிணறு                                                                                                                  "
  },
  {
    "villagecode": "058",
    "villagename": "Navalpatty               ",
    "villagetname": "நாவல்பட்டி                                                                                                                   "
  },
  {
    "villagecode": "037",
    "villagename": "Oduvankurichi            ",
    "villagetname": "ஒடுவன்குறிச்சி                                                                                                               "
  },
  {
    "villagecode": "049",
    "villagename": "O. Jedarpalayam          ",
    "villagetname": "ஒ.ஜேடர்பாளையம்                                                                                                               "
  },
  {
    "villagecode": "091",
    "villagename": "O. Pachudayampalayam     ",
    "villagetname": "ஒ. பச்சுடையாம்பாளையம்                                                                                                        "
  },
  {
    "villagecode": "033",
    "villagename": "Pachagoundampatty        ",
    "villagetname": "பச்சாகவுண்டம்பட்டி                                                                                                           "
  },
  {
    "villagecode": "011",
    "villagename": "Palanthinnipatty         ",
    "villagetname": "பழந்தின்னிப்பட்டி                                                                                                            "
  },
  {
    "villagecode": "079",
    "villagename": "Pallavanaickenpatty      ",
    "villagetname": "பல்லவநாயக்கன்பட்டி                                                                                                           "
  },
  {
    "villagecode": "020",
    "villagename": "Pattanam                 ",
    "villagetname": "பட்டணம்                                                                                                                      "
  },
  {
    "villagecode": "042",
    "villagename": "Pattanam Muniappampalayam",
    "villagetname": "பட்டணம்முனியப்பம்பாளையம்                                                                                                     "
  },
  {
    "villagecode": "067",
    "villagename": "Perappancholai           ",
    "villagetname": "பெரப்பஞ்சோலை                                                                                                                 "
  },
  {
    "villagecode": "100",
    "villagename": "Periyakombai             ",
    "villagetname": "பெரியகோம்பை                                                                                                                  "
  },
  {
    "villagecode": "098",
    "villagename": "Periyakurichi            ",
    "villagetname": "பெரியகுறிச்சி                                                                                                                "
  },
  {
    "villagecode": "094",
    "villagename": "Periyasekkadi            ",
    "villagetname": "பெரியசெக்கடி                                                                                                                 "
  },
  {
    "villagecode": "089",
    "villagename": "Perumagoundampalayam     ",
    "villagetname": "பெருமாகவுண்டம்பாளையம்                                                                                                        "
  },
  {
    "villagecode": "029",
    "villagename": "Pillanallur              ",
    "villagetname": "பிள்ளாநல்லூர்                                                                                                                "
  },
  {
    "villagecode": "030",
    "villagename": "Ponkuruchi               ",
    "villagetname": "பொன்குறிச்சி                                                                                                                 "
  },
  {
    "villagecode": "087",
    "villagename": "Ponkuruchi Aayeepalayam  ",
    "villagetname": "ஆயிப்பளையம்                                                                                                                  "
  },
  {
    "villagecode": "002",
    "villagename": "Ponparappipatty          ",
    "villagetname": "பொன்பரப்பிபட்டி                                                                                                              "
  },
  {
    "villagecode": "008",
    "villagename": "Porasalpatty             ",
    "villagetname": "பொரசல்பட்டி                                                                                                                  "
  },
  {
    "villagecode": "018",
    "villagename": "Pudupalayam              ",
    "villagetname": "புதுப்பாளையம்                                                                                                                "
  },
  {
    "villagecode": "090",
    "villagename": "Pudurmalayalapatty       ",
    "villagetname": "புதூர் மலையாளப்பட்டி                                                                                                         "
  },
  {
    "villagecode": "099",
    "villagename": "Pudurpalapatty           ",
    "villagetname": "புதூர்பாலப்பட்டி                                                                                                             "
  },
  {
    "villagecode": "023",
    "villagename": "Rasipuram                ",
    "villagetname": "இராசிபுரம்                                                                                                                   "
  },
  {
    "villagecode": "044",
    "villagename": "R.Puduppatty             ",
    "villagetname": "இரா.புதுப்பட்டி                                                                                                              "
  },
  {
    "villagecode": "039",
    "villagename": "Seerappalli              ",
    "villagetname": "சீராப்பள்ளி                                                                                                                  "
  },
  {
    "villagecode": "076",
    "villagename": "Semmandappatty           ",
    "villagetname": "செம்மாண்டப்பட்டி                                                                                                             "
  },
  {
    "villagecode": "034",
    "villagename": "Singalandapuram          ",
    "villagetname": "சிங்களாந்தபுரம்                                                                                                              "
  },
  {
    "villagecode": "010",
    "villagename": "Sowdapuram               ",
    "villagetname": "சௌதாபுரம்                                                                                                                    "
  },
  {
    "villagecode": "016",
    "villagename": "Thengalpalayam           ",
    "villagetname": "தேங்கள்பாளையம்                                                                                                               "
  },
  {
    "villagecode": "061",
    "villagename": "Thimmanaickanpatty       ",
    "villagetname": "திம்மநாயக்கன்பட்டி                                                                                                           "
  },
  {
    "villagecode": "093",
    "villagename": "Tho. Jedarpalayam        ",
    "villagetname": "தொ. ஜேடர்பாளையம்                                                                                                             "
  },
  {
    "villagecode": "092",
    "villagename": "Tho. Pachudayampalayam   ",
    "villagetname": "தொ. பச்சுடையாம்பாளையம்                                                                                                       "
  },
  {
    "villagecode": "035",
    "villagename": "Thoppappatti             ",
    "villagetname": "தொப்பப்பட்டி                                                                                                                 "
  },
  {
    "villagecode": "081",
    "villagename": "Thottiampatty            ",
    "villagetname": "தொட்டியம்பட்டி                                                                                                               "
  },
  {
    "villagecode": "055",
    "villagename": "Unanthangal              ",
    "villagetname": "ஊனந்தாங்கல்                                                                                                                  "
  },
  {
    "villagecode": "041",
    "villagename": "Vadugam                  ",
    "villagetname": "வடுகம்                                                                                                                       "
  },
  {
    "villagecode": "040",
    "villagename": "Vadugam Muniyappampalayam",
    "villagetname": "வடுகம் முனியப்பம்பாளையம்                                                                                                     "
  },
  {
    "villagecode": "054",
    "villagename": "Varagurkombai            ",
    "villagetname": "வரகூர்கோம்பை                                                                                                                 "
  },
  {
    "villagecode": "046",
    "villagename": "Vellakkalpatty           ",
    "villagetname": "வெள்ளக்கல்பட்டி                                                                                                              "
  },
  {
    "villagecode": "005",
    "villagename": "Vennandur                ",
    "villagetname": "வெண்ணந்தூர்                                                                                                                  "
  }
]
