[
  {
    "villagecode": "119",
    "villagename": "Acharappakkam            ",
    "villagetname": "அச்சரப்பாக்கம்                                                                                                               "
  },
  {
    "villagecode": "125",
    "villagename": "Agili                    ",
    "villagetname": "அகிலி                                                                                                                        "
  },
  {
    "villagecode": "055",
    "villagename": "Alapakkam                ",
    "villagetname": "ஆலப்பாக்கம்                                                                                                                  "
  },
  {
    "villagecode": "113",
    "villagename": "Allanur                  ",
    "villagetname": "அல்லானூர்                                                                                                                    "
  },
  {
    "villagecode": "103",
    "villagename": "Allur                    ",
    "villagetname": "அல்லூர்                                                                                                                      "
  },
  {
    "villagecode": "128",
    "villagename": "Amayampattu              ",
    "villagetname": "ஆமையம்பட்டு                                                                                                                  "
  },
  {
    "villagecode": "091",
    "villagename": "Ananthamangalam          ",
    "villagetname": "அனந்தமங்கலம்                                                                                                                 "
  },
  {
    "villagecode": "037",
    "villagename": "Anddavakkam              ",
    "villagetname": "அண்டவாக்கம்                                                                                                                  "
  },
  {
    "villagecode": "079",
    "villagename": "Annaikunnam              ",
    "villagetname": "ஆனைக்குன்னம்                                                                                                                 "
  },
  {
    "villagecode": "083",
    "villagename": "Annankkal                ",
    "villagetname": "அன்னங்கால்                                                                                                                   "
  },
  {
    "villagecode": "142",
    "villagename": "Annumanthakuppam         ",
    "villagetname": "அனுமந்தக்குப்பம்                                                                                                             "
  },
  {
    "villagecode": "183",
    "villagename": "Ariyanur                 ",
    "villagetname": "அரியனூர்                                                                                                                     "
  },
  {
    "villagecode": "029",
    "villagename": "Ariyapakkam              ",
    "villagetname": "அரையப்பாக்கம்                                                                                                                "
  },
  {
    "villagecode": "164",
    "villagename": "Arungunam                ",
    "villagetname": "அருங்குணம்                                                                                                                   "
  },
  {
    "villagecode": "003",
    "villagename": "Athiur                   ",
    "villagetname": "அத்தியூர்                                                                                                                    "
  },
  {
    "villagecode": "123",
    "villagename": "Athivakkam     (123)     ",
    "villagetname": "அத்திவாக்கம்   (123)                                                                                                         "
  },
  {
    "villagecode": "170",
    "villagename": "Athivakkam   (170)       ",
    "villagetname": "அத்திவாக்கம்  (170)                                                                                                          "
  },
  {
    "villagecode": "107",
    "villagename": "Athur                    ",
    "villagetname": "ஆத்தூர்                                                                                                                      "
  },
  {
    "villagecode": "031",
    "villagename": "Attimanam                ",
    "villagetname": "அத்திமானம்                                                                                                                   "
  },
  {
    "villagecode": "177",
    "villagename": "Avirimedu                ",
    "villagetname": "அவுரிமேடு                                                                                                                    "
  },
  {
    "villagecode": "097",
    "villagename": "Baburayanpettai          ",
    "villagetname": "பாபுராயன்பேட்டை                                                                                                              "
  },
  {
    "villagecode": "189",
    "villagename": "Chatamar    (189)        ",
    "villagetname": "சித்தாமூர்  (189)                                                                                                            "
  },
  {
    "villagecode": "069",
    "villagename": "Cheeinthamani            ",
    "villagetname": "சிந்தாமணி                                                                                                                    "
  },
  {
    "villagecode": "175",
    "villagename": "Cheethirawadi            ",
    "villagetname": "சீத்ரவாடி                                                                                                                    "
  },
  {
    "villagecode": "002",
    "villagename": "Chidanthi                ",
    "villagetname": "சித்தண்டி                                                                                                                    "
  },
  {
    "villagecode": "181",
    "villagename": "Chinnavenmani            ",
    "villagetname": "சின்னவெண்மணி                                                                                                                 "
  },
  {
    "villagecode": "127",
    "villagename": "Chirunagaloor            ",
    "villagetname": "சிறுநாகலூர்                                                                                                                  "
  },
  {
    "villagecode": "093",
    "villagename": "Chiruthamoor             ",
    "villagetname": "சிறுதாமூர்                                                                                                                   "
  },
  {
    "villagecode": "036",
    "villagename": "Chithalamangalm          ",
    "villagetname": "சித்தாலமங்கலம்                                                                                                               "
  },
  {
    "villagecode": "016",
    "villagename": "Chithamur    (016)       ",
    "villagetname": "சித்தாமூர்   (016)                                                                                                           "
  },
  {
    "villagecode": "163",
    "villagename": "Chozhanthangal           ",
    "villagetname": "சோழந்தாங்கல்                                                                                                                 "
  },
  {
    "villagecode": "165",
    "villagename": "Devadur                  ",
    "villagetname": "தேவாதூர்                                                                                                                     "
  },
  {
    "villagecode": "171",
    "villagename": "Dharmapuram              ",
    "villagetname": "தர்மாபுரம்                                                                                                                   "
  },
  {
    "villagecode": "040",
    "villagename": "Duraiyur                 ",
    "villagetname": "துறையூர்                                                                                                                     "
  },
  {
    "villagecode": "106",
    "villagename": "Edayalam                 ",
    "villagetname": "எடையாளம்                                                                                                                     "
  },
  {
    "villagecode": "150",
    "villagename": "Eesur                    ",
    "villagetname": "ஈசூர்                                                                                                                        "
  },
  {
    "villagecode": "078",
    "villagename": "Ellappakkam              ",
    "villagetname": "எலப்பாக்கம்                                                                                                                  "
  },
  {
    "villagecode": "147",
    "villagename": "Eruvakkam                ",
    "villagetname": "ஏறுவாக்கம்                                                                                                                   "
  },
  {
    "villagecode": "194",
    "villagename": "Irumbedu                 ",
    "villagetname": "இரும்பேடு                                                                                                                    "
  },
  {
    "villagecode": "154",
    "villagename": "Irusama Nallur           ",
    "villagetname": "இருசாமநல்லூர்                                                                                                                "
  },
  {
    "villagecode": "173",
    "villagename": "Jamin Endathur           ",
    "villagetname": "ஜமீன் எண்டத்தூர்                                                                                                             "
  },
  {
    "villagecode": "193",
    "villagename": "Jamin Puthur    (193)    ",
    "villagetname": "ஜமீன் புதூர் (193)                                                                                                           "
  },
  {
    "villagecode": "030",
    "villagename": "Janakipuram              ",
    "villagetname": "ஜானகிபுரம்                                                                                                                   "
  },
  {
    "villagecode": "109",
    "villagename": "Kadamalaiputhur",
    "villagetname": "கடமலைபுத்தூர்                                                                                                                "
  },
  {
    "villagecode": "045",
    "villagename": "Kadambur                 ",
    "villagetname": "கடம்பூர்                                                                                                                     "
  },
  {
    "villagecode": "032",
    "villagename": "Kallaparanpuram          ",
    "villagetname": "கள்ளபிரான்புரம்                                                                                                              "
  },
  {
    "villagecode": "095",
    "villagename": "Kaluthur                 ",
    "villagetname": "களத்தூர்                                                                                                                     "
  },
  {
    "villagecode": "104",
    "villagename": "Karasangal               ",
    "villagetname": "கரசங்கால்                                                                                                                    "
  },
  {
    "villagecode": "018",
    "villagename": "Karikkilli               ",
    "villagetname": "கரிக்கிலி                                                                                                                    "
  },
  {
    "villagecode": "011",
    "villagename": "Karunagarachcheery       ",
    "villagetname": "கருணாகரச்சேரி                                                                                                                "
  },
  {
    "villagecode": "136",
    "villagename": "Karunagaravilagam        ",
    "villagetname": "கருணாகரவிளாகம்                                                                                                               "
  },
  {
    "villagecode": "143",
    "villagename": "Karunkuzi                ",
    "villagetname": "கருங்குழி                                                                                                                    "
  },
  {
    "villagecode": "158",
    "villagename": "Kathiricheri             ",
    "villagetname": "கத்திரிச்சேரி                                                                                                                "
  },
  {
    "villagecode": "188",
    "villagename": "Kattudavathur            ",
    "villagetname": "காட்டுதேவாதூர்                                                                                                               "
  },
  {
    "villagecode": "073",
    "villagename": "Kattugudalur             ",
    "villagetname": "காட்டுக்கூடலூர்                                                                                                              "
  },
  {
    "villagecode": "074",
    "villagename": "Kattuk Karanai           ",
    "villagetname": "காட்டுக்கரணை                                                                                                                 "
  },
  {
    "villagecode": "167",
    "villagename": "Kavathur                 ",
    "villagetname": "காவாதூர்                                                                                                                     "
  },
  {
    "villagecode": "067",
    "villagename": "Kaznipakkam              ",
    "villagetname": "கழனிப்பாக்கம்                                                                                                                "
  },
  {
    "villagecode": "099",
    "villagename": "Keelapattu",
    "villagetname": "கீழ்ப்பட்டு                                                                                                                  "
  },
  {
    "villagecode": "192",
    "villagename": "Keezvasalai              ",
    "villagetname": "கீழ்வசலை                                                                                                                     "
  },
  {
    "villagecode": "162",
    "villagename": "Kendiracherri            ",
    "villagetname": "கென்டிரச்சேரி                                                                                                                "
  },
  {
    "villagecode": "061",
    "villagename": "Kilianagar             ",
    "villagetname": "கிளியாநகர்                                                                                                                   "
  },
  {
    "villagecode": "096",
    "villagename": "Killathivakkam           ",
    "villagetname": "கீழத்திவாக்கம்                                                                                                               "
  },
  {
    "villagecode": "148",
    "villagename": "Kinnar                   ",
    "villagetname": "கினார்                                                                                                                       "
  },
  {
    "villagecode": "146",
    "villagename": "Kizha Valam              ",
    "villagetname": "கீழவலம்                                                                                                                      "
  },
  {
    "villagecode": "009",
    "villagename": "Kodithandalam            ",
    "villagetname": "கோடித்தண்டலம்                                                                                                                "
  },
  {
    "villagecode": "017",
    "villagename": "Kolathur                 ",
    "villagetname": "கொளத்தூர்                                                                                                                    "
  },
  {
    "villagecode": "094",
    "villagename": "Kongaraimampattu         ",
    "villagetname": "கொங்கரைமாம்பட்டு                                                                                                             "
  },
  {
    "villagecode": "115",
    "villagename": "Kottakayapakkam          ",
    "villagetname": "கோட்டகயப்பாக்கம்                                                                                                             "
  },
  {
    "villagecode": "047",
    "villagename": "Koziyalam                ",
    "villagetname": "கோழியாளம்                                                                                                                    "
  },
  {
    "villagecode": "068",
    "villagename": "Kudalur                  ",
    "villagetname": "கூடலூர்                                                                                                                      "
  },
  {
    "villagecode": "058",
    "villagename": "Kuddapakkam              ",
    "villagetname": "கூடப்பாக்கம்                                                                                                                 "
  },
  {
    "villagecode": "010",
    "villagename": "Kumaravadi               ",
    "villagetname": "குமாரவாடி                                                                                                                    "
  },
  {
    "villagecode": "081",
    "villagename": "Kunankaranai             ",
    "villagetname": "கூனங்கரணை                                                                                                                    "
  },
  {
    "villagecode": "020",
    "villagename": "Kunnan Kolathur          ",
    "villagetname": "குன்னங்குளத்தூர்                                                                                                             "
  },
  {
    "villagecode": "151",
    "villagename": "Kunnathur                ",
    "villagetname": "குன்னத்தூர்                                                                                                                  "
  },
  {
    "villagecode": "139",
    "villagename": "Kunnavakkam              ",
    "villagetname": "குண்ணவாக்கம்                                                                                                                 "
  },
  {
    "villagecode": "064",
    "villagename": "Kzhammoor",
    "villagetname": "கீழாமூர்                                                                                                                     "
  },
  {
    "villagecode": "057",
    "villagename": "Ladakaranai",
    "villagetname": "லாடக்கரணை                                                                                                                    "
  },
  {
    "villagecode": "027",
    "villagename": "Lakshiminarayanapurm     ",
    "villagetname": "லட்சுமி நாராயணபுரம்                                                                                                          "
  },
  {
    "villagecode": "056",
    "villagename": "L - Endathur",
    "villagetname": "எல் எண்டத்தூர்                                                                                                               "
  },
  {
    "villagecode": "076",
    "villagename": "Maddur                   ",
    "villagetname": "மதூர்                                                                                                                        "
  },
  {
    "villagecode": "052",
    "villagename": "Madurai                  ",
    "villagetname": "மதுரை                                                                                                                        "
  },
  {
    "villagecode": "006",
    "villagename": "Mamandur                 ",
    "villagetname": "மாமண்டூர்                                                                                                                    "
  },
  {
    "villagecode": "021",
    "villagename": "Mambattu                 ",
    "villagetname": "மாம்பட்டு                                                                                                                    "
  },
  {
    "villagecode": "014",
    "villagename": "Mangalam                 ",
    "villagetname": "மங்கலம்                                                                                                                      "
  },
  {
    "villagecode": "168",
    "villagename": "Marriputhur              ",
    "villagetname": "மாரிப்புத்தூர்                                                                                                               "
  },
  {
    "villagecode": "071",
    "villagename": "Mathur                   ",
    "villagetname": "மாத்தூர்                                                                                                                     "
  },
  {
    "villagecode": "172",
    "villagename": "Melakandai               ",
    "villagetname": "மேலக்காண்டை                                                                                                                  "
  },
  {
    "villagecode": "144",
    "villagename": "Melavalam                ",
    "villagetname": "மேலவளம்                                                                                                                      "
  },
  {
    "villagecode": "005",
    "villagename": "Meyyur                   ",
    "villagetname": "மெய்யூர்                                                                                                                     "
  },
  {
    "villagecode": "111",
    "villagename": "Minnal Kil Minnal      ",
    "villagetname": "மின்னல் கீழ்மின்னல்                                                                                                          "
  },
  {
    "villagecode": "075",
    "villagename": "Moogalvadi               ",
    "villagetname": "மோகல்வாடி                                                                                                                    "
  },
  {
    "villagecode": "156",
    "villagename": "Mulli                    ",
    "villagetname": "முள்ளி                                                                                                                       "
  },
  {
    "villagecode": "070",
    "villagename": "Muniyanthangal           ",
    "villagetname": "முனியந்தாங்கல்                                                                                                               "
  },
  {
    "villagecode": "101",
    "villagename": "Munnakulam               ",
    "villagetname": "முன்னக்குளம்                                                                                                                 "
  },
  {
    "villagecode": "159",
    "villagename": "Munnuthikuppam           ",
    "villagetname": "முன்னுத்திக்குப்பம்                                                                                                          "
  },
  {
    "villagecode": "135",
    "villagename": "Murappakkam              ",
    "villagetname": "மொரப்பாக்கம்                                                                                                                 "
  },
  {
    "villagecode": "169",
    "villagename": "Murugambakkam            ",
    "villagetname": "முருக்கம்பாக்கம்                                                                                                             "
  },
  {
    "villagecode": "153",
    "villagename": "Murukancheri             ",
    "villagetname": "முருக்கஞ்சேரி                                                                                                                "
  },
  {
    "villagecode": "102",
    "villagename": "Murungai                 ",
    "villagetname": "முருங்கை                                                                                                                     "
  },
  {
    "villagecode": "023",
    "villagename": "Musivakkam               ",
    "villagetname": "மூசிவாக்கம்                                                                                                                  "
  },
  {
    "villagecode": "190",
    "villagename": "Nallamur                 ",
    "villagetname": "நல்லாமூர்                                                                                                                    "
  },
  {
    "villagecode": "196",
    "villagename": "Naluur                   ",
    "villagetname": "நல்லூர்                                                                                                                      "
  },
  {
    "villagecode": "100",
    "villagename": "Nedungal                 ",
    "villagetname": "நெடுங்கல்                                                                                                                    "
  },
  {
    "villagecode": "191",
    "villagename": "Neepair                  ",
    "villagetname": "நீர்ப்பெயர்                                                                                                                  "
  },
  {
    "villagecode": "013",
    "villagename": "Nelli    (013)           ",
    "villagetname": "நெல்லி    (013)                                                                                                              "
  },
  {
    "villagecode": "044",
    "villagename": "Nelli     (044)          ",
    "villagetname": "நெல்லி    (044)                                                                                                              "
  },
  {
    "villagecode": "015",
    "villagename": "Nelvoy                   ",
    "villagetname": "நெல்வாய்                                                                                                                     "
  },
  {
    "villagecode": "124",
    "villagename": "Nemam                    ",
    "villagetname": "நேமம்                                                                                                                        "
  },
  {
    "villagecode": "182",
    "villagename": "Nesapakkam               ",
    "villagetname": "நெசப்பாக்கம்                                                                                                                 "
  },
  {
    "villagecode": "130",
    "villagename": "Nethappakkam             ",
    "villagetname": "நேத்தப்பாக்கம்                                                                                                               "
  },
  {
    "villagecode": "179",
    "villagename": "Netrampakkam             ",
    "villagetname": "நெட்ரம்பாக்கம்                                                                                                               "
  },
  {
    "villagecode": "084",
    "villagename": "Orathi                   ",
    "villagetname": "ஒரத்தி                                                                                                                       "
  },
  {
    "villagecode": "065",
    "villagename": "Orathur           ",
    "villagetname": "ஒரத்தூர்                                                                                                                     "
  },
  {
    "villagecode": "180",
    "villagename": "Ozivetti                 ",
    "villagetname": "ஒழவெட்டி                                                                                                                     "
  },
  {
    "villagecode": "025",
    "villagename": "Padalam                  ",
    "villagetname": "படாளம்                                                                                                                       "
  },
  {
    "villagecode": "062",
    "villagename": "Padiri        ",
    "villagetname": "பாதிரி                                                                                                                       "
  },
  {
    "villagecode": "132",
    "villagename": "Pakkam                   ",
    "villagetname": "பாக்கம்                                                                                                                      "
  },
  {
    "villagecode": "007",
    "villagename": "Palamathur               ",
    "villagetname": "பழமத்தூர்                                                                                                                    "
  },
  {
    "villagecode": "121",
    "villagename": "Palli Pettai             ",
    "villagetname": "பள்ளிப்பேட்டை                                                                                                                "
  },
  {
    "villagecode": "012",
    "villagename": "Palliyakaram             ",
    "villagetname": "பள்ளியகரம்                                                                                                                   "
  },
  {
    "villagecode": "043",
    "villagename": "Pambayampattu            ",
    "villagetname": "பம்பையம்பட்டு                                                                                                                "
  },
  {
    "villagecode": "042",
    "villagename": "Papanaloor               ",
    "villagetname": "பாப்பநல்லூர்                                                                                                                 "
  },
  {
    "villagecode": "140",
    "villagename": "Pasumbur                 ",
    "villagetname": "பசும்பூர்                                                                                                                    "
  },
  {
    "villagecode": "060",
    "villagename": "Pasuvankaranai   ",
    "villagetname": "பசுவங்கரணை                                                                                                                   "
  },
  {
    "villagecode": "028",
    "villagename": "Patthur                  ",
    "villagetname": "பாத்தூர்                                                                                                                     "
  },
  {
    "villagecode": "024",
    "villagename": "Pazhayanur               ",
    "villagetname": "பழையனூர்                                                                                                                     "
  },
  {
    "villagecode": "053",
    "villagename": "Perumpakkam              ",
    "villagetname": "பெரும்பாக்கம்                                                                                                                "
  },
  {
    "villagecode": "110",
    "villagename": "Perumparkandigai      ",
    "villagetname": "பெரும்பேர்கண்டிகை                                                                                                            "
  },
  {
    "villagecode": "178",
    "villagename": "Peruvelli                ",
    "villagetname": "பெருவேலி                                                                                                                     "
  },
  {
    "villagecode": "001",
    "villagename": "Pilappur                 ",
    "villagetname": "பிலாப்பூர்                                                                                                                   "
  },
  {
    "villagecode": "138",
    "villagename": "Pillanthikuppam          ",
    "villagetname": "பில்லாந்திக்குப்பம்                                                                                                          "
  },
  {
    "villagecode": "077",
    "villagename": "Pinnampoondi             ",
    "villagetname": "பின்னம்பூண்டி                                                                                                                "
  },
  {
    "villagecode": "185",
    "villagename": "Poondi                   ",
    "villagetname": "புண்டி                                                                                                                       "
  },
  {
    "villagecode": "149",
    "villagename": "Poothur   (149)          ",
    "villagetname": "பூதூர்    (149)                                                                                                              "
  },
  {
    "villagecode": "082",
    "villagename": "Porakal                  ",
    "villagetname": "பொரகால்                                                                                                                      "
  },
  {
    "villagecode": "051",
    "villagename": "Puducherry               ",
    "villagetname": "புதுச்சேரி                                                                                                                   "
  },
  {
    "villagecode": "141",
    "villagename": "Puduppattu               ",
    "villagetname": "புதுப்பட்டு                                                                                                                  "
  },
  {
    "villagecode": "008",
    "villagename": "Pukadurai                ",
    "villagetname": "புக்கத்துரை                                                                                                                  "
  },
  {
    "villagecode": "129",
    "villagename": "Pulikkoradu              ",
    "villagetname": "புலிக்கொரடு                                                                                                                  "
  },
  {
    "villagecode": "026",
    "villagename": "Puliparakkoil            ",
    "villagetname": "புளிப்பரக்கோயில்                                                                                                             "
  },
  {
    "villagecode": "174",
    "villagename": "Puliyaranankottai        ",
    "villagetname": "புளியரணங்கோட்டை                                                                                                              "
  },
  {
    "villagecode": "019",
    "villagename": "Puzithivakkam            ",
    "villagetname": "புழுதிவாக்கம்                                                                                                                "
  },
  {
    "villagecode": "080",
    "villagename": "Rajapalaiyam             ",
    "villagetname": "ராஜபாளையம்                                                                                                                   "
  },
  {
    "villagecode": "120",
    "villagename": "Ravuth Thanallur         ",
    "villagetname": "ராவுத்தநல்லூர்                                                                                                               "
  },
  {
    "villagecode": "004",
    "villagename": "Sappathinallur           ",
    "villagetname": "சம்பாதி நல்லூர்                                                                                                              "
  },
  {
    "villagecode": "033",
    "villagename": "Sathamay                 ",
    "villagetname": "சாத்தமை                                                                                                                      "
  },
  {
    "villagecode": "176",
    "villagename": "Seerunallore             ",
    "villagetname": "சிறுநல்லூர்                                                                                                                  "
  },
  {
    "villagecode": "117",
    "villagename": "Seethapuram              ",
    "villagetname": "சீதாபுரம்                                                                                                                    "
  },
  {
    "villagecode": "059",
    "villagename": "Sempoondy",
    "villagetname": "செம்பூண்டி                                                                                                                   "
  },
  {
    "villagecode": "072",
    "villagename": "Sendivakkam              ",
    "villagetname": "செண்டிவாக்கம்                                                                                                                "
  },
  {
    "villagecode": "092",
    "villagename": "Seniyaneeri              ",
    "villagetname": "செனையனேரி                                                                                                                    "
  },
  {
    "villagecode": "134",
    "villagename": "Silavattam               ",
    "villagetname": "சிலாவட்டம்                                                                                                                   "
  },
  {
    "villagecode": "112",
    "villagename": "Siruper Panndi           ",
    "villagetname": "சிறுபேர்பாண்டி                                                                                                               "
  },
  {
    "villagecode": "090",
    "villagename": "Siruvankunnam            ",
    "villagetname": "சிறுவங்குணம்                                                                                                                 "
  },
  {
    "villagecode": "098",
    "villagename": "Sithamoor(098)      ",
    "villagetname": "சித்தாமூர்  (098)                                                                                                            "
  },
  {
    "villagecode": "041",
    "villagename": "Sitthathur               ",
    "villagetname": "சித்தாத்தூர்                                                                                                                 "
  },
  {
    "villagecode": "035",
    "villagename": "Surai                    ",
    "villagetname": "சூரை                                                                                                                         "
  },
  {
    "villagecode": "050",
    "villagename": "Tandarai                 ",
    "villagetname": "தண்டரை                                                                                                                       "
  },
  {
    "villagecode": "066",
    "villagename": "Thandalam                ",
    "villagetname": "தண்டலம்                                                                                                                      "
  },
  {
    "villagecode": "187",
    "villagename": "Theavanoor               ",
    "villagetname": "தேவனூர்                                                                                                                      "
  },
  {
    "villagecode": "116",
    "villagename": "Thimmapuram              ",
    "villagetname": "திம்மாபுரம்                                                                                                                  "
  },
  {
    "villagecode": "088",
    "villagename": "Thinnaloor               ",
    "villagetname": "தின்னலூர்                                                                                                                    "
  },
  {
    "villagecode": "122",
    "villagename": "Thirumukkadu             ",
    "villagetname": "திருமுக்காடு                                                                                                                 "
  },
  {
    "villagecode": "046",
    "villagename": "Thitalam                 ",
    "villagetname": "தீட்டாலம்                                                                                                                    "
  },
  {
    "villagecode": "145",
    "villagename": "Thotanaval               ",
    "villagetname": "தோட்டநாவல்                                                                                                                   "
  },
  {
    "villagecode": "108",
    "villagename": "Thozhupedu               ",
    "villagetname": "தொழுப்பேடு                                                                                                                   "
  },
  {
    "villagecode": "126",
    "villagename": "Unamalai                 ",
    "villagetname": "ஊனமலை                                                                                                                        "
  },
  {
    "villagecode": "118",
    "villagename": "Utthama Nallur           ",
    "villagetname": "உத்தமநல்லூர்                                                                                                                 "
  },
  {
    "villagecode": "157",
    "villagename": "Uzhuthamangalam          ",
    "villagetname": "உழுதமங்கலம்                                                                                                                  "
  },
  {
    "villagecode": "086",
    "villagename": "Vadakuputhur             ",
    "villagetname": "வடக்குப்புத்தூர்                                                                                                             "
  },
  {
    "villagecode": "087",
    "villagename": "Vadamanipakkam           ",
    "villagetname": "வடமணிப்பாக்கம்                                                                                                               "
  },
  {
    "villagecode": "022",
    "villagename": "Vaiayur                  ",
    "villagetname": "வையாவூர்                                                                                                                     "
  },
  {
    "villagecode": "054",
    "villagename": "Vaippannai",
    "villagetname": "வைப்பணை                                                                                                                      "
  },
  {
    "villagecode": "063",
    "villagename": "Valaamur",
    "villagetname": "வேலாமூர்                                                                                                                     "
  },
  {
    "villagecode": "155",
    "villagename": "Valarperai               ",
    "villagetname": "வளர்பிறை                                                                                                                     "
  },
  {
    "villagecode": "048",
    "villagename": "Valayaputhdur            ",
    "villagetname": "வளையப்புத்தூர்                                                                                                               "
  },
  {
    "villagecode": "105",
    "villagename": "Valliyampakkam           ",
    "villagetname": "வெளியம்பாக்கம்                                                                                                               "
  },
  {
    "villagecode": "131",
    "villagename": "Vasanthavadi             ",
    "villagetname": "வசந்தவாடி                                                                                                                    "
  },
  {
    "villagecode": "049",
    "villagename": "Vedanthangal             ",
    "villagetname": "வேடந்தாங்கல்                                                                                                                 "
  },
  {
    "villagecode": "034",
    "villagename": "Vedevakkam               ",
    "villagetname": "வேடவாக்கம்                                                                                                                   "
  },
  {
    "villagecode": "152",
    "villagename": "Veeranak Kunnam          ",
    "villagetname": "வீராணகுன்னம்                                                                                                                 "
  },
  {
    "villagecode": "166",
    "villagename": "Velagam                  ",
    "villagetname": "விளாகம்                                                                                                                      "
  },
  {
    "villagecode": "039",
    "villagename": "Velaputhoor              ",
    "villagetname": "வெள்ளப்புத்தூர்                                                                                                              "
  },
  {
    "villagecode": "195",
    "villagename": "Vellarai                 ",
    "villagetname": "வெள்ளரை                                                                                                                      "
  },
  {
    "villagecode": "184",
    "villagename": "Venmani                  ",
    "villagetname": "பெரிய வெண்மணி                                                                                                                "
  },
  {
    "villagecode": "186",
    "villagename": "Veralore                 ",
    "villagetname": "விராலூர்                                                                                                                     "
  },
  {
    "villagecode": "114",
    "villagename": "Vilangadu                ",
    "villagetname": "விளாங்காடு                                                                                                                   "
  },
  {
    "villagecode": "133",
    "villagename": "Vilvarayanallur          ",
    "villagetname": "வில்வராயநல்லூர்                                                                                                              "
  },
  {
    "villagecode": "038",
    "villagename": "Vinayaganalur            ",
    "villagetname": "வினாயகநல்லூர்                                                                                                                "
  },
  {
    "villagecode": "089",
    "villagename": "Vinnampoondi             ",
    "villagetname": "விண்ணம்பூண்டி                                                                                                                "
  }
]
