[
  {
    "villagecode": "995",
    "villagename": "Aasur(North)             ",
    "villagetname": "ஆசூர் வடக்கு                                                                                                                 "
  },
  {
    "villagecode": "122",
    "villagename": "Aasur South",
    "villagetname": "ஆசூர்(தெற்கு)                                                                                                                "
  },
  {
    "villagecode": "993",
    "villagename": "Aavudaiyarpattu",
    "villagetname": "ஆவுடையார்பட்டு                                                                                                               "
  },
  {
    "villagecode": "209",
    "villagename": "Ammanangkuppam           ",
    "villagetname": "அம்மணங்குப்பம்                                                                                                               "
  },
  {
    "villagecode": "021",
    "villagename": "Anniyur                  ",
    "villagetname": "அன்னியூர்                                                                                                                    "
  },
  {
    "villagecode": "006",
    "villagename": "Anumanthapuram           ",
    "villagetname": "அனுமந்தபுரம்                                                                                                                 "
  },
  {
    "villagecode": "030",
    "villagename": "Arasalapuram             ",
    "villagetname": "அரசலாபுரம்                                                                                                                   "
  },
  {
    "villagecode": "066",
    "villagename": "Arumpuli                 ",
    "villagetname": "அரும்புலி                                                                                                                    "
  },
  {
    "villagecode": "067",
    "villagename": "Athanur                  ",
    "villagetname": "அதனூர்                                                                                                                       "
  },
  {
    "villagecode": "005",
    "villagename": "Athiyur (Thirukai)       ",
    "villagetname": "அத்தியூர்திருக்கை                                                                                                            "
  },
  {
    "villagecode": "112",
    "villagename": "Ayyur Agaram             ",
    "villagetname": "அய்யூர்அகரம்                                                                                                                 "
  },
  {
    "villagecode": "033",
    "villagename": "Che. Kunnathur           ",
    "villagetname": "செ குண்ணத்தூர்                                                                                                               "
  },
  {
    "villagecode": "212",
    "villagename": "Chinnababusamuthiram     ",
    "villagetname": "சின்னபாபுசமுத்திரம்                                                                                                          "
  },
  {
    "villagecode": "123",
    "villagename": "Chinnathatchur           ",
    "villagetname": "சின்னதச்சூர்                                                                                                                 "
  },
  {
    "villagecode": "036",
    "villagename": "Eechangkuppam",
    "villagetname": "ஈச்சங்குப்பம்                                                                                                                "
  },
  {
    "villagecode": "031",
    "villagename": "E.Mandakappattu",
    "villagetname": "இ.மண்டகப்பட்டு"
  },
  {
    "villagecode": "126",
    "villagename": "Ennayiram                ",
    "villagetname": "எண்ணாயிரம்                                                                                                                   "
  },
  {
    "villagecode": "026",
    "villagename": "Ezhusempon",
    "villagetname": "ஏழுசெம்பொன்                                                                                                                  "
  },
  {
    "villagecode": "111",
    "villagename": "Iyankoilpattu            ",
    "villagetname": "அய்யன்கோயில்பட்டு                                                                                                            "
  },
  {
    "villagecode": "002",
    "villagename": "Kadaiyam",
    "villagetname": "கடையம்                                                                                                                       "
  },
  {
    "villagecode": "048",
    "villagename": "Kakkanur                 ",
    "villagetname": "கக்கனூர்                                                                                                                     "
  },
  {
    "villagecode": "204",
    "villagename": "Kalingamalai             ",
    "villagetname": "கலிங்கமலை                                                                                                                    "
  },
  {
    "villagecode": "207",
    "villagename": "Kalithirampattu          ",
    "villagetname": "கலித்திராம்பட்டு                                                                                                             "
  },
  {
    "villagecode": "018",
    "villagename": "Kaliyanampundi           ",
    "villagetname": "கல்யாணம்பூண்டி                                                                                                               "
  },
  {
    "villagecode": "041",
    "villagename": "Kanchanur                ",
    "villagetname": "கஞ்சனூர்                                                                                                                     "
  },
  {
    "villagecode": "019",
    "villagename": "Kannanthal               ",
    "villagetname": "கன்னந்தல்                                                                                                                    "
  },
  {
    "villagecode": "146",
    "villagename": "Kappiyampuliyur          ",
    "villagetname": "கப்பியாம்புலியூர்                                                                                                            "
  },
  {
    "villagecode": "008",
    "villagename": "Karuvatchi               ",
    "villagetname": "கருவாட்சி                                                                                                                    "
  },
  {
    "villagecode": "115",
    "villagename": "Kaspakaranai             ",
    "villagetname": "கஸ்பாகாரணை                                                                                                                   "
  },
  {
    "villagecode": "134",
    "villagename": "Kayathur                 ",
    "villagetname": "கயத்தூர்                                                                                                                     "
  },
  {
    "villagecode": "201",
    "villagename": "Kodukkur",
    "villagetname": "கொடுக்கூர்                                                                                                                   "
  },
  {
    "villagecode": "128",
    "villagename": "Kongarampoondi           ",
    "villagetname": "கொங்கராம்பூண்டி                                                                                                              "
  },
  {
    "villagecode": "040",
    "villagename": "Koralur",
    "villagetname": "கொரலூர்                                                                                                                      "
  },
  {
    "villagecode": "118",
    "villagename": "Kottiyamboondi           ",
    "villagetname": "கொட்டியாம்பூண்டி                                                                                                             "
  },
  {
    "villagecode": "032",
    "villagename": "Kulapakkam               ",
    "villagetname": "கொளப்பாக்கம்                                                                                                                 "
  },
  {
    "villagecode": "004",
    "villagename": "Kulirsunai",
    "villagetname": "குளிர்சுனை                                                                                                                   "
  },
  {
    "villagecode": "195",
    "villagename": "Kumulam                  ",
    "villagetname": "குமுளம்                                                                                                                      "
  },
  {
    "villagecode": "043",
    "villagename": "Kundalapuliyur           ",
    "villagetname": "குண்டலபுலியூர்                                                                                                               "
  },
  {
    "villagecode": "044",
    "villagename": "Kunnathurthangal",
    "villagetname": "குன்னத்தூர் தாங்கல்                                                                                                          "
  },
  {
    "villagecode": "198",
    "villagename": "Kurampalayam             ",
    "villagetname": "குராம்பாளையம்                                                                                                                "
  },
  {
    "villagecode": "131",
    "villagename": "Kutthampundi             ",
    "villagetname": "குத்தாம்பூண்டி                                                                                                               "
  },
  {
    "villagecode": "181",
    "villagename": "Mathurappakkam           ",
    "villagetname": "மதுரப்பாக்கம்                                                                                                                "
  },
  {
    "villagecode": "139",
    "villagename": "Melakkonthai             ",
    "villagetname": "மேலக்கொந்தை"
  },
  {
    "villagecode": "028",
    "villagename": "Melkaranai               ",
    "villagetname": "மேல்காரணை                                                                                                                    "
  },
  {
    "villagecode": "144",
    "villagename": "Mundiyampakkam           ",
    "villagetname": "முண்டியம்பாக்கம்                                                                                                             "
  },
  {
    "villagecode": "182",
    "villagename": "Mungilpattu              ",
    "villagetname": "மூங்கில்பட்டு                                                                                                                "
  },
  {
    "villagecode": "194",
    "villagename": "Muthaliar Kuppam         ",
    "villagetname": "முதலியார்குப்பம்                                                                                                             "
  },
  {
    "villagecode": "202",
    "villagename": "Muttarampattu            ",
    "villagetname": "முட்ராம்பட்டு                                                                                                                "
  },
  {
    "villagecode": "017",
    "villagename": "Muttathur                ",
    "villagetname": "முட்டதூர்                                                                                                                    "
  },
  {
    "villagecode": "015",
    "villagename": "Nagar                    ",
    "villagetname": "நகர்                                                                                                                         "
  },
  {
    "villagecode": "001",
    "villagename": "Nallapalayam             ",
    "villagetname": "நல்லாபாளையம்                                                                                                                 "
  },
  {
    "villagecode": "037",
    "villagename": "Nandivadi                ",
    "villagetname": "நந்திவாடி                                                                                                                    "
  },
  {
    "villagecode": "014",
    "villagename": "Nangathur                ",
    "villagetname": "நங்காத்தூர்                                                                                                                  "
  },
  {
    "villagecode": "038",
    "villagename": "Narasinganur             ",
    "villagetname": "நரசிங்கனூர்"
  },
  {
    "villagecode": "029",
    "villagename": "Nemur                    ",
    "villagetname": "நேமூர்                                                                                                                       "
  },
  {
    "villagecode": "119",
    "villagename": "Olagalanpoondi           ",
    "villagetname": "உலகலாம்பூண்டி                                                                                                                "
  },
  {
    "villagecode": "114",
    "villagename": "Orathur                  ",
    "villagetname": "ஒரத்தூர்                                                                                                                     "
  },
  {
    "villagecode": "185",
    "villagename": "Pagandai                 ",
    "villagetname": "பகண்டை                                                                                                                       "
  },
  {
    "villagecode": "206",
    "villagename": "Pakkiripalaiyam          ",
    "villagetname": "பக்கிரிபாளையம்                                                                                                               "
  },
  {
    "villagecode": "145",
    "villagename": "Panaiyapuram             ",
    "villagetname": "பனையபுரம்                                                                                                                    "
  },
  {
    "villagecode": "011",
    "villagename": "Panamalai North",
    "villagetname": "பனமலை வடக்கு                                                                                                                 "
  },
  {
    "villagecode": "997",
    "villagename": "Panamalai(South)         ",
    "villagetname": "பனமலை தெற்கு                                                                                                                 "
  },
  {
    "villagecode": "142",
    "villagename": "Panappakkam",
    "villagetname": "பனப்பாக்கம்                                                                                                                  "
  },
  {
    "villagecode": "143",
    "villagename": "Pappanapattu             ",
    "villagetname": "பாப்பனப்பட்டு                                                                                                                "
  },
  {
    "villagecode": "127",
    "villagename": "Peedaripattu             ",
    "villagetname": "பிடாரிபட்டு                                                                                                                  "
  },
  {
    "villagecode": "208",
    "villagename": "Peria Babu Samuthiram    ",
    "villagetname": "பெரியபாபுசமுத்திரம்                                                                                                          "
  },
  {
    "villagecode": "020",
    "villagename": "Perungalampundi          ",
    "villagetname": "பெருங்கலம்பூண்டி                                                                                                             "
  },
  {
    "villagecode": "133",
    "villagename": "Pillaiar Kuppam          ",
    "villagetname": "பிள்ளையார்குப்பம்                                                                                                            "
  },
  {
    "villagecode": "120",
    "villagename": "Poondi                   ",
    "villagetname": "பூண்டி                                                                                                                       "
  },
  {
    "villagecode": "116",
    "villagename": "Poongunam",
    "villagetname": "பூங்குணம்                                                                                                                    "
  },
  {
    "villagecode": "023",
    "villagename": "Porur                    ",
    "villagetname": "போரூர்                                                                                                                       "
  },
  {
    "villagecode": "035",
    "villagename": "Prammadesam              ",
    "villagetname": "பிரம்மதேசம்                                                                                                                  "
  },
  {
    "villagecode": "135",
    "villagename": "Radhapuram               ",
    "villagetname": "ராதாபுரம்                                                                                                                    "
  },
  {
    "villagecode": "132",
    "villagename": "Reddykuppam              ",
    "villagetname": "ரெட்டிகுப்பம்                                                                                                                "
  },
  {
    "villagecode": "012",
    "villagename": "Salavanur                ",
    "villagetname": "சாலவனூர்                                                                                                                     "
  },
  {
    "villagecode": "013",
    "villagename": "Sangeethamangalam        ",
    "villagetname": "சங்கீதமங்கலம்                                                                                                                "
  },
  {
    "villagecode": "180",
    "villagename": "Seiyathuvinnan           ",
    "villagetname": "செய்யாதுவிண்ணான்"
  },
  {
    "villagecode": "046",
    "villagename": "Semedu                   ",
    "villagetname": "செம்மேடு                                                                                                                     "
  },
  {
    "villagecode": "009",
    "villagename": "Sennapa Nayakkanpalayam",
    "villagetname": "சென்னப்ப நாயக்கன்பாளையம்"
  },
  {
    "villagecode": "016",
    "villagename": "Se. Puthur",
    "villagetname": "செ. புதூர்"
  },
  {
    "villagecode": "197",
    "villagename": "Seshangannur             ",
    "villagetname": "சேஷாங்கனூர்                                                                                                                  "
  },
  {
    "villagecode": "045",
    "villagename": "Siruvalai                ",
    "villagetname": "சிறுவாலை                                                                                                                     "
  },
  {
    "villagecode": "137",
    "villagename": "Siruvallikuppam          ",
    "villagetname": "சிறுவள்ளிக்குப்பம்                                                                                                           "
  },
  {
    "villagecode": "025",
    "villagename": "Sitheri                  ",
    "villagetname": "சித்தேரி                                                                                                                     "
  },
  {
    "villagecode": "200",
    "villagename": "Siththalampattu          ",
    "villagetname": "சித்தலம்பட்டு                                                                                                                "
  },
  {
    "villagecode": "065",
    "villagename": "Soorappattu",
    "villagetname": "சூரப்பட்டு                                                                                                                   "
  },
  {
    "villagecode": "068",
    "villagename": "Sozhaganur",
    "villagetname": "சோழகனூர்                                                                                                                     "
  },
  {
    "villagecode": "113",
    "villagename": "Thennamadevi             ",
    "villagetname": "தென்னமாதேவி                                                                                                                  "
  },
  {
    "villagecode": "184",
    "villagename": "Thennavarayanpattu       ",
    "villagetname": "தென்னவராயன்பட்டு                                                                                                             "
  },
  {
    "villagecode": "124",
    "villagename": "Thenper                  ",
    "villagetname": "தென்பேர்                                                                                                                     "
  },
  {
    "villagecode": "022",
    "villagename": "Thirukunam               ",
    "villagetname": "திருக்குணம்                                                                                                                  "
  },
  {
    "villagecode": "199",
    "villagename": "Thirumangalam            ",
    "villagetname": "திருமங்கலம்                                                                                                                  "
  },
  {
    "villagecode": "034",
    "villagename": "Thirunanthipuram         ",
    "villagetname": "திருநந்திபுரம்                                                                                                               "
  },
  {
    "villagecode": "110",
    "villagename": "Thiruvamathur            ",
    "villagetname": "திருவாமாத்தூர்                                                                                                               "
  },
  {
    "villagecode": "138",
    "villagename": "Thoravi                  ",
    "villagetname": "தொரவி                                                                                                                        "
  },
  {
    "villagecode": "117",
    "villagename": "Thumpur                  ",
    "villagetname": "தும்பூர்                                                                                                                     "
  },
  {
    "villagecode": "003",
    "villagename": "Udaiyanatham             ",
    "villagetname": "உடையாநத்தம்                                                                                                                  "
  },
  {
    "villagecode": "147",
    "villagename": "Vadakkuchchipalayam      ",
    "villagetname": "வடகுச்சிபாளையம்                                                                                                              "
  },
  {
    "villagecode": "179",
    "villagename": "Vakur                    ",
    "villagetname": "வாக்கூர்                                                                                                                     "
  },
  {
    "villagecode": "196",
    "villagename": "Vathanur                 ",
    "villagetname": "வாதனூர்"
  },
  {
    "villagecode": "205",
    "villagename": "Vazhuthavur              ",
    "villagetname": "வழுதாவூர்                                                                                                                    "
  },
  {
    "villagecode": "042",
    "villagename": "Veliyanthal",
    "villagetname": "வேளியந்தல்                                                                                                                   "
  },
  {
    "villagecode": "010",
    "villagename": "Vellaiyampattu           ",
    "villagetname": "வெள்ளையாம்பட்டு                                                                                                              "
  },
  {
    "villagecode": "024",
    "villagename": "Velleripattu             ",
    "villagetname": "வெள்ளேரிபட்டு                                                                                                                "
  },
  {
    "villagecode": "121",
    "villagename": "Vembi                    ",
    "villagetname": "வேம்பி                                                                                                                       "
  },
  {
    "villagecode": "007",
    "villagename": "Vengamur                 ",
    "villagetname": "வெங்கமூர்                                                                                                                    "
  },
  {
    "villagecode": "039",
    "villagename": "Vengayakuppam            ",
    "villagetname": "வெங்காயகுப்பம்                                                                                                               "
  },
  {
    "villagecode": "136",
    "villagename": "Vettukkadu",
    "villagetname": "வெட்டுக்காடு"
  },
  {
    "villagecode": "027",
    "villagename": "Vijayangkuppam           ",
    "villagetname": "விஜயங்குப்பம்                                                                                                                "
  },
  {
    "villagecode": "140",
    "villagename": "Vikkiravandi East        ",
    "villagetname": "விக்கிரவாண்டி கிழக்கு                                                                                                        "
  },
  {
    "villagecode": "992",
    "villagename": "Vikkravandi West         ",
    "villagetname": "விக்கிரவாண்டி மேற்கு                                                                                                         "
  },
  {
    "villagecode": "183",
    "villagename": "V.Mathur",
    "villagetname": "வி.மாத்தூர்"
  },
  {
    "villagecode": "203",
    "villagename": "V.Nerkunam               ",
    "villagetname": "வி நெற்குணம்                                                                                                                 "
  },
  {
    "villagecode": "130",
    "villagename": "V.Salai",
    "villagetname": "வி.சாலை"
  },
  {
    "villagecode": "141",
    "villagename": "V.Sathanur",
    "villagetname": "வி.சாத்தனூர்"
  },
  {
    "villagecode": "125",
    "villagename": "Yesalam                  ",
    "villagetname": "எசாலம்                                                                                                                       "
  }
]
