[
  {
    "villagecode": "059",
    "villagename": "Adhiyur",
    "villagetname": "ஆதியூர்"
  },
  {
    "villagecode": "035",
    "villagename": "Akkalur",
    "villagetname": "ஆக்கலூர்"
  },
  {
    "villagecode": "069",
    "villagename": "Alagardevanmanakkudi",
    "villagetname": "அழகர்தேவன் மணக்குடி"
  },
  {
    "villagecode": "070",
    "villagename": "Aligudi",
    "villagetname": "ஆழிகுடி"
  },
  {
    "villagecode": "040",
    "villagename": "Anjukottai",
    "villagetname": "அஞ்சுகோட்டை"
  },
  {
    "villagecode": "012",
    "villagename": "Arasur",
    "villagetname": "அரசூர்"
  },
  {
    "villagecode": "013",
    "villagename": "Attur",
    "villagetname": "ஆட்டூர்"
  },
  {
    "villagecode": "023",
    "villagename": "Baganur",
    "villagetname": "பாகனூர்"
  },
  {
    "villagecode": "054",
    "villagename": "Chinnathondi",
    "villagetname": "சின்னதொண்டி"
  },
  {
    "villagecode": "029",
    "villagename": "Chithamangalam",
    "villagetname": "சித்தாமங்கலம்"
  },
  {
    "villagecode": "037",
    "villagename": "Ilaiyathanvayal",
    "villagetname": "இளையாத்தான்வயல்"
  },
  {
    "villagecode": "041",
    "villagename": "Kadambakudi",
    "villagetname": "கடம்பாகுடி"
  },
  {
    "villagecode": "064",
    "villagename": "Kadambanendal",
    "villagetname": "கடம்பனேந்தல்"
  },
  {
    "villagecode": "020",
    "villagename": "Kadambur",
    "villagetname": "கடம்பூர்"
  },
  {
    "villagecode": "056",
    "villagename": "Kadangudi",
    "villagetname": "காடாங்குடி"
  },
  {
    "villagecode": "046",
    "villagename": "Kaliyanagari",
    "villagetname": "கலியநகரி"
  },
  {
    "villagecode": "067",
    "villagename": "Kanattangudi",
    "villagetname": "கானாட்டாங்குடி"
  },
  {
    "villagecode": "051",
    "villagename": "Karungalakkudi",
    "villagetname": "கருங்காலக்குடி"
  },
  {
    "villagecode": "022",
    "villagename": "Kattavilagam",
    "villagetname": "கட்டவிளாகம்"
  },
  {
    "villagecode": "027",
    "villagename": "Kattimangalam",
    "villagetname": "கட்டிமங்கலம்"
  },
  {
    "villagecode": "060",
    "villagename": "Keelapanaiyur",
    "villagetname": "கீழப்பனையூர்"
  },
  {
    "villagecode": "058",
    "villagename": "Keelarumbur",
    "villagetname": "கீழரும்பூர்"
  },
  {
    "villagecode": "039",
    "villagename": "Kiliyur",
    "villagetname": "கிளியூர்"
  },
  {
    "villagecode": "049",
    "villagename": "Kodipangu",
    "villagetname": "கொடிப்பங்கு"
  },
  {
    "villagecode": "024",
    "villagename": "Kookudi",
    "villagetname": "கூகுடி"
  },
  {
    "villagecode": "062",
    "villagename": "Kulathur",
    "villagetname": "குளத்தூர்"
  },
  {
    "villagecode": "047",
    "villagename": "Machur",
    "villagetname": "மச்சூர்"
  },
  {
    "villagecode": "044",
    "villagename": "Mallanur",
    "villagetname": "மல்லனூர்"
  },
  {
    "villagecode": "025",
    "villagename": "Mangalakkudi",
    "villagetname": "மங்களக்குடி"
  },
  {
    "villagecode": "033",
    "villagename": "Marungur",
    "villagetname": "மருங்கூர்"
  },
  {
    "villagecode": "042",
    "villagename": "Mavur",
    "villagetname": "மாவூர்"
  },
  {
    "villagecode": "065",
    "villagename": "Mugilthagam",
    "villagetname": "முகிழ்தகம்"
  },
  {
    "villagecode": "050",
    "villagename": "Muthuramalingapattinam",
    "villagetname": "முத்துராமலிங்கப்பட்டிணம்"
  },
  {
    "villagecode": "036",
    "villagename": "Nagarikathan",
    "villagetname": "நகரிகாத்தான்"
  },
  {
    "villagecode": "066",
    "villagename": "Nambuthalai",
    "villagetname": "நம்புதாளை"
  },
  {
    "villagecode": "021",
    "villagename": "Neerkundram",
    "villagetname": "நீர்க்குன்றம்"
  },
  {
    "villagecode": "017",
    "villagename": "Neivayal",
    "villagetname": "நெய்வயல்"
  },
  {
    "villagecode": "030",
    "villagename": "Nilamazhagiya Mangalam",
    "villagetname": "நிலமழகியமங்கலம்"
  },
  {
    "villagecode": "048",
    "villagename": "Odavayal",
    "villagetname": "ஓடவயல்"
  },
  {
    "villagecode": "015",
    "villagename": "Orikkottai",
    "villagetname": "ஓரிக்கோட்டை"
  },
  {
    "villagecode": "032",
    "villagename": "Oriyur",
    "villagetname": "ஓரியூர்"
  },
  {
    "villagecode": "019",
    "villagename": "Palankulam",
    "villagetname": "பழங்குளம்"
  },
  {
    "villagecode": "038",
    "villagename": "Pandugudi",
    "villagetname": "பாண்டுகுடி"
  },
  {
    "villagecode": "028",
    "villagename": "Panichakudi",
    "villagetname": "பனிச்சகுடி"
  },
  {
    "villagecode": "014",
    "villagename": "Parur",
    "villagetname": "பாரூர்"
  },
  {
    "villagecode": "061",
    "villagename": "Pattamangalam",
    "villagetname": "பட்டமங்கலம்"
  },
  {
    "villagecode": "034",
    "villagename": "Pullur",
    "villagetname": "புல்லூர்"
  },
  {
    "villagecode": "068",
    "villagename": "Puthupattinam",
    "villagetname": "புதுப்பட்டிணம்"
  },
  {
    "villagecode": "057",
    "villagename": "Sekkanthidal",
    "villagetname": "செக்காந்திடல்"
  },
  {
    "villagecode": "031",
    "villagename": "Sirukambaiyur",
    "villagetname": "சிறுகம்பையூர்"
  },
  {
    "villagecode": "026",
    "villagename": "Sirumalaikkottai",
    "villagetname": "சிறுமலைக்கோட்டை"
  },
  {
    "villagecode": "055",
    "villagename": "Thalirmarungur",
    "villagetname": "தளிர்மருங்கூர்"
  },
  {
    "villagecode": "043",
    "villagename": "Thelur",
    "villagetname": "தேளூர்"
  },
  {
    "villagecode": "016",
    "villagename": "Thiruvadanai Nagini",
    "villagetname": "திருவாடானை நாகினி"
  },
  {
    "villagecode": "063",
    "villagename": "Thiruvetriyur",
    "villagetname": "திருவெற்றியூர்"
  },
  {
    "villagecode": "053",
    "villagename": "Thondi",
    "villagetname": "தொண்டி"
  },
  {
    "villagecode": "010",
    "villagename": "Thottamangalam",
    "villagetname": "தோட்டாமங்கலம்"
  },
  {
    "villagecode": "018",
    "villagename": "Thuthakudi",
    "villagetname": "துத்தாகுடி"
  },
  {
    "villagecode": "011",
    "villagename": "Tiruvadanai",
    "villagetname": "திருவாடானை"
  },
  {
    "villagecode": "045",
    "villagename": "Vattanam",
    "villagetname": "வட்டாணம்"
  },
  {
    "villagecode": "052",
    "villagename": "Velangudi",
    "villagetname": "வேலங்குடி"
  }
]
