[
  {
    "villagecode": "006",
    "villagename": "Danishpet                ",
    "villagetname": "006 டேனிஷ்பேட்டை                                                                                                             "
  },
  {
    "villagecode": "022",
    "villagename": "Darapuram                ",
    "villagetname": "022 தாராபுரம்                                                                                                                "
  },
  {
    "villagecode": "017",
    "villagename": "Dasasamudram             ",
    "villagetname": "017 தாசசமுத்திரம்                                                                                                            "
  },
  {
    "villagecode": "015",
    "villagename": "Deevattipatti            ",
    "villagetname": "015 தீவட்டிப்பட்டி                                                                                                           "
  },
  {
    "villagecode": "010",
    "villagename": "Elathur                  ",
    "villagetname": "010 எலத்துார்                                                                                                                "
  },
  {
    "villagecode": "011",
    "villagename": "Gundukkal                ",
    "villagetname": "011 குண்டுக்கல்                                                                                                              "
  },
  {
    "villagecode": "007",
    "villagename": "Kadayampatti (North)     ",
    "villagetname": "007 காடயாம்பட்டி(வடக்கு)                                                                                                     "
  },
  {
    "villagecode": "207",
    "villagename": "Kadayampatti (South)     ",
    "villagetname": "207 காடயாம்பட்டி(தெற்கு)                                                                                                     "
  },
  {
    "villagecode": "004",
    "villagename": "Kanavaipudur             ",
    "villagetname": "004 கணவாய்புதுார்                                                                                                            "
  },
  {
    "villagecode": "023",
    "villagename": "Kanjanaickenpatti        ",
    "villagetname": "023 கஞ்சநாய்க்கன்பட்டி                                                                                                       "
  },
  {
    "villagecode": "003",
    "villagename": "Kethunaickenpatti        ",
    "villagetname": "003 கேதுநாய்க்கன்பட்டி                                                                                                       "
  },
  {
    "villagecode": "122",
    "villagename": "Kongupatti (North)       ",
    "villagetname": "122 கொங்குபட்டி(வடக்கு)                                                                                                      "
  },
  {
    "villagecode": "012",
    "villagename": "Kongupatti(South)        ",
    "villagetname": "012 கொங்குபட்டி(தெற்கு)                                                                                                      "
  },
  {
    "villagecode": "019",
    "villagename": "Kookuttapatti            ",
    "villagetname": "019 கூகுட்டப்பட்டி                                                                                                           "
  },
  {
    "villagecode": "013",
    "villagename": "Marakkottai              ",
    "villagetname": "013 மரக்கோட்டை                                                                                                               "
  },
  {
    "villagecode": "014",
    "villagename": "Mookkanur                ",
    "villagetname": "014 மூக்கனுார்                                                                                                               "
  },
  {
    "villagecode": "009",
    "villagename": "Nachanampatti            ",
    "villagetname": "009 நாச்சனம்பட்டி                                                                                                            "
  },
  {
    "villagecode": "008",
    "villagename": "Nadupatti                ",
    "villagetname": "008 நடுப்பட்டி                                                                                                               "
  },
  {
    "villagecode": "018",
    "villagename": "Pannapatti               ",
    "villagetname": "018 பண்ணப்பட்டி                                                                                                              "
  },
  {
    "villagecode": "005",
    "villagename": "Pelapallikombai          ",
    "villagetname": "005 பெலாப்பள்ளிகோம்பை                                                                                                        "
  },
  {
    "villagecode": "016",
    "villagename": "Poosaripatti             ",
    "villagetname": "016 பூசாரிப்பட்டி                                                                                                            "
  },
  {
    "villagecode": "044",
    "villagename": "Pottipuram               ",
    "villagetname": "044 பொட்டிபுரம்                                                                                                              "
  },
  {
    "villagecode": "001",
    "villagename": "Sekkarapatti             ",
    "villagetname": "001 செக்காரப்பட்டி                                                                                                           "
  },
  {
    "villagecode": "024",
    "villagename": "Semmandapatti            ",
    "villagetname": "024 செம்மாண்டப்பட்டி                                                                                                         "
  },
  {
    "villagecode": "021",
    "villagename": "Sikkanampatti            ",
    "villagetname": "021 சிக்கனம்பட்டி                                                                                                            "
  },
  {
    "villagecode": "042",
    "villagename": "Thathiampatti            ",
    "villagetname": "042 தாத்தியம்பட்டி                                                                                                           "
  },
  {
    "villagecode": "020",
    "villagename": "Thumbipadi               ",
    "villagetname": "020 தும்பிப்பாடி                                                                                                             "
  },
  {
    "villagecode": "002",
    "villagename": "Veppilai                 ",
    "villagetname": "002 வேப்பிலை                                                                                                                 "
  }
]
