[
  {
    "villagecode": "009",
    "villagename": "Akkadavalli",
    "villagetname": "அக்கடவல்லி"
  },
  {
    "villagecode": "005",
    "villagename": "Alagaperummal Kuppam",
    "villagetname": "அழகுபெருமாள்குப்பம்"
  },
  {
    "villagecode": "031",
    "villagename": "Anguchettypalayam",
    "villagetname": "அங்குசெட்டிபாளையம்"
  },
  {
    "villagecode": "074",
    "villagename": "Ariirundhamangalam",
    "villagetname": "அரயிருந்தமங்கலம்"
  },
  {
    "villagecode": "004",
    "villagename": "Aviyanur",
    "villagetname": "அவியனுார"
  },
  {
    "villagecode": "097",
    "villagename": "Azhagappa Samuthiram",
    "villagetname": "அழகப்பசமுத்திரம்"
  },
  {
    "villagecode": "073",
    "villagename": "Eithanur",
    "villagetname": "எய்தனுார"
  },
  {
    "villagecode": "033",
    "villagename": "Elanthampattu",
    "villagetname": "எலந்தம்பட்டு"
  },
  {
    "villagecode": "007",
    "villagename": "Enathirimangalam",
    "villagetname": "எனதிரமங்கலம்"
  },
  {
    "villagecode": "086",
    "villagename": "Ezhumedu",
    "villagetname": "எழுமேடு"
  },
  {
    "villagecode": "048",
    "villagename": "Kadampuliyur",
    "villagetname": "காடாம்புலியுர"
  },
  {
    "villagecode": "014",
    "villagename": "Kandrakottai",
    "villagetname": "கண்டரகோட்டை"
  },
  {
    "villagecode": "057",
    "villagename": "Kanisappakkam",
    "villagetname": "கனிசப்பாக்கம்"
  },
  {
    "villagecode": "035",
    "villagename": "Karukkai",
    "villagetname": "கருக்கை"
  },
  {
    "villagecode": "006",
    "villagename": "Karumboor",
    "villagetname": "கரும்புர"
  },
  {
    "villagecode": "038",
    "villagename": "Kattu Kudalore",
    "villagetname": "காட்டுகூடலுார"
  },
  {
    "villagecode": "002",
    "villagename": "Kavanur",
    "villagetname": "காவனூர"
  },
  {
    "villagecode": "010",
    "villagename": "Kayapakkam",
    "villagetname": "கயபாக்கம்"
  },
  {
    "villagecode": "088",
    "villagename": "Keelkuppam",
    "villagetname": "கூழ்குப்பம்"
  },
  {
    "villagecode": "096",
    "villagename": "Keelmampattu",
    "villagetname": "கூழ்மாம்பட்டு"
  },
  {
    "villagecode": "076",
    "villagename": "Keezharungunam",
    "villagetname": "கீழ்அருங்குனம்"
  },
  {
    "villagecode": "041",
    "villagename": "Keezhkangeyankuppam",
    "villagetname": "கீழ்காங்கேயன்குப்பம்"
  },
  {
    "villagecode": "084",
    "villagename": "Keezkavarapattu",
    "villagetname": "கீழ்கவரபட்டு"
  },
  {
    "villagecode": "049",
    "villagename": "Kezheruppu",
    "villagetname": "கீழிருப்பு"
  },
  {
    "villagecode": "023",
    "villagename": "Kolapakkam",
    "villagetname": "கொளபாக்கம்"
  },
  {
    "villagecode": "066",
    "villagename": "Kongarayanur",
    "villagetname": "கொங்கராயனுார"
  },
  {
    "villagecode": "008",
    "villagename": "Korathi",
    "villagetname": "கொரத்தி"
  },
  {
    "villagecode": "030",
    "villagename": "Kotlambakkam",
    "villagetname": "கோட்லாம்பாக்கம்"
  },
  {
    "villagecode": "064",
    "villagename": "Kozhipakkam",
    "villagetname": "கோழிபாக்கம்"
  },
  {
    "villagecode": "058",
    "villagename": "Lakshminarayanapuram",
    "villagetname": "லட்சுமிநாராயணபுரம்"
  },
  {
    "villagecode": "062",
    "villagename": "Maligaimedu",
    "villagetname": "மாளிகைமேடு"
  },
  {
    "villagecode": "051",
    "villagename": "Maligampattu",
    "villagetname": "மாளிகம்பட்டு"
  },
  {
    "villagecode": "018",
    "villagename": "Manammahdaputhur",
    "villagetname": "மம்தவிழ்ந்தபுத்தூர"
  },
  {
    "villagecode": "027",
    "villagename": "Manapakkam",
    "villagetname": "மணபாக்கம்"
  },
  {
    "villagecode": "046",
    "villagename": "Marungur",
    "villagetname": "மருங்கூர"
  },
  {
    "villagecode": "026",
    "villagename": "Melarungunam",
    "villagetname": "மேல்அருங்குணம்"
  },
  {
    "villagecode": "042",
    "villagename": "Meliruppu",
    "villagetname": "மேலிருப்பு"
  },
  {
    "villagecode": "040",
    "villagename": "Melkangeyankuppam",
    "villagetname": "மேல்காங்கேயன்குப்பம்"
  },
  {
    "villagecode": "063",
    "villagename": "Melkavarapattu",
    "villagetname": "மேல்கவரபட்டு"
  },
  {
    "villagecode": "061",
    "villagename": "Melkumaramangalam (North)",
    "villagetname": "மேல்குமாரமங்கலம்  வட"
  },
  {
    "villagecode": "099",
    "villagename": "Melkumaramangalam(South)",
    "villagetname": "மேல்குமாரமங்கலம்(தெற"
  },
  {
    "villagecode": "094",
    "villagename": "Melmampattu",
    "villagetname": "மேல்மாம்பட்டு"
  },
  {
    "villagecode": "067",
    "villagename": "Melpattambakkam",
    "villagetname": "மேல்பட்டாம்பாக்கம்"
  },
  {
    "villagecode": "044",
    "villagename": "Nadukuppam",
    "villagetname": "நடுகுப்பம்"
  },
  {
    "villagecode": "019",
    "villagename": "Natham",
    "villagetname": "நத்தம்"
  },
  {
    "villagecode": "017",
    "villagename": "Oraiyur",
    "villagetname": "ஒறையுர"
  },
  {
    "villagecode": "065",
    "villagename": "Pagandai",
    "villagetname": "பகன்டை"
  },
  {
    "villagecode": "001",
    "villagename": "Paithambadi",
    "villagetname": "பைத்தம்பாடி"
  },
  {
    "villagecode": "091",
    "villagename": "Palapattu",
    "villagetname": "பலாப்பட்டு"
  },
  {
    "villagecode": "089",
    "villagename": "Pallavarayanatham",
    "villagetname": "பல்லவராயநத்தம்"
  },
  {
    "villagecode": "087",
    "villagename": "Palur",
    "villagetname": "பாலுார"
  },
  {
    "villagecode": "016",
    "villagename": "Panapakkam",
    "villagetname": "பணம்பாக்கம்"
  },
  {
    "villagecode": "028",
    "villagename": "Pandrakottai",
    "villagetname": "பன்டரகோட்டை"
  },
  {
    "villagecode": "052",
    "villagename": "Panikkankuppam",
    "villagetname": "பணிக்கன்குப்பம்"
  },
  {
    "villagecode": "039",
    "villagename": "Perperiyan Kuppam",
    "villagetname": "பேரபெரயான்குப்பம்"
  },
  {
    "villagecode": "083",
    "villagename": "Perumalnayakkanpalayam",
    "villagetname": "பெருமாள்நாயக்கன்பாளை"
  },
  {
    "villagecode": "013",
    "villagename": "Poondi",
    "villagetname": "புண்டி"
  },
  {
    "villagecode": "059",
    "villagename": "Poongunam",
    "villagetname": "புங்குணம்"
  },
  {
    "villagecode": "015",
    "villagename": "Pulavanur",
    "villagetname": "புலவனுார"
  },
  {
    "villagecode": "095",
    "villagename": "Purangani",
    "villagetname": "புறங்கனி"
  },
  {
    "villagecode": "025",
    "villagename": "Rayarpalayam",
    "villagetname": "ராயரபாளையம்"
  },
  {
    "villagecode": "090",
    "villagename": "Sanniyasipettai",
    "villagetname": "சன்னியாசிபேட்டை"
  },
  {
    "villagecode": "093",
    "villagename": "Sathipattu",
    "villagetname": "சாத்திபட்டு"
  },
  {
    "villagecode": "024",
    "villagename": "Semakottai",
    "villagetname": "சேமகோட்டை"
  },
  {
    "villagecode": "034",
    "villagename": "Semmedu",
    "villagetname": "செம்மேடு"
  },
  {
    "villagecode": "098",
    "villagename": "Silambinathan Pettai",
    "villagetname": "சிலம்பிநாதன்பேட்டை"
  },
  {
    "villagecode": "020",
    "villagename": "Sirugramam",
    "villagetname": "சிறுகிராமம்"
  },
  {
    "villagecode": "092",
    "villagename": "Sirunangaivadi",
    "villagetname": "சிறுநங்கைவாடி"
  },
  {
    "villagecode": "032",
    "villagename": "Siruvathur",
    "villagetname": "சிறுவத்துார"
  },
  {
    "villagecode": "082",
    "villagename": "Sitharasur",
    "villagetname": "சித்தரசூர"
  },
  {
    "villagecode": "045",
    "villagename": "Sorathur",
    "villagetname": "சொரத்துார"
  },
  {
    "villagecode": "075",
    "villagename": "Sundaravandi",
    "villagetname": "சுந்தரவாண்டி"
  },
  {
    "villagecode": "050",
    "villagename": "Thazhampattu",
    "villagetname": "தாழம்பட்டு"
  },
  {
    "villagecode": "060",
    "villagename": "Therasu",
    "villagetname": "திராசு"
  },
  {
    "villagecode": "011",
    "villagename": "Thiruthuraiyur",
    "villagetname": "திருத்துறையுர"
  },
  {
    "villagecode": "022",
    "villagename": "Thiruvamur",
    "villagetname": "திருவாமூர"
  },
  {
    "villagecode": "029",
    "villagename": "Thorapadi",
    "villagetname": "தொரப்பாடி"
  },
  {
    "villagecode": "003",
    "villagename": "Ulundampattu",
    "villagetname": "உளுந்தாம்பட்டு"
  },
  {
    "villagecode": "043",
    "villagename": "Vallam",
    "villagetname": "வல்லம்"
  },
  {
    "villagecode": "012",
    "villagename": "Varingippakkam",
    "villagetname": "வரஞ்சிபாக்கம்"
  },
  {
    "villagecode": "021",
    "villagename": "Veerapperumanallur",
    "villagetname": "வீரப்பெருமாள்நல்லூர"
  },
  {
    "villagecode": "037",
    "villagename": "Veerasingankuppam",
    "villagetname": "வீரசிங்கன்குப்பம்"
  },
  {
    "villagecode": "047",
    "villagename": "Vegakollai",
    "villagetname": "வேகாகொல்லை"
  },
  {
    "villagecode": "036",
    "villagename": "Visur",
    "villagetname": "விசூர"
  }
]
