[
  {
    "villagecode": "018",
    "villagename": "Alampatti                ",
    "villagetname": "ஆலம்பட்டி                                                                                                                    "
  },
  {
    "villagecode": "006",
    "villagename": "Ammapatti                ",
    "villagetname": "அம்மாபட்டி                                                                                                                   "
  },
  {
    "villagecode": "014",
    "villagename": "Athipatti                ",
    "villagetname": "ஆத்திபட்டி                                                                                                                   "
  },
  {
    "villagecode": "036",
    "villagename": "Ayyampatti               ",
    "villagetname": "அய்யம்பட்டி                                                                                                                  "
  },
  {
    "villagecode": "024",
    "villagename": "Banduvarpatti            ",
    "villagetname": "பந்துவார்பட்டி                                                                                                               "
  },
  {
    "villagecode": "030",
    "villagename": "Chathirapatti            ",
    "villagetname": "சத்திரபட்டி                                                                                                                  "
  },
  {
    "villagecode": "001",
    "villagename": "Chinnakamanpatti         ",
    "villagetname": "சின்னகாமன்பட்டி                                                                                                              "
  },
  {
    "villagecode": "031",
    "villagename": "Chinnakollapatti         ",
    "villagetname": "சின்னகொல்லபட்டி                                                                                                              "
  },
  {
    "villagecode": "041",
    "villagename": "Chinna Odaipatti         ",
    "villagetname": "சின்னஒடைபட்டி                                                                                                                "
  },
  {
    "villagecode": "043",
    "villagename": "Chinna Thambia Puram     ",
    "villagetname": "சின்னதம்பியாபுரம்                                                                                                            "
  },
  {
    "villagecode": "021",
    "villagename": "Chintappalli             ",
    "villagetname": "சிந்தப்பள்ளி                                                                                                                 "
  },
  {
    "villagecode": "048",
    "villagename": "Chockalingapuram.M       ",
    "villagetname": "எம் சொக்கலிங்கபுரம்                                                                                                          "
  },
  {
    "villagecode": "004",
    "villagename": "E.Muthulingapuram        ",
    "villagetname": "இ முத்துலிங்காபுரம்                                                                                                          "
  },
  {
    "villagecode": "009",
    "villagename": "Golwarpatti              ",
    "villagetname": "கோல்வார்பட்டி                                                                                                                "
  },
  {
    "villagecode": "051",
    "villagename": "Kanjampatti              ",
    "villagetname": "கஞ்சம்பட்டி                                                                                                                  "
  },
  {
    "villagecode": "044",
    "villagename": "Karisalpatti             ",
    "villagetname": "கரிசல்பட்டி                                                                                                                  "
  },
  {
    "villagecode": "019",
    "villagename": "Kathalampatti            ",
    "villagetname": "கத்தாளம்பட்டி                                                                                                                "
  },
  {
    "villagecode": "032",
    "villagename": "Kollapatti               ",
    "villagetname": "கொல்லபட்டி                                                                                                                   "
  },
  {
    "villagecode": "013",
    "villagename": "Kosukundu                ",
    "villagetname": "கோசுகுண்டு                                                                                                                   "
  },
  {
    "villagecode": "026",
    "villagename": "Kottapacheri             ",
    "villagetname": "கோட்டப்பச்சேரி                                                                                                               "
  },
  {
    "villagecode": "003",
    "villagename": "Kumaralingapuram.E       ",
    "villagetname": "இ குமாரலிங்கபுரம்                                                                                                            "
  },
  {
    "villagecode": "011",
    "villagename": "Kundalakuthur            ",
    "villagetname": "குண்டலக்குத்தூர்                                                                                                             "
  },
  {
    "villagecode": "042",
    "villagename": "Madam Chinna Odaipatti   ",
    "villagetname": "மடம்சின்னஒடைபட்டி                                                                                                            "
  },
  {
    "villagecode": "005",
    "villagename": "Madathukkadu             ",
    "villagetname": "மடத்துக்காடு                                                                                                                 "
  },
  {
    "villagecode": "017",
    "villagename": "Melamadai                ",
    "villagetname": "மேலமடை                                                                                                                       "
  },
  {
    "villagecode": "002",
    "villagename": "Mettamalai               ",
    "villagetname": "மேட்டமலை                                                                                                                     "
  },
  {
    "villagecode": "015",
    "villagename": "Mettupatti.N             ",
    "villagetname": "மேட்டுபட்டி என்                                                                                                              "
  },
  {
    "villagecode": "028",
    "villagename": "Mettupatti.O             ",
    "villagetname": "மேட்டுபட்டி ஒ                                                                                                                "
  },
  {
    "villagecode": "046",
    "villagename": "Mulliseval               ",
    "villagetname": "முள்ளிசெவல்                                                                                                                  "
  },
  {
    "villagecode": "034",
    "villagename": "Nagalapuram.M            ",
    "villagetname": "நாகலாபுரம் எம்                                                                                                               "
  },
  {
    "villagecode": "010",
    "villagename": "Nallamanaickenpatti      ",
    "villagetname": "நல்லமநாயக்கன்பட்டி                                                                                                           "
  },
  {
    "villagecode": "053",
    "villagename": "Nallamuthanpatti         ",
    "villagetname": "நல்லமுத்தான்பட்டி                                                                                                            "
  },
  {
    "villagecode": "049",
    "villagename": "Nalli                    ",
    "villagetname": "நள்ளி                                                                                                                        "
  },
  {
    "villagecode": "033",
    "villagename": "Nenmeni                  ",
    "villagetname": "நென்மேனி                                                                                                                     "
  },
  {
    "villagecode": "027",
    "villagename": "Othaiyal                 ",
    "villagetname": "ஒத்தையால்                                                                                                                    "
  },
  {
    "villagecode": "039",
    "villagename": "Ovayanaickenpatti        ",
    "villagetname": "ஒவநாயக்கன்பட்டி                                                                                                              "
  },
  {
    "villagecode": "020",
    "villagename": "Padanthal                ",
    "villagetname": "படந்தால்                                                                                                                     "
  },
  {
    "villagecode": "012",
    "villagename": "Papakudi                 ",
    "villagetname": "பாப்பாகுடி                                                                                                                   "
  },
  {
    "villagecode": "050",
    "villagename": "Perayampatti             ",
    "villagetname": "பேரய்யன்பட்டி                                                                                                                "
  },
  {
    "villagecode": "045",
    "villagename": "Pethureddipatti          ",
    "villagetname": "பெத்துரெட்டியாபட்டி                                                                                                          "
  },
  {
    "villagecode": "040",
    "villagename": "Pothi Reddipatti         ",
    "villagetname": "போத்திரெட்டியாபட்டி                                                                                                          "
  },
  {
    "villagecode": "052",
    "villagename": "Rowthenpatti             ",
    "villagetname": "ராவுத்தன்பட்டி                                                                                                               "
  },
  {
    "villagecode": "008",
    "villagename": "Sandaiyur                ",
    "villagetname": "சந்தையுர்                                                                                                                    "
  },
  {
    "villagecode": "023",
    "villagename": "Sankaranattam            ",
    "villagetname": "சங்கரநத்தம்                                                                                                                  "
  },
  {
    "villagecode": "029",
    "villagename": "Sattur                   ",
    "villagetname": "சாத்தூர்                                                                                                                     "
  },
  {
    "villagecode": "035",
    "villagename": "Sinduvampatti            ",
    "villagetname": "சிந்துவாம்பட்டி                                                                                                              "
  },
  {
    "villagecode": "016",
    "villagename": "Sirukkulam               ",
    "villagetname": "சிறுகுளம்                                                                                                                    "
  },
  {
    "villagecode": "025",
    "villagename": "Soorangudi               ",
    "villagetname": "சூரன்குடி                                                                                                                    "
  },
  {
    "villagecode": "047",
    "villagename": "Subramaniapuram          ",
    "villagetname": "சுப்பிரமணியபுரம்                                                                                                             "
  },
  {
    "villagecode": "038",
    "villagename": "Umathanpatti             ",
    "villagetname": "ஊமத்தம்பட்டி                                                                                                                 "
  },
  {
    "villagecode": "037",
    "villagename": "Uppathur                 ",
    "villagetname": "உப்பத்தூர்                                                                                                                   "
  },
  {
    "villagecode": "022",
    "villagename": "Vadamalapuram            ",
    "villagetname": "வடமலாபுரம்                                                                                                                   "
  },
  {
    "villagecode": "007",
    "villagename": "Veppilaipatti            ",
    "villagetname": "வேப்பிலைபட்டி                                                                                                                "
  }
]
