[
  {
    "villagecode": "020",
    "villagename": "Adankar Kulam            ",
    "villagetname": "அடங்கார் குளம்                                                                                                               "
  },
  {
    "villagecode": "019",
    "villagename": "Alaganeri                ",
    "villagetname": "அழகனேரி                                                                                                                      "
  },
  {
    "villagecode": "008",
    "villagename": "Alanginaru Thirumalapuram",
    "villagetname": "ஆலங்கிணறு திருமலாபுரம்                                                                                                       "
  },
  {
    "villagecode": "012",
    "villagename": "Anaikulam                ",
    "villagetname": "ஆனைகுளம்                                                                                                                     "
  },
  {
    "villagecode": "011",
    "villagename": "Atchampadu               ",
    "villagetname": "அச்சம்பாடு                                                                                                                   "
  },
  {
    "villagecode": "024",
    "villagename": "Chettikulam              ",
    "villagetname": "செட்டிகுளம்                                                                                                                  "
  },
  {
    "villagecode": "251",
    "villagename": "Irukkanthurai Part-1     ",
    "villagetname": "இருக்கன்துறை பகுதி-1                                                                                                         "
  },
  {
    "villagecode": "252",
    "villagename": "Irukkanthurai Part-2     ",
    "villagetname": "இருக்கன்துறை பகுதி-2                                                                                                         "
  },
  {
    "villagecode": "022",
    "villagename": "Karungulam               ",
    "villagetname": "கருங்குளம்                                                                                                                   "
  },
  {
    "villagecode": "028",
    "villagename": "Kudangulam               ",
    "villagetname": "கூடங்குளம்                                                                                                                   "
  },
  {
    "villagecode": "032",
    "villagename": "Kumbikulam               ",
    "villagetname": "கும்பிகுளம்                                                                                                                  "
  },
  {
    "villagecode": "023",
    "villagename": "Levanjipuram             ",
    "villagetname": "லெவிஞ்சிபுரம்                                                                                                                "
  },
  {
    "villagecode": "301",
    "villagename": "Panagudi Part-1          ",
    "villagetname": "பணகுடி பகுதி-1                                                                                                               "
  },
  {
    "villagecode": "302",
    "villagename": "Panagudi Part-2          ",
    "villagetname": "பணகுடி பகுதி-2                                                                                                               "
  },
  {
    "villagecode": "026",
    "villagename": "Paramesvara Puram        ",
    "villagetname": "பரமேஸ்வரபுரம்                                                                                                                "
  },
  {
    "villagecode": "002",
    "villagename": "Pariviri Sooriyan        ",
    "villagetname": "பரிவிரிசூரியன்                                                                                                               "
  },
  {
    "villagecode": "211",
    "villagename": "Pazhavoor Part-1         ",
    "villagetname": "பழவூர் பகுதி-1                                                                                                               "
  },
  {
    "villagecode": "212",
    "villagename": "Pazhavoor Part-2         ",
    "villagetname": "பழவூர் பகுதி-2                                                                                                               "
  },
  {
    "villagecode": "601",
    "villagename": "Perungudi Part-1         ",
    "villagetname": "பெருங்குடி பகுதி-1                                                                                                           "
  },
  {
    "villagecode": "602",
    "villagename": "Perungudi Part-2         ",
    "villagetname": "பெருங்குடி பகுதி-2                                                                                                           "
  },
  {
    "villagecode": "016",
    "villagename": "Radhapuram               ",
    "villagetname": "இராதாபுரம்                                                                                                                   "
  },
  {
    "villagecode": "018",
    "villagename": "Sadaiyaneri              ",
    "villagetname": "சடையனேரி                                                                                                                     "
  },
  {
    "villagecode": "015",
    "villagename": "Samugarenga Puram        ",
    "villagetname": "சமூகரெங்கபுரம்                                                                                                               "
  },
  {
    "villagecode": "009",
    "villagename": "Sowndrapandiya Puram     ",
    "villagetname": "சௌந்திரபாண்டியபுரம்                                                                                                          "
  },
  {
    "villagecode": "017",
    "villagename": "Thanakkar Kulam          ",
    "villagetname": "தனக்கர்குளம்                                                                                                                 "
  },
  {
    "villagecode": "005",
    "villagename": "Thandaiyar Kulam         ",
    "villagetname": "தண்டையார்குளம்                                                                                                               "
  },
  {
    "villagecode": "010",
    "villagename": "Therku Kallikulam        ",
    "villagetname": "தெற்குகள்ளிகுளம்                                                                                                             "
  },
  {
    "villagecode": "030",
    "villagename": "Thiruvambala Puram       ",
    "villagetname": "திருவம்பலபுரம்                                                                                                               "
  },
  {
    "villagecode": "027",
    "villagename": "Uthayathur               ",
    "villagetname": "உதயத்தூர்                                                                                                                    "
  },
  {
    "villagecode": "101",
    "villagename": "Vadakku Valliyur Part-1  ",
    "villagetname": "வடக்கு வள்ளியூர் பகுதி-1                                                                                                     "
  },
  {
    "villagecode": "102",
    "villagename": "Vadakku Valliyur Part-2  ",
    "villagetname": "வடக்கு வள்ளியூர் பகுதி-2                                                                                                     "
  },
  {
    "villagecode": "401",
    "villagename": "Valliyur South Part-1    ",
    "villagetname": "தெற்கு வள்ளியூர் பகுதி-1                                                                                                     "
  },
  {
    "villagecode": "402",
    "villagename": "Valliyur South Part-2    ",
    "villagetname": "தெற்கு வள்ளியூர் பகுதி-2                                                                                                     "
  },
  {
    "villagecode": "702",
    "villagename": "Veppilangulam Part-2     ",
    "villagetname": "வேப்பிலான்குளம் பகுதி-2                                                                                                      "
  },
  {
    "villagecode": "701",
    "villagename": "Veppilangulan Part-1     ",
    "villagetname": "வேப்பிலான்குளம் பகுதி-1                                                                                                      "
  },
  {
    "villagecode": "029",
    "villagename": "Vijayapathi              ",
    "villagetname": "விஜயாபதி                                                                                                                     "
  }
]
