[
  {
    "villagecode": "140",
    "villagename": "Arunachalapuram          ",
    "villagetname": "அருணாசலபுரம்                                                                                                                 "
  },
  {
    "villagecode": "900",
    "villagename": "Athikinar                ",
    "villagetname": "ஆத்திக்கிணர்                                                                                                                 "
  },
  {
    "villagecode": "010",
    "villagename": "Ayankarisalkulam         ",
    "villagetname": "அயன்கரிசல்குளம்                                                                                                              "
  },
  {
    "villagecode": "220",
    "villagename": "Ayan Vadamalapuram       ",
    "villagetname": "அயன்வடமலாபுரம்                                                                                                               "
  },
  {
    "villagecode": "740",
    "villagename": "Ayyakkottaiyur           ",
    "villagetname": "அய்யாக்கோட்டையூர்                                                                                                            "
  },
  {
    "villagecode": "690",
    "villagename": "Chidambarapuram          ",
    "villagetname": "சிதம்பராபுரம்                                                                                                                "
  },
  {
    "villagecode": "790",
    "villagename": "Chinnamalaikkunru        ",
    "villagetname": "சின்னமலைக்குன்று                                                                                                             "
  },
  {
    "villagecode": "030",
    "villagename": "Cholapuram               ",
    "villagetname": "சோழபுரம்                                                                                                                     "
  },
  {
    "villagecode": "780",
    "villagename": "Ettaiyapuram             ",
    "villagetname": "எட்டயபுரம்                                                                                                                   "
  },
  {
    "villagecode": "990",
    "villagename": "Ettilappanayakkanpatti   ",
    "villagetname": "எத்திலப்பநாயக்கன்பட்டி                                                                                                       "
  },
  {
    "villagecode": "840",
    "villagename": "Ilambhuvanam             ",
    "villagetname": "இளம்புவனம்                                                                                                                   "
  },
  {
    "villagecode": "670",
    "villagename": "Irachchi                 ",
    "villagetname": "ஈராச்சி                                                                                                                      "
  },
  {
    "villagecode": "720",
    "villagename": "Kadalaiyoor              ",
    "villagetname": "கடலையூர்                                                                                                                     "
  },
  {
    "villagecode": "540",
    "villagename": "Kalugachalapuram        ",
    "villagetname": "கழுகாசலபுரம்                                                                                                                 "
  },
  {
    "villagecode": "050",
    "villagename": "Kannakkattai             ",
    "villagetname": "கன்னக்கட்டை                                                                                                                  "
  },
  {
    "villagecode": "150",
    "villagename": "Karuppur                 ",
    "villagetname": "கருப்பூர்                                                                                                                    "
  },
  {
    "villagecode": "710",
    "villagename": "Kattaramanpatti          ",
    "villagetname": "கட்டராமன்பட்டி                                                                                                               "
  },
  {
    "villagecode": "100",
    "villagename": "Keelakarandai            ",
    "villagetname": "கீழக்கரந்தை                                                                                                                  "
  },
  {
    "villagecode": "950",
    "villagename": "Keeliral                 ",
    "villagetname": "கீழஈரால்                                                                                                                     "
  },
  {
    "villagecode": "190",
    "villagename": "Keelnattukkurichi        ",
    "villagetname": "கீழ்நாட்டுக்குறிச்சி                                                                                                         "
  },
  {
    "villagecode": "810",
    "villagename": "Kumaragiri               ",
    "villagetname": "குமாரகிரி                                                                                                                    "
  },
  {
    "villagecode": "980",
    "villagename": "Manjayanayakkanpatti     ",
    "villagetname": "மஞ்சநாயக்கன்பட்டி                                                                                                            "
  },
  {
    "villagecode": "120",
    "villagename": "Masarpatti               ",
    "villagetname": "மாசார்பட்டி                                                                                                                  "
  },
  {
    "villagecode": "750",
    "villagename": "Meenakshipuram           ",
    "villagetname": "மீனாட்சிபுரம்                                                                                                                "
  },
  {
    "villagecode": "110",
    "villagename": "Melakarandai             ",
    "villagetname": "மேலக்கரந்தை                                                                                                                  "
  },
  {
    "villagecode": "930",
    "villagename": "Meliral                  ",
    "villagetname": "மேலஈரால்                                                                                                                     "
  },
  {
    "villagecode": "180",
    "villagename": "Muthulapuram             ",
    "villagetname": "முத்துலாபுரம்                                                                                                                "
  },
  {
    "villagecode": "940",
    "villagename": "Nakkalakattai            ",
    "villagetname": "நக்கலக்கட்டை                                                                                                                 "
  },
  {
    "villagecode": "470",
    "villagename": "Nambipuram               ",
    "villagetname": "நம்பிபுரம்                                                                                                                   "
  },
  {
    "villagecode": "760",
    "villagename": "Navalakkampatti          ",
    "villagetname": "நாவலக்கம்பட்டி                                                                                                               "
  },
  {
    "villagecode": "230",
    "villagename": "N. Vedappatti            ",
    "villagetname": "என் வேடப்பட்டி                                                                                                               "
  },
  {
    "villagecode": "500",
    "villagename": "Padarndapuli             ",
    "villagetname": "படர்ந்தபுளி                                                                                                                  "
  },
  {
    "villagecode": "460",
    "villagename": "Perilovanpatti           ",
    "villagetname": "பேரிலோவன்பட்டி                                                                                                               "
  },
  {
    "villagecode": "890",
    "villagename": "Podupatti                ",
    "villagetname": "போடுபட்டி                                                                                                                    "
  },
  {
    "villagecode": "800",
    "villagename": "Pudupatti                ",
    "villagetname": "என் புதுப்பட்டி                                                                                                              "
  },
  {
    "villagecode": "040",
    "villagename": "Pungavarnatham           ",
    "villagetname": "புங்கவர்நத்தம்                                                                                                               "
  },
  {
    "villagecode": "130",
    "villagename": "Rajappatti               ",
    "villagetname": "ராஜாப்பட்டி                                                                                                                  "
  },
  {
    "villagecode": "490",
    "villagename": "Ramanuthu                ",
    "villagetname": "இராமனூத்து                                                                                                                   "
  },
  {
    "villagecode": "820",
    "villagename": "Ransuretunaykanpati      ",
    "villagetname": "ரணசூரஎட்டுநாயக்கன்பட்டி                                                                                                      "
  },
  {
    "villagecode": "200",
    "villagename": "Sakkilippatti            ",
    "villagetname": "சக்கிலிப்பட்டி                                                                                                               "
  },
  {
    "villagecode": "830",
    "villagename": "Semmapudur               ",
    "villagetname": "செமப்புதூர்                                                                                                                  "
  },
  {
    "villagecode": "770",
    "villagename": "Sindalakarai             ",
    "villagetname": "சிந்தலக்கரை                                                                                                                  "
  },
  {
    "villagecode": "520",
    "villagename": "Singilippatti            ",
    "villagetname": "சிங்கிலிபட்டி                                                                                                                "
  },
  {
    "villagecode": "920",
    "villagename": "Suraikkaypatti           ",
    "villagetname": "சுரைக்காய்பட்டி                                                                                                              "
  },
  {
    "villagecode": "960",
    "villagename": "T.Arunachalapuram        ",
    "villagetname": "டி அருணாசலபுரம்                                                                                                              "
  },
  {
    "villagecode": "510",
    "villagename": "Thalaikkattupuram        ",
    "villagetname": "தலைக்காட்டுபுரம்                                                                                                             "
  },
  {
    "villagecode": "210",
    "villagename": "Thapathi                 ",
    "villagetname": "தாப்பாத்தி                                                                                                                   "
  },
  {
    "villagecode": "160",
    "villagename": "Tholmaalaippatti         ",
    "villagetname": "தோழ்மாலைப்பட்டி                                                                                                              "
  },
  {
    "villagecode": "910",
    "villagename": "T.Shanmugapuram          ",
    "villagetname": "தி சண்முகபுரம்                                                                                                               "
  },
  {
    "villagecode": "480",
    "villagename": "T.Thangammalpuram        ",
    "villagetname": "டி தங்கம்மாள்புரம்                                                                                                           "
  },
  {
    "villagecode": "730",
    "villagename": "Urulaikkudi              ",
    "villagetname": "உருளைகுடி                                                                                                                    "
  },
  {
    "villagecode": "970",
    "villagename": "Valampatti               ",
    "villagetname": "வாலம்பட்டி                                                                                                                   "
  },
  {
    "villagecode": "170",
    "villagename": "Veerappatti              ",
    "villagetname": "வீரப்பட்டி                                                                                                                   "
  },
  {
    "villagecode": "580",
    "villagename": "Velidupatti              ",
    "villagetname": "வேலிடுபட்டி                                                                                                                  "
  },
  {
    "villagecode": "080",
    "villagename": "Vembur                   ",
    "villagetname": "வெம்பூர்                                                                                                                     "
  },
  {
    "villagecode": "020",
    "villagename": "V. Kodangippatti         ",
    "villagetname": "வி கோடாங்கிப்பட்டி                                                                                                           "
  }
]
