[
  {
    "villagecode": "101",
    "villagename": "Aaroor                   ",
    "villagetname": "ஆரூர்                                                                                                                        "
  },
  {
    "villagecode": "069",
    "villagename": "Agaram                   ",
    "villagetname": "அகரம்                                                                                                                        "
  },
  {
    "villagecode": "070",
    "villagename": "Allalacheri              ",
    "villagetname": "அல்லாளச்சேரி                                                                                                                 "
  },
  {
    "villagecode": "079",
    "villagename": "Athiyanam                ",
    "villagetname": "அத்தியானம்                                                                                                                   "
  },
  {
    "villagecode": "021",
    "villagename": "Ayiramangalam            ",
    "villagetname": "ஆயிரமங்கலம்                                                                                                                  "
  },
  {
    "villagecode": "025",
    "villagename": "Cheiyathuvannam          ",
    "villagetname": "செய்யாத்துவண்ணான்                                                                                                            "
  },
  {
    "villagecode": "022",
    "villagename": "Chenkanavaram            ",
    "villagetname": "செங்கனாவரம்                                                                                                                  "
  },
  {
    "villagecode": "072",
    "villagename": "Chennaleri               ",
    "villagetname": "சென்னலேரி                                                                                                                    "
  },
  {
    "villagecode": "074",
    "villagename": "Chennasamudram           ",
    "villagetname": "சென்னசமுத்திரம்                                                                                                              "
  },
  {
    "villagecode": "083",
    "villagename": "Chittanthangal           ",
    "villagetname": "சிட்டந்தாங்கல்                                                                                                               "
  },
  {
    "villagecode": "087",
    "villagename": "Irungur                  ",
    "villagetname": "இருங்கூர்                                                                                                                    "
  },
  {
    "villagecode": "076",
    "villagename": "Kalavai                  ",
    "villagetname": "கலவை                                                                                                                         "
  },
  {
    "villagecode": "077",
    "villagename": "Kalavaiputhur            ",
    "villagetname": "கலவைப்புத்தூர்                                                                                                               "
  },
  {
    "villagecode": "026",
    "villagename": "Kaniyanur                ",
    "villagetname": "கணியனூர்                                                                                                                     "
  },
  {
    "villagecode": "028",
    "villagename": "Kelpadi                  ",
    "villagetname": "கீழ்பாடி                                                                                                                     "
  },
  {
    "villagecode": "084",
    "villagename": "Kodali                   ",
    "villagetname": "கோடாலி                                                                                                                       "
  },
  {
    "villagecode": "029",
    "villagename": "Kundaleri                ",
    "villagetname": "குண்டலேரி                                                                                                                    "
  },
  {
    "villagecode": "095",
    "villagename": "Kuppudisatham            ",
    "villagetname": "குப்புடிசாத்தம்                                                                                                              "
  },
  {
    "villagecode": "023",
    "villagename": "Kuttiyam                 ",
    "villagetname": "குட்டியம்                                                                                                                    "
  },
  {
    "villagecode": "024",
    "villagename": "Malaiyur                 ",
    "villagetname": "மழையுர்                                                                                                                      "
  },
  {
    "villagecode": "096",
    "villagename": "Mampakkam                ",
    "villagetname": "மாம்பாக்கம்                                                                                                                  "
  },
  {
    "villagecode": "090",
    "villagename": "Marudam                  ",
    "villagetname": "மருதம்                                                                                                                       "
  },
  {
    "villagecode": "027",
    "villagename": "Marudamangalam           ",
    "villagetname": "மருதமங்கலம்                                                                                                                  "
  },
  {
    "villagecode": "099",
    "villagename": "Melapalanthai.           ",
    "villagetname": "மேலப்பழந்தை                                                                                                                  "
  },
  {
    "villagecode": "086",
    "villagename": "Melnelli                 ",
    "villagetname": "மேல்நெல்லி                                                                                                                   "
  },
  {
    "villagecode": "066",
    "villagename": "Melnetham Pkm.           ",
    "villagetname": "மேல்நேத்தப்பாக்கம்                                                                                                           "
  },
  {
    "villagecode": "097",
    "villagename": "Melpudupakkam            ",
    "villagetname": "மேல்புதுப்பாக்கம்                                                                                                            "
  },
  {
    "villagecode": "080",
    "villagename": "Melpulam                 ",
    "villagetname": "மேலபுலம்                                                                                                                     "
  },
  {
    "villagecode": "071",
    "villagename": "Nagaleri                 ",
    "villagetname": "நாகலேரி                                                                                                                      "
  },
  {
    "villagecode": "082",
    "villagename": "Nallur                   ",
    "villagetname": "நெல்லூர்                                                                                                                     "
  },
  {
    "villagecode": "018",
    "villagename": "Nangamangalam            ",
    "villagetname": "நங்கமங்கலம்                                                                                                                  "
  },
  {
    "villagecode": "030",
    "villagename": "Palaiyanur               ",
    "villagetname": "பழையனூர்                                                                                                                     "
  },
  {
    "villagecode": "091",
    "villagename": "Pali                     ",
    "villagetname": "பாலி                                                                                                                         "
  },
  {
    "villagecode": "094",
    "villagename": "Pariamangalam            ",
    "villagetname": "பாரியமங்கலம்                                                                                                                 "
  },
  {
    "villagecode": "073",
    "villagename": "Parikkalpattu            ",
    "villagetname": "பரிக்கல்பட்டு                                                                                                                "
  },
  {
    "villagecode": "093",
    "villagename": "Pennagar                 ",
    "villagetname": "பென்னகர்                                                                                                                     "
  },
  {
    "villagecode": "020",
    "villagename": "Perumanthangal           ",
    "villagetname": "பெருமாந்தாஙகல்                                                                                                               "
  },
  {
    "villagecode": "067",
    "villagename": "Pindithangal             ",
    "villagetname": "பிண்டித்தாங்கல்                                                                                                              "
  },
  {
    "villagecode": "078",
    "villagename": "Pinnanthangal            ",
    "villagetname": "பின்னத்தாங்கல்                                                                                                               "
  },
  {
    "villagecode": "102",
    "villagename": "Ponnambalam              ",
    "villagetname": "பொன்னம்பலம்                                                                                                                  "
  },
  {
    "villagecode": "085",
    "villagename": "Sembakkam                ",
    "villagetname": "செம்பாக்கம்                                                                                                                  "
  },
  {
    "villagecode": "075",
    "villagename": "Siruvidagam              ",
    "villagetname": "சிறுவிடாகம்                                                                                                                  "
  },
  {
    "villagecode": "100",
    "villagename": "Soraiyur                 ",
    "villagetname": "சொரையூர்                                                                                                                     "
  },
  {
    "villagecode": "088",
    "villagename": "Thattacheri              ",
    "villagetname": "தட்டச்சேரி                                                                                                                   "
  },
  {
    "villagecode": "089",
    "villagename": "Thenmanapakkam           ",
    "villagetname": "தென்மணப்பாக்கம்                                                                                                              "
  },
  {
    "villagecode": "092",
    "villagename": "Thonimedu                ",
    "villagetname": "தோணிமேடு                                                                                                                     "
  },
  {
    "villagecode": "098",
    "villagename": "Valapandal               ",
    "villagetname": "வாழப்பந்தல்                                                                                                                  "
  },
  {
    "villagecode": "019",
    "villagename": "Valayathur               ",
    "villagetname": "வளையாத்தூர்                                                                                                                  "
  },
  {
    "villagecode": "068",
    "villagename": "Vellambi                 ",
    "villagetname": "வெள்ளம்பி                                                                                                                    "
  },
  {
    "villagecode": "081",
    "villagename": "Vembi                    ",
    "villagetname": "வேம்பி                                                                                                                       "
  }
]
