[
  {
    "villagecode": "081",
    "villagename": "Agraharam Pulaveri       ",
    "villagetname": "022 அக்ரஹாரம் பூலாவேரி                                                                                                       "
  },
  {
    "villagecode": "115",
    "villagename": "Agrapalayam              ",
    "villagetname": "024 அக்கரப்பாளையம்                                                                                                           "
  },
  {
    "villagecode": "076",
    "villagename": "Amani Kondalampatti      ",
    "villagetname": "018 அமானிகொண்டலாம்பட்டி                                                                                                      "
  },
  {
    "villagecode": "089",
    "villagename": "Anaikuttapatti           ",
    "villagetname": "036 ஆனைகுட்டப்பட்டி                                                                                                          "
  },
  {
    "villagecode": "083",
    "villagename": "Ariyampalayam            ",
    "villagetname": "010 அரியாம்பாளையம்                                                                                                           "
  },
  {
    "villagecode": "080",
    "villagename": "Attavanai Poolavari      ",
    "villagetname": "021 அட்டவணை பூலாவரி                                                                                                          "
  },
  {
    "villagecode": "102",
    "villagename": "Attyampatti              ",
    "villagetname": "046 ஆட்டையாம்பட்டி                                                                                                           "
  },
  {
    "villagecode": "109",
    "villagename": "Bairoji Agraharam        ",
    "villagetname": "032 பைரோஜி அக்ரஹாரம்                                                                                                         "
  },
  {
    "villagecode": "095",
    "villagename": "Chelliampalayam          ",
    "villagetname": "038 செல்லியம்பாளையம்                                                                                                         "
  },
  {
    "villagecode": "107",
    "villagename": "Chennagiri               ",
    "villagetname": "050 சென்னகிரி                                                                                                                "
  },
  {
    "villagecode": "111",
    "villagename": "Chinna Siragappadi       ",
    "villagetname": "008 சின்னசீரகாப்பாடி                                                                                                         "
  },
  {
    "villagecode": "085",
    "villagename": "Elampillai               ",
    "villagetname": "001 இளம்பிள்ளை                                                                                                               "
  },
  {
    "villagecode": "118",
    "villagename": "Erasinampatti            ",
    "villagetname": "025 எரசினம்பட்டி                                                                                                             "
  },
  {
    "villagecode": "119",
    "villagename": "Ervadi Pethampatti       ",
    "villagetname": "028 ஏர்வாடிபெத்தாம்பட்டி                                                                                                     "
  },
  {
    "villagecode": "096",
    "villagename": "Ettimanickampatti        ",
    "villagetname": "040 எட்டிமாணிக்கம்பட்டி                                                                                                      "
  },
  {
    "villagecode": "098",
    "villagename": "Kadathur Agraharam       ",
    "villagetname": "033 கடத்தூர் அக்ரஹாரம்                                                                                                       "
  },
  {
    "villagecode": "090",
    "villagename": "Kalparapatti             ",
    "villagetname": "005 கல்பாரப்பட்டி                                                                                                            "
  },
  {
    "villagecode": "092",
    "villagename": "Kombadipatti             ",
    "villagetname": "035 கொம்பாடிப்பட்டி                                                                                                          "
  },
  {
    "villagecode": "100",
    "villagename": "Mainampatti              ",
    "villagetname": "043 நைனாம்பட்டி                                                                                                              "
  },
  {
    "villagecode": "103",
    "villagename": "Marulaiyanpalayam        ",
    "villagetname": "045 மருளையன்பாளையம்                                                                                                          "
  },
  {
    "villagecode": "104",
    "villagename": "Muthanampalyam           ",
    "villagetname": "047 முத்தனம்பாளையம்                                                                                                          "
  },
  {
    "villagecode": "110",
    "villagename": "Nallarayampatti          ",
    "villagetname": "031 நல்லார் அய்யம்பட்டி                                                                                                      "
  },
  {
    "villagecode": "074",
    "villagename": "Neikkarapatti            ",
    "villagetname": "012 நெய்காரப்பட்டி                                                                                                           "
  },
  {
    "villagecode": "116",
    "villagename": "Palampatti               ",
    "villagetname": "030 பாலம்பட்டி                                                                                                               "
  },
  {
    "villagecode": "105",
    "villagename": "Papparapatti             ",
    "villagetname": "048 பாப்பாரப்பட்டி                                                                                                           "
  },
  {
    "villagecode": "125",
    "villagename": "Parappatti               ",
    "villagetname": "026 பாறப்பட்டி                                                                                                               "
  },
  {
    "villagecode": "124",
    "villagename": "Pasuvanathampatti        ",
    "villagetname": "027 பசுவநத்தம்பட்டி                                                                                                          "
  },
  {
    "villagecode": "112",
    "villagename": "Peria Siragapadi         ",
    "villagetname": "007 பெரயசீரகாப்பாடி                                                                                                          "
  },
  {
    "villagecode": "086",
    "villagename": "Perumagoundapatti        ",
    "villagetname": "002 பெருமாகவுண்டம்பட்டி                                                                                                      "
  },
  {
    "villagecode": "108",
    "villagename": "Pethampatti              ",
    "villagetname": "042 பெத்தாம்பட்டி                                                                                                            "
  },
  {
    "villagecode": "075",
    "villagename": "P.Nattamangalam          ",
    "villagetname": "019 பரநாட்டாமங்கலம்                                                                                                          "
  },
  {
    "villagecode": "099",
    "villagename": "Rajapalayam              ",
    "villagetname": "041 இராஜாபாளையம்                                                                                                             "
  },
  {
    "villagecode": "097",
    "villagename": "Rakkipatti               ",
    "villagetname": "034 ராக்கிப்பட்டி                                                                                                            "
  },
  {
    "villagecode": "087",
    "villagename": "Ramapuram                ",
    "villagetname": "003 ராமாபுரம்                                                                                                                "
  },
  {
    "villagecode": "088",
    "villagename": "Reddipatti               ",
    "villagetname": "004 ரெட்டிப்பட்டி                                                                                                            "
  },
  {
    "villagecode": "093",
    "villagename": "Senaipalayam             ",
    "villagetname": "039 சேனைபாளையம்                                                                                                              "
  },
  {
    "villagecode": "091",
    "villagename": "Sevampalayam             ",
    "villagetname": "006 சேவாம்பாளையம்                                                                                                            "
  },
  {
    "villagecode": "114",
    "villagename": "Sidhaneri                ",
    "villagetname": "023 சித்தனேரி                                                                                                                "
  },
  {
    "villagecode": "079",
    "villagename": "Thammanaickenpatti       ",
    "villagetname": "020 தம்மநாயக்கன்பட்டி                                                                                                        "
  },
  {
    "villagecode": "101",
    "villagename": "Thanakuttipalayam        ",
    "villagetname": "044 தானகுட்டிபாளையம்                                                                                                         "
  },
  {
    "villagecode": "082",
    "villagename": "Uthamasolapuram          ",
    "villagetname": "011 உத்தம சோழபுரம்                                                                                                           "
  },
  {
    "villagecode": "117",
    "villagename": "Vaniyampadi              ",
    "villagetname": "029 வாணியம்பாடி                                                                                                              "
  },
  {
    "villagecode": "106",
    "villagename": "Velanatham               ",
    "villagetname": "049 வேலநத்தம்                                                                                                                "
  },
  {
    "villagecode": "094",
    "villagename": "Vembadithalam            ",
    "villagetname": "037 வேம்படிதாளம்                                                                                                             "
  },
  {
    "villagecode": "113",
    "villagename": "Virapandi                ",
    "villagetname": "009 வீரபாண்டி                                                                                                                "
  }
]
