[
  {
    "villagecode": "010",
    "villagename": "Aiynapuram               ",
    "villagetname": "அயினாபுரம்                                                                                                                   "
  },
  {
    "villagecode": "060",
    "villagename": "Alagiripalayam           ",
    "villagetname": "அழகிரபாளையம்                                                                                                                 "
  },
  {
    "villagecode": "701",
    "villagename": "Athanur(N)               ",
    "villagetname": "ஆதனூர் (வ)                                                                                                                   "
  },
  {
    "villagecode": "702",
    "villagename": "Athanur(S)               ",
    "villagetname": "ஆதனூர் (தெ)                                                                                                                  "
  },
  {
    "villagecode": "930",
    "villagename": "Chettikulam              ",
    "villagetname": "செட்டிகுளம்                                                                                                                  "
  },
  {
    "villagecode": "860",
    "villagename": "Elanthalapatti           ",
    "villagetname": "எலந்தலப்பட்டி                                                                                                                "
  },
  {
    "villagecode": "960",
    "villagename": "Irur                     ",
    "villagetname": "இரூர்                                                                                                                        "
  },
  {
    "villagecode": "100",
    "villagename": "J. Athur                 ",
    "villagetname": "ஆத்தூர்                                                                                                                      "
  },
  {
    "villagecode": "900",
    "villagename": "Kannapadi                ",
    "villagetname": "கண்ணப்பாடி                                                                                                                   "
  },
  {
    "villagecode": "992",
    "villagename": "Karai(E)                 ",
    "villagetname": "காரை (கி)                                                                                                                    "
  },
  {
    "villagecode": "991",
    "villagename": "Karai(W)                 ",
    "villagetname": "காரை (மே)                                                                                                                    "
  },
  {
    "villagecode": "001",
    "villagename": "Kolakkanatham            ",
    "villagetname": "கொளக்காநத்தம்                                                                                                                "
  },
  {
    "villagecode": "022",
    "villagename": "Kolathur(E)              ",
    "villagetname": "குளத்தூர் (கி)                                                                                                               "
  },
  {
    "villagecode": "021",
    "villagename": "Kolathur(W)              ",
    "villagetname": "குளத்தூர் (மே)                                                                                                               "
  },
  {
    "villagecode": "710",
    "villagename": "Koothur                  ",
    "villagetname": "கூத்தூர்                                                                                                                     "
  },
  {
    "villagecode": "690",
    "villagename": "Kottarai                 ",
    "villagetname": "கொட்டரை                                                                                                                      "
  },
  {
    "villagecode": "720",
    "villagename": "Kudalore                 ",
    "villagetname": "கூடலூர்                                                                                                                      "
  },
  {
    "villagecode": "030",
    "villagename": "Mavillangai              ",
    "villagetname": "மாவிலிங்கை                                                                                                                   "
  },
  {
    "villagecode": "050",
    "villagename": "Melamathur               ",
    "villagetname": "மேலமாத்தூர்                                                                                                                  "
  },
  {
    "villagecode": "870",
    "villagename": "Nakkasalem               ",
    "villagetname": "நக்கசேலம்                                                                                                                    "
  },
  {
    "villagecode": "950",
    "villagename": "Naranamangalam           ",
    "villagetname": "நாரணமங்கலம்                                                                                                                  "
  },
  {
    "villagecode": "940",
    "villagename": "Nattarmangalam           ",
    "villagetname": "நாட்டார்மங்கலம்                                                                                                              "
  },
  {
    "villagecode": "090",
    "villagename": "Nochikulam               ",
    "villagetname": "நொச்சிகுளம்                                                                                                                  "
  },
  {
    "villagecode": "972",
    "villagename": "Padalur(E)               ",
    "villagetname": "பாடாலூர் (கி)                                                                                                                "
  },
  {
    "villagecode": "971",
    "villagename": "Padalur(W)               ",
    "villagetname": "பாடாலூர் (மே)                                                                                                                "
  },
  {
    "villagecode": "080",
    "villagename": "Pujangarayanallur        ",
    "villagetname": "புஜங்கராயநல்லூர்                                                                                                             "
  },
  {
    "villagecode": "040",
    "villagename": "Puthu Ammapalayam        ",
    "villagetname": "புதுஅம்மாபாளையம்                                                                                                             "
  },
  {
    "villagecode": "730",
    "villagename": "Sathanur                 ",
    "villagetname": "சாத்தனூர்                                                                                                                    "
  },
  {
    "villagecode": "671",
    "villagename": "Sillakudi(N)             ",
    "villagetname": "சில்லக்குடி (வ)                                                                                                              "
  },
  {
    "villagecode": "672",
    "villagename": "Sillakudi(S)             ",
    "villagetname": "சில்லக்குடி (தெ)                                                                                                             "
  },
  {
    "villagecode": "742",
    "villagename": "Sirukanpur(E)            ",
    "villagetname": "சிறுகன்பூர் (கி)                                                                                                             "
  },
  {
    "villagecode": "741",
    "villagename": "Sirukanpur(W)            ",
    "villagetname": "சிறுகன்பூர் (மே)                                                                                                             "
  },
  {
    "villagecode": "910",
    "villagename": "Siruvayalur              ",
    "villagetname": "சிறுவயலூர்                                                                                                                   "
  },
  {
    "villagecode": "890",
    "villagename": "Thenur                   ",
    "villagetname": "தேனூர்                                                                                                                       "
  },
  {
    "villagecode": "980",
    "villagename": "Therani                  ",
    "villagetname": "தெரணி                                                                                                                        "
  },
  {
    "villagecode": "070",
    "villagename": "Thondapadi               ",
    "villagetname": "தொண்டபாடி                                                                                                                    "
  },
  {
    "villagecode": "620",
    "villagename": "Timmur                   ",
    "villagetname": "திம்மூர்                                                                                                                     "
  },
  {
    "villagecode": "880",
    "villagename": "T.Kalathur               ",
    "villagetname": "து.களத்தூர்                                                                                                                  "
  },
  {
    "villagecode": "750",
    "villagename": "Varagupadi               ",
    "villagetname": "வரகுப்பாடி                                                                                                                   "
  }
]
