[
  {
    "villagecode": "011",
    "villagename": "Ananthapuram             ",
    "villagetname": "அனந்தபுரம்                                                                                                                   "
  },
  {
    "villagecode": "013",
    "villagename": "Aralvoimozhi North",
    "villagetname": "ஆரல்வாய்மொழி வடக்கு                                                                                                          "
  },
  {
    "villagecode": "023",
    "villagename": "Aralvoimozhi South",
    "villagetname": "ஆரல்வாய்மொழி தெற்கு                                                                                                          "
  },
  {
    "villagecode": "009",
    "villagename": "Arumanalloor             ",
    "villagetname": "அருமநல்லூர்                                                                                                                  "
  },
  {
    "villagecode": "010",
    "villagename": "Azhagiapandipuram",
    "villagetname": "அழகியபாண்டிபுரம்                                                                                                             "
  },
  {
    "villagecode": "005",
    "villagename": "Boothapandi",
    "villagetname": "பூதப்பாண்டி                                                                                                                  "
  },
  {
    "villagecode": "002",
    "villagename": "Chenbagaramanputhoor",
    "villagetname": "செண்பகராமன்புதூர்                                                                                                            "
  },
  {
    "villagecode": "007",
    "villagename": "Chiramadam               ",
    "villagetname": "சிறமடம்                                                                                                                      "
  },
  {
    "villagecode": "008",
    "villagename": "Derisanamcope            ",
    "villagetname": "தெரசனங்கோப்பு                                                                                                                "
  },
  {
    "villagecode": "012",
    "villagename": "Erachakulam              ",
    "villagetname": "இறச்சகுளம்                                                                                                                   "
  },
  {
    "villagecode": "006",
    "villagename": "Esanthimangalam North",
    "villagetname": "ஈசாந்திமங்கலம் வடக்கு                                                                                                        "
  },
  {
    "villagecode": "017",
    "villagename": "Esanthimangalam South",
    "villagetname": "ஈசாந்திமங்கலம் தெற்கு                                                                                                        "
  },
  {
    "villagecode": "018",
    "villagename": "Gnalam                   ",
    "villagetname": "ஞாலம்                                                                                                                        "
  },
  {
    "villagecode": "020",
    "villagename": "Kattuputhur              ",
    "villagetname": "காட்டுப்புதூர்                                                                                                               "
  },
  {
    "villagecode": "024",
    "villagename": "Kumarapuram              ",
    "villagetname": "குமாரபுரம்                                                                                                                   "
  },
  {
    "villagecode": "015",
    "villagename": "Madavalayam              ",
    "villagetname": "மாதவலாயம்                                                                                                                    "
  },
  {
    "villagecode": "022",
    "villagename": "Navalkadu                ",
    "villagetname": "நாவல்காடு                                                                                                                    "
  },
  {
    "villagecode": "016",
    "villagename": "Shanmugapuram            ",
    "villagetname": "சண்முகபுரம்                                                                                                                  "
  },
  {
    "villagecode": "019",
    "villagename": "Thadikaranakonam         ",
    "villagetname": "தடிக்காரன்கோணம்                                                                                                              "
  },
  {
    "villagecode": "004",
    "villagename": "Thazhakudy               ",
    "villagetname": "தாழாக்குடி                                                                                                                   "
  },
  {
    "villagecode": "021",
    "villagename": "Thidal                   ",
    "villagetname": "திடல்                                                                                                                        "
  },
  {
    "villagecode": "003",
    "villagename": "Thiruppathisaram         ",
    "villagetname": "திருப்பதிச்சாரம்                                                                                                             "
  },
  {
    "villagecode": "001",
    "villagename": "Thovalai",
    "villagetname": "தோவாளை                                                                                                                       "
  },
  {
    "villagecode": "014",
    "villagename": "Veeramarthandanputhoor",
    "villagetname": "வீரமாரத்தாண்டன்புதூர்                                                                                                        "
  }
]
