[
  {
    "villagecode": "200",
    "villagename": "Aangunam                 ",
    "villagetname": "ஆங்குணம்"
  },
  {
    "villagecode": "191",
    "villagename": "Agaram                   ",
    "villagetname": "அகரம்"
  },
  {
    "villagecode": "199",
    "villagename": "Ananandal                ",
    "villagetname": "ஆனானந்தல்"
  },
  {
    "villagecode": "165",
    "villagename": "Andalur                  ",
    "villagetname": "ஆண்டாளூர்"
  },
  {
    "villagecode": "193",
    "villagename": "Andampallam              ",
    "villagetname": "அண்டம்பள்ளம்"
  },
  {
    "villagecode": "119",
    "villagename": "Anukkumalai              ",
    "villagetname": "அணுக்குமலை"
  },
  {
    "villagecode": "155",
    "villagename": "Aranchi                  ",
    "villagetname": "ஆராஞ்சி"
  },
  {
    "villagecode": "175",
    "villagename": "Arumpakkam               ",
    "villagetname": "அரும்பாக்கம்"
  },
  {
    "villagecode": "204",
    "villagename": "Avoor                    ",
    "villagetname": "ஆவூர்"
  },
  {
    "villagecode": "111",
    "villagename": "Aygunam                  ",
    "villagetname": "ஐங்குணம்"
  },
  {
    "villagecode": "145",
    "villagename": "Cheyyaleri               ",
    "villagetname": "செய்யாலேரி"
  },
  {
    "villagecode": "181",
    "villagename": "Earppakkam               ",
    "villagetname": "ஏரப்பாக்கம்"
  },
  {
    "villagecode": "186",
    "villagename": "Eluppanthangal           ",
    "villagetname": "இலுப்பந்தாங்கல்"
  },
  {
    "villagecode": "093",
    "villagename": "Erumpoondi               ",
    "villagetname": "எரும்பூண்டி"
  },
  {
    "villagecode": "190",
    "villagename": "Esukazhikatteri          ",
    "villagetname": "இசுக்கழிகாட்டேரி"
  },
  {
    "villagecode": "182",
    "villagename": "Jameenkodalur            ",
    "villagetname": "ஐமீன்கூடலூர்"
  },
  {
    "villagecode": "158",
    "villagename": "Kadampai                 ",
    "villagetname": "கடம்பை"
  },
  {
    "villagecode": "174",
    "villagename": "Kalingaleri              ",
    "villagetname": "கலிங்கலேரி"
  },
  {
    "villagecode": "157",
    "villagename": "Kalitheri                ",
    "villagetname": "கலித்தேரி"
  },
  {
    "villagecode": "203",
    "villagename": "Kallanai                 ",
    "villagetname": "கல்லணை"
  },
  {
    "villagecode": "207",
    "villagename": "Kallayee                 ",
    "villagetname": "கல்லாயி"
  },
  {
    "villagecode": "098",
    "villagename": "Kalpoondi                ",
    "villagetname": "கல்பூண்டி"
  },
  {
    "villagecode": "106",
    "villagename": "Kanalapadi               ",
    "villagetname": "கானலாப்பாடி"
  },
  {
    "villagecode": "107",
    "villagename": "Kanapapuram              ",
    "villagetname": "கனபாபுரம்"
  },
  {
    "villagecode": "168",
    "villagename": "Kaniyampoondi            ",
    "villagetname": "கணியாம்பூண்டி"
  },
  {
    "villagecode": "097",
    "villagename": "Kanthazhampattu          ",
    "villagetname": "கத்தாழம்பட்டு"
  },
  {
    "villagecode": "110",
    "villagename": "Karnampoondi             ",
    "villagetname": "கார்ணாம்பூண்டி"
  },
  {
    "villagecode": "167",
    "villagename": "Karukkalampadi           ",
    "villagetname": "கரிக்கிலாம்பாடி"
  },
  {
    "villagecode": "171",
    "villagename": "Kattumalaiyanur          ",
    "villagetname": "காட்டுமலையனூர்"
  },
  {
    "villagecode": "156",
    "villagename": "Kattuvelanandal          ",
    "villagetname": "காட்டுவேளானந்தல்"
  },
  {
    "villagecode": "109",
    "villagename": "Kazhikulam               ",
    "villagetname": "கழிக்குளம்"
  },
  {
    "villagecode": "096",
    "villagename": "Keekkalur                ",
    "villagetname": "கீக்களுர்"
  },
  {
    "villagecode": "150",
    "villagename": "Keeranur                 ",
    "villagetname": "கீரனுர்"
  },
  {
    "villagecode": "187",
    "villagename": "Kizhkarippur             ",
    "villagetname": "கீழ்கரிப்பூர்"
  },
  {
    "villagecode": "162",
    "villagename": "Kizhpennathur            ",
    "villagetname": "கீழ்பென்னத்தூர்"
  },
  {
    "villagecode": "169",
    "villagename": "Kolathur                 ",
    "villagetname": "கொளத்தூர்"
  },
  {
    "villagecode": "178",
    "villagename": "Konalur                  ",
    "villagetname": "கோணலூர்"
  },
  {
    "villagecode": "100",
    "villagename": "Kotthanthavadi           ",
    "villagetname": "கொத்தந்தவாடி"
  },
  {
    "villagecode": "154",
    "villagename": "Kumarakudi               ",
    "villagetname": "குமரகுடி"
  },
  {
    "villagecode": "163",
    "villagename": "Kunnagkuppam             ",
    "villagetname": "குன்னங்குப்பம்"
  },
  {
    "villagecode": "166",
    "villagename": "Manavaram                ",
    "villagetname": "மானாவரம்"
  },
  {
    "villagecode": "198",
    "villagename": "Mathurampattu            ",
    "villagetname": "மதுராம்பட்டு"
  },
  {
    "villagecode": "094",
    "villagename": "Mekkalur                 ",
    "villagetname": "மேக்களுர்"
  },
  {
    "villagecode": "179",
    "villagename": "Nadazhakanandal          ",
    "villagetname": "நாடழகானந்தல்"
  },
  {
    "villagecode": "188",
    "villagename": "Na.Genguppatu            ",
    "villagetname": "நா.கெங்குப்பட்டு"
  },
  {
    "villagecode": "206",
    "villagename": "Naraiyur                 ",
    "villagetname": "நாரையூர்"
  },
  {
    "villagecode": "108",
    "villagename": "Nariyamangalam           ",
    "villagetname": "நாரியமங்கலம்"
  },
  {
    "villagecode": "183",
    "villagename": "Neivananttham            ",
    "villagetname": "நெய்வானத்தம்"
  },
  {
    "villagecode": "205",
    "villagename": "Olaipadi                 ",
    "villagetname": "ஓலைப்பாடி"
  },
  {
    "villagecode": "112",
    "villagename": "Oothampoondi             ",
    "villagetname": "ஊதப்பூண்டி"
  },
  {
    "villagecode": "201",
    "villagename": "Panniyur                 ",
    "villagetname": "பன்னியூர்"
  },
  {
    "villagecode": "172",
    "villagename": "Polakonam                ",
    "villagetname": "பொலக்குணம்"
  },
  {
    "villagecode": "210",
    "villagename": "Ponnamedu                ",
    "villagetname": "பொன்னமேடு"
  },
  {
    "villagecode": "090",
    "villagename": "Pothamangalam            ",
    "villagetname": "பூதமங்கலம்"
  },
  {
    "villagecode": "185",
    "villagename": "Rajanthangal             ",
    "villagetname": "ராஐன்தாங்கல்"
  },
  {
    "villagecode": "164",
    "villagename": "Rayampettai              ",
    "villagetname": "ராயம்பேட்டை"
  },
  {
    "villagecode": "180",
    "villagename": "Sanippoondi              ",
    "villagetname": "சாணிப்பூண்டி"
  },
  {
    "villagecode": "144",
    "villagename": "Sellankuppam             ",
    "villagetname": "செல்லங்குப்பம்"
  },
  {
    "villagecode": "173",
    "villagename": "Serppanandal             ",
    "villagetname": "சொரப்பனந்தல்"
  },
  {
    "villagecode": "095",
    "villagename": "Sevarapoondi             ",
    "villagetname": "செவரப்பூண்டி"
  },
  {
    "villagecode": "159",
    "villagename": "Sirukothaan              ",
    "villagetname": "சிறுகொத்தான்"
  },
  {
    "villagecode": "161",
    "villagename": "Sirunathur               ",
    "villagetname": "சிறுநாத்தூர்"
  },
  {
    "villagecode": "160",
    "villagename": "Somasipadi               ",
    "villagetname": "சோமாசிப்பாடி"
  },
  {
    "villagecode": "115",
    "villagename": "So.Nammiyandal           ",
    "villagetname": "சோ.நம்மியந்தல்"
  },
  {
    "villagecode": "209",
    "villagename": "Sorathur                 ",
    "villagetname": "சொரத்தூர்"
  },
  {
    "villagecode": "189",
    "villagename": "Thandarai                ",
    "villagetname": "தண்டரை"
  },
  {
    "villagecode": "208",
    "villagename": "Vaippur                  ",
    "villagetname": "வைப்பூர்"
  },
  {
    "villagecode": "091",
    "villagename": "Vairaperiyangkuppam      ",
    "villagetname": "வைரபெரியாங்குப்பம்"
  },
  {
    "villagecode": "114",
    "villagename": "Vattaraputhur            ",
    "villagetname": "வட்ராப்புத்தூர்"
  },
  {
    "villagecode": "184",
    "villagename": "Vayalur                  ",
    "villagetname": "வயலூர்"
  },
  {
    "villagecode": "099",
    "villagename": "Vazhuthalangunam         ",
    "villagetname": "வழுதலங்குணம்"
  },
  {
    "villagecode": "170",
    "villagename": "Vedanattham              ",
    "villagetname": "வேடநத்தம்"
  },
  {
    "villagecode": "092",
    "villagename": "Vedanthavadi             ",
    "villagetname": "வேடந்தவாடி"
  },
  {
    "villagecode": "176",
    "villagename": "Velanandal               ",
    "villagetname": "வேளானந்தல்"
  },
  {
    "villagecode": "202",
    "villagename": "Venniyandal              ",
    "villagetname": "வென்னியந்தல்"
  },
  {
    "villagecode": "136",
    "villagename": "Vettavalam               ",
    "villagetname": "வேட்டவலம்"
  },
  {
    "villagecode": "177",
    "villagename": "V.Neikuppam              ",
    "villagetname": "நெய்குப்பம்"
  }
]
