[
  {
    "villagecode": "080",
    "villagename": "Anchetty (East)",
    "villagetname": "அஞ்செட்டி (கிழக்கு)                                                                                                          "
  },
  {
    "villagecode": "980",
    "villagename": "Anchetty (West)",
    "villagetname": "அஞ்செட்டி (மே)                                                                                                               "
  },
  {
    "villagecode": "083",
    "villagename": "Kottaiyur",
    "villagetname": "கோட்டையூர்                                                                                                                   "
  },
  {
    "villagecode": "093",
    "villagename": "Madakkal",
    "villagetname": "மாடக்கல்                                                                                                                     "
  },
  {
    "villagecode": "084",
    "villagename": "Manchugondapalli",
    "villagetname": "மஞ்சுகொண்டப்பள்ளி                                                                                                            "
  },
  {
    "villagecode": "045",
    "villagename": "Natrapalayam",
    "villagetname": "நாட்ராம்பாளையம்                                                                                                              "
  },
  {
    "villagecode": "081",
    "villagename": "Taggatti",
    "villagetname": "தக்கட்டி                                                                                                                     "
  },
  {
    "villagecode": "085",
    "villagename": "Thottamanchi",
    "villagetname": "தொட்டமஞ்சி                                                                                                                   "
  },
  {
    "villagecode": "082",
    "villagename": "Urigam",
    "villagetname": "உரிகம்                                                                                                                       "
  }
]
