[
  {
    "villagecode": "550",
    "villagename": "Adiyakurichi             ",
    "villagetname": "ஆதியாக்குறிச்சி                                                                                                              "
  },
  {
    "villagecode": "320",
    "villagename": "Ammanpuram               ",
    "villagetname": "அம்மன்புரம்                                                                                                                  "
  },
  {
    "villagecode": "290",
    "villagename": "Arumuganeri              ",
    "villagetname": "ஆறுமுகநேரி                                                                                                                   "
  },
  {
    "villagecode": "250",
    "villagename": "Author Kasba             ",
    "villagetname": "ஆத்தூர் கஸ்பா                                                                                                                "
  },
  {
    "villagecode": "510",
    "villagename": "Chettiyapathu            ",
    "villagetname": "செட்டியாபத்து                                                                                                                "
  },
  {
    "villagecode": "520",
    "villagename": "Kalankudiyiruppu         ",
    "villagetname": "காலான்குடியிருப்பு                                                                                                           "
  },
  {
    "villagecode": "380",
    "villagename": "Kanam                    ",
    "villagetname": "கானம்                                                                                                                        "
  },
  {
    "villagecode": "370",
    "villagename": "Kandasamypuram           ",
    "villagetname": "கந்தசாமிபுரம்                                                                                                                "
  },
  {
    "villagecode": "280",
    "villagename": "Kayalpattanam North      ",
    "villagetname": "காயல்பட்டணம் வடபாகம்                                                                                                         "
  },
  {
    "villagecode": "350",
    "villagename": "Kayalpattanam South      ",
    "villagetname": "காயல்பட்டணம் தென்பாகம்                                                                                                       "
  },
  {
    "villagecode": "400",
    "villagename": "Kayamoli                 ",
    "villagetname": "காயாமொழி                                                                                                                     "
  },
  {
    "villagecode": "420",
    "villagename": "Keela Tiruchendur        ",
    "villagetname": "கீழ திருச்செந்தூர்                                                                                                           "
  },
  {
    "villagecode": "560",
    "villagename": "Kulasekarapattanam       ",
    "villagetname": "குலசேகரன்பட்டினம்                                                                                                            "
  },
  {
    "villagecode": "440",
    "villagename": "Kuthiraimoli             ",
    "villagetname": "குதிரைமொழி                                                                                                                   "
  },
  {
    "villagecode": "490",
    "villagename": "Lakshmipuram             ",
    "villagetname": "லெட்சுமிபுரம்                                                                                                                "
  },
  {
    "villagecode": "570",
    "villagename": "Madhavankurichi          ",
    "villagetname": "மாதவன்குறிச்சி                                                                                                               "
  },
  {
    "villagecode": "480",
    "villagename": "Manadu Thandapathu       ",
    "villagetname": "மானாடு தண்டபத்து                                                                                                             "
  },
  {
    "villagecode": "580",
    "villagename": "Manappadu                ",
    "villagetname": "மணப்பாடு                                                                                                                     "
  },
  {
    "villagecode": "470",
    "villagename": "Megnanapuram             ",
    "villagetname": "மெஞ்ஞானபுரம்                                                                                                                 "
  },
  {
    "villagecode": "240",
    "villagename": "Melaauthor               ",
    "villagetname": "மேல ஆத்தூர்                                                                                                                  "
  },
  {
    "villagecode": "410",
    "villagename": "Mela Tiruchendur         ",
    "villagetname": "மேல திருச்செந்தூர்                                                                                                           "
  },
  {
    "villagecode": "330",
    "villagename": "Mulakkarai               ",
    "villagetname": "மூலக்கரை                                                                                                                     "
  },
  {
    "villagecode": "300",
    "villagename": "Nallur                   ",
    "villagetname": "நல்லூர்                                                                                                                      "
  },
  {
    "villagecode": "460",
    "villagename": "Nangaimoli               ",
    "villagetname": "நங்கைமொழி                                                                                                                    "
  },
  {
    "villagecode": "340",
    "villagename": "Nathakulam               ",
    "villagetname": "நத்தக்குளம்                                                                                                                  "
  },
  {
    "villagecode": "390",
    "villagename": "Pallippathu              ",
    "villagetname": "பள்ளிப்பத்து                                                                                                                 "
  },
  {
    "villagecode": "430",
    "villagename": "Paramankuruchi           ",
    "villagetname": "பரமன்குறிச்சி                                                                                                                "
  },
  {
    "villagecode": "270",
    "villagename": "Punnaikayal              ",
    "villagetname": "புன்னக்காயல்                                                                                                                 "
  },
  {
    "villagecode": "450",
    "villagename": "Semmarikkulam            ",
    "villagetname": "செம்மறிக்குளம்                                                                                                               "
  },
  {
    "villagecode": "260",
    "villagename": "Serndamangalam           ",
    "villagetname": "சேர்ந்தமங்கலம்                                                                                                               "
  },
  {
    "villagecode": "220",
    "villagename": "Suganthalai              ",
    "villagetname": "சுகந்தலை                                                                                                                     "
  },
  {
    "villagecode": "530",
    "villagename": "Udangudi                 ",
    "villagetname": "உடன்குடி                                                                                                                     "
  },
  {
    "villagecode": "500",
    "villagename": "Vagaivilai               ",
    "villagetname": "வாகைவிளை                                                                                                                     "
  },
  {
    "villagecode": "310",
    "villagename": "Veeramanikkam            ",
    "villagetname": "வீரமாணிக்கம்                                                                                                                 "
  },
  {
    "villagecode": "360",
    "villagename": "Veerapandiyanpattanam    ",
    "villagetname": "வீரபாண்டியன்பட்டணம்                                                                                                          "
  },
  {
    "villagecode": "540",
    "villagename": "Venkataramanujapuram     ",
    "villagetname": "வெங்கட்ராமானுஜபுரம்                                                                                                          "
  }
]
