[
  {
    "villagecode": "013",
    "villagename": "A.Meenakshipuram         ",
    "villagetname": "ஏ மீனாட்சிபுரம்                                                                                                              "
  },
  {
    "villagecode": "012",
    "villagename": "Anaikuttam               ",
    "villagetname": "ஆனைக்குட்டம்                                                                                                                 "
  },
  {
    "villagecode": "024",
    "villagename": "Anaiyur                  ",
    "villagetname": "ஆணையூர்                                                                                                                      "
  },
  {
    "villagecode": "032",
    "villagename": "Anuppankulam             ",
    "villagetname": "அனுப்பன்குளம்                                                                                                                "
  },
  {
    "villagecode": "031",
    "villagename": "Chokkalingapuram         ",
    "villagetname": "சொக்கலிங்கபுரம்                                                                                                              "
  },
  {
    "villagecode": "022",
    "villagename": "Duraiswamipuram          ",
    "villagetname": "துரைச்சாமிபுரம்                                                                                                              "
  },
  {
    "villagecode": "001",
    "villagename": "Erichchanatham           ",
    "villagetname": "எரிச்சநத்தம்                                                                                                                 "
  },
  {
    "villagecode": "020",
    "villagename": "Injar                    ",
    "villagetname": "ஈஞ்சார்                                                                                                                      "
  },
  {
    "villagecode": "009",
    "villagename": "Kalaiyarkurichchi        ",
    "villagetname": "காளையார்குறிச்சி                                                                                                             "
  },
  {
    "villagecode": "014",
    "villagename": "Karicheri                ",
    "villagetname": "காரிசேரி                                                                                                                     "
  },
  {
    "villagecode": "015",
    "villagename": "Keela Thiruthangal       ",
    "villagetname": "கீழதிருத்தங்கல்                                                                                                              "
  },
  {
    "villagecode": "026",
    "villagename": "Kongalapuram             ",
    "villagetname": "கொங்கலாபுரம்                                                                                                                 "
  },
  {
    "villagecode": "003",
    "villagename": "Koundanpatti             ",
    "villagetname": "கவுண்டன்பட்டி                                                                                                                "
  },
  {
    "villagecode": "019",
    "villagename": "Krishnapperi             ",
    "villagetname": "கிருஷ்ணபேரி                                                                                                                  "
  },
  {
    "villagecode": "005",
    "villagename": "Mangalam                 ",
    "villagetname": "மங்கலம்                                                                                                                      "
  },
  {
    "villagecode": "023",
    "villagename": "Maraneri                 ",
    "villagetname": "மாரனேரி                                                                                                                      "
  },
  {
    "villagecode": "011",
    "villagename": "Mela Amattur             ",
    "villagetname": "மேலஆமத்தூர்                                                                                                                  "
  },
  {
    "villagecode": "017",
    "villagename": "Namaskarittanpatti       ",
    "villagetname": "நமஸ்கரித்தான்பட்டி                                                                                                           "
  },
  {
    "villagecode": "029",
    "villagename": "Naranapuram              ",
    "villagetname": "நாரணபுரம்                                                                                                                    "
  },
  {
    "villagecode": "007",
    "villagename": "Nedungulam               ",
    "villagetname": "நெடுங்குளம்                                                                                                                  "
  },
  {
    "villagecode": "025",
    "villagename": "Peranayakkanpati         ",
    "villagetname": "பேர்நாயக்கன்பட்டி                                                                                                            "
  },
  {
    "villagecode": "004",
    "villagename": "Pudukkottai              ",
    "villagetname": "புதுக்கோட்டை                                                                                                                 "
  },
  {
    "villagecode": "008",
    "villagename": "Purnachandrapuram        ",
    "villagetname": "பூர்ணசந்திரபுரம்                                                                                                             "
  },
  {
    "villagecode": "036",
    "villagename": "Salvarpatti              ",
    "villagetname": "சல்வார்பட்டி                                                                                                                 "
  },
  {
    "villagecode": "002",
    "villagename": "Sevalur                  ",
    "villagetname": "செவலூர்                                                                                                                      "
  },
  {
    "villagecode": "027",
    "villagename": "Sivakasi                 ",
    "villagetname": "சிவகாசி                                                                                                                      "
  },
  {
    "villagecode": "035",
    "villagename": "Subrahmaniyapuram        ",
    "villagetname": "சுப்ரமணியபுரம்                                                                                                               "
  },
  {
    "villagecode": "006",
    "villagename": "Tachchakkudi             ",
    "villagetname": "தச்சகுடி                                                                                                                     "
  },
  {
    "villagecode": "034",
    "villagename": "Tayilupatti              ",
    "villagetname": "தாயில்பட்டி                                                                                                                  "
  },
  {
    "villagecode": "016",
    "villagename": "Tiruttangal              ",
    "villagetname": "திருத்தங்கல்                                                                                                                 "
  },
  {
    "villagecode": "018",
    "villagename": "Vadapatti                ",
    "villagetname": "வடபட்டி                                                                                                                      "
  },
  {
    "villagecode": "030",
    "villagename": "Vadi                     ",
    "villagetname": "வாடி                                                                                                                         "
  },
  {
    "villagecode": "010",
    "villagename": "Vellore                  ",
    "villagetname": "வெள்ளுர்                                                                                                                     "
  },
  {
    "villagecode": "021",
    "villagename": "Vendurayapuram           ",
    "villagetname": "வேண்டுராயபுரம்                                                                                                               "
  },
  {
    "villagecode": "033",
    "villagename": "Vettilaiyurani           ",
    "villagetname": "வெற்றிலையூரணி                                                                                                                "
  },
  {
    "villagecode": "028",
    "villagename": "Viswanattam              ",
    "villagetname": "விஸ்வநத்தம்                                                                                                                  "
  }
]
