[
  {
    "villagecode": "110",
    "villagename": "Adhanur                       ",
    "villagetname": "61 ஆதனூர்                                                                                                                    "
  },
  {
    "villagecode": "037",
    "villagename": "Appakkarai                    ",
    "villagetname": "56 அப்பக்கரை                                                                                                                 "
  },
  {
    "villagecode": "093",
    "villagename": "Athikaripatti                 ",
    "villagetname": "13 அதிகாரிப்பட்டி                                                                                                            "
  },
  {
    "villagecode": "122",
    "villagename": "Athippatti                    ",
    "villagetname": "31 அத்திபட்டி                                                                                                                "
  },
  {
    "villagecode": "182",
    "villagename": "Avalcheri                     ",
    "villagetname": "22 ஆவல்சேரி                                                                                                                  "
  },
  {
    "villagecode": "045",
    "villagename": "Chinnaareddypatti             ",
    "villagetname": "38 சின்னாரெட்டிபட்டி                                                                                                         "
  },
  {
    "villagecode": "069",
    "villagename": "Chinnakattalai                ",
    "villagetname": "15 சின்னக்கட்டளை                                                                                                             "
  },
  {
    "villagecode": "048",
    "villagename": "Chinnapoolaampatti            ",
    "villagetname": "39 சின்னப்பூலாம்பட்டி                                                                                                        "
  },
  {
    "villagecode": "060",
    "villagename": "Chittulotti                   ",
    "villagetname": "69 சிட்டுலொட்டி                                                                                                              "
  },
  {
    "villagecode": "098",
    "villagename": "E. Kottaipatti                ",
    "villagetname": "7  எ.கோட்டைப்பட்டி                                                                                                           "
  },
  {
    "villagecode": "097",
    "villagename": "Elumalai                      ",
    "villagetname": "1  எழுமலை                                                                                                                    "
  },
  {
    "villagecode": "075",
    "villagename": "Eswaraperi                    ",
    "villagetname": "55 ஈஸ்வரபேரி                                                                                                                 "
  },
  {
    "villagecode": "062",
    "villagename": "Gobalapuram                   ",
    "villagetname": "67 கோபாலபுரம்                                                                                                                "
  },
  {
    "villagecode": "076",
    "villagename": "Jambalapuram                  ",
    "villagetname": "23 ஜம்பலபுரம்                                                                                                                "
  },
  {
    "villagecode": "100",
    "villagename": "Jariusilampatti               ",
    "villagetname": "70 ஜாரிஉசிலம்பட்டி                                                                                                           "
  },
  {
    "villagecode": "051",
    "villagename": "Kadaneri                      ",
    "villagetname": "47 காடனேரி                                                                                                                   "
  },
  {
    "villagecode": "096",
    "villagename": "Kalappanpatti                 ",
    "villagetname": "17 காளப்பன்பட்டி                                                                                                             "
  },
  {
    "villagecode": "114",
    "villagename": "Karaikkeni                    ",
    "villagetname": "63 காரைக்கேணி                                                                                                                "
  },
  {
    "villagecode": "118",
    "villagename": "Kenjampatti Bit 1             ",
    "villagetname": "59 கெஞ்சம்பட்டி பிட் 1                                                                                                       "
  },
  {
    "villagecode": "125",
    "villagename": "Kenjampatti Bit 2             ",
    "villagetname": "60 கெஞ்சம்பட்டி பிட் 2                                                                                                       "
  },
  {
    "villagecode": "077",
    "villagename": "Kethuvarpatti                 ",
    "villagetname": "24 கேத்துவார்பட்டி                                                                                                           "
  },
  {
    "villagecode": "050",
    "villagename": "Kilangkulam                   ",
    "villagetname": "48 கிளாங்குளம்                                                                                                               "
  },
  {
    "villagecode": "123",
    "villagename": "Koovalapuram                  ",
    "villagetname": "44 கூவலப்புரம்                                                                                                               "
  },
  {
    "villagecode": "104",
    "villagename": "Koundanpatti Bit 1            ",
    "villagetname": "49 கவுண்டன்பட்டி பிட் 1                                                                                                      "
  },
  {
    "villagecode": "117",
    "villagename": "Koundanpatti Bit 2            ",
    "villagetname": "50 கவுண்டன்பட்டி பிட் 2                                                                                                      "
  },
  {
    "villagecode": "078",
    "villagename": "Kudipatti                     ",
    "villagetname": "25 குடிப்பட்டி                                                                                                               "
  },
  {
    "villagecode": "086",
    "villagename": "Kudiseri                      ",
    "villagetname": "32 குடிசேரி                                                                                                                  "
  },
  {
    "villagecode": "120",
    "villagename": "Kunnathur Bit 1               ",
    "villagetname": "57 டி.குன்னத்தூர் பிட் 1                                                                                                     "
  },
  {
    "villagecode": "121",
    "villagename": "Kunnathur Bit 2               ",
    "villagetname": "58 டி.குன்னத்தூர் பிட் 2                                                                                                     "
  },
  {
    "villagecode": "074",
    "villagename": "Kuppalnattham                 ",
    "villagetname": "20 குப்பல்நத்தம்                                                                                                             "
  },
  {
    "villagecode": "115",
    "villagename": "Lakshmipuram                  ",
    "villagetname": "62 லெட்சுமிபுரம்                                                                                                             "
  },
  {
    "villagecode": "081",
    "villagename": "Mallappuram                   ",
    "villagetname": "2  மள்ளப்புரம்                                                                                                               "
  },
  {
    "villagecode": "087",
    "villagename": "Mangalrevu                    ",
    "villagetname": "33 மங்கல்ரேவு                                                                                                                "
  },
  {
    "villagecode": "056",
    "villagename": "Manibamettuppatti             ",
    "villagetname": "11 மாணிபமேட்டுப்பட்டி                                                                                                        "
  },
  {
    "villagecode": "046",
    "villagename": "Matthakkarai                  ",
    "villagetname": "37 மத்தக்கரை                                                                                                                 "
  },
  {
    "villagecode": "094",
    "villagename": "Melathirumanickam             ",
    "villagetname": "8  மேலத்திருமாணிக்கம்                                                                                                        "
  },
  {
    "villagecode": "058",
    "villagename": "Modhagam                      ",
    "villagetname": "68 மோதகம்                                                                                                                    "
  },
  {
    "villagecode": "063",
    "villagename": "Muruganeri                    ",
    "villagetname": "72 முருகனேரி                                                                                                                 "
  },
  {
    "villagecode": "109",
    "villagename": "Muthunagaiyapuram Bit 1       ",
    "villagetname": "36 முத்துநாகையாபுரம் பிட் 1"
  },
  {
    "villagecode": "113",
    "villagename": "Muthunagaiyapuram Bit 2       ",
    "villagetname": "35 முத்துநாகையாபுரம் பிட் 2"
  },
  {
    "villagecode": "042",
    "villagename": "Nagaiyapuram                  ",
    "villagetname": "34 நாகையாபுரம்                                                                                                               "
  },
  {
    "villagecode": "071",
    "villagename": "Nallamaram                    ",
    "villagetname": "65 நல்லமரம்                                                                                                                  "
  },
  {
    "villagecode": "079",
    "villagename": "Pappinaykkanpatti             ",
    "villagetname": "26 பாப்பிநாயக்கன்பட்டி                                                                                                       "
  },
  {
    "villagecode": "061",
    "villagename": "Paraippatti                   ",
    "villagetname": "71 பாரைப்பட்டி                                                                                                               "
  },
  {
    "villagecode": "173",
    "villagename": "Peraiyampatti                 ",
    "villagetname": "5  பேரையம்பட்டி                                                                                                              "
  },
  {
    "villagecode": "105",
    "villagename": "Peraiyur Bit 1                ",
    "villagetname": "40 பேரையூர் பிட் 1                                                                                                           "
  },
  {
    "villagecode": "054",
    "villagename": "Peraiyur Bit 2                ",
    "villagetname": "41 பேரையூர் பிட் 2                                                                                                           "
  },
  {
    "villagecode": "066",
    "villagename": "Periyakattalai                ",
    "villagetname": "14 பெரியகட்டளை                                                                                                               "
  },
  {
    "villagecode": "070",
    "villagename": "Perungamanallur               ",
    "villagetname": "16 பெருங்காமநல்லூர்                                                                                                          "
  },
  {
    "villagecode": "073",
    "villagename": "Poosalapuram                  ",
    "villagetname": "18 பூசலப்புரம்                                                                                                               "
  },
  {
    "villagecode": "124",
    "villagename": "P. Subbulapuram               ",
    "villagetname": "54 பி.சுப்புலாபுரம்                                                                                                          "
  },
  {
    "villagecode": "053",
    "villagename": "Salichandai                   ",
    "villagetname": "46 சாலிச்சந்தை                                                                                                               "
  },
  {
    "villagecode": "102",
    "villagename": "Santhaiyur                    ",
    "villagetname": "42 சந்தையூர்                                                                                                                 "
  },
  {
    "villagecode": "084",
    "villagename": "Saptur                        ",
    "villagetname": "30 சாப்டூர்                                                                                                                  "
  },
  {
    "villagecode": "092",
    "villagename": "Sedapatti                     ",
    "villagetname": "21 சேடப்பட்டி                                                                                                                "
  },
  {
    "villagecode": "052",
    "villagename": "Seelnayakkanpatti             ",
    "villagetname": "4  சீல்நாயக்கன்பட்டி                                                                                                         "
  },
  {
    "villagecode": "072",
    "villagename": "Sembarani                     ",
    "villagetname": "19 செம்பரணி                                                                                                                  "
  },
  {
    "villagecode": "064",
    "villagename": "Sengulam                      ",
    "villagetname": "73 எம்.செங்குளம்                                                                                                             "
  },
  {
    "villagecode": "103",
    "villagename": "Silaimalaippatti              ",
    "villagetname": "45 சிலைமலைப்பட்டி                                                                                                            "
  },
  {
    "villagecode": "065",
    "villagename": "Silarpatti                    ",
    "villagetname": "66 சிலார்பட்டி                                                                                                               "
  },
  {
    "villagecode": "106",
    "villagename": "S. Keelapatti                 ",
    "villagetname": "43 எஸ்.கீழப்பட்டி                                                                                                            "
  },
  {
    "villagecode": "175",
    "villagename": "Soolappuram                   ",
    "villagetname": "3  சூலப்புரம்                                                                                                                "
  },
  {
    "villagecode": "126",
    "villagename": "Thadaiyampatti                ",
    "villagetname": "10 தாடையம்பட்டி                                                                                                              "
  },
  {
    "villagecode": "095",
    "villagename": "Thirumaanickam                ",
    "villagetname": "9  திருமாணிக்கம்                                                                                                             "
  },
  {
    "villagecode": "080",
    "villagename": "Thullukuttinayakkanur         ",
    "villagetname": "27 துள்ளுக்குட்டிநாயக்கனூர்                                                                                                  "
  },
  {
    "villagecode": "111",
    "villagename": "T. Kalluppatti                ",
    "villagetname": "52 டி.கல்லுப்பட்டி                                                                                                           "
  },
  {
    "villagecode": "059",
    "villagename": "Uthappuram                    ",
    "villagetname": "6  உத்தப்புரம்                                                                                                               "
  },
  {
    "villagecode": "116",
    "villagename": "Vairavi Ammapatti             ",
    "villagetname": "51 வைரவி அம்மாபட்டி                                                                                                          "
  },
  {
    "villagecode": "091",
    "villagename": "Vaiyur                        ",
    "villagetname": "64 வையூர்                                                                                                                    "
  },
  {
    "villagecode": "083",
    "villagename": "Vandari                       ",
    "villagetname": "29 வண்டாரி                                                                                                                   "
  },
  {
    "villagecode": "055",
    "villagename": "Vannaankulam                  ",
    "villagetname": "12 வண்ணான்குளம்                                                                                                              "
  },
  {
    "villagecode": "119",
    "villagename": "Vannivelampatti               ",
    "villagetname": "53 வன்னிவேலம்பட்டி                                                                                                           "
  },
  {
    "villagecode": "101",
    "villagename": "Velambur Bit 1                ",
    "villagetname": "74 வேளாம்பூர் பிட் 1                                                                                                         "
  },
  {
    "villagecode": "099",
    "villagename": "Velambur Bit 2                ",
    "villagetname": "75 வேளாம்பூர் பிட் 2                                                                                                         "
  },
  {
    "villagecode": "082",
    "villagename": "Vittalpatti                   ",
    "villagetname": "28 விட்டல்பட்டி                                                                                                              "
  }
]
