[
  {
    "villagecode": "096",
    "villagename": "Alangadu                 ",
    "villagetname": "ஆலங்காடு                                                                                                                     "
  },
  {
    "villagecode": "092",
    "villagename": "Alangudi                 ",
    "villagetname": "ஆலங்குடி                                                                                                                     "
  },
  {
    "villagecode": "107",
    "villagename": "Anavayal                 ",
    "villagetname": "அனவயல்2பிட்                                                                                                                  "
  },
  {
    "villagecode": "105",
    "villagename": "Anavayal 1 Pit           ",
    "villagetname": "அனவயல்1பிட்                                                                                                                  "
  },
  {
    "villagecode": "104",
    "villagename": "Andavarayapuram          ",
    "villagetname": "ஆண்டவராயபுரம்                                                                                                                "
  },
  {
    "villagecode": "085",
    "villagename": "Araiyappatti             ",
    "villagetname": "அரையப்பட்டி                                                                                                                  "
  },
  {
    "villagecode": "054",
    "villagename": "Ayippatti                ",
    "villagetname": "ஆயிப்பட்டி                                                                                                                   "
  },
  {
    "villagecode": "075",
    "villagename": "Dechanapuram             ",
    "villagetname": "தெட்சிணாபுரம்                                                                                                                "
  },
  {
    "villagecode": "061",
    "villagename": "Imnampatti               ",
    "villagetname": "இம்மனாம்பட்டி                                                                                                                "
  },
  {
    "villagecode": "082",
    "villagename": "Isukippatti              ",
    "villagetname": "இசுகுப்பட்டி                                                                                                                 "
  },
  {
    "villagecode": "064",
    "villagename": "Kaikkurichi              ",
    "villagetname": "கைக்குறிச்சி                                                                                                                 "
  },
  {
    "villagecode": "071",
    "villagename": "Kalangudi                ",
    "villagetname": "களங்குடி                                                                                                                     "
  },
  {
    "villagecode": "093",
    "villagename": "Kallalangudi             ",
    "villagetname": "கல்லாலங்குடி                                                                                                                 "
  },
  {
    "villagecode": "074",
    "villagename": "Kanniyampatti            ",
    "villagetname": "கன்னியாபட்டி                                                                                                                 "
  },
  {
    "villagecode": "110",
    "villagename": "Karambakadu Inam         ",
    "villagetname": "கறம்பக்காடு இனாம்                                                                                                            "
  },
  {
    "villagecode": "111",
    "villagename": "Karambakkadu Jamin       ",
    "villagetname": "கறம்பக்காடு ஜமீன்                                                                                                            "
  },
  {
    "villagecode": "076",
    "villagename": "Kathakurichi             ",
    "villagetname": "கத்தக்குறிச்சி                                                                                                               "
  },
  {
    "villagecode": "059",
    "villagename": "Kayampatti               ",
    "villagetname": "காயாம்பட்டி                                                                                                                  "
  },
  {
    "villagecode": "084",
    "villagename": "Keelaiyur                ",
    "villagetname": "கீழையூர்                                                                                                                     "
  },
  {
    "villagecode": "097",
    "villagename": "Keelathur                ",
    "villagetname": "கீழாத்தூர்                                                                                                                   "
  },
  {
    "villagecode": "114",
    "villagename": "Keeramangalam North      ",
    "villagetname": "கீரமங்கலம் வடக்கு                                                                                                            "
  },
  {
    "villagecode": "122",
    "villagename": "Keeramangalam South      ",
    "villagetname": "கீரமங்கலம் தெற்கு                                                                                                            "
  },
  {
    "villagecode": "058",
    "villagename": "Kothakottai              ",
    "villagetname": "கொத்தக்கோட்டை                                                                                                                "
  },
  {
    "villagecode": "081",
    "villagename": "Kothamangalam            ",
    "villagetname": "கொத்தமங்கலம்                                                                                                                 "
  },
  {
    "villagecode": "117",
    "villagename": "Kothamangalam North      ",
    "villagetname": "கொத்தமங்கலம் வடக்கு                                                                                                          "
  },
  {
    "villagecode": "118",
    "villagename": "Kothamangalam South      ",
    "villagetname": "கொத்தமங்கலம் தெற்கு                                                                                                          "
  },
  {
    "villagecode": "088",
    "villagename": "Kovilur                  ",
    "villagetname": "கோவிலூர்                                                                                                                     "
  },
  {
    "villagecode": "055",
    "villagename": "Kovilur Devasdanam       ",
    "villagetname": "கோவிலூர்தேவஸ்தானம்                                                                                                           "
  },
  {
    "villagecode": "050",
    "villagename": "K.Rasiyamangalam         ",
    "villagetname": "கீழப்பட்டி ராசியமங்கலம்                                                                                                      "
  },
  {
    "villagecode": "072",
    "villagename": "Kudalure                 ",
    "villagetname": "கூடலூர்                                                                                                                      "
  },
  {
    "villagecode": "119",
    "villagename": "Kulamangalam North       ",
    "villagetname": "குலமங்கலம் வடக்கு                                                                                                            "
  },
  {
    "villagecode": "120",
    "villagename": "Kulamangalam South       ",
    "villagetname": "குலமங்கலம் தெற்கு                                                                                                            "
  },
  {
    "villagecode": "077",
    "villagename": "Kulavaippatti            ",
    "villagetname": "குளவாய்ப்பட்டி                                                                                                               "
  },
  {
    "villagecode": "089",
    "villagename": "Kuppakudi                ",
    "villagetname": "குப்பக்குடி                                                                                                                  "
  },
  {
    "villagecode": "056",
    "villagename": "K.V.Kottai               ",
    "villagetname": "குழந்தைவிநாயகர்கோட்டை                                                                                                        "
  },
  {
    "villagecode": "108",
    "villagename": "L.N.Puram                ",
    "villagetname": "லெட்சுமிநரசிம்மபுரம்                                                                                                         "
  },
  {
    "villagecode": "080",
    "villagename": "Malakkudi                ",
    "villagetname": "மாலாக்குடி                                                                                                                   "
  },
  {
    "villagecode": "068",
    "villagename": "Manaiyambalam            ",
    "villagetname": "மணியம்பலம்                                                                                                                   "
  },
  {
    "villagecode": "099",
    "villagename": "Mangadu                  ",
    "villagetname": "மாங்காடு                                                                                                                     "
  },
  {
    "villagecode": "057",
    "villagename": "Manjanviduthi            ",
    "villagetname": "மாஞ்சான்விடுதி                                                                                                               "
  },
  {
    "villagecode": "094",
    "villagename": "Melathur                 ",
    "villagetname": "மேலாத்தூர்                                                                                                                   "
  },
  {
    "villagecode": "051",
    "villagename": "M.Rasiyamangalam         ",
    "villagetname": "மேலப்பட்டி ராசியமங்கலம்                                                                                                      "
  },
  {
    "villagecode": "102",
    "villagename": "Mudukkuvasal             ",
    "villagetname": "முடுக்குவயல்                                                                                                                 "
  },
  {
    "villagecode": "078",
    "villagename": "Muthupattinam            ",
    "villagetname": "முத்துப்பட்டிணம்                                                                                                             "
  },
  {
    "villagecode": "115",
    "villagename": "Nagaram                  ",
    "villagetname": "நகரம்                                                                                                                        "
  },
  {
    "villagecode": "073",
    "villagename": "Nambukuli                ",
    "villagetname": "நம்புகுழி                                                                                                                    "
  },
  {
    "villagecode": "103",
    "villagename": "Neduvasal Keelpathi      ",
    "villagetname": "நெடுவாசல்கீழ்பாதி                                                                                                            "
  },
  {
    "villagecode": "101",
    "villagename": "Neduvasal Melpathi       ",
    "villagetname": "நெடுவாசல்மேல்பாதி                                                                                                            "
  },
  {
    "villagecode": "079",
    "villagename": "Paalaiyur                ",
    "villagetname": "பாலையூர்                                                                                                                     "
  },
  {
    "villagecode": "052",
    "villagename": "Pachikkottai             ",
    "villagetname": "பாச்சிக்கோட்டை                                                                                                               "
  },
  {
    "villagecode": "091",
    "villagename": "Pallathuviduthi          ",
    "villagetname": "பள்ளத்திவிடுதி                                                                                                               "
  },
  {
    "villagecode": "121",
    "villagename": "Panankulam               ",
    "villagetname": "பனங்குளம்                                                                                                                    "
  },
  {
    "villagecode": "090",
    "villagename": "Pathampatti              ",
    "villagetname": "பாத்தம்பட்டி                                                                                                                 "
  },
  {
    "villagecode": "067",
    "villagename": "Poovarasakudi            ",
    "villagetname": "பூவரசக்குடி                                                                                                                  "
  },
  {
    "villagecode": "053",
    "villagename": "Pudukkottaividuthi       ",
    "villagetname": "புதுக்கோட்டைவிடுதி                                                                                                           "
  },
  {
    "villagecode": "109",
    "villagename": "Pulichankadu             ",
    "villagetname": "புளிச்சங்காடு                                                                                                                "
  },
  {
    "villagecode": "100",
    "villagename": "Pullanviduthi            ",
    "villagetname": "புள்ளான்விடுதி                                                                                                               "
  },
  {
    "villagecode": "083",
    "villagename": "Senthakudi               ",
    "villagetname": "சேந்தாக்குடி                                                                                                                 "
  },
  {
    "villagecode": "116",
    "villagename": "Senthankudi              ",
    "villagetname": "சேந்தன்குடி                                                                                                                  "
  },
  {
    "villagecode": "113",
    "villagename": "Seriyalur Inam 2         ",
    "villagetname": "செரியலூர் இனாம்                                                                                                              "
  },
  {
    "villagecode": "112",
    "villagename": "Seriyalur Jameen         ",
    "villagetname": "செரியலூர் ஜமீன்                                                                                                              "
  },
  {
    "villagecode": "106",
    "villagename": "Settienthal              ",
    "villagetname": "செட்டியேந்தல்                                                                                                                "
  },
  {
    "villagecode": "066",
    "villagename": "Settivayal               ",
    "villagetname": "செட்டிவயல்                                                                                                                   "
  },
  {
    "villagecode": "095",
    "villagename": "Sooranviduthi            ",
    "villagetname": "சூரன்விடுதி                                                                                                                  "
  },
  {
    "villagecode": "063",
    "villagename": "Thirukattalai            ",
    "villagetname": "திருக்கட்டளை                                                                                                                 "
  },
  {
    "villagecode": "062",
    "villagename": "Thiruvarangulam          ",
    "villagetname": "திருவரங்குளம்                                                                                                                "
  },
  {
    "villagecode": "098",
    "villagename": "Vadakadu                 ",
    "villagetname": "வடகாடு                                                                                                                       "
  },
  {
    "villagecode": "070",
    "villagename": "Vallathirakkottai        ",
    "villagetname": "வல்லத்திராக்கோட்டை                                                                                                           "
  },
  {
    "villagecode": "069",
    "villagename": "Vandakkottai             ",
    "villagetname": "வாண்டாக்கோட்டை                                                                                                               "
  },
  {
    "villagecode": "087",
    "villagename": "Venkadakkulam            ",
    "villagetname": "வேங்கிடகுளம்                                                                                                                 "
  },
  {
    "villagecode": "086",
    "villagename": "Vennavalkudi             ",
    "villagetname": "வெண்ணாவல்குடி                                                                                                                "
  },
  {
    "villagecode": "060",
    "villagename": "Veppangudi               ",
    "villagetname": "வேப்பங்குடி                                                                                                                  "
  },
  {
    "villagecode": "065",
    "villagename": "Vijayaregunathapuram     ",
    "villagetname": "விஜயரெகுநாதபுரம்                                                                                                             "
  }
]
