[
  {
    "villagecode": "288",
    "villagename": "Aalanur                  ",
    "villagetname": "ஆலனூர்                                                                                                                       "
  },
  {
    "villagecode": "315",
    "villagename": "Aarampoondi              ",
    "villagetname": "ஆரம்பூண்டி"
  },
  {
    "villagecode": "277",
    "villagename": "Aravangadu               ",
    "villagetname": "அரவங்காடு                                                                                                                    "
  },
  {
    "villagecode": "321",
    "villagename": "Dhoradipattu             ",
    "villagetname": "தொரடிபட்டு                                                                                                                   "
  },
  {
    "villagecode": "319",
    "villagename": "Dhorangur                ",
    "villagetname": "தொரங்கூர்                                                                                                                    "
  },
  {
    "villagecode": "303",
    "villagename": "Ennadu                   ",
    "villagetname": "இன்னாடு                                                                                                                      "
  },
  {
    "villagecode": "302",
    "villagename": "Erukampattu              ",
    "villagetname": "எருக்கம்பட்டு                                                                                                                "
  },
  {
    "villagecode": "317",
    "villagename": "Erukkampattu             ",
    "villagetname": "எருக்கம்பட்டு                                                                                                                "
  },
  {
    "villagecode": "323",
    "villagename": "Ezhuthur                 ",
    "villagetname": "எழுத்தூர்                                                                                                                    "
  },
  {
    "villagecode": "286",
    "villagename": "Kalliparai               ",
    "villagetname": "கள்ளிபாறை                                                                                                                    "
  },
  {
    "villagecode": "311",
    "villagename": "Kandickal                ",
    "villagetname": "கண்டிக்கல்                                                                                                                   "
  },
  {
    "villagecode": "304",
    "villagename": "Kariyalur                ",
    "villagetname": "கரியாலுார்                                                                                                                   "
  },
  {
    "villagecode": "307",
    "villagename": "Karuvelampadi            ",
    "villagetname": "கருவேலம்பாடி                                                                                                                 "
  },
  {
    "villagecode": "280",
    "villagename": "Keelathukuzhi            ",
    "villagetname": "கீழாத்துக்குழி"
  },
  {
    "villagecode": "282",
    "villagename": "Keezhnilavoor            ",
    "villagetname": "கீழ்நிலவூர்                                                                                                                  "
  },
  {
    "villagecode": "285",
    "villagename": "Kilakadu                 ",
    "villagetname": "கிளாக்காடு                                                                                                                   "
  },
  {
    "villagecode": "308",
    "villagename": "Kondiyanatham            ",
    "villagetname": "கொண்டியாநந்தம்                                                                                                               "
  },
  {
    "villagecode": "287",
    "villagename": "Koodaram                 ",
    "villagetname": "கூடாரம்                                                                                                                      "
  },
  {
    "villagecode": "290",
    "villagename": "Kurumpalur               ",
    "villagetname": "குறும்பலூர்                                                                                                                  "
  },
  {
    "villagecode": "278",
    "villagename": "Maniyarpalayam           ",
    "villagetname": "மணியார்பாளையம்                                                                                                               "
  },
  {
    "villagecode": "305",
    "villagename": "Mavadipattu",
    "villagetname": "மாவடிபட்டு                                                                                                                   "
  },
  {
    "villagecode": "279",
    "villagename": "Melathukuzhi             ",
    "villagetname": "மேலாத்துகுழி                                                                                                                 "
  },
  {
    "villagecode": "281",
    "villagename": "Melnilavoor              ",
    "villagetname": "மேல்நிலவூர்                                                                                                                  "
  },
  {
    "villagecode": "324",
    "villagename": "Melpachchery             ",
    "villagetname": "மேல்பாச்சேரி                                                                                                                 "
  },
  {
    "villagecode": "301",
    "villagename": "Mottaiyanor              ",
    "villagetname": "மொட்டையனூர்                                                                                                                  "
  },
  {
    "villagecode": "314",
    "villagename": "Mozhipattu               ",
    "villagetname": "மொழிபட்டு                                                                                                                    "
  },
  {
    "villagecode": "322",
    "villagename": "Mundiyur                 ",
    "villagetname": "முண்டியூர்"
  },
  {
    "villagecode": "325",
    "villagename": "Naranampattu             ",
    "villagetname": "நாரணம்பட்டு                                                                                                                  "
  },
  {
    "villagecode": "306",
    "villagename": "Nochimedu                ",
    "villagetname": "நொச்சிமேடு                                                                                                                   "
  },
  {
    "villagecode": "284",
    "villagename": "Perumanatham             ",
    "villagetname": "பெருமானத்தம்                                                                                                                 "
  },
  {
    "villagecode": "295",
    "villagename": "Perumpur                 ",
    "villagetname": "பெரும்பூர்                                                                                                                   "
  },
  {
    "villagecode": "289",
    "villagename": "Serappattu               ",
    "villagetname": "சேராப்பட்டு"
  },
  {
    "villagecode": "294",
    "villagename": "Sirukkalur               ",
    "villagetname": "சிறுக்களூர்                                                                                                                  "
  },
  {
    "villagecode": "316",
    "villagename": "Uppur",
    "villagetname": "உப்பூர்"
  },
  {
    "villagecode": "318",
    "villagename": "Vaaram                   ",
    "villagetname": "வாரம்                                                                                                                        "
  },
  {
    "villagecode": "293",
    "villagename": "Vanchikuzhi              ",
    "villagetname": "வஞ்சிக்குழி                                                                                                                  "
  },
  {
    "villagecode": "320",
    "villagename": "Vandagapadi              ",
    "villagetname": "வண்டகபாடி                                                                                                                    "
  },
  {
    "villagecode": "312",
    "villagename": "Vanniyur",
    "villagetname": "வன்னியூர்"
  },
  {
    "villagecode": "292",
    "villagename": "Vazhaikuzhi",
    "villagetname": "வாழைக்குழி                                                                                                                   "
  },
  {
    "villagecode": "310",
    "villagename": "Vazhapadi                ",
    "villagetname": "வாழப்பாடி"
  },
  {
    "villagecode": "299",
    "villagename": "Vellarikadu              ",
    "villagetname": "வெள்ளேரிகாடு                                                                                                                 "
  },
  {
    "villagecode": "313",
    "villagename": "Vellimalai",
    "villagetname": "வெள்ளிமலை                                                                                                                    "
  },
  {
    "villagecode": "298",
    "villagename": "Vengodu                  ",
    "villagetname": "வெங்கோடு                                                                                                                     "
  },
  {
    "villagecode": "283",
    "villagename": "Vilvaathi",
    "villagetname": "வில்வதி                                                                                                                      "
  }
]
