[
  {
    "villagecode": "001",
    "villagename": "Ariyalur                 ",
    "villagetname": "அரியலூர்                                                                                                                     "
  },
  {
    "villagecode": "010",
    "villagename": "Chinnasekkadu            ",
    "villagetname": "சின்னசேக்காடு                                                                                                                "
  },
  {
    "villagecode": "011",
    "villagename": "Edayanchavadi 1",
    "villagetname": "இடையாஞ்சாவடி 1"
  },
  {
    "villagecode": "012",
    "villagename": "Edayanchavadi B",
    "villagetname": "இடையாஞ்சாவடி  ஆ"
  },
  {
    "villagecode": "003",
    "villagename": "Elanthanjeri             ",
    "villagetname": "எலந்தஞ்சேரி                                                                                                                  "
  },
  {
    "villagecode": "007",
    "villagename": "Ernavoor                 ",
    "villagetname": "எர்ணாவுர்                                                                                                                    "
  },
  {
    "villagecode": "004",
    "villagename": "Kadapakkam               ",
    "villagetname": "கடப்பாக்கம்                                                                                                                  "
  },
  {
    "villagecode": "006",
    "villagename": "Kahivakkam               ",
    "villagetname": "கத்திவாக்கம்                                                                                                                 "
  },
  {
    "villagecode": "002",
    "villagename": "Manali                   ",
    "villagetname": "மணலி                                                                                                                         "
  },
  {
    "villagecode": "005",
    "villagename": "Sadayankuppam            ",
    "villagetname": "சடையன்குப்பம்                                                                                                                "
  },
  {
    "villagecode": "009",
    "villagename": "Sathangadu               ",
    "villagetname": "சாத்தான்காடு                                                                                                                 "
  },
  {
    "villagecode": "008",
    "villagename": "Thiruvottiyur            ",
    "villagetname": "திருவொற்றியூர்                                                                                                               "
  }
]
