[
  {
    "villagecode": "002",
    "villagename": "Adaikakuzhi              ",
    "villagetname": "அடைக்காகுழி                                                                                                                  "
  },
  {
    "villagecode": "005",
    "villagename": "Arudesam                 ",
    "villagetname": "ஆறுதேசம்                                                                                                                     "
  },
  {
    "villagecode": "004",
    "villagename": "Athencode                ",
    "villagetname": "அதங்கோடு                                                                                                                     "
  },
  {
    "villagecode": "001",
    "villagename": "Choozhal                 ",
    "villagetname": "சூழால்                                                                                                                       "
  },
  {
    "villagecode": "020",
    "villagename": "Enayamputhenthurai       ",
    "villagetname": "இனயம்புத்தன்துறை                                                                                                             "
  },
  {
    "villagecode": "011",
    "villagename": "Ezhudesam A              ",
    "villagetname": "எழுதேசம் எ                                                                                                                   "
  },
  {
    "villagecode": "009",
    "villagename": "Ezhudesam B              ",
    "villagetname": "எழுதேசம் பி                                                                                                                  "
  },
  {
    "villagecode": "010",
    "villagename": "Ezudesam C               ",
    "villagetname": "எழுதேசம் சி                                                                                                                  "
  },
  {
    "villagecode": "024",
    "villagename": "Karungal                 ",
    "villagetname": "கருங்கல்                                                                                                                     "
  },
  {
    "villagecode": "021",
    "villagename": "Keezhkulam A             ",
    "villagetname": "கீழ்குளம் எ                                                                                                                  "
  },
  {
    "villagecode": "018",
    "villagename": "Keezhkulam B             ",
    "villagetname": "கீழ்குளம் பி                                                                                                                 "
  },
  {
    "villagecode": "026",
    "villagename": "Keezhmidalam A           ",
    "villagetname": "கீழ்மிடாலம் எ                                                                                                                "
  },
  {
    "villagecode": "027",
    "villagename": "Keezhmidalam B           ",
    "villagetname": "கீழ்மிடாலம் பி                                                                                                               "
  },
  {
    "villagecode": "015",
    "villagename": "Killiyoor A              ",
    "villagetname": "கிள்ளியூர் எ                                                                                                                 "
  },
  {
    "villagecode": "014",
    "villagename": "Killiyoor B              ",
    "villagetname": "கிள்ளியூர் பி                                                                                                                "
  },
  {
    "villagecode": "007",
    "villagename": "Kollencode A             ",
    "villagetname": "கொல்லங்கோடு எ                                                                                                                "
  },
  {
    "villagecode": "008",
    "villagename": "Kollencode B             ",
    "villagetname": "கொல்லங்கோடு பி                                                                                                               "
  },
  {
    "villagecode": "003",
    "villagename": "Kulapuram                ",
    "villagetname": "குளப்புரம்                                                                                                                   "
  },
  {
    "villagecode": "025",
    "villagename": "Mathicode                ",
    "villagetname": "மத்திகோடு                                                                                                                    "
  },
  {
    "villagecode": "006",
    "villagename": "Methukummal              ",
    "villagetname": "மெதுக்கும்மல்                                                                                                                "
  },
  {
    "villagecode": "023",
    "villagename": "Midalam A                ",
    "villagetname": "மிடாலம் எ                                                                                                                    "
  },
  {
    "villagecode": "022",
    "villagename": "Midalam B                ",
    "villagetname": "மிடாலம் பி                                                                                                                   "
  },
  {
    "villagecode": "016",
    "villagename": "Mullankinavillai         ",
    "villagetname": "முள்ளங்கினாவிளை                                                                                                              "
  },
  {
    "villagecode": "012",
    "villagename": "Munchirai                ",
    "villagetname": "முஞ்சிறை                                                                                                                     "
  },
  {
    "villagecode": "013",
    "villagename": "Painkulam                ",
    "villagetname": "பைங்குளம்                                                                                                                    "
  },
  {
    "villagecode": "017",
    "villagename": "Paloor                   ",
    "villagetname": "பாலூர்                                                                                                                       "
  },
  {
    "villagecode": "019",
    "villagename": "Thengapattanam           ",
    "villagetname": "தேங்காய்ப்பட்டனம்                                                                                                            "
  }
]
