[
  {
    "villagecode": "030",
    "villagename": "Achanpudur               ",
    "villagetname": "அச்சன்புதூர்                                                                                                                 "
  },
  {
    "villagecode": "025",
    "villagename": "Alangulam                ",
    "villagetname": "ஆலங்குளம்                                                                                                                    "
  },
  {
    "villagecode": "028",
    "villagename": "Ariyanayagipuram         ",
    "villagetname": "அரியநாயகிபுரம்                                                                                                               "
  },
  {
    "villagecode": "013",
    "villagename": "Ayikudi                  ",
    "villagetname": "ஆய்க்குடி                                                                                                                    "
  },
  {
    "villagecode": "004",
    "villagename": "Boganallur               ",
    "villagetname": "போகநல்லூர்                                                                                                                   "
  },
  {
    "villagecode": "003",
    "villagename": "Chokkampatti             ",
    "villagetname": "சொக்கம்பட்டி                                                                                                                 "
  },
  {
    "villagecode": "008",
    "villagename": "Idaikal                  ",
    "villagetname": "இடைகால்                                                                                                                      "
  },
  {
    "villagecode": "501",
    "villagename": "Kampaneri Pudukudi Part 1",
    "villagetname": "கம்பனேரி புதுக்குடி பகுதி-1                                                                                                  "
  },
  {
    "villagecode": "502",
    "villagename": "Kampaneri Pudukudi Part 2",
    "villagetname": "கம்பனேரி புதுக்குடி பகுதி-2                                                                                                  "
  },
  {
    "villagecode": "006",
    "villagename": "Kanagasabapathiperi      ",
    "villagetname": "கனகசபாபதிபேரி                                                                                                                "
  },
  {
    "villagecode": "009",
    "villagename": "Kasitharmam              ",
    "villagetname": "காசிதர்மம்                                                                                                                   "
  },
  {
    "villagecode": "011",
    "villagename": "Kilangadu                ",
    "villagetname": "கிளாங்காடு                                                                                                                   "
  },
  {
    "villagecode": "012",
    "villagename": "Kodikurichi              ",
    "villagetname": "கொடிக்குறிச்சி                                                                                                               "
  },
  {
    "villagecode": "027",
    "villagename": "Madathupatti             ",
    "villagetname": "மடத்துப்பட்டி                                                                                                                "
  },
  {
    "villagecode": "018",
    "villagename": "Malayadikkurichi         ",
    "villagetname": "மலையடிக்குறிச்சி                                                                                                             "
  },
  {
    "villagecode": "017",
    "villagename": "Nagaram                  ",
    "villagetname": "நகரம்                                                                                                                        "
  },
  {
    "villagecode": "010",
    "villagename": "Nainaragaram             ",
    "villagetname": "நயினாரகரம்                                                                                                                   "
  },
  {
    "villagecode": "015",
    "villagename": "Poigai                   ",
    "villagetname": "பொய்கை                                                                                                                       "
  },
  {
    "villagecode": "026",
    "villagename": "Punnaivanam              ",
    "villagetname": "புன்னைவனம்                                                                                                                   "
  },
  {
    "villagecode": "024",
    "villagename": "Ramasamiyapuram          ",
    "villagetname": "ராமசாமியாபுரம்                                                                                                               "
  },
  {
    "villagecode": "016",
    "villagename": "Sambavar Vadakarai       ",
    "villagetname": "சாம்பவர் வடகரை                                                                                                               "
  },
  {
    "villagecode": "029",
    "villagename": "Sendamangalam            ",
    "villagetname": "சேர்ந்தமங்கலம்                                                                                                               "
  },
  {
    "villagecode": "023",
    "villagename": "Thalaivankottai          ",
    "villagetname": "தலைவன்கோட்டை                                                                                                                 "
  },
  {
    "villagecode": "014",
    "villagename": "Urmelalagiyan            ",
    "villagetname": "ஊர்மேலழகியான்                                                                                                                "
  }
]
