[
  {
    "villagecode": "185",
    "villagename": "Aaladipatti              ",
    "villagetname": "ஆலடிபட்டி                                                                                                                    "
  },
  {
    "villagecode": "156",
    "villagename": "Agraharanattamangalam    ",
    "villagetname": "அக்ரஹாரநாட்டாமங்கலம்                                                                                                         "
  },
  {
    "villagecode": "202",
    "villagename": "Agrahara Valappadi       ",
    "villagetname": "அக்ரஹார வாழப்பாடி                                                                                                            "
  },
  {
    "villagecode": "175",
    "villagename": "Anuppur                  ",
    "villagetname": "அனுப்பூர்                                                                                                                    "
  },
  {
    "villagecode": "182",
    "villagename": "Aranuthumalai            ",
    "villagetname": "அருநூத்துமலை                                                                                                                 "
  },
  {
    "villagecode": "197",
    "villagename": "Athanurpatti             ",
    "villagetname": "அத்தனூர்பட்டி                                                                                                                "
  },
  {
    "villagecode": "161",
    "villagename": "Ayothiapattanam          ",
    "villagetname": "அயோத்தியாபட்டணம்                                                                                                             "
  },
  {
    "villagecode": "196",
    "villagename": "Belur                    ",
    "villagetname": "பேளூர்                                                                                                                       "
  },
  {
    "villagecode": "178",
    "villagename": "Chandrapillaivalasu      ",
    "villagetname": "சந்திரபிள்ளைவலசு                                                                                                             "
  },
  {
    "villagecode": "160",
    "villagename": "Chinnagoundapuram        ",
    "villagetname": "சின்னக்கவுண்டாபுரம்                                                                                                          "
  },
  {
    "villagecode": "189",
    "villagename": "Chinnakuttimaduvu        ",
    "villagetname": "சின்னக்குட்டி மடுவு                                                                                                          "
  },
  {
    "villagecode": "180",
    "villagename": "Chinnamanaickenpalayam   ",
    "villagetname": "சின்னமநாயக்கன்பாளையம்                                                                                                        "
  },
  {
    "villagecode": "187",
    "villagename": "Chinnavelampatti         ",
    "villagetname": "சின்னவேலம்பட்டி                                                                                                              "
  },
  {
    "villagecode": "155",
    "villagename": "Eripudur                 ",
    "villagetname": "ஏரிப்புதுார்                                                                                                                 "
  },
  {
    "villagecode": "217",
    "villagename": "Jamboothumalai           ",
    "villagetname": "ஜம்பூத்துமலை                                                                                                                 "
  },
  {
    "villagecode": "190",
    "villagename": "Kankattiaala             ",
    "villagetname": "கண்கட்டி ஆலா                                                                                                                 "
  },
  {
    "villagecode": "158",
    "villagename": "Karipatti                ",
    "villagetname": "காரிப்பட்டி                                                                                                                  "
  },
  {
    "villagecode": "157",
    "villagename": "Karumapuram              ",
    "villagetname": "கருமாபுரம்                                                                                                                   "
  },
  {
    "villagecode": "215",
    "villagename": "Karungalpatti            ",
    "villagetname": "கருங்கல்பட்டி                                                                                                                "
  },
  {
    "villagecode": "147",
    "villagename": "Kattuveppilaipatti       ",
    "villagetname": "காட்டுவேப்பிலைப்பட்டி                                                                                                        "
  },
  {
    "villagecode": "149",
    "villagename": "Kavarkalpatti            ",
    "villagetname": "கவர்கல்பட்டி                                                                                                                 "
  },
  {
    "villagecode": "191",
    "villagename": "Keeraipatti              ",
    "villagetname": "கீரைப்பட்டி                                                                                                                  "
  },
  {
    "villagecode": "177",
    "villagename": "Kolathukombai            ",
    "villagetname": "கோலாத்துக்கோம்பை                                                                                                             "
  },
  {
    "villagecode": "153",
    "villagename": "Kootathupatti            ",
    "villagetname": "கூட்டாத்துப்பட்டி                                                                                                            "
  },
  {
    "villagecode": "163",
    "villagename": "Kullampatti              ",
    "villagetname": "குள்ளம்பட்டி                                                                                                                 "
  },
  {
    "villagecode": "212",
    "villagename": "Kumarapalayam            ",
    "villagetname": "குமாரபாளையம்                                                                                                                 "
  },
  {
    "villagecode": "198",
    "villagename": "Kumarasamiyur            ",
    "villagetname": "குமாரசாமியூர்                                                                                                                "
  },
  {
    "villagecode": "195",
    "villagename": "Kurichi                  ",
    "villagetname": "குறிச்சி                                                                                                                     "
  },
  {
    "villagecode": "216",
    "villagename": "Malayalapatti            ",
    "villagetname": "மலையாளப்பட்டி                                                                                                                "
  },
  {
    "villagecode": "200",
    "villagename": "Mannaickenpatti          ",
    "villagetname": "மன்னாய்க்கன்பட்டி                                                                                                            "
  },
  {
    "villagecode": "209",
    "villagename": "Mannarpalayam            ",
    "villagetname": "மன்னார் பாளையம்                                                                                                              "
  },
  {
    "villagecode": "046",
    "villagename": "Masinaickenpatti         ",
    "villagetname": "மாசிநாயக்கன்பட்டி                                                                                                            "
  },
  {
    "villagecode": "150",
    "villagename": "Mettupatti               ",
    "villagetname": "மேட்டுப்பட்டி                                                                                                                "
  },
  {
    "villagecode": "162",
    "villagename": "Minnampalli              ",
    "villagetname": "மின்னாம்பள்ளி                                                                                                                "
  },
  {
    "villagecode": "207",
    "villagename": "Mottur                   ",
    "villagetname": "மோட்டூர்                                                                                                                     "
  },
  {
    "villagecode": "203",
    "villagename": "Muthampatti              ",
    "villagetname": "முத்தம்பட்டி                                                                                                                 "
  },
  {
    "villagecode": "176",
    "villagename": "Neermullikuttai          ",
    "villagetname": "நீர்முள்ளிக்குட்டை                                                                                                           "
  },
  {
    "villagecode": "154",
    "villagename": "Palapatti                ",
    "villagetname": "பாலப்பட்டி                                                                                                                   "
  },
  {
    "villagecode": "184",
    "villagename": "Pallikkadu               ",
    "villagetname": "பள்ளிக்காடு                                                                                                                  "
  },
  {
    "villagecode": "181",
    "villagename": "Pelappadi                ",
    "villagetname": "பெலாப்பாடி                                                                                                                   "
  },
  {
    "villagecode": "159",
    "villagename": "Periagoundapuram         ",
    "villagetname": "பெரியக்கவுண்டாபுரம்                                                                                                          "
  },
  {
    "villagecode": "188",
    "villagename": "Periyakuttimaduvu        ",
    "villagetname": "பெரியக்குட்டி மடுவு                                                                                                          "
  },
  {
    "villagecode": "186",
    "villagename": "Periyavelampatti         ",
    "villagetname": "பெரியவேலம்பட்டி                                                                                                              "
  },
  {
    "villagecode": "151",
    "villagename": "Perumapalayam            ",
    "villagetname": "எம்.பெருமாபாளையம்                                                                                                            "
  },
  {
    "villagecode": "210",
    "villagename": "Ponnarampatti            ",
    "villagetname": "பொன்னாரம்பட்டி                                                                                                               "
  },
  {
    "villagecode": "204",
    "villagename": "Pudupalayam              ",
    "villagetname": "புதுப்பாளையம்                                                                                                                "
  },
  {
    "villagecode": "194",
    "villagename": "Puluthikuttai            ",
    "villagetname": "புழுதிக்குட்டை                                                                                                               "
  },
  {
    "villagecode": "193",
    "villagename": "Pungamaduvu              ",
    "villagetname": "புங்கமடுவு                                                                                                                   "
  },
  {
    "villagecode": "192",
    "villagename": "Sandhumalai              ",
    "villagetname": "சந்துமலை                                                                                                                     "
  },
  {
    "villagecode": "152",
    "villagename": "Sarkar Nattamangalam     ",
    "villagetname": "சர்கார்நாட்டாமங்கலம்                                                                                                         "
  },
  {
    "villagecode": "201",
    "villagename": "Sarkar Valappadi         ",
    "villagetname": "சர்கார் வாழப்பாடி                                                                                                            "
  },
  {
    "villagecode": "148",
    "villagename": "Senrayampalayam          ",
    "villagetname": "சென்றாயம்பாளையம்                                                                                                             "
  },
  {
    "villagecode": "205",
    "villagename": "Singipuram               ",
    "villagetname": "சிங்கிபுரம்                                                                                                                  "
  },
  {
    "villagecode": "183",
    "villagename": "Sirumalai                ",
    "villagetname": "சிறுமலை                                                                                                                      "
  },
  {
    "villagecode": "206",
    "villagename": "Somampatti               ",
    "villagetname": "சோமம்பட்டி                                                                                                                   "
  },
  {
    "villagecode": "214",
    "villagename": "Thekkalpatti             ",
    "villagetname": "தேக்கல்பட்டி                                                                                                                 "
  },
  {
    "villagecode": "145",
    "villagename": "Thirumanur               ",
    "villagetname": "திருமனுார்                                                                                                                   "
  },
  {
    "villagecode": "199",
    "villagename": "Thukkiampalayam          ",
    "villagetname": "துக்கியாம்பாளையம்                                                                                                            "
  },
  {
    "villagecode": "146",
    "villagename": "Vellalagundam            ",
    "villagetname": "வெள்ளாளகுண்டம்                                                                                                               "
  },
  {
    "villagecode": "213",
    "villagename": "Veppilaipatti            ",
    "villagetname": "வேப்பிலைபட்டி                                                                                                                "
  },
  {
    "villagecode": "211",
    "villagename": "Veppilaipatti Pudur      ",
    "villagetname": "வேப்பிலைபட்டிபுதூர்                                                                                                          "
  },
  {
    "villagecode": "179",
    "villagename": "Vettaikaranur            ",
    "villagetname": "வேட்டைக்காரனூர்                                                                                                              "
  },
  {
    "villagecode": "174",
    "villagename": "Vilampatti               ",
    "villagetname": "விளாம்பட்டி                                                                                                                  "
  },
  {
    "villagecode": "208",
    "villagename": "Vilaripalayam            ",
    "villagetname": "விளாரி பாளையம்                                                                                                               "
  }
]
