[
  {
    "villagecode": "066",
    "villagename": "Ammaneri                 ",
    "villagetname": "(038) அம்மனேர                                                                                                                "
  },
  {
    "villagecode": "022",
    "villagename": "Ammayarkuppam            ",
    "villagetname": "அம்மையாரகுப்பம்                                                                                                              "
  },
  {
    "villagecode": "035",
    "villagename": "Aswarevanthapuram        ",
    "villagetname": "அஸ்வரேவந்தபுரம்                                                                                                              "
  },
  {
    "villagecode": "065",
    "villagename": "Athivaragapuram          ",
    "villagetname": "(038) ஆதிவாரகபுரம்                                                                                                           "
  },
  {
    "villagecode": "067",
    "villagename": "Ayaneeri (E)",
    "villagetname": "(039) அய்யனேர (கி)                                                                                                           "
  },
  {
    "villagecode": "068",
    "villagename": "Ayaneeri (W)             ",
    "villagetname": "(039) அய்யனேர (மே)                                                                                                           "
  },
  {
    "villagecode": "059",
    "villagename": "Balapuram                ",
    "villagetname": "(023) பாலாபுரம்                                                                                                              "
  },
  {
    "villagecode": "033",
    "villagename": "Chanurmallavaram         ",
    "villagetname": "மீசரகாண்டாபுரம்                                                                                                              "
  },
  {
    "villagecode": "064",
    "villagename": "Chellathur               ",
    "villagetname": "(037) செல்லாத்தூர                                                                                                            "
  },
  {
    "villagecode": "027",
    "villagename": "Devalambapuram           ",
    "villagetname": "தேவலம்பாபுரம்                                                                                                                "
  },
  {
    "villagecode": "042",
    "villagename": "G.C.S.Kandigai           ",
    "villagetname": "ஜி.சி.எஸ்.கண்டிகை                                                                                                            "
  },
  {
    "villagecode": "070",
    "villagename": "G.C.S. Kandigai (B)      ",
    "villagetname": "(042)ஜி.சி.எஸ்.கண்டிகை (ஆ)                                                                                                   "
  },
  {
    "villagecode": "058",
    "villagename": "Janakarajakuppam         ",
    "villagetname": "(022) ஜனகராஜகுப்பம்                                                                                                          "
  },
  {
    "villagecode": "056",
    "villagename": "Kandapuram               ",
    "villagetname": "(021) காண்டாபுரம்                                                                                                            "
  },
  {
    "villagecode": "023",
    "villagename": "Kathanagaram",
    "villagetname": "கதனநகரம்                                                                                                                     "
  },
  {
    "villagecode": "024",
    "villagename": "Mahankalikapuram         ",
    "villagetname": "மகான்காளிகாபுரம்                                                                                                             "
  },
  {
    "villagecode": "031",
    "villagename": "Mylarwada                ",
    "villagetname": "மைலார்வாடா (கி)                                                                                                              "
  },
  {
    "villagecode": "061",
    "villagename": "Mylarwada (W)            ",
    "villagetname": "(031) மைலரவாடா (மே)                                                                                                          "
  },
  {
    "villagecode": "034",
    "villagename": "Padmapuram               ",
    "villagetname": "பத்மாபுரம்                                                                                                                   "
  },
  {
    "villagecode": "030",
    "villagename": "Paivalasa                ",
    "villagetname": "பைவலசா                                                                                                                       "
  },
  {
    "villagecode": "026",
    "villagename": "Peddanagapudi            ",
    "villagetname": "பெத்தநாகபூடி                                                                                                                 "
  },
  {
    "villagecode": "032",
    "villagename": "Peddaramapuram           ",
    "villagetname": "பெத்தராமாபுரம்                                                                                                               "
  },
  {
    "villagecode": "057",
    "villagename": "Ragavanaidukuppam        ",
    "villagetname": "(022) இராகவநாயுடுகுப்பம்                                                                                                     "
  },
  {
    "villagecode": "021",
    "villagename": "Rajanagaram              ",
    "villagetname": "ராஜாநகரம்                                                                                                                    "
  },
  {
    "villagecode": "063",
    "villagename": "Sagesrapadhmapuram       ",
    "villagetname": "(035) சகஸ்ரபத்மாபுரம்                                                                                                        "
  },
  {
    "villagecode": "062",
    "villagename": "Sanoormalavaram          ",
    "villagetname": "(033) சாணுரமல்லாவரம்                                                                                                         "
  },
  {
    "villagecode": "036",
    "villagename": "Srikalikapuram           ",
    "villagetname": "ஸ்ரீகாளிகாபுரம்                                                                                                              "
  },
  {
    "villagecode": "069",
    "villagename": "Srivilasapuram           ",
    "villagetname": "(039) ஸ்ரீவிலாசபுரம்                                                                                                         "
  },
  {
    "villagecode": "040",
    "villagename": "S.V.G.Puram              ",
    "villagetname": "சந்தானவேணுகோபாலபுரம்                                                                                                         "
  },
  {
    "villagecode": "037",
    "villagename": "Valakkanampudi           ",
    "villagetname": "விளக்கணாம்புடி                                                                                                               "
  },
  {
    "villagecode": "041",
    "villagename": "Vanganur                 ",
    "villagetname": "வங்கனூர்                                                                                                                     "
  },
  {
    "villagecode": "029",
    "villagename": "Vediangadu               ",
    "villagetname": "வெடியங்காடு                                                                                                                  "
  },
  {
    "villagecode": "025",
    "villagename": "Veeramanagalam           ",
    "villagetname": "வீரமங்கலம்                                                                                                                   "
  },
  {
    "villagecode": "060",
    "villagename": "Veeramangalam - B        ",
    "villagetname": "(025) வீரமங்கலம் (ஆ)                                                                                                         "
  },
  {
    "villagecode": "039",
    "villagename": "Veeranathur              ",
    "villagetname": "வீரானாத்தூர்                                                                                                                 "
  },
  {
    "villagecode": "038",
    "villagename": "Vellathur                ",
    "villagetname": "வெள்ளாத்தூர்                                                                                                                 "
  },
  {
    "villagecode": "028",
    "villagename": "Venugopalapuram          ",
    "villagetname": "வேணுகோபாலபுரம்                                                                                                               "
  }
]
