[
  {
    "villagecode": "028",
    "villagename": "Aachalpuram",
    "villagetname": "ஆச்சாள்புரம்"
  },
  {
    "villagecode": "027",
    "villagename": "Aalalasundaram",
    "villagetname": "ஆலாலசுந்தரம்"
  },
  {
    "villagecode": "023",
    "villagename": "Aalangadu",
    "villagetname": "ஆலங்காடு"
  },
  {
    "villagecode": "304",
    "villagename": "Aalaveli",
    "villagetname": "ஆலவேலி"
  },
  {
    "villagecode": "036",
    "villagename": "Aarapallam",
    "villagetname": "ஆரப்பள்ளம்"
  },
  {
    "villagecode": "019",
    "villagename": "Aarpakkam",
    "villagetname": "ஆர்ப்பாக்கம்"
  },
  {
    "villagecode": "053",
    "villagename": "Agani",
    "villagetname": "அகணி"
  },
  {
    "villagecode": "003",
    "villagename": "Agaraelathur",
    "villagetname": "அகர எலத்தூர்"
  },
  {
    "villagecode": "077",
    "villagename": "Agaraperunthottam",
    "villagetname": "அகரபெருந்தோட்டம்"
  },
  {
    "villagecode": "025",
    "villagename": "Agaravattaram",
    "villagetname": "அகரவட்டாரம்"
  },
  {
    "villagecode": "030",
    "villagename": "Alakudi",
    "villagetname": "அளக்குடி"
  },
  {
    "villagecode": "012",
    "villagename": "Arasur",
    "villagetname": "அரசூர்"
  },
  {
    "villagecode": "301",
    "villagename": "Athiyur",
    "villagetname": "அத்தியூர்"
  },
  {
    "villagecode": "065",
    "villagename": "Edagudivadapathi - 1",
    "villagetname": "எடக்குடி வடபாதி - 1"
  },
  {
    "villagecode": "652",
    "villagename": "Edagudivadapathi - 2",
    "villagetname": "எடக்குடி வடபாதி - 2"
  },
  {
    "villagecode": "042",
    "villagename": "Edamanal",
    "villagetname": "எடமணல்"
  },
  {
    "villagecode": "011",
    "villagename": "Erukoor",
    "villagetname": "எருக்கூர்"
  },
  {
    "villagecode": "010",
    "villagename": "Gopalasamuthiram",
    "villagetname": "கோபாலசமுத்திரம்"
  },
  {
    "villagecode": "501",
    "villagename": "Gunathalapadi",
    "villagetname": "குணதலபாடி"
  },
  {
    "villagecode": "021",
    "villagename": "Kadavasal",
    "villagetname": "கடவாசல்"
  },
  {
    "villagecode": "049",
    "villagename": "Kaivilancherry",
    "villagetname": "கைவிளஞ்சேரி"
  },
  {
    "villagecode": "262",
    "villagename": "Kannapiranadi",
    "villagetname": "கண்ணபிராண்டி"
  },
  {
    "villagecode": "062",
    "villagename": "Kanniyakudi",
    "villagetname": "கன்னியக்குடி"
  },
  {
    "villagecode": "066",
    "villagename": "Karaimedu",
    "villagetname": "கரைமேடு"
  },
  {
    "villagecode": "063",
    "villagename": "Karkoil",
    "villagetname": "கற்கோயில்"
  },
  {
    "villagecode": "064",
    "villagename": "Kathiramangalam",
    "villagetname": "கதிராமங்கலம்"
  },
  {
    "villagecode": "167",
    "villagename": "Kathiruppu",
    "villagetname": "காத்திருப்பு"
  },
  {
    "villagecode": "032",
    "villagename": "Kattur",
    "villagetname": "காட்டூர்"
  },
  {
    "villagecode": "004",
    "villagename": "Keelamathur",
    "villagetname": "கீழமாத்தூர்"
  },
  {
    "villagecode": "078",
    "villagename": "Keelasattanathapuram",
    "villagetname": "கீழசட்டநாதபுரம்"
  },
  {
    "villagecode": "081",
    "villagename": "Keezhaiyur",
    "villagetname": "கீழையூர்"
  },
  {
    "villagecode": "057",
    "villagename": "Kondal",
    "villagetname": "கொண்டல்"
  },
  {
    "villagecode": "099",
    "villagename": "Kondathur -1",
    "villagetname": "கொண்டத்தூர்-1"
  },
  {
    "villagecode": "641",
    "villagename": "Kondathur 64-1",
    "villagetname": "கொண்டத்தூர் 64-1"
  },
  {
    "villagecode": "306",
    "villagename": "Kunnam",
    "villagetname": "குன்னம்"
  },
  {
    "villagecode": "251",
    "villagename": "Kuruviyampallam",
    "villagetname": "குருவியாம்பள்ளம்"
  },
  {
    "villagecode": "016",
    "villagename": "Kuthiyampettai",
    "villagetname": "கூத்தியம்பேட்டை"
  },
  {
    "villagecode": "026",
    "villagename": "Maadhanam",
    "villagetname": "மாதானம்"
  },
  {
    "villagecode": "024",
    "villagename": "Maharajapuram",
    "villagetname": "மகாராஜபுரம்"
  },
  {
    "villagecode": "031",
    "villagename": "Mahendrapalli",
    "villagetname": "மகேந்திரபள்ளி"
  },
  {
    "villagecode": "791",
    "villagename": "Mangaimadam",
    "villagetname": "மங்கைமடம்"
  },
  {
    "villagecode": "080",
    "villagename": "Manigrammam",
    "villagetname": "மணிகிராமம்"
  },
  {
    "villagecode": "058",
    "villagename": "Marudhangudi",
    "villagetname": "மருதங்குடி"
  },
  {
    "villagecode": "591",
    "villagename": "Maruvathur",
    "villagetname": "மருவத்தூர்"
  },
  {
    "villagecode": "001",
    "villagename": "Mathiravelur",
    "villagetname": "மாதிரவேளுர்"
  },
  {
    "villagecode": "082",
    "villagename": "Melaiyur",
    "villagetname": "மேலையூர்"
  },
  {
    "villagecode": "029",
    "villagename": "Muthalaimedu",
    "villagetname": "முதலைமேடு"
  },
  {
    "villagecode": "014",
    "villagename": "Nallanayagapuram",
    "villagetname": "நல்லநாயகபுரம்"
  },
  {
    "villagecode": "070",
    "villagename": "Nangur",
    "villagetname": "நாங்கூர்"
  },
  {
    "villagecode": "305",
    "villagename": "Natham",
    "villagetname": "நத்தம்"
  },
  {
    "villagecode": "308",
    "villagename": "Nemmali",
    "villagetname": "நெம்மேலி"
  },
  {
    "villagecode": "074",
    "villagename": "Neppathur",
    "villagetname": "நெப்பத்தூர்"
  },
  {
    "villagecode": "017",
    "villagename": "Odhavanthankudi",
    "villagetname": "ஓதவந்தான்குடி"
  },
  {
    "villagecode": "006",
    "villagename": "Olaiyamputhur",
    "villagetname": "ஓலையாம்புத்தூர்"
  },
  {
    "villagecode": "018",
    "villagename": "Pachai Perumanallur",
    "villagetname": "பச்சைபெருமாநல்லூர்"
  },
  {
    "villagecode": "302",
    "villagename": "Pagasalai",
    "villagetname": "பாகசாலை"
  },
  {
    "villagecode": "037",
    "villagename": "Palaiyapalayam",
    "villagetname": "பழையபாளையம்"
  },
  {
    "villagecode": "015",
    "villagename": "Pannangudi",
    "villagetname": "பன்னங்குடி"
  },
  {
    "villagecode": "060",
    "villagename": "Perumangalam",
    "villagetname": "பெருமங்கலம்"
  },
  {
    "villagecode": "761",
    "villagename": "Perunthottam - 1",
    "villagetname": "பெருந்தோட்டம் - 1"
  },
  {
    "villagecode": "762",
    "villagename": "Perunthottam - 2",
    "villagetname": "பெருந்தோட்டம் - 2"
  },
  {
    "villagecode": "033",
    "villagename": "Pudhupattianam",
    "villagetname": "புதுப்பட்டினம்"
  },
  {
    "villagecode": "072",
    "villagename": "Pudhuthurai",
    "villagetname": "புதுத்துறை"
  },
  {
    "villagecode": "034",
    "villagename": "Puliyanthurai",
    "villagetname": "புளியந்துறை"
  },
  {
    "villagecode": "059",
    "villagename": "Punganoor",
    "villagetname": "புங்கனூர்"
  },
  {
    "villagecode": "102",
    "villagename": "Puthur",
    "villagetname": "புத்தூர்"
  },
  {
    "villagecode": "041",
    "villagename": "Radhanallur (41)",
    "villagetname": "ராதாநல்லூர் (41)"
  },
  {
    "villagecode": "069",
    "villagename": "Radhanallur (69)",
    "villagetname": "ராதாநல்லூர் (69)"
  },
  {
    "villagecode": "047",
    "villagename": "Sattanathapuram",
    "villagetname": "சட்டநாதபுரம்"
  },
  {
    "villagecode": "303",
    "villagename": "Semangalam",
    "villagetname": "சேமங்கலம்"
  },
  {
    "villagecode": "044",
    "villagename": "Semmangudi",
    "villagetname": "செம்மங்குடி"
  },
  {
    "villagecode": "309",
    "villagename": "Sempadhaniruppu",
    "villagetname": "செம்பதனிருப்பு"
  },
  {
    "villagecode": "261",
    "villagename": "Serugudi",
    "villagetname": "செருகுடி"
  },
  {
    "villagecode": "307",
    "villagename": "Sirkali",
    "villagetname": "சீர்காழி"
  },
  {
    "villagecode": "009",
    "villagename": "Sothiyakudi",
    "villagetname": "சோதியக்குடி"
  },
  {
    "villagecode": "521",
    "villagename": "Thadaalankoil",
    "villagetname": "தாடாளன்கோயில்"
  },
  {
    "villagecode": "038",
    "villagename": "Thandavankulam",
    "villagetname": "தாண்டவன்குளம்"
  },
  {
    "villagecode": "075",
    "villagename": "Thennampattinam",
    "villagetname": "தென்னாம்பட்டினம்"
  },
  {
    "villagecode": "045",
    "villagename": "Thillaividangan",
    "villagetname": "தில்லைவிடங்கன்"
  },
  {
    "villagecode": "043",
    "villagename": "Thirukarukavur",
    "villagetname": "திருக்கருகாவூர்"
  },
  {
    "villagecode": "013",
    "villagename": "Thirumailadi",
    "villagetname": "திருமைலாடி"
  },
  {
    "villagecode": "040",
    "villagename": "Thirumullaivasal",
    "villagetname": "திருமுல்லைவாசல்"
  },
  {
    "villagecode": "073",
    "villagename": "Thirunagari",
    "villagetname": "திருநகரி"
  },
  {
    "villagecode": "061",
    "villagename": "Thirupunkur",
    "villagetname": "திருப்புங்கூர்"
  },
  {
    "villagecode": "071",
    "villagename": "Thiruvaali",
    "villagetname": "திருவாலி"
  },
  {
    "villagecode": "792",
    "villagename": "Thiruvenkadu",
    "villagetname": "திருவெண்காடு"
  },
  {
    "villagecode": "046",
    "villagename": "Thittai",
    "villagetname": "திட்டை"
  },
  {
    "villagecode": "020",
    "villagename": "Umaiyalpathi",
    "villagetname": "உமையாள்பதி"
  },
  {
    "villagecode": "002",
    "villagename": "Vadarangam",
    "villagetname": "வடரங்கம்"
  },
  {
    "villagecode": "056",
    "villagename": "Valluvakudi",
    "villagetname": "வள்ளுவக்குடி"
  },
  {
    "villagecode": "083",
    "villagename": "Vanagiri",
    "villagetname": "வாணகிரி"
  },
  {
    "villagecode": "022",
    "villagename": "Varisaipathu Vadakal",
    "villagetname": "வரிசை பத்து வடகால்"
  },
  {
    "villagecode": "039",
    "villagename": "Vettangudi",
    "villagetname": "வேட்டங்குடி"
  },
  {
    "villagecode": "051",
    "villagename": "Vilanthidasamuthiram",
    "villagetname": "விளந்திடசமுத்திரம்"
  }
]
