[
  {
    "villagecode": "037",
    "villagename": "Alampattu                ",
    "villagetname": "ஆலம்பட்டு"
  },
  {
    "villagecode": "027",
    "villagename": "Alavilampatti @ Kilathuru",
    "villagetname": "ஆலவிளாம்பட்டி என்கிற கீழத்துரும்பு"
  },
  {
    "villagecode": "021",
    "villagename": "Amaravathi               ",
    "villagetname": "அமராவதி"
  },
  {
    "villagecode": "060",
    "villagename": "Ambakkudi                ",
    "villagetname": "ஆம்பக்குடி"
  },
  {
    "villagecode": "003",
    "villagename": "Aranmanaipatti           ",
    "villagetname": "அரண்மனைப்பட்டி"
  },
  {
    "villagecode": "032",
    "villagename": "Aranmanaisiruvayal       ",
    "villagetname": "அரண்மனைசிறுவயல்"
  },
  {
    "villagecode": "043",
    "villagename": "Ariyakkudi               ",
    "villagetname": "அரியக்குடி"
  },
  {
    "villagecode": "001",
    "villagename": "Athankudi                ",
    "villagetname": "ஆத்தங்குடி"
  },
  {
    "villagecode": "028",
    "villagename": "Elandamangalam           ",
    "villagetname": "இலந்தமங்களம்"
  },
  {
    "villagecode": "044",
    "villagename": "Iluppaikkudi             ",
    "villagetname": "இலுப்பக்குடி"
  },
  {
    "villagecode": "057",
    "villagename": "Jayamkondan              ",
    "villagetname": "ஜெயங்கொண்டான்"
  },
  {
    "villagecode": "013",
    "villagename": "Kalanivasal              ",
    "villagetname": "கழனிவாசல்"
  },
  {
    "villagecode": "055",
    "villagename": "Kalattur                 ",
    "villagetname": "களத்தூர்"
  },
  {
    "villagecode": "025",
    "villagename": "Kallal                   ",
    "villagetname": "கல்லல்"
  },
  {
    "villagecode": "047",
    "villagename": "Kallangudi               ",
    "villagetname": "கல்லாங்குடி"
  },
  {
    "villagecode": "041",
    "villagename": "Kalluppatti              ",
    "villagetname": "கல்லுப்பட்டி"
  },
  {
    "villagecode": "007",
    "villagename": "Kanadukattan             ",
    "villagetname": "கானாடுகாத்தான்"
  },
  {
    "villagecode": "046",
    "villagename": "Kandanur                 ",
    "villagetname": "கண்டனூர்"
  },
  {
    "villagecode": "015",
    "villagename": "Karaikkudi               ",
    "villagetname": "காரைக்குடி"
  },
  {
    "villagecode": "035",
    "villagename": "Kilappoongudi            ",
    "villagetname": "கீழப்பூங்குடி "
  },
  {
    "villagecode": "017",
    "villagename": "Kiranipatti              ",
    "villagetname": "கீரணிப்பட்டி"
  },
  {
    "villagecode": "002",
    "villagename": "K.Nerpugapatti             ",
    "villagetname": "கே.நெற்புகப்பட்டி"
  },
  {
    "villagecode": "018",
    "villagename": "Koothalur                ",
    "villagetname": "கூத்தலூர்"
  },
  {
    "villagecode": "008",
    "villagename": "Kothamangalam            ",
    "villagetname": "கொத்தமங்களம்"
  },
  {
    "villagecode": "006",
    "villagename": "Kothari                  ",
    "villagetname": "கொத்தரி"
  },
  {
    "villagecode": "010",
    "villagename": "Kottaiyur                ",
    "villagetname": "கோட்டையூர்"
  },
  {
    "villagecode": "014",
    "villagename": "Kovilur                  ",
    "villagetname": "கோவிலூர்"
  },
  {
    "villagecode": "050",
    "villagename": "Kulappadi                ",
    "villagetname": "குளப்படி"
  },
  {
    "villagecode": "036",
    "villagename": "Kurunthampattu           ",
    "villagetname": "குருந்தம்பட்டு"
  },
  {
    "villagecode": "033",
    "villagename": "Malaikkandan             ",
    "villagetname": "மாலைகண்டான்"
  },
  {
    "villagecode": "049",
    "villagename": "Malmanakkudi             ",
    "villagetname": "மேலமணக்குடி"
  },
  {
    "villagecode": "029",
    "villagename": "Mammudisampatti          ",
    "villagetname": "மும்முடிச்சான்பட்டி"
  },
  {
    "villagecode": "016",
    "villagename": "Managiri Sukkanendal     ",
    "villagetname": "மானகிரி சுக்கானேந்தல் "
  },
  {
    "villagecode": "045",
    "villagename": "Mattur                   ",
    "villagetname": "மாத்தூர்"
  },
  {
    "villagecode": "063",
    "villagename": "Mithiravayal             ",
    "villagetname": "மித்ராவயல்"
  },
  {
    "villagecode": "056",
    "villagename": "Nattucheri               ",
    "villagetname": "நாட்டுச்சேரி"
  },
  {
    "villagecode": "048",
    "villagename": "Palaiyur                 ",
    "villagetname": "பாலையூர்"
  },
  {
    "villagecode": "009",
    "villagename": "Pallattur                ",
    "villagetname": "பள்ளத்தூர்"
  },
  {
    "villagecode": "030",
    "villagename": "Panangudi                ",
    "villagetname": "பனங்குடி"
  },
  {
    "villagecode": "052",
    "villagename": "Pananvayal               ",
    "villagetname": "பாணான்வயல்"
  },
  {
    "villagecode": "054",
    "villagename": "Periyakottai             ",
    "villagetname": "பெரியகோட்டை"
  },
  {
    "villagecode": "064",
    "villagename": "Periyakottakudi          ",
    "villagetname": "பெரியகொட்டகுடி"
  },
  {
    "villagecode": "023",
    "villagename": "Pilar                    ",
    "villagetname": "பிளார்"
  },
  {
    "villagecode": "062",
    "villagename": "Pirambuvayal             ",
    "villagetname": "பிரம்புவயல்"
  },
  {
    "villagecode": "042",
    "villagename": "Pudur                    ",
    "villagetname": "புதூர்"
  },
  {
    "villagecode": "059",
    "villagename": "Pukkudi                  ",
    "villagetname": "புக்குடி"
  },
  {
    "villagecode": "051",
    "villagename": "Sakkottai                ",
    "villagetname": "சாக்கோட்டை"
  },
  {
    "villagecode": "040",
    "villagename": "Sannavanam               ",
    "villagetname": "சன்னவனம்"
  },
  {
    "villagecode": "022",
    "villagename": "Seduregunathapattinam    ",
    "villagetname": "சேதுரகுநாதபட்டிணம்"
  },
  {
    "villagecode": "012",
    "villagename": "Sekkalaikottai           ",
    "villagetname": "செக்காலைக்கோட்டை"
  },
  {
    "villagecode": "026",
    "villagename": "Sembanur                 ",
    "villagetname": "செம்பனூர் "
  },
  {
    "villagecode": "058",
    "villagename": "Sengathankudi            ",
    "villagetname": "செங்காத்தங்குடி"
  },
  {
    "villagecode": "020",
    "villagename": "Senjai                   ",
    "villagetname": "செஞ்சை"
  },
  {
    "villagecode": "061",
    "villagename": "Sirugavayal              ",
    "villagetname": "சிறுகவயல்"
  },
  {
    "villagecode": "024",
    "villagename": "Thevapattu               ",
    "villagetname": "தேவப்பட்டு"
  },
  {
    "villagecode": "031",
    "villagename": "Thiruthipatti            ",
    "villagetname": "திருத்திப்பட்டி"
  },
  {
    "villagecode": "005",
    "villagename": "Thiruvelangudi           ",
    "villagetname": "திருவேலங்குடி"
  },
  {
    "villagecode": "004",
    "villagename": "Uyyakondansiruvayal      ",
    "villagetname": "ஒய்யகொண்டான் சிறுவயல்"
  },
  {
    "villagecode": "019",
    "villagename": "Varivayal                ",
    "villagetname": "வாரிவயல்"
  },
  {
    "villagecode": "011",
    "villagename": "Velangudi                ",
    "villagetname": "வேலங்குடி"
  },
  {
    "villagecode": "053",
    "villagename": "Vellippatti              ",
    "villagetname": "வெள்ளிப்பட்டி"
  },
  {
    "villagecode": "039",
    "villagename": "Veppangulam              ",
    "villagetname": "வேப்பங்குளம்"
  },
  {
    "villagecode": "034",
    "villagename": "Vettriyur                ",
    "villagetname": "வெற்றியூர்"
  },
  {
    "villagecode": "038",
    "villagename": "Vilavadiendal            ",
    "villagetname": "விளாவடியேந்தல்"
  }
]
