[
  {
    "villagecode": "018",
    "villagename": "Ebbanad 1                ",
    "villagetname": "எப்பநாடு 1                                                                                                                   "
  },
  {
    "villagecode": "019",
    "villagename": "Ebbanad 2                ",
    "villagetname": "எப்பநாடு 2                                                                                                                   "
  },
  {
    "villagecode": "012",
    "villagename": "Hullathy                 ",
    "villagetname": "உல்லத்தி                                                                                                                     "
  },
  {
    "villagecode": "022",
    "villagename": "Kadanad 1                ",
    "villagetname": "கடநாடு 1                                                                                                                     "
  },
  {
    "villagecode": "023",
    "villagename": "Kadanad 2                ",
    "villagetname": "கடநாடு 2                                                                                                                     "
  },
  {
    "villagecode": "016",
    "villagename": "Kagguchi 1               ",
    "villagetname": "கக்குச்சி 1                                                                                                                  "
  },
  {
    "villagecode": "017",
    "villagename": "Kagguchi 2               ",
    "villagetname": "கக்குச்சி 2                                                                                                                  "
  },
  {
    "villagecode": "007",
    "villagename": "Kookal                   ",
    "villagetname": "கூக்கல்                                                                                                                      "
  },
  {
    "villagecode": "011",
    "villagename": "Masinagudi               ",
    "villagetname": "மசினகுடி                                                                                                                     "
  },
  {
    "villagecode": "010",
    "villagename": "Naduvattam               ",
    "villagetname": "நடுவட்டம்                                                                                                                    "
  },
  {
    "villagecode": "015",
    "villagename": "Nanjanad2                ",
    "villagetname": "நஞ்சநாடு 2                                                                                                                   "
  },
  {
    "villagecode": "033",
    "villagename": "Nanjand1                 ",
    "villagetname": "நஞ்சநாடு 1                                                                                                                   "
  },
  {
    "villagecode": "009",
    "villagename": "Sholur                   ",
    "villagetname": "சோலுார்                                                                                                                      "
  },
  {
    "villagecode": "020",
    "villagename": "Thummanatty 1            ",
    "villagetname": "தும்மனட்டி 1                                                                                                                 "
  },
  {
    "villagecode": "021",
    "villagename": "Thummanatty 2            ",
    "villagetname": "தும்மனட்டி 2                                                                                                                 "
  },
  {
    "villagecode": "008",
    "villagename": "Thuneri                  ",
    "villagetname": "துானேரி                                                                                                                      "
  },
  {
    "villagecode": "002",
    "villagename": "Udhagai - Rural          ",
    "villagetname": "உதகை ஊரகம்                                                                                                                   "
  }
]
