[
  {
    "villagecode": "117",
    "villagename": "A. Kodavadi.             ",
    "villagetname": "ஏ.கோதவாடி                                                                                                                    "
  },
  {
    "villagecode": "020",
    "villagename": "Andipalayam..            ",
    "villagetname": "ஆண்டிபாளையம்                                                                                                                 "
  },
  {
    "villagecode": "001",
    "villagename": "Arasampalayam.           ",
    "villagetname": "அரசம்பாளையம்                                                                                                                 "
  },
  {
    "villagecode": "021",
    "villagename": "Chettiyakkapalayam.      ",
    "villagetname": "செட்டியக்காபாளையம்                                                                                                           "
  },
  {
    "villagecode": "030",
    "villagename": "Devanampalayam.          ",
    "villagetname": "தேவனாம்பாளையம்                                                                                                               "
  },
  {
    "villagecode": "023",
    "villagename": "Devarayapuram.           ",
    "villagetname": "தேவராயபுரம்                                                                                                                  "
  },
  {
    "villagecode": "012",
    "villagename": "Govindapuram.            ",
    "villagetname": "கோவிந்தாபுரம்                                                                                                                "
  },
  {
    "villagecode": "034",
    "villagename": "Kakkadavu.               ",
    "villagetname": "கக்கடவு                                                                                                                      "
  },
  {
    "villagecode": "029",
    "villagename": "Kaniyalampalyam.         ",
    "villagetname": "காணியாளம்பாளையம்                                                                                                             "
  },
  {
    "villagecode": "031",
    "villagename": "Kappalankarai.           ",
    "villagetname": "கப்பளாங்கரை                                                                                                                  "
  },
  {
    "villagecode": "018",
    "villagename": "Kattampatty.             ",
    "villagetname": "காட்டம்பட்டி                                                                                                                 "
  },
  {
    "villagecode": "013",
    "villagename": "Kinthukadavu.            ",
    "villagetname": "கிணத்துக்கடவு                                                                                                                "
  },
  {
    "villagecode": "015",
    "villagename": "Kodangipalayam.          ",
    "villagetname": "கோடங்கிபாளையம்                                                                                                               "
  },
  {
    "villagecode": "005",
    "villagename": "Kondampatty.             ",
    "villagetname": "கொண்டம்பட்டி                                                                                                                 "
  },
  {
    "villagecode": "035",
    "villagename": "Krishnarayapuram.        ",
    "villagetname": "கிருஷ்ணராயபுரம்                                                                                                              "
  },
  {
    "villagecode": "016",
    "villagename": "Kurunallipalayam.        ",
    "villagetname": "குருநளளிபாளையம்                                                                                                              "
  },
  {
    "villagecode": "008",
    "villagename": "Kuthirayalampalayam.     ",
    "villagetname": "குதிரையாலம்பாளையம்                                                                                                           "
  },
  {
    "villagecode": "002",
    "villagename": "Mettubavi.               ",
    "villagetname": "மெட்டுப்பாவி                                                                                                                 "
  },
  {
    "villagecode": "028",
    "villagename": "Mettupalayam.            ",
    "villagetname": "மேட்டுபாளையம்                                                                                                                "
  },
  {
    "villagecode": "121",
    "villagename": "Mullipadi.               ",
    "villagetname": "முள்ளுப்பாடி                                                                                                                 "
  },
  {
    "villagecode": "010",
    "villagename": "Muthur.                  ",
    "villagetname": "முத்தூர்                                                                                                                     "
  },
  {
    "villagecode": "022",
    "villagename": "Nallattipalayam.         ",
    "villagetname": "நல்லட்டிபாளையம்                                                                                                              "
  },
  {
    "villagecode": "003",
    "villagename": "Panapatti.               ",
    "villagetname": "பணப்பட்டி                                                                                                                    "
  },
  {
    "villagecode": "017",
    "villagename": "Periyakalandai.          ",
    "villagetname": "பெரயகளந்தை                                                                                                                   "
  },
  {
    "villagecode": "009",
    "villagename": "Pottayandipurampu.       ",
    "villagetname": "பொட்டையாண்டிபுரம்பு                                                                                                          "
  },
  {
    "villagecode": "011",
    "villagename": "Sankarayapuram.          ",
    "villagetname": "சங்கராயபுரம்                                                                                                                 "
  },
  {
    "villagecode": "014",
    "villagename": "Sokkanur.                ",
    "villagetname": "சொக்கனூர்                                                                                                                    "
  },
  {
    "villagecode": "006",
    "villagename": "Solavampalayam.          ",
    "villagetname": "சொலவம்பாளையம்                                                                                                                "
  },
  {
    "villagecode": "024",
    "villagename": "Soolakal.                ",
    "villagetname": "சூலக்கல்                                                                                                                     "
  },
  {
    "villagecode": "036",
    "villagename": "Sozhanur.                ",
    "villagetname": "சோழனூர்                                                                                                                      "
  },
  {
    "villagecode": "019",
    "villagename": "Surukalandai.            ",
    "villagetname": "சிறுகளந்தை                                                                                                                   "
  },
  {
    "villagecode": "004",
    "villagename": "Vadachittor.             ",
    "villagetname": "வடசித்தூர்                                                                                                                   "
  },
  {
    "villagecode": "007",
    "villagename": "Vadapudur.               ",
    "villagetname": "வடபுதூர்                                                                                                                     "
  },
  {
    "villagecode": "033",
    "villagename": "Vakuthampalayam.         ",
    "villagetname": "வகுத்தம்பாளையம்                                                                                                              "
  },
  {
    "villagecode": "050",
    "villagename": "Varadanur.               ",
    "villagetname": "வரதனூர்                                                                                                                      "
  }
]
