[
  {
    "villagecode": "021",
    "villagename": "Aananthavadi             ",
    "villagetname": "ஆனந்தவாடி                                                                                                                    "
  },
  {
    "villagecode": "004",
    "villagename": "Alathiyur                ",
    "villagetname": "ஆலத்தியூர்                                                                                                                   "
  },
  {
    "villagecode": "010",
    "villagename": "Asaveerankudikadu        ",
    "villagetname": "அசாவீரன்குடிக்காடு                                                                                                           "
  },
  {
    "villagecode": "005",
    "villagename": "Athanakurichi            ",
    "villagetname": "ஆதனக்குறிச்சி                                                                                                                "
  },
  {
    "villagecode": "007",
    "villagename": "Ayanthathanur            ",
    "villagetname": "அயன்தத்தனூர்                                                                                                                 "
  },
  {
    "villagecode": "017",
    "villagename": "Irumpilikurichi          ",
    "villagetname": "இரும்புலிக்குறிச்சி                                                                                                          "
  },
  {
    "villagecode": "018",
    "villagename": "Keezhamaligai            ",
    "villagetname": "கீழமாளிகை                                                                                                                    "
  },
  {
    "villagecode": "016",
    "villagename": "Kilimangalam             ",
    "villagetname": "கிளிமங்கலம்                                                                                                                  "
  },
  {
    "villagecode": "008",
    "villagename": "Kuzhumur                 ",
    "villagetname": "குழுமூர்                                                                                                                     "
  },
  {
    "villagecode": "006",
    "villagename": "Manakudaiyan             ",
    "villagetname": "மணக்குடையான்                                                                                                                 "
  },
  {
    "villagecode": "009",
    "villagename": "Manapathur               ",
    "villagetname": "மணப்பத்தூர்                                                                                                                  "
  },
  {
    "villagecode": "023",
    "villagename": "Maruvathur               ",
    "villagetname": "மருவத்தூர்                                                                                                                   "
  },
  {
    "villagecode": "014",
    "villagename": "Nagalkuzhi               ",
    "villagetname": "நாகல்குழி                                                                                                                    "
  },
  {
    "villagecode": "027",
    "villagename": "Nakkampadi               ",
    "villagetname": "நக்கம்பாடி                                                                                                                   "
  },
  {
    "villagecode": "026",
    "villagename": "Namangunam               ",
    "villagetname": "நமங்குணம்                                                                                                                    "
  },
  {
    "villagecode": "015",
    "villagename": "Paranam                  ",
    "villagetname": "பரணம்                                                                                                                        "
  },
  {
    "villagecode": "024",
    "villagename": "Periyakurichi            ",
    "villagetname": "பெரியாக்குறிச்சி                                                                                                             "
  },
  {
    "villagecode": "019",
    "villagename": "Pilakurichi              ",
    "villagetname": "பிலாக்குறிச்சி                                                                                                               "
  },
  {
    "villagecode": "013",
    "villagename": "Ponparappi               ",
    "villagetname": "பொன்பரப்பி                                                                                                                   "
  },
  {
    "villagecode": "001",
    "villagename": "Sannasinallur            ",
    "villagetname": "சன்னாசிநல்லூர்                                                                                                               "
  },
  {
    "villagecode": "028",
    "villagename": "Sendurai                 ",
    "villagetname": "செந்துறை                                                                                                                     "
  },
  {
    "villagecode": "020",
    "villagename": "Sirukadambur             ",
    "villagetname": "சிறுகடம்பூர்                                                                                                                 "
  },
  {
    "villagecode": "012",
    "villagename": "Sirukalathur             ",
    "villagetname": "சிறுகளத்தூர்                                                                                                                 "
  },
  {
    "villagecode": "002",
    "villagename": "Thalavai (N)             ",
    "villagetname": "தளவாய் (வ)                                                                                                                   "
  },
  {
    "villagecode": "003",
    "villagename": "Thalavai (S)             ",
    "villagetname": "தளவாய் (தெ)                                                                                                                  "
  },
  {
    "villagecode": "011",
    "villagename": "Thular                   ",
    "villagetname": "துளார்                                                                                                                       "
  },
  {
    "villagecode": "022",
    "villagename": "Unjini                   ",
    "villagetname": "உஞ்சினி                                                                                                                      "
  },
  {
    "villagecode": "025",
    "villagename": "Vanjinapuram             ",
    "villagetname": "வஞ்சினபுரம்                                                                                                                  "
  }
]
