[
  {
    "villagecode": "092",
    "villagename": "Acchamangalam            ",
    "villagetname": "ஆச்சமங்கலம்"
  },
  {
    "villagecode": "127",
    "villagename": "Agarakorakottai          ",
    "villagetname": "அகரகொரக்கோட்டை"
  },
  {
    "villagecode": "160",
    "villagename": "Agaram                   ",
    "villagetname": "அகரம்"
  },
  {
    "villagecode": "188",
    "villagename": "Ammanapakkam             ",
    "villagetname": "அம்மணம்பாக்கம்"
  },
  {
    "villagecode": "203",
    "villagename": "Amudoor                  ",
    "villagetname": "அமூடுர்"
  },
  {
    "villagecode": "064",
    "villagename": "Anaibhogi                ",
    "villagetname": "ஆனைபோகி"
  },
  {
    "villagecode": "101",
    "villagename": "Arasoor                  ",
    "villagetname": "ஆராசூர்"
  },
  {
    "villagecode": "082",
    "villagename": "Ariyampoondi             ",
    "villagetname": "அரியம்பூண்டி"
  },
  {
    "villagecode": "061",
    "villagename": "Ariyapadi                ",
    "villagetname": "அரியபாடி"
  },
  {
    "villagecode": "167",
    "villagename": "Ariyathur                ",
    "villagetname": "ஆரியாத்தூர்"
  },
  {
    "villagecode": "206",
    "villagename": "Arungkunam               ",
    "villagetname": "அருங்குணம்"
  },
  {
    "villagecode": "084",
    "villagename": "Arunthodu                ",
    "villagetname": "அருந்தோடு"
  },
  {
    "villagecode": "189",
    "villagename": "Athianoor                ",
    "villagetname": "அதியனூர்"
  },
  {
    "villagecode": "144",
    "villagename": "Athipakkam               ",
    "villagetname": "அத்திப்பாக்கம்"
  },
  {
    "villagecode": "190",
    "villagename": "Athiyangkuppam           ",
    "villagetname": "அதியங்குப்பம்"
  },
  {
    "villagecode": "100",
    "villagename": "Avanavadi                ",
    "villagetname": "ஆவணவாடி"
  },
  {
    "villagecode": "066",
    "villagename": "Ayilavadi                ",
    "villagetname": "ஆயலவாடி"
  },
  {
    "villagecode": "187",
    "villagename": "Bahdoor                  ",
    "villagetname": "பாதூர்"
  },
  {
    "villagecode": "147",
    "villagename": "Biruthur                 ",
    "villagetname": "பிருதூர்"
  },
  {
    "villagecode": "105",
    "villagename": "Chethupattu              ",
    "villagetname": "சேத்துப்பட்டு"
  },
  {
    "villagecode": "093",
    "villagename": "Desur                    ",
    "villagetname": "தேசூர்"
  },
  {
    "villagecode": "201",
    "villagename": "Eaipakkam                ",
    "villagetname": "எய்ப்பாக்கம்"
  },
  {
    "villagecode": "138",
    "villagename": "Embalam                  ",
    "villagetname": "ஏம்பலம்"
  },
  {
    "villagecode": "196",
    "villagename": "Eramalur                 ",
    "villagetname": "எரமலூர்"
  },
  {
    "villagecode": "142",
    "villagename": "Eripattu                 ",
    "villagetname": "ஏரிப்பட்டு"
  },
  {
    "villagecode": "103",
    "villagename": "Erumbur                  ",
    "villagetname": "எறும்பூர்"
  },
  {
    "villagecode": "086",
    "villagename": "Gengampoondi             ",
    "villagetname": "கெங்கம்பூண்டி"
  },
  {
    "villagecode": "120",
    "villagename": "Goonampadi               ",
    "villagetname": "கூனம்பாடி"
  },
  {
    "villagecode": "131",
    "villagename": "Gudalore                 ",
    "villagetname": "கூடலூர்"
  },
  {
    "villagecode": "113",
    "villagename": "Ilangadu                 ",
    "villagetname": "இளங்காடு"
  },
  {
    "villagecode": "043",
    "villagename": "Injimedu                 ",
    "villagetname": "இஞ்சிமேடு"
  },
  {
    "villagecode": "169",
    "villagename": "Irumpedu                 ",
    "villagetname": "இரும்பேடு"
  },
  {
    "villagecode": "132",
    "villagename": "Irumpili                 ",
    "villagetname": "இரும்பிலி"
  },
  {
    "villagecode": "115",
    "villagename": "Jammampattu              ",
    "villagetname": "ஜம்மம்பட்டு"
  },
  {
    "villagecode": "116",
    "villagename": "Japthikarani             ",
    "villagetname": "ஜப்திகாரணி"
  },
  {
    "villagecode": "078",
    "villagename": "Kadambai                 ",
    "villagetname": "கடம்பை"
  },
  {
    "villagecode": "200",
    "villagename": "Kalpattu Nainangkuppam   ",
    "villagetname": "கல்பட்டுநைனாங்குப்பம்"
  },
  {
    "villagecode": "077",
    "villagename": "Kandavaratty             ",
    "villagetname": "கண்டவராட்டி"
  },
  {
    "villagecode": "194",
    "villagename": "Kandiyanallur            ",
    "villagetname": "கண்டியநல்லூர்"
  },
  {
    "villagecode": "153",
    "villagename": "Karam                    ",
    "villagetname": "காரம்"
  },
  {
    "villagecode": "106",
    "villagename": "Karanai                  ",
    "villagetname": "காரணை"
  },
  {
    "villagecode": "184",
    "villagename": "Karudapuram              ",
    "villagetname": "கருடபுரம்"
  },
  {
    "villagecode": "198",
    "villagename": "Kavaniyathur             ",
    "villagetname": "காவணியாத்தூர்"
  },
  {
    "villagecode": "173",
    "villagename": "Kavedu                   ",
    "villagetname": "காவேடு"
  },
  {
    "villagecode": "163",
    "villagename": "Kilkodungalur            ",
    "villagetname": "கீழ்கொடுங்காலூர்"
  },
  {
    "villagecode": "104",
    "villagename": "Kilkuvalaivedu           ",
    "villagetname": "கீழ்குவளைவேடு"
  },
  {
    "villagecode": "122",
    "villagename": "Kilnamandi               ",
    "villagetname": "கீழ்நமண்டி"
  },
  {
    "villagecode": "170",
    "villagename": "Kil Narma                ",
    "villagetname": "கீழ்நர்மா"
  },
  {
    "villagecode": "164",
    "villagename": "Kilpakkam                ",
    "villagetname": "கீழ்பாக்கம்"
  },
  {
    "villagecode": "095",
    "villagename": "Kilputhur                ",
    "villagetname": "கீழ்புத்தூர்"
  },
  {
    "villagecode": "112",
    "villagename": "Kilsathamangalam         ",
    "villagetname": "கீழ்சாத்தமங்கலம்"
  },
  {
    "villagecode": "202",
    "villagename": "Kilsembedu               ",
    "villagetname": "கீழ்செம்பேடு"
  },
  {
    "villagecode": "183",
    "villagename": "Kilseshamangalam         ",
    "villagetname": "கீழ்சீசமங்கலம்"
  },
  {
    "villagecode": "075",
    "villagename": "Kilvelliyur              ",
    "villagetname": "கீழ்வெள்ளியூர்"
  },
  {
    "villagecode": "178",
    "villagename": "Kilvillivalam            ",
    "villagetname": "கீழ்வில்லிவலம்"
  },
  {
    "villagecode": "087",
    "villagename": "Kizhangunam              ",
    "villagetname": "கிழங்குணம்"
  },
  {
    "villagecode": "177",
    "villagename": "Kodanallur               ",
    "villagetname": "கொடநல்லூர்"
  },
  {
    "villagecode": "133",
    "villagename": "Kodiyalam                ",
    "villagetname": "கொடியாலம்"
  },
  {
    "villagecode": "166",
    "villagename": "Koilkuppam               ",
    "villagetname": "கோயில்குப்பம்"
  },
  {
    "villagecode": "076",
    "villagename": "Koothampattu             ",
    "villagetname": "கூத்தம்பட்டு"
  },
  {
    "villagecode": "126",
    "villagename": "Koothavedu               ",
    "villagetname": "கூத்தவேடு"
  },
  {
    "villagecode": "121",
    "villagename": "Korakottai               ",
    "villagetname": "கொரக்கோட்டை"
  },
  {
    "villagecode": "154",
    "villagename": "Kosapattu                ",
    "villagetname": "கொசப்பட்டு"
  },
  {
    "villagecode": "058",
    "villagename": "Kothandapuram            ",
    "villagetname": "கோதண்டபுரம்"
  },
  {
    "villagecode": "181",
    "villagename": "Kottai                   ",
    "villagetname": "கொட்டை"
  },
  {
    "villagecode": "171",
    "villagename": "Kovalai                  ",
    "villagetname": "கொவளை"
  },
  {
    "villagecode": "090",
    "villagename": "Kunnagampoondi           ",
    "villagetname": "குண்ணகம்பூண்டி"
  },
  {
    "villagecode": "088",
    "villagename": "Magamayietirumani        ",
    "villagetname": "மகமாயிதிருமணி"
  },
  {
    "villagecode": "045",
    "villagename": "Mahadevimangalam         ",
    "villagetname": "மகாதேவிமங்கலம்"
  },
  {
    "villagecode": "175",
    "villagename": "Mamandoor                ",
    "villagetname": "மாமண்டுர்"
  },
  {
    "villagecode": "111",
    "villagename": "Mampattu                 ",
    "villagetname": "மாம்பட்டு"
  },
  {
    "villagecode": "182",
    "villagename": "Mangalam                 ",
    "villagetname": "மங்கலம்"
  },
  {
    "villagecode": "159",
    "villagename": "Manganallur              ",
    "villagetname": "மங்கநல்லூர்"
  },
  {
    "villagecode": "050",
    "villagename": "Manikkamangalam          ",
    "villagetname": "மாணிக்கமங்கலம்"
  },
  {
    "villagecode": "176",
    "villagename": "Maruthadu                ",
    "villagetname": "மருதாடு"
  },
  {
    "villagecode": "205",
    "villagename": "Mavalavadi               ",
    "villagetname": "மாவலவாடி"
  },
  {
    "villagecode": "057",
    "villagename": "Mazhaiyur                ",
    "villagetname": "மழையூர்"
  },
  {
    "villagecode": "179",
    "villagename": "Mazhuvankarani           ",
    "villagetname": "மழவங்கரணை"
  },
  {
    "villagecode": "137",
    "villagename": "Meesanallur              ",
    "villagetname": "மீசநல்லூர்"
  },
  {
    "villagecode": "162",
    "villagename": "Melkodungalur            ",
    "villagetname": "மேல்கொடுங்காலூர்"
  },
  {
    "villagecode": "047",
    "villagename": "Melpalayem               ",
    "villagetname": "மேல்பாளையம்"
  },
  {
    "villagecode": "073",
    "villagename": "Melpathi                 ",
    "villagetname": "மேல்பாதி"
  },
  {
    "villagecode": "068",
    "villagename": "Melsembedu               ",
    "villagetname": "மேல்செம்பேடு"
  },
  {
    "villagecode": "044",
    "villagename": "Mosavadi                 ",
    "villagetname": "மோசவாடி"
  },
  {
    "villagecode": "197",
    "villagename": "Mudoor                   ",
    "villagetname": "மூடூர்"
  },
  {
    "villagecode": "110",
    "villagename": "Mumuni                   ",
    "villagetname": "மும்முனி"
  },
  {
    "villagecode": "114",
    "villagename": "Nadukuppam               ",
    "villagetname": "நடுகுப்பம்"
  },
  {
    "villagecode": "097",
    "villagename": "Nallery                  ",
    "villagetname": "நல்லேரி"
  },
  {
    "villagecode": "195",
    "villagename": "Nallur                   ",
    "villagetname": "நல்லூர்"
  },
  {
    "villagecode": "062",
    "villagename": "Nambedu                  ",
    "villagetname": "நம்பேடு"
  },
  {
    "villagecode": "141",
    "villagename": "Navalpakkm               ",
    "villagetname": "நாவல்பாக்கம்"
  },
  {
    "villagecode": "192",
    "villagename": "Nelliyangulam            ",
    "villagetname": "நெல்லியாங்குளம்"
  },
  {
    "villagecode": "123",
    "villagename": "Nerkunam                 ",
    "villagetname": "நெற்குணம்"
  },
  {
    "villagecode": "191",
    "villagename": "Osur                     ",
    "villagetname": "ஓசூர்"
  },
  {
    "villagecode": "156",
    "villagename": "Ozhappakam               ",
    "villagetname": "ஒழப்பாக்கம்"
  },
  {
    "villagecode": "204",
    "villagename": "Padur                    ",
    "villagetname": "படூர்"
  },
  {
    "villagecode": "119",
    "villagename": "Panjarai                 ",
    "villagetname": "பாஞ்சரை"
  },
  {
    "villagecode": "128",
    "villagename": "Pappanallur              ",
    "villagetname": "பாப்பநல்லுர்"
  },
  {
    "villagecode": "150",
    "villagename": "Pathiri                  ",
    "villagetname": "பாதிரி"
  },
  {
    "villagecode": "134",
    "villagename": "Pazhaveri                ",
    "villagetname": "பழவேரி"
  },
  {
    "villagecode": "124",
    "villagename": "Pennattagaram            ",
    "villagetname": "பென்னாட்டகரம்"
  },
  {
    "villagecode": "039",
    "villagename": "Pernamallur              ",
    "villagetname": "பெரணமல்லூர்"
  },
  {
    "villagecode": "081",
    "villagename": "Perunkadaputhor          ",
    "villagetname": "பெருங்கடபுத்தூர்"
  },
  {
    "villagecode": "098",
    "villagename": "Ponnur                   ",
    "villagetname": "பொன்னூர்"
  },
  {
    "villagecode": "108",
    "villagename": "Pulivai                  ",
    "villagetname": "புலிவாய்"
  },
  {
    "villagecode": "180",
    "villagename": "Punnai                   ",
    "villagetname": "புன்னை"
  },
  {
    "villagecode": "048",
    "villagename": "Raghunathasamuthiram     ",
    "villagetname": "ரகுநாதசமுத்திரம்"
  },
  {
    "villagecode": "139",
    "villagename": "Ramasamuthiram           ",
    "villagetname": "ராமசமுத்திரம்"
  },
  {
    "villagecode": "049",
    "villagename": "Reddykuppam              ",
    "villagetname": "ரெட்டிக்குப்பம்"
  },
  {
    "villagecode": "174",
    "villagename": "Salavedu                 ",
    "villagetname": "சாலவேடு"
  },
  {
    "villagecode": "155",
    "villagename": "Salukkai                 ",
    "villagetname": "சலுக்கை"
  },
  {
    "villagecode": "165",
    "villagename": "Sathanur                 ",
    "villagetname": "சாத்தனூர்"
  },
  {
    "villagecode": "207",
    "villagename": "Sathiyavadi              ",
    "villagetname": "சத்தியவாடி"
  },
  {
    "villagecode": "080",
    "villagename": "Satthampoondi            ",
    "villagetname": "சாத்தப்பூண்டி"
  },
  {
    "villagecode": "186",
    "villagename": "Seeyalam                 ",
    "villagetname": "சீயாளம்"
  },
  {
    "villagecode": "083",
    "villagename": "Seeyamangalam            ",
    "villagetname": "சீயமங்கலம்"
  },
  {
    "villagecode": "145",
    "villagename": "Sembur                   ",
    "villagetname": "செம்பூர்"
  },
  {
    "villagecode": "125",
    "villagename": "Senal                    ",
    "villagetname": "சேனல்"
  },
  {
    "villagecode": "148",
    "villagename": "Sennavaram               ",
    "villagetname": "சென்னாவரம்"
  },
  {
    "villagecode": "060",
    "villagename": "Septangulam              ",
    "villagetname": "செப்டாங்குளம்"
  },
  {
    "villagecode": "146",
    "villagename": "Setharakuppam            ",
    "villagetname": "சேதாரக்குப்பம்"
  },
  {
    "villagecode": "079",
    "villagename": "Singampoondi             ",
    "villagetname": "சிங்கம்பூண்டி"
  },
  {
    "villagecode": "143",
    "villagename": "Sirunavalpakkam          ",
    "villagetname": "சிறுநாவல்பாக்கம்"
  },
  {
    "villagecode": "091",
    "villagename": "Sitharugavoor            ",
    "villagetname": "சித்தருகாவூர்"
  },
  {
    "villagecode": "117",
    "villagename": "Sivanam                  ",
    "villagetname": "சிவனம்"
  },
  {
    "villagecode": "140",
    "villagename": "Sogatthur                ",
    "villagetname": "சோகத்தூர்"
  },
  {
    "villagecode": "096",
    "villagename": "Soraputhur               ",
    "villagetname": "சோரப்புத்தூர்"
  },
  {
    "villagecode": "193",
    "villagename": "Sri Rangarajapuram       ",
    "villagetname": "ஸ்ரீரங்கராஐபுரம்"
  },
  {
    "villagecode": "135",
    "villagename": "Su.Katteri               ",
    "villagetname": "சு.காட்டேரி"
  },
  {
    "villagecode": "059",
    "villagename": "Thadinolambai            ",
    "villagetname": "தாடிநொளம்பை"
  },
  {
    "villagecode": "074",
    "villagename": "Thakkandarayapuram       ",
    "villagetname": "தக்கண்டராயபுரம்"
  },
  {
    "villagecode": "046",
    "villagename": "Thavani                  ",
    "villagetname": "தவணி"
  },
  {
    "villagecode": "151",
    "villagename": "Thazhampallam            ",
    "villagetname": "தாழம்பள்ளம்"
  },
  {
    "villagecode": "158",
    "villagename": "Thazhutazhai             ",
    "villagetname": "தழுதாழை"
  },
  {
    "villagecode": "130",
    "villagename": "Thellar                  ",
    "villagetname": "தெள்ளார்"
  },
  {
    "villagecode": "107",
    "villagename": "Thellur                  ",
    "villagetname": "தெள்ளூர்"
  },
  {
    "villagecode": "067",
    "villagename": "Thenalapiranthan         ",
    "villagetname": "தென்ஆலப்பிறந்தான்"
  },
  {
    "villagecode": "071",
    "villagename": "Thenkarai                ",
    "villagetname": "தென்கரை"
  },
  {
    "villagecode": "152",
    "villagename": "Thennangur               ",
    "villagetname": "தென்னாங்கூர்"
  },
  {
    "villagecode": "021",
    "villagename": "Thennathur               ",
    "villagetname": "தென்னாத்தூர்"
  },
  {
    "villagecode": "102",
    "villagename": "Thensenthamangalam       ",
    "villagetname": "தென்சேந்தமங்கலம்"
  },
  {
    "villagecode": "118",
    "villagename": "Thenthinnalur            ",
    "villagetname": "தென்திண்ணலூர்"
  },
  {
    "villagecode": "129",
    "villagename": "Thenvanakampadi          ",
    "villagetname": "தென்வணக்கம்பாடி"
  },
  {
    "villagecode": "136",
    "villagename": "Theyyar                  ",
    "villagetname": "தெய்யார்"
  },
  {
    "villagecode": "094",
    "villagename": "Tirakoil                 ",
    "villagetname": "திரக்கோயில்"
  },
  {
    "villagecode": "172",
    "villagename": "Ulunthai                 ",
    "villagetname": "உளுந்தை"
  },
  {
    "villagecode": "069",
    "villagename": "Urkudi                   ",
    "villagetname": "ஊர்குடி"
  },
  {
    "villagecode": "085",
    "villagename": "Vadakkupattu             ",
    "villagetname": "வடக்குப்பட்டு"
  },
  {
    "villagecode": "072",
    "villagename": "Vadavanakkampadi         ",
    "villagetname": "வட வணக்கம்பாடி"
  },
  {
    "villagecode": "063",
    "villagename": "Vadugamangalam           ",
    "villagetname": "வடுகமங்கலம்"
  },
  {
    "villagecode": "070",
    "villagename": "Vallam                   ",
    "villagetname": "வல்லம்"
  },
  {
    "villagecode": "149",
    "villagename": "Vandavasi                ",
    "villagetname": "வந்தவாசி"
  },
  {
    "villagecode": "099",
    "villagename": "Vangaram                 ",
    "villagetname": "வங்காரம்"
  },
  {
    "villagecode": "161",
    "villagename": "Vazhur                   ",
    "villagetname": "வழூர்"
  },
  {
    "villagecode": "089",
    "villagename": "Vedal                    ",
    "villagetname": "வெடால்"
  },
  {
    "villagecode": "185",
    "villagename": "Veliampakkam             ",
    "villagetname": "வெளியம்பாக்கம்"
  },
  {
    "villagecode": "109",
    "villagename": "Vengunam                 ",
    "villagetname": "வெங்குணம்"
  },
  {
    "villagecode": "199",
    "villagename": "Venmanthai               ",
    "villagetname": "வெண்மந்தை"
  },
  {
    "villagecode": "065",
    "villagename": "Vilanallur               ",
    "villagetname": "விளாநல்லூர்"
  },
  {
    "villagecode": "168",
    "villagename": "Vilangadu                ",
    "villagetname": "விளங்காடு"
  },
  {
    "villagecode": "157",
    "villagename": "Vizhuthupattu            ",
    "villagetname": "விழுதுபட்டு"
  }
]
