[
  {
    "villagecode": "028",
    "villagename": "Alinjikuppam             ",
    "villagetname": "அழிஞ்சிகுப்பம்                                                                                                               "
  },
  {
    "villagecode": "002",
    "villagename": "Aravattala               ",
    "villagetname": "அரவட்லா                                                                                                                      "
  },
  {
    "villagecode": "008",
    "villagename": "Balur                    ",
    "villagetname": "பாலூர்                                                                                                                       "
  },
  {
    "villagecode": "011",
    "villagename": "Chinnathamalsiruvu       ",
    "villagetname": "சின்னதாமல்செருவு                                                                                                             "
  },
  {
    "villagecode": "024",
    "villagename": "Chokkarasikuppam         ",
    "villagetname": "சொக்கரிஷிகுப்பம்                                                                                                             "
  },
  {
    "villagecode": "013",
    "villagename": "Erikuthi                 ",
    "villagetname": "ஏரிகுத்தி                                                                                                                    "
  },
  {
    "villagecode": "003",
    "villagename": "Erukkampattu             ",
    "villagetname": "எருக்கம்பட்டு                                                                                                                "
  },
  {
    "villagecode": "014",
    "villagename": "Jodikammavarpalli        ",
    "villagetname": "ஜோதிகம்மவார்பள்ளி                                                                                                            "
  },
  {
    "villagecode": "023",
    "villagename": "Karkoor                  ",
    "villagetname": "கார்கூர்                                                                                                                     "
  },
  {
    "villagecode": "009",
    "villagename": "Kembasamudram            ",
    "villagetname": "கெம்பசமுத்திரம்                                                                                                              "
  },
  {
    "villagecode": "022",
    "villagename": "Kothamarikuppam          ",
    "villagetname": "கொத்தமாரிகுப்பம்                                                                                                             "
  },
  {
    "villagecode": "012",
    "villagename": "Kothapalli               ",
    "villagetname": "கொத்தபள்ளி                                                                                                                   "
  },
  {
    "villagecode": "016",
    "villagename": "Kundalapalli             ",
    "villagetname": "குண்டலபள்ளி                                                                                                                  "
  },
  {
    "villagecode": "006",
    "villagename": "Machampattu              ",
    "villagetname": "மாச்சம்பட்டு                                                                                                                 "
  },
  {
    "villagecode": "010",
    "villagename": "Masigam                  ",
    "villagetname": "மசிகம்                                                                                                                       "
  },
  {
    "villagecode": "025",
    "villagename": "Melkothakuppam           ",
    "villagetname": "மேல்கொத்தகுப்பம்                                                                                                             "
  },
  {
    "villagecode": "029",
    "villagename": "Melmurungai              ",
    "villagetname": "மேல்முருங்கை                                                                                                                 "
  },
  {
    "villagecode": "031",
    "villagename": "Melpatti                 ",
    "villagetname": "மேல்பட்டி                                                                                                                    "
  },
  {
    "villagecode": "018",
    "villagename": "Morasapalli              ",
    "villagetname": "மொரசபள்ளி                                                                                                                    "
  },
  {
    "villagecode": "030",
    "villagename": "M.V.Kuppam               ",
    "villagetname": "எம்.வி.குப்பம்                                                                                                               "
  },
  {
    "villagecode": "021",
    "villagename": "Pallalakuppam            ",
    "villagetname": "பள்ளாலகுப்பம்                                                                                                                "
  },
  {
    "villagecode": "019",
    "villagename": "Paravakkal               ",
    "villagetname": "பரவக்கல்                                                                                                                     "
  },
  {
    "villagecode": "004",
    "villagename": "Pathalapalli             ",
    "villagetname": "பத்தலபள்ளி                                                                                                                   "
  },
  {
    "villagecode": "015",
    "villagename": "Pernambut                ",
    "villagetname": "பேர்ணாம்பட்டு                                                                                                                "
  },
  {
    "villagecode": "020",
    "villagename": "Pugalur                  ",
    "villagetname": "புகளுர்                                                                                                                      "
  },
  {
    "villagecode": "026",
    "villagename": "Rajakkal                 ",
    "villagetname": "ராஜக்கல்                                                                                                                     "
  },
  {
    "villagecode": "027",
    "villagename": "Reddimankuppam           ",
    "villagetname": "ரெட்டிமாங்குப்பம்                                                                                                            "
  },
  {
    "villagecode": "001",
    "villagename": "Rengampettai             ",
    "villagetname": "ரெங்கம்பேட்டை                                                                                                                "
  },
  {
    "villagecode": "005",
    "villagename": "Sarakkal                 ",
    "villagetname": "சாரக்கல்                                                                                                                     "
  },
  {
    "villagecode": "032",
    "villagename": "Sendathur                ",
    "villagetname": "செண்டத்தூர்                                                                                                                  "
  },
  {
    "villagecode": "017",
    "villagename": "T.T.Mottur               ",
    "villagetname": "டி.டி.மோட்டூர்                                                                                                               "
  },
  {
    "villagecode": "007",
    "villagename": "Vasanampalli             ",
    "villagetname": "வாசனாம்பள்ளி                                                                                                                 "
  }
]
