[
  {
    "villagecode": "003",
    "villagename": "Akkachikuppam            ",
    "villagetname": "அக்கச்சிகுப்பம்                                                                                                              "
  },
  {
    "villagecode": "011",
    "villagename": "Ariyur                   ",
    "villagetname": "அரியூர்                                                                                                                      "
  },
  {
    "villagecode": "018",
    "villagename": "Ayal                     ",
    "villagetname": "ஆயல்                                                                                                                         "
  },
  {
    "villagecode": "020",
    "villagename": "Banavaram                ",
    "villagetname": "பானாவரம்                                                                                                                     "
  },
  {
    "villagecode": "030",
    "villagename": "Chekkidikuppam           ",
    "villagetname": "செக்கடிகுப்பம்                                                                                                               "
  },
  {
    "villagecode": "027",
    "villagename": "Chengalnatham            ",
    "villagetname": "செங்கால்நத்தம்                                                                                                               "
  },
  {
    "villagecode": "055",
    "villagename": "Chithathur               ",
    "villagetname": "சித்தாத்தூர்                                                                                                                 "
  },
  {
    "villagecode": "047",
    "villagename": "Govindacheri             ",
    "villagetname": "கோவிந்தசேரி                                                                                                                  "
  },
  {
    "villagecode": "046",
    "villagename": "Govindacherikuppam       ",
    "villagetname": "கோவிந்தசேரிகுப்பம்                                                                                                           "
  },
  {
    "villagecode": "009",
    "villagename": "Gudalur                  ",
    "villagetname": "கூடலூர்                                                                                                                      "
  },
  {
    "villagecode": "010",
    "villagename": "Ibedu                    ",
    "villagetname": "அய்ப்பேடு                                                                                                                    "
  },
  {
    "villagecode": "028",
    "villagename": "Jumbukulam               ",
    "villagetname": "ஜம்புகுளம்                                                                                                                   "
  },
  {
    "villagecode": "032",
    "villagename": "Kallalankuppam           ",
    "villagetname": "கல்லாலங்குப்பம்                                                                                                              "
  },
  {
    "villagecode": "037",
    "villagename": "Kalpattu                 ",
    "villagetname": "கல்பட்டு                                                                                                                     "
  },
  {
    "villagecode": "012",
    "villagename": "Karikkal                 ",
    "villagetname": "கரிக்கல்                                                                                                                     "
  },
  {
    "villagecode": "041",
    "villagename": "Katttrampakkam           ",
    "villagetname": "காட்ரம்பாக்கம்                                                                                                               "
  },
  {
    "villagecode": "025",
    "villagename": "Keelveeranam             ",
    "villagetname": "கீழ்வீராணம்                                                                                                                  "
  },
  {
    "villagecode": "029",
    "villagename": "Kesavanankuppam          ",
    "villagetname": "கேசவனாங்குப்பம்                                                                                                              "
  },
  {
    "villagecode": "033",
    "villagename": "Kodakkal                 ",
    "villagetname": "கொடைக்கல்                                                                                                                    "
  },
  {
    "villagecode": "053",
    "villagename": "Kolatheri                ",
    "villagetname": "கொளத்தேரி                                                                                                                    "
  },
  {
    "villagecode": "034",
    "villagename": "Kondapalayam             ",
    "villagetname": "கொண்டபாளையம்                                                                                                                 "
  },
  {
    "villagecode": "021",
    "villagename": "Koothampakkam            ",
    "villagetname": "கூத்தம்பாக்கம்                                                                                                               "
  },
  {
    "villagecode": "015",
    "villagename": "Kunnathur                ",
    "villagetname": "குன்னத்தூர்                                                                                                                  "
  },
  {
    "villagecode": "024",
    "villagename": "Mangalam                 ",
    "villagetname": "மங்கலம்                                                                                                                      "
  },
  {
    "villagecode": "043",
    "villagename": "Marudhalam               ",
    "villagetname": "மருதாலம்                                                                                                                     "
  },
  {
    "villagecode": "048",
    "villagename": "Melveeranam              ",
    "villagetname": "மேல்வீராணம்                                                                                                                  "
  },
  {
    "villagecode": "042",
    "villagename": "Melvenkatapuram          ",
    "villagetname": "மேல்வெங்கடாபுரம்                                                                                                             "
  },
  {
    "villagecode": "136",
    "villagename": "Nandhimangalam           ",
    "villagetname": "நந்திமங்கலம்                                                                                                                 "
  },
  {
    "villagecode": "052",
    "villagename": "Ozhughur                 ",
    "villagetname": "ஒழுகூர்                                                                                                                      "
  },
  {
    "villagecode": "016",
    "villagename": "Palayapalayam            ",
    "villagetname": "பழையபாளையம்                                                                                                                  "
  },
  {
    "villagecode": "038",
    "villagename": "Pandiuyanallur           ",
    "villagetname": "பாண்டியநல்லூர்                                                                                                               "
  },
  {
    "villagecode": "002",
    "villagename": "Paravathur               ",
    "villagetname": "பரவத்தூர்                                                                                                                    "
  },
  {
    "villagecode": "017",
    "villagename": "Polipakkam               ",
    "villagetname": "போலிபாக்கம்                                                                                                                  "
  },
  {
    "villagecode": "049",
    "villagename": "Ponnappanthangal         ",
    "villagetname": "பொண்ணபந்தாங்கல்                                                                                                              "
  },
  {
    "villagecode": "023",
    "villagename": "Pudur                    ",
    "villagetname": "புதூர்                                                                                                                       "
  },
  {
    "villagecode": "039",
    "villagename": "Pulivalam                ",
    "villagetname": "புலிவலம்                                                                                                                     "
  },
  {
    "villagecode": "031",
    "villagename": "Rendady                  ",
    "villagetname": "ரெண்டாடி                                                                                                                     "
  },
  {
    "villagecode": "035",
    "villagename": "Sholinghur               ",
    "villagetname": "சோளிங்கர்                                                                                                                    "
  },
  {
    "villagecode": "036",
    "villagename": "Somasumudram             ",
    "villagetname": "சோமசமுத்திரம்                                                                                                                "
  },
  {
    "villagecode": "019",
    "villagename": "Soorai                   ",
    "villagetname": "சூரை                                                                                                                         "
  },
  {
    "villagecode": "026",
    "villagename": "Thagarakuppam            ",
    "villagetname": "தகரகுப்பம்                                                                                                                   "
  },
  {
    "villagecode": "044",
    "villagename": "Thalangai                ",
    "villagetname": "தலங்கை                                                                                                                       "
  },
  {
    "villagecode": "013",
    "villagename": "Thalikkal                ",
    "villagetname": "தாளிக்கால்                                                                                                                   "
  },
  {
    "villagecode": "014",
    "villagename": "Thappur                  ",
    "villagetname": "தப்பூர்                                                                                                                      "
  },
  {
    "villagecode": "040",
    "villagename": "Vadakadappanthangal      ",
    "villagetname": "வடகடப்பந்தாங்கல்                                                                                                             "
  },
  {
    "villagecode": "045",
    "villagename": "Vangoor                  ",
    "villagetname": "வாங்கூர்                                                                                                                     "
  },
  {
    "villagecode": "008",
    "villagename": "Vayalambadi              ",
    "villagetname": "வைலாம்பாடி                                                                                                                   "
  },
  {
    "villagecode": "054",
    "villagename": "Velam                    ",
    "villagetname": "வேலம்                                                                                                                        "
  },
  {
    "villagecode": "001",
    "villagename": "Venguppattu              ",
    "villagetname": "வெங்குபட்டு                                                                                                                  "
  }
]
