[
  {
    "villagecode": "094",
    "villagename": "Adappadakki              ",
    "villagetname": "அதப்படக்கி"
  },
  {
    "villagecode": "073",
    "villagename": "Allur     ",
    "villagetname": "அல்லூர்"
  },
  {
    "villagecode": "095",
    "villagename": "Alpattaviduthi           ",
    "villagetname": "ஆள்பட்டவிடுதி"
  },
  {
    "villagecode": "033",
    "villagename": "Gouripatti               ",
    "villagetname": "கௌரிப்பட்டி"
  },
  {
    "villagecode": "113",
    "villagename": "Kalkulam                 ",
    "villagetname": "கால்குளம்"
  },
  {
    "villagecode": "069",
    "villagename": "Kangipatti               ",
    "villagetname": "காஞ்சிப்பட்டி"
  },
  {
    "villagecode": "111",
    "villagename": "Kangiram                 ",
    "villagetname": "காஞ்சிரம்"
  },
  {
    "villagecode": "099",
    "villagename": "Kilapidavur              ",
    "villagetname": "கீழப்பிடாவூர் "
  },
  {
    "villagecode": "122",
    "villagename": "Kodikadukadamburani      ",
    "villagetname": "கொடிக்காடு கடம்பூரணி"
  },
  {
    "villagecode": "108",
    "villagename": "Kolandi         ",
    "villagetname": "கோளந்தி"
  },
  {
    "villagecode": "064",
    "villagename": "Kollangudi               ",
    "villagetname": "கொல்லங்குடி"
  },
  {
    "villagecode": "098",
    "villagename": "K.Perungarai             ",
    "villagetname": "கொந்தகை பெருங்கரை"
  },
  {
    "villagecode": "067",
    "villagename": "Kurunthani Variyendal    ",
    "villagetname": "குருந்தனி வாரியேந்தல்"
  },
  {
    "villagecode": "092",
    "villagename": "Mallal                   ",
    "villagetname": "மல்லல்"
  },
  {
    "villagecode": "031",
    "villagename": "Mangattendal             ",
    "villagetname": "மாங்காட்டேந்தல்"
  },
  {
    "villagecode": "126",
    "villagename": "Marakkattur              ",
    "villagetname": "மரக்காத்தூர்"
  },
  {
    "villagecode": "110",
    "villagename": "Marandai                 ",
    "villagetname": "மாரந்தை"
  },
  {
    "villagecode": "127",
    "villagename": "Marathur                 ",
    "villagetname": "மாராத்தூர்"
  },
  {
    "villagecode": "120",
    "villagename": "Maththukkanmoi            ",
    "villagetname": "மாத்துக்கண்மாய்"
  },
  {
    "villagecode": "124",
    "villagename": "Mongankanmoi             ",
    "villagetname": "மொங்கன் கண்மாய்"
  },
  {
    "villagecode": "125",
    "villagename": "Moovarkanmoi             ",
    "villagetname": "மூவர் கண்மாய்"
  },
  {
    "villagecode": "070",
    "villagename": "Mudikkarai               ",
    "villagetname": "முடிக்கரை"
  },
  {
    "villagecode": "063",
    "villagename": "Muthur                   ",
    "villagetname": "முத்தூர்"
  },
  {
    "villagecode": "116",
    "villagename": "M.Vagaikulam             ",
    "villagetname": "எம் வாகைக்குளம்"
  },
  {
    "villagecode": "077",
    "villagename": "Nadamangalam             ",
    "villagetname": "நாடாமங்களம்"
  },
  {
    "villagecode": "115",
    "villagename": "Nallendal                ",
    "villagetname": "நல்லேந்தல்"
  },
  {
    "villagecode": "061",
    "villagename": "Nattarasankottai         ",
    "villagetname": "நாட்டரசன் கோட்டை"
  },
  {
    "villagecode": "123",
    "villagename": "Nedungulam               ",
    "villagetname": "நெடுங்குளம்"
  },
  {
    "villagecode": "074",
    "villagename": "Oyyavandan               ",
    "villagetname": "ஒய்யவந்தான்"
  },
  {
    "villagecode": "106",
    "villagename": "Palkulam                 ",
    "villagetname": "பால் குளம்"
  },
  {
    "villagecode": "117",
    "villagename": "Pallivayal               ",
    "villagetname": "பள்ளி வயல்"
  },
  {
    "villagecode": "072",
    "villagename": "Panangadi                ",
    "villagetname": "பனங்காடி"
  },
  {
    "villagecode": "066",
    "villagename": "Paruththikanmoi            ",
    "villagetname": "பருத்திக்கண்மாய்"
  },
  {
    "villagecode": "101",
    "villagename": "Periyakannanur           ",
    "villagetname": "பெரிய கண்ணனூர்"
  },
  {
    "villagecode": "060",
    "villagename": "Pirandaikulam            ",
    "villagetname": "பிரண்டைக்குளம்"
  },
  {
    "villagecode": "076",
    "villagename": "Poovali                  ",
    "villagetname": "பூவாளி"
  },
  {
    "villagecode": "078",
    "villagename": "P.Udayarendal            ",
    "villagetname": "பி உடையாரேந்தல்"
  },
  {
    "villagecode": "071",
    "villagename": "Pudukiluvachi            ",
    "villagetname": "புதுக்கிளுவச்சி"
  },
  {
    "villagecode": "104",
    "villagename": "Pulavanvayal             ",
    "villagetname": "புலவன் வயல்"
  },
  {
    "villagecode": "097",
    "villagename": "Puliyangulam             ",
    "villagetname": "புளியங்குளம்"
  },
  {
    "villagecode": "068",
    "villagename": "Purasadi Udaippu          ",
    "villagetname": "புரசடி உடைப்பு"
  },
  {
    "villagecode": "112",
    "villagename": "Sakkur                   ",
    "villagetname": "சாக்கூர்"
  },
  {
    "villagecode": "107",
    "villagename": "Sedambal                 ",
    "villagetname": "சேதாம்பல்"
  },
  {
    "villagecode": "096",
    "villagename": "Sembanur                 ",
    "villagetname": "செம்பனூர்"
  },
  {
    "villagecode": "102",
    "villagename": "Sempar                   ",
    "villagetname": "சேம்பார்"
  },
  {
    "villagecode": "062",
    "villagename": "Sennalkudi               ",
    "villagetname": "சென்னல்குடி"
  },
  {
    "villagecode": "109",
    "villagename": "Seththur             ",
    "villagetname": "சேத்தூர்"
  },
  {
    "villagecode": "119",
    "villagename": "Sevavurani               ",
    "villagetname": "சேவாவூரணி  "
  },
  {
    "villagecode": "128",
    "villagename": "Silukkapatti             ",
    "villagetname": "சிலுக்கப்பட்டி"
  },
  {
    "villagecode": "105",
    "villagename": "Siramam                  ",
    "villagetname": "சிரமம்"
  },
  {
    "villagecode": "114",
    "villagename": "Siriyur                  ",
    "villagetname": "சிறியூர்"
  },
  {
    "villagecode": "103",
    "villagename": "Sirukanaperi             ",
    "villagetname": "சிறுகானப்பேரி"
  },
  {
    "villagecode": "093",
    "villagename": "Solavandan               ",
    "villagetname": "சோழவந்தான்"
  },
  {
    "villagecode": "118",
    "villagename": "Somanathamangalam        ",
    "villagetname": "சோமநாதமங்களம்"
  },
  {
    "villagecode": "100",
    "villagename": "Thadiyamangalam          ",
    "villagetname": "தடியமங்கலம்"
  },
  {
    "villagecode": "045",
    "villagename": "Usilanendal Sundanendal  ",
    "villagetname": "உசிலனேந்தல்"
  },
  {
    "villagecode": "121",
    "villagename": "Usilangulam              ",
    "villagetname": "உசிலங்குளம்"
  },
  {
    "villagecode": "130",
    "villagename": "Valanai                  ",
    "villagetname": "வலனை"
  },
  {
    "villagecode": "032",
    "villagename": "Vaniyangudi              ",
    "villagetname": "வாணியங்குடி"
  },
  {
    "villagecode": "129",
    "villagename": "Vannikkudi               ",
    "villagetname": "வன்னிக்குடி"
  },
  {
    "villagecode": "046",
    "villagename": "Velangulam               ",
    "villagetname": "வேலாங்குளம்"
  },
  {
    "villagecode": "075",
    "villagename": "Vettikulam               ",
    "villagetname": "வெட்டிக்குளம்"
  },
  {
    "villagecode": "065",
    "villagename": "Vittaneri                ",
    "villagetname": "விட்டனேரி"
  }
]
