[
  {
    "villagecode": "046",
    "villagename": "Achipatty.               ",
    "villagetname": "ஆச்சிப்பட்டி                                                                                                                 "
  },
  {
    "villagecode": "133",
    "villagename": "A. Nagur.                ",
    "villagetname": "ஆ.நாகூர்                                                                                                                     "
  },
  {
    "villagecode": "064",
    "villagename": "Anupperpalayam.          ",
    "villagetname": "அனுப்பர்பாளையம்                                                                                                              "
  },
  {
    "villagecode": "130",
    "villagename": "Avalappampatty.          ",
    "villagetname": "ஆவலப்பம்பட்டி                                                                                                                "
  },
  {
    "villagecode": "113",
    "villagename": "Ayyampalayam.            ",
    "villagetname": "அய்யம்பாளையம்                                                                                                                "
  },
  {
    "villagecode": "109",
    "villagename": "Bodipalayam.             ",
    "villagetname": "போடிபாளையம்                                                                                                                  "
  },
  {
    "villagecode": "127",
    "villagename": "Chandira Puram.          ",
    "villagetname": "சந்திராபுரம்                                                                                                                 "
  },
  {
    "villagecode": "072",
    "villagename": "Chinnampalayam           ",
    "villagetname": "சின்னாம்பாளையம்                                                                                                              "
  },
  {
    "villagecode": "128",
    "villagename": "Chinna Negamam           ",
    "villagetname": "சின்ன நெகமம்                                                                                                                 "
  },
  {
    "villagecode": "042",
    "villagename": "Devampadi.               ",
    "villagetname": "தேவம்பாடி                                                                                                                    "
  },
  {
    "villagecode": "055",
    "villagename": "Eripatty.                ",
    "villagetname": "ஏரிப்பட்டி                                                                                                                   "
  },
  {
    "villagecode": "058",
    "villagename": "Gomangalam.              ",
    "villagetname": "கோமங்கலம்                                                                                                                    "
  },
  {
    "villagecode": "059",
    "villagename": "Gomangalampudur.         ",
    "villagetname": "கோமங்கலம்புதூர்                                                                                                              "
  },
  {
    "villagecode": "135",
    "villagename": "Kallipatty",
    "villagetname": "கள்ளிப்பட்டி                                                                                                                 "
  },
  {
    "villagecode": "037",
    "villagename": "Kandegoundampalayam.     ",
    "villagetname": "சந்தேகவுண்டம்பாளையம்                                                                                                         "
  },
  {
    "villagecode": "104",
    "villagename": "Kanjampatti.             ",
    "villagetname": "கஞ்சம்பட்டி                                                                                                                  "
  },
  {
    "villagecode": "039",
    "villagename": "Kavilipalayam.           ",
    "villagetname": "காபிலிபாளையம்                                                                                                                "
  },
  {
    "villagecode": "066",
    "villagename": "Kittasoorampalayam.      ",
    "villagetname": "கிட்டசூரம்பாளையம்                                                                                                            "
  },
  {
    "villagecode": "105",
    "villagename": "Kolarpatti.              ",
    "villagetname": "கோலார்பட்டி                                                                                                                  "
  },
  {
    "villagecode": "134",
    "villagename": "Kollapatty",
    "villagetname": "கொல்லப்பட்டி                                                                                                                 "
  },
  {
    "villagecode": "131",
    "villagename": "Kondegoundenpalayam      ",
    "villagetname": "கொண்டேகவுண்டம்பாளையம்                                                                                                        "
  },
  {
    "villagecode": "106",
    "villagename": "Koolanaikenpatti.        ",
    "villagetname": "கூளநாயக்கன்பட்டி                                                                                                             "
  },
  {
    "villagecode": "110",
    "villagename": "Kulathur.                ",
    "villagetname": "குளத்தூர்                                                                                                                    "
  },
  {
    "villagecode": "049",
    "villagename": "Kullakapalayam.          ",
    "villagetname": "குள்ளக்காபாளையம்                                                                                                             "
  },
  {
    "villagecode": "038",
    "villagename": "Kullichettipalayam.      ",
    "villagetname": "குள்ளிசெட்டிபாளையம்                                                                                                          "
  },
  {
    "villagecode": "115",
    "villagename": "Kumarapalayam.           ",
    "villagetname": "குமாரபாளையம்                                                                                                                 "
  },
  {
    "villagecode": "048",
    "villagename": "Kurumbapalayam.          ",
    "villagetname": "குரும்பபாளையம்                                                                                                               "
  },
  {
    "villagecode": "071",
    "villagename": "Makkinampatty            ",
    "villagetname": "மாக்கினாம்பட்டி                                                                                                              "
  },
  {
    "villagecode": "139",
    "villagename": "Mannur.                  ",
    "villagetname": "மண்ணூர்                                                                                                                      "
  },
  {
    "villagecode": "132",
    "villagename": "Mulanur.                 ",
    "villagetname": "மூலனூர்                                                                                                                      "
  },
  {
    "villagecode": "062",
    "villagename": "Nallampalayam            ",
    "villagetname": "நல்லாம்பள்ளி                                                                                                                 "
  },
  {
    "villagecode": "114",
    "villagename": "Nalluthukuzhuli.         ",
    "villagetname": "நல்லூத்துக்குளி                                                                                                              "
  },
  {
    "villagecode": "075",
    "villagename": "Nattukalpalayam.         ",
    "villagetname": "நாட்டுக்கல்பாளையம்                                                                                                           "
  },
  {
    "villagecode": "047",
    "villagename": "Okkulipalayam.           ",
    "villagetname": "ஒக்கிலிபாளையம்                                                                                                               "
  },
  {
    "villagecode": "073",
    "villagename": "Oonjavelampatty          ",
    "villagetname": "ஊஞ்சவேலாம்பட்டி                                                                                                              "
  },
  {
    "villagecode": "129",
    "villagename": "Periya Negamam.          ",
    "villagetname": "பெரியநெகமம்                                                                                                                  "
  },
  {
    "villagecode": "068",
    "villagename": "Pollachi.                ",
    "villagetname": "பொள்ளாச்சி                                                                                                                   "
  },
  {
    "villagecode": "056",
    "villagename": "Polygoundampalayam.      ",
    "villagetname": "போலிகவுண்டம்பாளையம்                                                                                                          "
  },
  {
    "villagecode": "041",
    "villagename": "Poosanaickenthali.       ",
    "villagetname": "பூசநாயக்கன்தளி                                                                                                               "
  },
  {
    "villagecode": "057",
    "villagename": "Poosaripatty.            ",
    "villagetname": "பூசாரிப்பட்டி                                                                                                                "
  },
  {
    "villagecode": "136",
    "villagename": "Poravipalayam.           ",
    "villagetname": "புரவிபாளையம்                                                                                                                 "
  },
  {
    "villagecode": "065",
    "villagename": "Puliyampatty.            ",
    "villagetname": "புளியம்பட்டி                                                                                                                 "
  },
  {
    "villagecode": "138",
    "villagename": "Ramapattanam             ",
    "villagetname": "ராமபட்டினம்                                                                                                                  "
  },
  {
    "villagecode": "052",
    "villagename": "Rasakkapalayam.          ",
    "villagetname": "ராசக்காபாளையம்                                                                                                               "
  },
  {
    "villagecode": "112",
    "villagename": "Rasichettipalayam        ",
    "villagetname": "ராசிசெட்டிபாளையம்                                                                                                            "
  },
  {
    "villagecode": "126",
    "villagename": "R. Ponnapuram.           ",
    "villagetname": "ஆர்.பொன்னாபுரம்                                                                                                              "
  },
  {
    "villagecode": "045",
    "villagename": "Sangampalayam.           ",
    "villagetname": "சங்கம்பாளையம்                                                                                                                "
  },
  {
    "villagecode": "061",
    "villagename": "Seelakampatti.           ",
    "villagetname": "சீலக்கம்பட்டி                                                                                                                "
  },
  {
    "villagecode": "111",
    "villagename": "Servakarampalayam.       ",
    "villagetname": "சேர்வைகாரம்பாளையம்                                                                                                           "
  },
  {
    "villagecode": "137",
    "villagename": "Servukarampalayam.       ",
    "villagetname": "சேர்வகாரன்பாளையம்                                                                                                            "
  },
  {
    "villagecode": "040",
    "villagename": "Sikkarayapuram.          ",
    "villagetname": "சிக்கராயபுரம்                                                                                                                "
  },
  {
    "villagecode": "107",
    "villagename": "Sinjuvadi.               ",
    "villagetname": "சிஞ்சுவாடி                                                                                                                   "
  },
  {
    "villagecode": "060",
    "villagename": "S.Malayandipattinam.     ",
    "villagetname": "எஸ்.மலையாண்டிப்பட்டணம்                                                                                                       "
  },
  {
    "villagecode": "074",
    "villagename": "Solapalayam.             ",
    "villagetname": "சோளபாளையம்                                                                                                                   "
  },
  {
    "villagecode": "070",
    "villagename": "Sooleeswaranpatty        ",
    "villagetname": "சூளேஸ்வரன்பட்டி                                                                                                              "
  },
  {
    "villagecode": "044",
    "villagename": "Thalakkarai.             ",
    "villagetname": "தாளக்கரை                                                                                                                     "
  },
  {
    "villagecode": "116",
    "villagename": "Thimamkuthu.             ",
    "villagetname": "திம்மங்குத்து                                                                                                                "
  },
  {
    "villagecode": "063",
    "villagename": "Thippampatty.            ",
    "villagetname": "திப்பம்பட்டி                                                                                                                 "
  },
  {
    "villagecode": "051",
    "villagename": "Thoppampatty.            ",
    "villagetname": "தொப்பம்பட்டி                                                                                                                 "
  },
  {
    "villagecode": "067",
    "villagename": "T. Kottampatty.          ",
    "villagetname": "டி.கோட்டம்பட்டி                                                                                                              "
  },
  {
    "villagecode": "027",
    "villagename": "Vadakipalayam.           ",
    "villagetname": "வடக்கிபாளையம்                                                                                                                "
  },
  {
    "villagecode": "053",
    "villagename": "Vellalapalayam.          ",
    "villagetname": "வெள்ளாளபாளையம்                                                                                                               "
  },
  {
    "villagecode": "123",
    "villagename": "Zamin Kottamppatty.      ",
    "villagetname": "ஜமீன்கோட்டாம்பட்டி                                                                                                           "
  },
  {
    "villagecode": "108",
    "villagename": "Zamin Muthur.            ",
    "villagetname": "ஜமீன்முத்தூர்                                                                                                                "
  },
  {
    "villagecode": "122",
    "villagename": "Zamin Uthukuli.          ",
    "villagetname": "ஜமீன் ஊத்துக்குளி                                                                                                            "
  }
]
