[
  {
    "villagecode": "017",
    "villagename": "Agoor                    ",
    "villagetname": "அகூர்                                                                                                                        "
  },
  {
    "villagecode": "014",
    "villagename": "Alameumangapuram         ",
    "villagetname": "அலுமேலுமங்காபுரம்                                                                                                            "
  },
  {
    "villagecode": "069",
    "villagename": "Amirthapuram             ",
    "villagetname": "அமிர்தாபுரம்                                                                                                                 "
  },
  {
    "villagecode": "039",
    "villagename": "Arcot                    ",
    "villagetname": "ஆற்காடு                                                                                                                      "
  },
  {
    "villagecode": "035",
    "villagename": "Arumbakkam               ",
    "villagetname": "அரும்பாக்கம்                                                                                                                 "
  },
  {
    "villagecode": "033",
    "villagename": "Arungulam                ",
    "villagetname": "அருங்குளம்                                                                                                                   "
  },
  {
    "villagecode": "047",
    "villagename": "Athipattu                ",
    "villagetname": "அத்திப்பட்டு                                                                                                                 "
  },
  {
    "villagecode": "005",
    "villagename": "Beerakuppam              ",
    "villagetname": "பீரகுப்பம்                                                                                                                   "
  },
  {
    "villagecode": "008",
    "villagename": "Cherukkanur              ",
    "villagetname": "செருக்கனூர்                                                                                                                  "
  },
  {
    "villagecode": "018",
    "villagename": "Chinnakadambur           ",
    "villagetname": "சின்னகடம்புர்                                                                                                                "
  },
  {
    "villagecode": "064",
    "villagename": "Chinnamandali            ",
    "villagetname": "சின்னமண்டலி                                                                                                                  "
  },
  {
    "villagecode": "073",
    "villagename": "Chinnamapet              ",
    "villagetname": "சின்னமாபேட்டை                                                                                                                "
  },
  {
    "villagecode": "030",
    "villagename": "Chivvada                 ",
    "villagetname": "சிவ்வாடா                                                                                                                     "
  },
  {
    "villagecode": "077",
    "villagename": "Devasenapuram            ",
    "villagetname": "தேவசேனாபுரம்                                                                                                                 "
  },
  {
    "villagecode": "016",
    "villagename": "Dharanivaragapuram       ",
    "villagetname": "தரணிவராகபுரம்                                                                                                                "
  },
  {
    "villagecode": "027",
    "villagename": "Gollalakuppam            ",
    "villagetname": "கொல்லகுப்பம்                                                                                                                 "
  },
  {
    "villagecode": "042",
    "villagename": "Gulur                    ",
    "villagetname": "கூளுர்                                                                                                                       "
  },
  {
    "villagecode": "054",
    "villagename": "Harichandirapuram        ",
    "villagetname": "அரிச்சந்திராபுரம்                                                                                                            "
  },
  {
    "villagecode": "038",
    "villagename": "Illupur                  ",
    "villagetname": "இலுப்புர்                                                                                                                    "
  },
  {
    "villagecode": "051",
    "villagename": "Jageermangalam           ",
    "villagetname": "ஜாகீர்மங்கலம்                                                                                                                "
  },
  {
    "villagecode": "055",
    "villagename": "J.S.Ramapuram",
    "villagetname": "ஜப்திரேத்திரியம்ராமாபுரம்                                                                                                    "
  },
  {
    "villagecode": "060",
    "villagename": "Kabulakandigai           ",
    "villagetname": "காபுலகண்டிகை                                                                                                                 "
  },
  {
    "villagecode": "065",
    "villagename": "Kalambakkam              ",
    "villagetname": "களாம்பாக்கம்                                                                                                                 "
  },
  {
    "villagecode": "043",
    "villagename": "Kanchipadi               ",
    "villagetname": "காஞ்சிபாடி                                                                                                                   "
  },
  {
    "villagecode": "020",
    "villagename": "Karthikeyapuram          ",
    "villagetname": "கார்த்திகேயபுரம்                                                                                                             "
  },
  {
    "villagecode": "046",
    "villagename": "Kaverirajapuram          ",
    "villagetname": "காவேரிரஜபுரம்                                                                                                                "
  },
  {
    "villagecode": "075",
    "villagename": "Kildevadanam             ",
    "villagetname": "கீழ்தேவதானம்                                                                                                                 "
  },
  {
    "villagecode": "009",
    "villagename": "Koramangalam             ",
    "villagetname": "கோரமங்கலம்                                                                                                                   "
  },
  {
    "villagecode": "012",
    "villagename": "Krishnasamudram          ",
    "villagetname": "கிருஷ்ணசமுத்திரம்                                                                                                            "
  },
  {
    "villagecode": "067",
    "villagename": "Krishnasamudram B        ",
    "villagetname": "கிருஷ்ணசமுத்திரம் ஆ                                                                                                          "
  },
  {
    "villagecode": "036",
    "villagename": "Kuppam                   ",
    "villagetname": "குப்பம்                                                                                                                      "
  },
  {
    "villagecode": "062",
    "villagename": "Lakshmivilasapuram       ",
    "villagetname": "லட்சுமிவிலாசபுரம்                                                                                                            "
  },
  {
    "villagecode": "070",
    "villagename": "Madam                    ",
    "villagetname": "மடம்                                                                                                                         "
  },
  {
    "villagecode": "013",
    "villagename": "Maddur                   ",
    "villagetname": "மத்தூர்                                                                                                                      "
  },
  {
    "villagecode": "068",
    "villagename": "Maddur  B                ",
    "villagetname": "மத்தூர் ஆ                                                                                                                    "
  },
  {
    "villagecode": "034",
    "villagename": "Mamandur                 ",
    "villagetname": "மாமண்டூர்                                                                                                                    "
  },
  {
    "villagecode": "066",
    "villagename": "Mambakkam                ",
    "villagetname": "மாம்பாக்கம்                                                                                                                  "
  },
  {
    "villagecode": "061",
    "villagename": "Manavur                  ",
    "villagetname": "மணவுர்                                                                                                                       "
  },
  {
    "villagecode": "058",
    "villagename": "Marudhavallipuram        ",
    "villagetname": "மருதவல்லிபுரம்                                                                                                               "
  },
  {
    "villagecode": "015",
    "villagename": "Murukkambattu            ",
    "villagetname": "முருகம்பட்டு                                                                                                                 "
  },
  {
    "villagecode": "044",
    "villagename": "Muthukondapuram",
    "villagetname": "முத்துகொண்டபுரம்                                                                                                             "
  },
  {
    "villagecode": "037",
    "villagename": "Nabalu                   ",
    "villagetname": "நாபளுர்                                                                                                                      "
  },
  {
    "villagecode": "078",
    "villagename": "Nallanigunta             ",
    "villagetname": "நல்லாணிகுண்டா                                                                                                                "
  },
  {
    "villagecode": "029",
    "villagename": "Nallattur                ",
    "villagetname": "நல்லாட்டூர்                                                                                                                  "
  },
  {
    "villagecode": "040",
    "villagename": "Nedumbaram               ",
    "villagetname": "நெடும்பரம்                                                                                                                   "
  },
  {
    "villagecode": "031",
    "villagename": "Nemili                   ",
    "villagetname": "நெமிலி                                                                                                                       "
  },
  {
    "villagecode": "057",
    "villagename": "Orathur",
    "villagetname": "ஒரத்தூர்                                                                                                                     "
  },
  {
    "villagecode": "063",
    "villagename": "Pagasalai                ",
    "villagetname": "பாகசாலை                                                                                                                      "
  },
  {
    "villagecode": "052",
    "villagename": "Palayanoor               ",
    "villagetname": "பழையனூர்                                                                                                                     "
  },
  {
    "villagecode": "041",
    "villagename": "Panapakkam               ",
    "villagetname": "பனப்பாக்கம்                                                                                                                  "
  },
  {
    "villagecode": "022",
    "villagename": "Pattabiramapuram         ",
    "villagetname": "பட்டாபிராம்புரம்                                                                                                             "
  },
  {
    "villagecode": "056",
    "villagename": "Periakalakattur          ",
    "villagetname": "பெரியகளகாட்டுர்                                                                                                              "
  },
  {
    "villagecode": "074",
    "villagename": "Periakalakattur A        ",
    "villagetname": "பெரியகளகாட்டுர் ஆ                                                                                                            "
  },
  {
    "villagecode": "019",
    "villagename": "Periyakadambur           ",
    "villagetname": "பெரியகடம்புர்                                                                                                                "
  },
  {
    "villagecode": "026",
    "villagename": "Ponpadi                  ",
    "villagetname": "பொன்பாடி                                                                                                                     "
  },
  {
    "villagecode": "028",
    "villagename": "Poonimangadu             ",
    "villagetname": "புனிமாங்காடு                                                                                                                 "
  },
  {
    "villagecode": "071",
    "villagename": "Poonimangadu B           ",
    "villagetname": "புனிமாங்காடு ஆ                                                                                                               "
  },
  {
    "villagecode": "059",
    "villagename": "Rajapadmapuram           ",
    "villagetname": "ராஜபத்மாபுரம்                                                                                                                "
  },
  {
    "villagecode": "045",
    "villagename": "Ramapuram",
    "villagetname": "ராமாபுரம்                                                                                                                    "
  },
  {
    "villagecode": "032",
    "villagename": "Santhanagopalapuram      ",
    "villagetname": "சந்தானகோபாலபுரம்                                                                                                             "
  },
  {
    "villagecode": "024",
    "villagename": "Satran Jayapuram         ",
    "villagetname": "சத்ருஞ்ஜெயபுரம்                                                                                                              "
  },
  {
    "villagecode": "007",
    "villagename": "Senakalathur Agraharam   ",
    "villagetname": "செங்களத்தூர் அக்ரஹாரம்                                                                                                       "
  },
  {
    "villagecode": "003",
    "villagename": "Sirugumi                 ",
    "villagetname": "சிறுகுமி                                                                                                                     "
  },
  {
    "villagecode": "011",
    "villagename": "Suriyanagaram            ",
    "villagetname": "சூரியநகரம்                                                                                                                   "
  },
  {
    "villagecode": "001",
    "villagename": "T.G.Kandigai             ",
    "villagetname": "தும்மல்செருகுகண்டிகை                                                                                                         "
  },
  {
    "villagecode": "004",
    "villagename": "Thadur                   ",
    "villagetname": "தாடூர்                                                                                                                       "
  },
  {
    "villagecode": "025",
    "villagename": "Thalavedu                ",
    "villagetname": "தாழவேடு                                                                                                                      "
  },
  {
    "villagecode": "050",
    "villagename": "Thiruvalangadu           ",
    "villagetname": "திருவாலங்காடு                                                                                                                "
  },
  {
    "villagecode": "021",
    "villagename": "Tiruttani                ",
    "villagetname": "திருத்தணி                                                                                                                    "
  },
  {
    "villagecode": "076",
    "villagename": "Vallimapuram             ",
    "villagetname": "வள்ளிமாபுரம்                                                                                                                 "
  },
  {
    "villagecode": "010",
    "villagename": "Veeraganallur            ",
    "villagetname": "வீரகநல்லூர்                                                                                                                  "
  },
  {
    "villagecode": "002",
    "villagename": "Veera Kaverirajapura M   ",
    "villagetname": "வீரகாவேரிராஜபுரம்                                                                                                            "
  },
  {
    "villagecode": "049",
    "villagename": "Veeraragavapuram         ",
    "villagetname": "வீரராகபுரம்                                                                                                                  "
  },
  {
    "villagecode": "072",
    "villagename": "Veeraragavapuram B       ",
    "villagetname": "வீரராகவபுரம் ஆ                                                                                                               "
  },
  {
    "villagecode": "023",
    "villagename": "Velanjeri                ",
    "villagetname": "வேலஞ்சேரி                                                                                                                    "
  },
  {
    "villagecode": "006",
    "villagename": "Velure Krishnamanaidu Kan",
    "villagetname": "வேலூர்கிருஷ்ணமநாயுடு கண்டிகை                                                                                                 "
  },
  {
    "villagecode": "048",
    "villagename": "Venugopalapuram          ",
    "villagetname": "வேணுகோபாலபுரம்                                                                                                               "
  },
  {
    "villagecode": "053",
    "villagename": "Vyasapuram               ",
    "villagetname": "வியாசபுரம்                                                                                                                   "
  }
]
