[
  {
    "villagecode": "008",
    "villagename": "Adakkam Puducombai",
    "villagetname": "அடக்கம் புதுக்கோம்பை"
  },
  {
    "villagecode": "007",
    "villagename": "Alathur Nadu",
    "villagetname": "ஆலத்தூர்நாடு"
  },
  {
    "villagecode": "012",
    "villagename": "Ariyur Nadu",
    "villagetname": "ஆரியூர்நாடு"
  },
  {
    "villagecode": "002",
    "villagename": "Bail Nadu",
    "villagetname": "பைல்நாடு"
  },
  {
    "villagecode": "003",
    "villagename": "Chittur Nadu",
    "villagetname": "சித்தூர்நாடு"
  },
  {
    "villagecode": "016",
    "villagename": "Devanur Nadu",
    "villagetname": "தேவானூர்நாடு"
  },
  {
    "villagecode": "004",
    "villagename": "Edappuli Nadu",
    "villagetname": "எடப்புளிநாடு"
  },
  {
    "villagecode": "009",
    "villagename": "Gunduni Nadu",
    "villagetname": "குண்டுனிநாடு"
  },
  {
    "villagecode": "010",
    "villagename": "Gundur Nadu",
    "villagetname": "குண்டூர்நாடு"
  },
  {
    "villagecode": "001",
    "villagename": "Perakkarai Nadu",
    "villagetname": "பெரக்கரைநாடு"
  },
  {
    "villagecode": "006",
    "villagename": "Perlapadi Nadu",
    "villagetname": "பெலாப்பாடிநாடு"
  },
  {
    "villagecode": "015",
    "villagename": "Sellur Nadu",
    "villagetname": "சேளூர் நாடு"
  },
  {
    "villagecode": "014",
    "villagename": "Thinnaur Nadu",
    "villagetname": "திண்ணணூர்நாடு"
  },
  {
    "villagecode": "005",
    "villagename": "Thiruppuli Nadu",
    "villagetname": "திருப்புளிநாடு"
  },
  {
    "villagecode": "011",
    "villagename": "Valappur Nadu",
    "villagetname": "வளப்பூர்நாடு"
  },
  {
    "villagecode": "013",
    "villagename": "Valavanthi Nadu",
    "villagetname": "வாழவந்திநாடு"
  }
]
