[
  {
    "villagecode": "025",
    "villagename": "Bangalapatty             ",
    "villagetname": "பங்களாப்பட்டி                                                                                                                "
  },
  {
    "villagecode": "016",
    "villagename": "Bodiagoundenpatty        ",
    "villagetname": "போடியகவுண்டன்பட்டி                                                                                                           "
  },
  {
    "villagecode": "028",
    "villagename": "Chinnamanaickenkottai    ",
    "villagetname": "சின்னமநாயக்கன்கோட்டை                                                                                                         "
  },
  {
    "villagecode": "021",
    "villagename": "Ethilodu                 ",
    "villagetname": "எத்திலோடு                                                                                                                    "
  },
  {
    "villagecode": "039",
    "villagename": "Gullalagundu             ",
    "villagetname": "குள்ளலக்குண்டு                                                                                                               "
  },
  {
    "villagecode": "017",
    "villagename": "Gullichettipatty         ",
    "villagetname": "குல்லிசெட்டிபட்டி                                                                                                            "
  },
  {
    "villagecode": "036",
    "villagename": "Jambuthuraikottai        ",
    "villagetname": "ஜம்புதுரைக்கோட்டை                                                                                                            "
  },
  {
    "villagecode": "041",
    "villagename": "Kalladipatty             ",
    "villagetname": "கல்லடிபட்டி                                                                                                                  "
  },
  {
    "villagecode": "001",
    "villagename": "Kanavoipatty             ",
    "villagetname": "கணவாய்பட்டி                                                                                                                  "
  },
  {
    "villagecode": "029",
    "villagename": "Kodangidnaickenpatty     ",
    "villagetname": "கோடாங்கிநாயக்கன்பட்டி                                                                                                        "
  },
  {
    "villagecode": "004",
    "villagename": "Kombaipatty              ",
    "villagetname": "கோம்பைப்பட்டி                                                                                                                "
  },
  {
    "villagecode": "022",
    "villagename": "Koovanoothu              ",
    "villagetname": "கூவனூத்து                                                                                                                    "
  },
  {
    "villagecode": "034",
    "villagename": "Kottur                   ",
    "villagetname": "கோட்டூர்                                                                                                                     "
  },
  {
    "villagecode": "014",
    "villagename": "Kunnuvarankottai         ",
    "villagetname": "குன்னுவாரன்கோட்டை                                                                                                            "
  },
  {
    "villagecode": "038",
    "villagename": "Malayagoundenpatty       ",
    "villagetname": "மாலையகவுண்டன்பட்டி                                                                                                           "
  },
  {
    "villagecode": "003",
    "villagename": "Mallanampatty            ",
    "villagetname": "மல்லனம்பட்டி                                                                                                                 "
  },
  {
    "villagecode": "042",
    "villagename": "Mattaparai               ",
    "villagetname": "மட்டப்பாறை                                                                                                                   "
  },
  {
    "villagecode": "023",
    "villagename": "Musuvanoothu             ",
    "villagetname": "முசுவனூத்து                                                                                                                  "
  },
  {
    "villagecode": "012",
    "villagename": "Nadakottai               ",
    "villagetname": "நடகோட்டை                                                                                                                     "
  },
  {
    "villagecode": "031",
    "villagename": "Nakkaluthu               ",
    "villagetname": "நக்கலூத்து                                                                                                                   "
  },
  {
    "villagecode": "033",
    "villagename": "Nariyuthu                ",
    "villagetname": "நரியூத்து                                                                                                                    "
  },
  {
    "villagecode": "030",
    "villagename": "Nilakottai               ",
    "villagetname": "நிலக்கோட்டை                                                                                                                  "
  },
  {
    "villagecode": "026",
    "villagename": "Noothulapuram            ",
    "villagetname": "நூத்துலாபுரம்                                                                                                                "
  },
  {
    "villagecode": "037",
    "villagename": "Oruthattu                ",
    "villagetname": "ஒருத்தட்டு                                                                                                                   "
  },
  {
    "villagecode": "040",
    "villagename": "Pallapatty               ",
    "villagetname": "பள்ளபட்டி                                                                                                                    "
  },
  {
    "villagecode": "007",
    "villagename": "Pannaipatty              ",
    "villagetname": "பண்ணைப்பட்டி                                                                                                                 "
  },
  {
    "villagecode": "035",
    "villagename": "Patchamalayankottai      ",
    "villagetname": "பச்சமலையான்கோட்டை                                                                                                            "
  },
  {
    "villagecode": "020",
    "villagename": "Pillayarnatham           ",
    "villagetname": "பிள்ளையார்நத்தம்                                                                                                             "
  },
  {
    "villagecode": "043",
    "villagename": "Ramarajapuram            ",
    "villagetname": "ராமராஜபுரம்                                                                                                                  "
  },
  {
    "villagecode": "008",
    "villagename": "Rengappanaickenpatty     ",
    "villagetname": "ரெங்கப்பநாயக்கன்பட்டி                                                                                                        "
  },
  {
    "villagecode": "009",
    "villagename": "Sandaiyur                ",
    "villagetname": "சந்தையூர்                                                                                                                    "
  },
  {
    "villagecode": "013",
    "villagename": "Sekkapatty               ",
    "villagetname": "செக்காபட்டி                                                                                                                  "
  },
  {
    "villagecode": "027",
    "villagename": "Sengattampatty           ",
    "villagetname": "செங்கட்டாம்பட்டி                                                                                                             "
  },
  {
    "villagecode": "002",
    "villagename": "Sevugampatty             ",
    "villagetname": "சேவுகம்பட்டி                                                                                                                 "
  },
  {
    "villagecode": "032",
    "villagename": "Silukkuvarpatty          ",
    "villagetname": "சிலுக்குவாரபட்டி                                                                                                             "
  },
  {
    "villagecode": "018",
    "villagename": "Sithargalnatham          ",
    "villagetname": "சித்தர்கள்நத்தம்                                                                                                             "
  },
  {
    "villagecode": "015",
    "villagename": "Sivanganapuram           ",
    "villagetname": "சிவஞானபுரம்                                                                                                                  "
  },
  {
    "villagecode": "005",
    "villagename": "Vathalagundu             ",
    "villagetname": "வத்தலக்குண்டு                                                                                                                "
  },
  {
    "villagecode": "024",
    "villagename": "Veelinaickenpatty        ",
    "villagetname": "வீலிநாயக்கன்பட்டி                                                                                                            "
  },
  {
    "villagecode": "011",
    "villagename": "Veeralimayanpatty        ",
    "villagetname": "விராலிமாயன்பட்டி                                                                                                             "
  },
  {
    "villagecode": "019",
    "villagename": "Vilampatty               ",
    "villagetname": "விளாம்பட்டி                                                                                                                  "
  },
  {
    "villagecode": "006",
    "villagename": "Viralipatty              ",
    "villagetname": "விராலிபட்டி                                                                                                                  "
  },
  {
    "villagecode": "010",
    "villagename": "Viruveedu                ",
    "villagetname": "விருவீடு                                                                                                                     "
  }
]
