[
  {
    "villagecode": "014",
    "villagename": "Anangur                  ",
    "villagetname": "ஆனங்கூர்                                                                                                                     "
  },
  {
    "villagecode": "001",
    "villagename": " Ayyampalayam Agraharam  ",
    "villagetname": "அய்யம்பாளையம் அக்ரஹாரம்                                                                                                      "
  },
  {
    "villagecode": "008",
    "villagename": "Elanthakuttai            ",
    "villagetname": "எலந்தகுட்டை                                                                                                                  "
  },
  {
    "villagecode": "015",
    "villagename": "Kadachanallur            ",
    "villagetname": "காடச்சநல்லூர்                                                                                                                "
  },
  {
    "villagecode": "005",
    "villagename": "Kaliyanur                ",
    "villagetname": "கலியனூர்                                                                                                                     "
  },
  {
    "villagecode": "006",
    "villagename": "Kaliyanur Agraharam      ",
    "villagetname": "கலியனூர் அக்ரஹாரம்                                                                                                           "
  },
  {
    "villagecode": "020",
    "villagename": "Kokkarayanpettai         ",
    "villagetname": "கொக்கராயன்பேட்டை                                                                                                             "
  },
  {
    "villagecode": "002",
    "villagename": "Komarapalayam Agraharam  ",
    "villagetname": "குமாரபாளையம் அக்ரஹாரம்                                                                                                       "
  },
  {
    "villagecode": "003",
    "villagename": "Kumarapalayam Amani      ",
    "villagetname": "குமாரபாளையம் அமானி                                                                                                           "
  },
  {
    "villagecode": "012",
    "villagename": "Modamangalam             ",
    "villagetname": "மோடமங்கலம்                                                                                                                   "
  },
  {
    "villagecode": "013",
    "villagename": "Modamangalam Agraharam   ",
    "villagetname": "மோடமங்கலம் அக்ரஹாரம்                                                                                                         "
  },
  {
    "villagecode": "018",
    "villagename": "Oodapalli Agraharam      ",
    "villagetname": "ஓடப்பள்ளி  அக்ரஹாரம்                                                                                                         "
  },
  {
    "villagecode": "011",
    "villagename": "Padaveedu                ",
    "villagetname": "படவீடு                                                                                                                       "
  },
  {
    "villagecode": "009",
    "villagename": "Pallakkapalayam          ",
    "villagetname": "பல்லக்காபாளையம்                                                                                                              "
  },
  {
    "villagecode": "016",
    "villagename": "Pallipalayam             ",
    "villagetname": "பள்ளிபாளையம்                                                                                                                 "
  },
  {
    "villagecode": "007",
    "villagename": "Pallipalayam Agraharam   ",
    "villagetname": "பள்ளிபாளையம்  அக்ரஹாரம்                                                                                                      "
  },
  {
    "villagecode": "019",
    "villagename": "Pappampalyam             ",
    "villagetname": "பாப்பம்பாளையம்                                                                                                               "
  },
  {
    "villagecode": "017",
    "villagename": "Pudupalayam Agraharam    ",
    "villagetname": "புதுப்பாளையம்  அக்ரஹாரம்                                                                                                     "
  },
  {
    "villagecode": "004",
    "villagename": "Samayasangili Agraharam  ",
    "villagetname": "சமயசங்கிலி  அக்ரஹாரம்                                                                                                        "
  },
  {
    "villagecode": "010",
    "villagename": "Sowdapuram",
    "villagetname": "சௌதாபுரம்                                                                                                                    "
  }
]
