[
  {
    "villagecode": "072",
    "villagename": "Anthakudi                ",
    "villagetname": "ஆந்தகுடி"
  },
  {
    "villagecode": "006",
    "villagename": "Aravayal                 ",
    "villagetname": "ஆராவயல்"
  },
  {
    "villagecode": "030",
    "villagename": "Chittanur                ",
    "villagetname": "சித்தானூர்"
  },
  {
    "villagecode": "010",
    "villagename": "Eluvankottai             ",
    "villagetname": "எழுவன் கோட்டை"
  },
  {
    "villagecode": "049",
    "villagename": "Hanumandagudi            ",
    "villagetname": "அனுமந்தக்குடி"
  },
  {
    "villagecode": "064",
    "villagename": "Idaiyakudi               ",
    "villagetname": "இடையகுடி"
  },
  {
    "villagecode": "014",
    "villagename": "Igaraaikottaivayal       ",
    "villagetname": "ஈகரைக்கோட்டைவயல்"
  },
  {
    "villagecode": "029",
    "villagename": "Ilakkanivayal            ",
    "villagetname": "இலக்கினிவயல்"
  },
  {
    "villagecode": "027",
    "villagename": "Iravuseri                ",
    "villagetname": "இரவுசேரி"
  },
  {
    "villagecode": "087",
    "villagename": "Irumbuvayal              ",
    "villagetname": "இரும்புவயல்"
  },
  {
    "villagecode": "002",
    "villagename": "Iruvanivayal             ",
    "villagetname": "இருவணிவயல்"
  },
  {
    "villagecode": "052",
    "villagename": "Kadagampatti             ",
    "villagetname": "கடகம்பட்டி"
  },
  {
    "villagecode": "033",
    "villagename": "Kalattur                 ",
    "villagetname": "களத்தூர்"
  },
  {
    "villagecode": "046",
    "villagename": "Kalavangudi              ",
    "villagetname": "கலவங்குடி"
  },
  {
    "villagecode": "018",
    "villagename": "Kallangudi               ",
    "villagetname": "கல்லன்குடி"
  },
  {
    "villagecode": "004",
    "villagename": "Kandadevi                ",
    "villagetname": "கண்டதேவி"
  },
  {
    "villagecode": "040",
    "villagename": "Kandiyur                 ",
    "villagetname": "கண்டியூர்"
  },
  {
    "villagecode": "011",
    "villagename": "Kannankottai             ",
    "villagetname": "கண்ணன் கோட்டை"
  },
  {
    "villagecode": "039",
    "villagename": "Kannankudi               ",
    "villagetname": "கண்ணங்குடி"
  },
  {
    "villagecode": "038",
    "villagename": "Kappalur                 ",
    "villagetname": "கப்பலூர்"
  },
  {
    "villagecode": "020",
    "villagename": "Karai                    ",
    "villagetname": "காரை"
  },
  {
    "villagecode": "062",
    "villagename": "Karkalattur              ",
    "villagetname": "கரகளத்தூர்"
  },
  {
    "villagecode": "034",
    "villagename": "Kilamalai                ",
    "villagetname": "கிளாமலை"
  },
  {
    "villagecode": "041",
    "villagename": "Kodakudi                 ",
    "villagetname": "கோடகுடி"
  },
  {
    "villagecode": "051",
    "villagename": "Kodikkottai              ",
    "villagetname": "கோடிக்கோட்டை"
  },
  {
    "villagecode": "085",
    "villagename": "Kodikulam                ",
    "villagetname": "கொடிக்குளம்"
  },
  {
    "villagecode": "021",
    "villagename": "Kottur                   ",
    "villagetname": "கோட்டூர்"
  },
  {
    "villagecode": "067",
    "villagename": "Kumani                   ",
    "villagetname": "குமானி"
  },
  {
    "villagecode": "076",
    "villagename": "Kumani  Chatthiram       ",
    "villagetname": "குமானி சத்திரம்"
  },
  {
    "villagecode": "063",
    "villagename": "Kurunthanakkottai        ",
    "villagetname": "குருந்தனக்கோட்டை"
  },
  {
    "villagecode": "043",
    "villagename": "Madakkottai              ",
    "villagetname": "மாடக்கோட்டை"
  },
  {
    "villagecode": "054",
    "villagename": "Manjani",
    "villagetname": "மஞ்சனி"
  },
  {
    "villagecode": "083",
    "villagename": "Marani Sarugani          ",
    "villagetname": "மாரனி-சருகனி"
  },
  {
    "villagecode": "053",
    "villagename": "Maviduthikkottai         ",
    "villagetname": "மாவிடுதிக்கோட்டை"
  },
  {
    "villagecode": "007",
    "villagename": "Melasemponmari           ",
    "villagetname": "மேலசெம்பொன்மாரி"
  },
  {
    "villagecode": "090",
    "villagename": "Minittankudi             ",
    "villagetname": "மினிட்டாங்குடி"
  },
  {
    "villagecode": "061",
    "villagename": "Muppaiyur                ",
    "villagetname": "முப்பையூர்"
  },
  {
    "villagecode": "015",
    "villagename": "Nachchangulam            ",
    "villagetname": "நாச்சாங்குளம்"
  },
  {
    "villagecode": "042",
    "villagename": "Nagamangalam             ",
    "villagetname": "நாகமங்களம்"
  },
  {
    "villagecode": "084",
    "villagename": "Nagamathi                ",
    "villagetname": "நாகமதி"
  },
  {
    "villagecode": "026",
    "villagename": "Nallangudi               ",
    "villagetname": "நல்லாங்குடி"
  },
  {
    "villagecode": "036",
    "villagename": "Naranamangalam           ",
    "villagetname": "நாரணமங்களம்"
  },
  {
    "villagecode": "081",
    "villagename": "Nedodai                  ",
    "villagetname": "நெடோடை"
  },
  {
    "villagecode": "016",
    "villagename": "Nedungulam               ",
    "villagetname": "நெடுங்குளம்"
  },
  {
    "villagecode": "089",
    "villagename": "N.Manakudi               ",
    "villagetname": "என்.மணக்குடி"
  },
  {
    "villagecode": "074",
    "villagename": "Orasur                   ",
    "villagetname": "ஒரசூர்"
  },
  {
    "villagecode": "091",
    "villagename": "Orumanienthal            ",
    "villagetname": "ஓருமணியேந்தல"
  },
  {
    "villagecode": "059",
    "villagename": "Pagaiyani Pirandani      ",
    "villagetname": "பகையனி பிராந்தனி"
  },
  {
    "villagecode": "057",
    "villagename": "Panangulam               ",
    "villagetname": "பனங்குளம்"
  },
  {
    "villagecode": "073",
    "villagename": "Parayanenfdal            ",
    "villagetname": "பறையனேந்தல்"
  },
  {
    "villagecode": "005",
    "villagename": "Perattukottai            ",
    "villagetname": "பேராட்டுக்கோட்டை"
  },
  {
    "villagecode": "086",
    "villagename": "Ponnalikottai            ",
    "villagetname": "பொன்னலிக்கோட்டை"
  },
  {
    "villagecode": "048",
    "villagename": "Porkudi                  ",
    "villagetname": "போர்குடி"
  },
  {
    "villagecode": "013",
    "villagename": "Pudukkottai              ",
    "villagetname": "புதுக்கோட்டை"
  },
  {
    "villagecode": "037",
    "villagename": "Pulangudi                ",
    "villagetname": "பூலாங்குடி"
  },
  {
    "villagecode": "032",
    "villagename": "Pusalagudi               ",
    "villagetname": "பூசலாக்குடி"
  },
  {
    "villagecode": "044",
    "villagename": "Putturani                ",
    "villagetname": "புத்தூரணி"
  },
  {
    "villagecode": "047",
    "villagename": "Sadaiyamangalam          ",
    "villagetname": "சடையமங்களம்"
  },
  {
    "villagecode": "058",
    "villagename": "Sakkandi                 ",
    "villagetname": "சக்கந்தி"
  },
  {
    "villagecode": "082",
    "villagename": "Saranendal               ",
    "villagetname": "சார்வனேந்தல்"
  },
  {
    "villagecode": "025",
    "villagename": "Sattikkottai             ",
    "villagetname": "சாத்திக்கோட்டை"
  },
  {
    "villagecode": "068",
    "villagename": "Selugai                  ",
    "villagetname": "செலுகை"
  },
  {
    "villagecode": "075",
    "villagename": "Seluvathi                ",
    "villagetname": "செலுவத்தி"
  },
  {
    "villagecode": "035",
    "villagename": "Siruganur                ",
    "villagetname": "சிறுகானூர்"
  },
  {
    "villagecode": "008",
    "villagename": "Sirumarudur              ",
    "villagetname": "சிறுமருதூர்"
  },
  {
    "villagecode": "069",
    "villagename": "Sirunallur               ",
    "villagetname": "சிறுநல்லூர்"
  },
  {
    "villagecode": "077",
    "villagename": "Siruvathi                ",
    "villagetname": "சிறுவத்தி"
  },
  {
    "villagecode": "023",
    "villagename": "Tachchanvayal            ",
    "villagetname": "தச்சன் வயல்"
  },
  {
    "villagecode": "031",
    "villagename": "Teralappur               ",
    "villagetname": "தேரளப்பூர்"
  },
  {
    "villagecode": "028",
    "villagename": "Thalaiyur                ",
    "villagetname": "தாழையூர்"
  },
  {
    "villagecode": "024",
    "villagename": "Thalakkavayal            ",
    "villagetname": "தலக்காவயல்"
  },
  {
    "villagecode": "055",
    "villagename": "Thalanendal",
    "villagetname": "தாளானேந்தல்"
  },
  {
    "villagecode": "045",
    "villagename": "Thangankudi              ",
    "villagetname": "தங்கங்குடி"
  },
  {
    "villagecode": "009",
    "villagename": "Thennirvayal             ",
    "villagetname": "தென்னீர்வயல்"
  },
  {
    "villagecode": "080",
    "villagename": "Thirani                  ",
    "villagetname": "திராணி"
  },
  {
    "villagecode": "022",
    "villagename": "Thirumanavayal           ",
    "villagetname": "திருமணவயல்"
  },
  {
    "villagecode": "050",
    "villagename": "Thiruppakkottai          ",
    "villagetname": "திருப்பாக்கோட்டை"
  },
  {
    "villagecode": "071",
    "villagename": "Thiruvegampathu          ",
    "villagetname": "திருவேகம்பத்து"
  },
  {
    "villagecode": "060",
    "villagename": "Tidakkottai              ",
    "villagetname": "திடக்கோட்டை"
  },
  {
    "villagecode": "012",
    "villagename": "Udaiyachi                ",
    "villagetname": "உதையாச்சி"
  },
  {
    "villagecode": "001",
    "villagename": "Unjanai                  ",
    "villagetname": "உஞ்சனை"
  },
  {
    "villagecode": "088",
    "villagename": "Uruvatti                 ",
    "villagetname": "உருவாட்டி"
  },
  {
    "villagecode": "066",
    "villagename": "Vadinanniyur             ",
    "villagetname": "வாடிநன்னியூர்"
  },
  {
    "villagecode": "019",
    "villagename": "Vagaikudi                ",
    "villagetname": "வாகைக்குடி"
  },
  {
    "villagecode": "056",
    "villagename": "Vasandani                ",
    "villagetname": "வசந்தனி"
  },
  {
    "villagecode": "079",
    "villagename": "Vellikatti               ",
    "villagetname": "வெள்ளிகட்டி"
  },
  {
    "villagecode": "003",
    "villagename": "Vengalur                 ",
    "villagetname": "வெங்களூர்"
  },
  {
    "villagecode": "017",
    "villagename": "Vettiyalangulam          ",
    "villagetname": "வெத்தியாலங்குளம்"
  },
  {
    "villagecode": "078",
    "villagename": "Vijayapuram              ",
    "villagetname": "விஜயபுரம்"
  },
  {
    "villagecode": "065",
    "villagename": "Vilimar                  ",
    "villagetname": "வீழிமார்"
  },
  {
    "villagecode": "070",
    "villagename": "Virisur                  ",
    "villagetname": "விரிசூர்"
  }
]
