[
  {
    "villagecode": "012",
    "villagename": "Aruvikkarai              ",
    "villagetname": "அருவிக்கரை                                                                                                                   "
  },
  {
    "villagecode": "014",
    "villagename": "Attoor                   ",
    "villagetname": "ஆற்றூர்                                                                                                                      "
  },
  {
    "villagecode": "011",
    "villagename": "Ayacode                  ",
    "villagetname": "அயக்கோடு                                                                                                                     "
  },
  {
    "villagecode": "015",
    "villagename": "Cherukole                ",
    "villagetname": "செறுகோல்                                                                                                                     "
  },
  {
    "villagecode": "019",
    "villagename": "Kannanoor                ",
    "villagetname": "கண்ணனூர்                                                                                                                     "
  },
  {
    "villagecode": "005",
    "villagename": "Kulasekaram A            ",
    "villagetname": "குலகேசரம் எ                                                                                                                  "
  },
  {
    "villagecode": "006",
    "villagename": "Kulasekaram B            ",
    "villagetname": "குலசேகரம் பி                                                                                                                 "
  },
  {
    "villagecode": "017",
    "villagename": "Kumarankudi              ",
    "villagetname": "குமரன்குடி                                                                                                                   "
  },
  {
    "villagecode": "018",
    "villagename": "Mecode                   ",
    "villagetname": "மேக்கோடு                                                                                                                     "
  },
  {
    "villagecode": "001",
    "villagename": "Pechiparai               ",
    "villagetname": "பேச்சிப்பாறை                                                                                                                 "
  },
  {
    "villagecode": "008",
    "villagename": "Perunchani               ",
    "villagetname": "பெருஞ்சாணி                                                                                                                   "
  },
  {
    "villagecode": "010",
    "villagename": "Ponmanai A",
    "villagetname": "பொன்மனை  எ                                                                                                                   "
  },
  {
    "villagecode": "007",
    "villagename": "Ponmanai  B              ",
    "villagetname": "பொன்மனை பி                                                                                                                   "
  },
  {
    "villagecode": "009",
    "villagename": "Surulacode",
    "villagetname": "சுருளகோடு                                                                                                                    "
  },
  {
    "villagecode": "002",
    "villagename": "Thirparappu",
    "villagetname": "திற்பரப்பு                                                                                                                   "
  },
  {
    "villagecode": "013",
    "villagename": "Thiruvattar              ",
    "villagetname": "திருவட்டார்                                                                                                                  "
  },
  {
    "villagecode": "004",
    "villagename": "Thumbacode A",
    "villagetname": "தும்பகோடு எ                                                                                                                  "
  },
  {
    "villagecode": "003",
    "villagename": "Thumbacode B",
    "villagetname": "தும்பகோடு பி                                                                                                                 "
  },
  {
    "villagecode": "020",
    "villagename": "Veeyanoor B",
    "villagetname": "வீயன்னூர் பி                                                                                                                 "
  },
  {
    "villagecode": "021",
    "villagename": "Veyanoor A",
    "villagetname": "வீயன்னூர் எ                                                                                                                  "
  },
  {
    "villagecode": "016",
    "villagename": "Yettacode                ",
    "villagetname": "ஏற்றகோடு                                                                                                                     "
  }
]
