[
  {
    "villagecode": "410",
    "villagename": "Amankkanthondi           ",
    "villagetname": "ஆமணக்கந்தோண்டி                                                                                                               "
  },
  {
    "villagecode": "600",
    "villagename": "Ambapur                  ",
    "villagetname": "அம்பாபூர்                                                                                                                    "
  },
  {
    "villagecode": "740",
    "villagename": "Anaikudam                ",
    "villagetname": "அணைக்குடம்                                                                                                                   "
  },
  {
    "villagecode": "452",
    "villagename": "Angarayanallur (E)       ",
    "villagetname": "அங்கராயநல்லூர் (கி)                                                                                                          "
  },
  {
    "villagecode": "451",
    "villagename": "Angarayanallur (W)       ",
    "villagetname": "அங்கராயநல்லூர் (மே)                                                                                                          "
  },
  {
    "villagecode": "750",
    "villagename": "Cholamadevi              ",
    "villagetname": "சோழமாதேவி                                                                                                                    "
  },
  {
    "villagecode": "440",
    "villagename": "Devamangalam             ",
    "villagetname": "தேவமங்கலம்                                                                                                                   "
  },
  {
    "villagecode": "150",
    "villagename": "Dharmasamuthiram         ",
    "villagetname": "தர்மசமுத்திரம்                                                                                                               "
  },
  {
    "villagecode": "480",
    "villagename": "Edayar                   ",
    "villagetname": "இடையார்                                                                                                                      "
  },
  {
    "villagecode": "180",
    "villagename": "Eravangudi               ",
    "villagetname": "எரவாங்குடி                                                                                                                   "
  },
  {
    "villagecode": "640",
    "villagename": "Govindaputhur            ",
    "villagetname": "கோவிந்தபுத்தூர்                                                                                                              "
  },
  {
    "villagecode": "760",
    "villagename": "Idankanni                ",
    "villagetname": "இடங்கண்ணி                                                                                                                    "
  },
  {
    "villagecode": "340",
    "villagename": "Ilaiyaperumalnallur      ",
    "villagetname": "இளையபெருமாள் நல்லூர்                                                                                                         "
  },
  {
    "villagecode": "670",
    "villagename": "Irugaiyur                ",
    "villagetname": "இருகையூர்                                                                                                                    "
  },
  {
    "villagecode": "460",
    "villagename": "Jayakondacholapuram      ",
    "villagetname": "ஜெயங்கொண்டசோழபுரம்                                                                                                           "
  },
  {
    "villagecode": "620",
    "villagename": "Kadambur                 ",
    "villagetname": "கடம்பூர்                                                                                                                     "
  },
  {
    "villagecode": "680",
    "villagename": "Karaikurichi             ",
    "villagetname": "காரைக்குறிச்சி                                                                                                               "
  },
  {
    "villagecode": "371",
    "villagename": "Kattakaram (N)           ",
    "villagetname": "காட்டகரம் (வ)                                                                                                                "
  },
  {
    "villagecode": "372",
    "villagename": "Kattakaram (S)           ",
    "villagetname": "காட்டகரம் (தெ)                                                                                                               "
  },
  {
    "villagecode": "300",
    "villagename": "Keelakudiyiruppu         ",
    "villagetname": "கீழக்குடியிருப்பு                                                                                                            "
  },
  {
    "villagecode": "590",
    "villagename": "Keelanatham              ",
    "villagetname": "கீழநத்தம்                                                                                                                    "
  },
  {
    "villagecode": "770",
    "villagename": "Kodalikaruppur           ",
    "villagetname": "கோடாலிகருப்பூர்                                                                                                              "
  },
  {
    "villagecode": "721",
    "villagename": "Kodankudi (N)            ",
    "villagetname": "கோடங்குடி (வ)                                                                                                                "
  },
  {
    "villagecode": "722",
    "villagename": "Kodankudi (S)            ",
    "villagetname": "கோடங்குடி (தெ)                                                                                                               "
  },
  {
    "villagecode": "380",
    "villagename": "Kulothunganallur         ",
    "villagetname": "குலோத்துங்கநல்லூர்                                                                                                           "
  },
  {
    "villagecode": "352",
    "villagename": "Kundaveli (E)            ",
    "villagetname": "குண்டவெளி (கி)                                                                                                               "
  },
  {
    "villagecode": "351",
    "villagename": "Kundaveli (W)            ",
    "villagetname": "குண்டவெளி (மே)                                                                                                               "
  },
  {
    "villagecode": "400",
    "villagename": "Kuruvalapparkoil         ",
    "villagetname": "குருவாலப்பர்கோவில்                                                                                                           "
  },
  {
    "villagecode": "540",
    "villagename": "Manakethi                ",
    "villagetname": "மணகெதி                                                                                                                       "
  },
  {
    "villagecode": "360",
    "villagename": "Muthuservamadam          ",
    "villagetname": "முத்துசேர்வாமடம்                                                                                                             "
  },
  {
    "villagecode": "652",
    "villagename": "Naduvalur (E)            ",
    "villagetname": "நடுவலூர் (கி)                                                                                                                "
  },
  {
    "villagecode": "651",
    "villagename": "Naduvalur (W)            ",
    "villagetname": "நடுவலூர் (மே)                                                                                                                "
  },
  {
    "villagecode": "730",
    "villagename": "Nayaganaipriyal          ",
    "villagetname": "நாயகனைப்பிரியாள்                                                                                                             "
  },
  {
    "villagecode": "161",
    "villagename": "Pappakudi (N)            ",
    "villagetname": "பாப்பாகுடி (வ)                                                                                                               "
  },
  {
    "villagecode": "162",
    "villagename": "Pappakudi (S)            ",
    "villagetname": "பாப்பாகுடி (தெ)                                                                                                              "
  },
  {
    "villagecode": "572",
    "villagename": "Parukkal (E)             ",
    "villagetname": "பருக்கல் (கி)                                                                                                                "
  },
  {
    "villagecode": "571",
    "villagename": "Parukkal (W)             ",
    "villagetname": "பருக்கல் (மே)                                                                                                                "
  },
  {
    "villagecode": "430",
    "villagename": "Periyavalayam            ",
    "villagetname": "பெரியவளையம்                                                                                                                  "
  },
  {
    "villagecode": "500",
    "villagename": "Pilichakuzhi             ",
    "villagetname": "பிலிச்சிக்குழி                                                                                                               "
  },
  {
    "villagecode": "310",
    "villagename": "Pirancheri               ",
    "villagetname": "பிராஞ்சேரி                                                                                                                   "
  },
  {
    "villagecode": "320",
    "villagename": "Pitchanur                ",
    "villagetname": "பிச்சினூர்                                                                                                                   "
  },
  {
    "villagecode": "630",
    "villagename": "Sathampadi               ",
    "villagetname": "சாத்தம்பாடி                                                                                                                  "
  },
  {
    "villagecode": "661",
    "villagename": "Sripuranthan (N)         ",
    "villagetname": "ஸ்ரீபுரந்தான் (வ)                                                                                                            "
  },
  {
    "villagecode": "662",
    "villagename": "Sripuranthan (S)         ",
    "villagetname": "ஸ்ரீபுரந்தான் (தெ)                                                                                                           "
  },
  {
    "villagecode": "470",
    "villagename": "Suriyamanal              ",
    "villagetname": "சூரியமணல்                                                                                                                    "
  },
  {
    "villagecode": "580",
    "villagename": "Suthamalli               ",
    "villagetname": "சுத்தமல்லி                                                                                                                   "
  },
  {
    "villagecode": "521",
    "villagename": "T. Cholankurichi (N)     ",
    "villagetname": "தா சோழங்குறிச்சி (வ)                                                                                                         "
  },
  {
    "villagecode": "522",
    "villagename": "T. Cholankurichi (S)     ",
    "villagetname": "தா சோழங்குறிச்சி (தெ)                                                                                                        "
  },
  {
    "villagecode": "390",
    "villagename": "Thaluthalaimedu          ",
    "villagetname": "தழுதாழைமேடு                                                                                                                  "
  },
  {
    "villagecode": "290",
    "villagename": "Thandalai                ",
    "villagetname": "தண்டலை                                                                                                                       "
  },
  {
    "villagecode": "532",
    "villagename": "Thathanoor (E)           ",
    "villagetname": "தத்தனூர் (கி)                                                                                                                "
  },
  {
    "villagecode": "531",
    "villagename": "Thathanoor (W)           ",
    "villagetname": "தத்தனூர் (மே)                                                                                                                "
  },
  {
    "villagecode": "700",
    "villagename": "Thenkatchiperumalnatham  ",
    "villagetname": "தென்கச்சிபெருமாள்நத்தம்                                                                                                      "
  },
  {
    "villagecode": "710",
    "villagename": "T. Palur                 ",
    "villagetname": "தா பழூர்                                                                                                                     "
  },
  {
    "villagecode": "782",
    "villagename": "Udayanatham (E)          ",
    "villagetname": "உதயநத்தம் (கி)                                                                                                               "
  },
  {
    "villagecode": "781",
    "villagename": "Udayanatham (W)          ",
    "villagetname": "உதயநத்தம் (மே)                                                                                                               "
  },
  {
    "villagecode": "512",
    "villagename": "Udayarpalayam (E)        ",
    "villagetname": "உடையார்பாளையம் (கி)                                                                                                          "
  },
  {
    "villagecode": "511",
    "villagename": "Udayarpalayam (W)        ",
    "villagetname": "உடையார்பாளையம் (மே)                                                                                                          "
  },
  {
    "villagecode": "610",
    "villagename": "Udayavartheyanur         ",
    "villagetname": "உடையவர்தீயனூர்                                                                                                               "
  },
  {
    "villagecode": "550",
    "villagename": "Ulliyakudi               ",
    "villagetname": "உல்லியகுடி                                                                                                                   "
  },
  {
    "villagecode": "421",
    "villagename": "Utkottai (N)             ",
    "villagetname": "உட்கோட்டை (வ)                                                                                                                "
  },
  {
    "villagecode": "422",
    "villagename": "Utkottai (S)             ",
    "villagetname": "உட்கோட்டை (தெ)                                                                                                               "
  },
  {
    "villagecode": "690",
    "villagename": "Valaikurichi             ",
    "villagetname": "வாழைக்குறிச்சி                                                                                                               "
  },
  {
    "villagecode": "490",
    "villagename": "Vanathirayanpattinam     ",
    "villagetname": "வானதிராயன்பட்டணம்                                                                                                            "
  },
  {
    "villagecode": "170",
    "villagename": "Vangudi                  ",
    "villagetname": "வங்குடி                                                                                                                      "
  },
  {
    "villagecode": "790",
    "villagename": "Vembukudi                ",
    "villagetname": "வேம்புகுடி                                                                                                                   "
  },
  {
    "villagecode": "562",
    "villagename": "Venmankondan (E)         ",
    "villagetname": "வெண்மான்கொண்டான் (கி)                                                                                                        "
  },
  {
    "villagecode": "561",
    "villagename": "Venmankondan (W)         ",
    "villagetname": "வெண்மான்கொண்டான் (மே)                                                                                                        "
  },
  {
    "villagecode": "330",
    "villagename": "Vethiiyarvettu           ",
    "villagetname": "வெத்தியார்வெட்டு                                                                                                             "
  }
]
