[
  {
    "villagecode": "169",
    "villagename": "Achankuttaipatti Pudur   ",
    "villagetname": "010 ஆச்சாங்குட்டபட்டி புதுார்                                                                                                "
  },
  {
    "villagecode": "171",
    "villagename": "Achankuttanpatti         ",
    "villagetname": "012 ஆச்சாங்குட்டப்பட்டி                                                                                                      "
  },
  {
    "villagecode": "141",
    "villagename": "Adimalaipatti            ",
    "villagetname": "056 அடிமலைப்பட்டி                                                                                                            "
  },
  {
    "villagecode": "170",
    "villagename": "Aramanoor                ",
    "villagetname": "011 அரமனுார்                                                                                                                 "
  },
  {
    "villagecode": "047",
    "villagename": "Athikarapatti            ",
    "villagetname": "032 அதிகாரப்பட்டி                                                                                                            "
  },
  {
    "villagecode": "044",
    "villagename": "Chinnanoor               ",
    "villagetname": "022 சின்னானுார்                                                                                                              "
  },
  {
    "villagecode": "042",
    "villagename": "Dhasanaickenpatti        ",
    "villagetname": "018 தாசநாயக்கன்பட்டி                                                                                                         "
  },
  {
    "villagecode": "121",
    "villagename": "Eramanacikempalayam      ",
    "villagetname": "043 எருமநாயக்கன்பாளையம்                                                                                                      "
  },
  {
    "villagecode": "058",
    "villagename": "Erumapalam               ",
    "villagetname": "035 எருமாபாளையம்                                                                                                             "
  },
  {
    "villagecode": "132",
    "villagename": "Gajjalnaickenpatti       ",
    "villagetname": "038 கெஜ்ஜல்நாயக்கன்பட்டி                                                                                                     "
  },
  {
    "villagecode": "143",
    "villagename": "Jalluthupatti            ",
    "villagetname": "058 ஜல்லூத்துப்பட்டி                                                                                                         "
  },
  {
    "villagecode": "133",
    "villagename": "Jarugumpatti             ",
    "villagetname": "036 ஜருகுமலை                                                                                                                 "
  },
  {
    "villagecode": "144",
    "villagename": "Kammalapatti             ",
    "villagetname": "059 கம்மாளபட்டி                                                                                                              "
  },
  {
    "villagecode": "033",
    "villagename": "Kannankurichi            ",
    "villagetname": "002 கன்னங்குறிச்சி                                                                                                           "
  },
  {
    "villagecode": "035",
    "villagename": "Karpagam                 ",
    "villagetname": "004 கற்பகம்                                                                                                                  "
  },
  {
    "villagecode": "168",
    "villagename": "Kaththiripatti           ",
    "villagetname": "009 கத்திரிப்பட்டி                                                                                                           "
  },
  {
    "villagecode": "032",
    "villagename": "Kondappanaickenpatti     ",
    "villagetname": "001கொண்டப்பநாய்க்கன்பட்டி                                                                                                    "
  },
  {
    "villagecode": "137",
    "villagename": "Konmaduvu                ",
    "villagetname": "052 கோணமடுவு                                                                                                                 "
  },
  {
    "villagecode": "037",
    "villagename": "Korathupatti             ",
    "villagetname": "024 கோராத்துப்பட்டி                                                                                                          "
  },
  {
    "villagecode": "172",
    "villagename": "Kuppanur                 ",
    "villagetname": "013 குப்பனுார்                                                                                                               "
  },
  {
    "villagecode": "136",
    "villagename": "Kuralnatham              ",
    "villagetname": "051 குரால்நத்தம்                                                                                                             "
  },
  {
    "villagecode": "129",
    "villagename": "Mallur                   ",
    "villagetname": "047 மல்லூர்                                                                                                                  "
  },
  {
    "villagecode": "167",
    "villagename": "Mookkanoor               ",
    "villagetname": "008 மூக்கனுார்                                                                                                               "
  },
  {
    "villagecode": "045",
    "villagename": "M.Thathanoor             ",
    "villagetname": "021 மேட்டுப்பட்டிதாதனுார்                                                                                                    "
  },
  {
    "villagecode": "123",
    "villagename": "Mukkuthipalayam          ",
    "villagetname": "041 மூக்குத்திபாளையம்                                                                                                        "
  },
  {
    "villagecode": "126",
    "villagename": "Nazhikalpatti            ",
    "villagetname": "039 நாழிக்கல்பட்டி                                                                                                           "
  },
  {
    "villagecode": "078",
    "villagename": "Nilavarapatti            ",
    "villagetname": "037 நிலவாரப்பட்டி                                                                                                            "
  },
  {
    "villagecode": "139",
    "villagename": "Noolathukomai            ",
    "villagetname": "054 நுாலாத்துக்கோம்பை                                                                                                        "
  },
  {
    "villagecode": "034",
    "villagename": "Palapatti                ",
    "villagetname": "003 பாலப்பட்டி                                                                                                               "
  },
  {
    "villagecode": "041",
    "villagename": "Pallipatti               ",
    "villagetname": "017 பள்ளிப்பட்டி                                                                                                             "
  },
  {
    "villagecode": "130",
    "villagename": "Pallitherupatti          ",
    "villagetname": "048 பள்ளித்தெருபட்டி                                                                                                         "
  },
  {
    "villagecode": "134",
    "villagename": "Panamarathupatti         ",
    "villagetname": "049 பனமரத்துப்பட்டி                                                                                                          "
  },
  {
    "villagecode": "040",
    "villagename": "Perumapalayam            ",
    "villagetname": "006 டி பெருமாபாளையம்                                                                                                         "
  },
  {
    "villagecode": "140",
    "villagename": "Sambakttapatti           ",
    "villagetname": "055 சாமகுட்டப்பட்டி                                                                                                          "
  },
  {
    "villagecode": "128",
    "villagename": "S.Ammapalayam            ",
    "villagetname": "045 எஸ்  அம்மாபாளையம்                                                                                                        "
  },
  {
    "villagecode": "127",
    "villagename": "Santhiyur                ",
    "villagetname": "040 சந்தியூர்                                                                                                                "
  },
  {
    "villagecode": "131",
    "villagename": "S.Attayampatty           ",
    "villagetname": "046சந்தியூர்ஆட்டையாம்பட்டி                                                                                                   "
  },
  {
    "villagecode": "165",
    "villagename": "Sukkampatti              ",
    "villagetname": "015 சுக்கம்பட்டி                                                                                                             "
  },
  {
    "villagecode": "043",
    "villagename": "Thailanoor               ",
    "villagetname": "020 தைலானுார்                                                                                                                "
  },
  {
    "villagecode": "166",
    "villagename": "Thathanoor               ",
    "villagetname": "007 தாதனுார்                                                                                                                 "
  },
  {
    "villagecode": "135",
    "villagename": "Thippampatti             ",
    "villagetname": "050 திப்பம்பட்டி                                                                                                             "
  },
  {
    "villagecode": "142",
    "villagename": "Thumbalpatti             ",
    "villagetname": "057 தும்பல்பட்டி                                                                                                             "
  },
  {
    "villagecode": "049",
    "villagename": "Udaiyapatti              ",
    "villagetname": "033 உடையாப்பட்டி                                                                                                             "
  },
  {
    "villagecode": "164",
    "villagename": "Valasaiyur               ",
    "villagetname": "016 வலசையூர்                                                                                                                 "
  },
  {
    "villagecode": "120",
    "villagename": "Vazhakuttapatti          ",
    "villagetname": "042 வாழகுட்டப்பட்டி                                                                                                          "
  },
  {
    "villagecode": "036",
    "villagename": "Vedapatti                ",
    "villagetname": "005 வேடப்பட்டி                                                                                                               "
  },
  {
    "villagecode": "138",
    "villagename": "Vedapatti                ",
    "villagetname": "053 வேடப்பட்டி                                                                                                               "
  },
  {
    "villagecode": "038",
    "villagename": "Veeranam                 ",
    "villagetname": "023 வீராணம்                                                                                                                  "
  },
  {
    "villagecode": "039",
    "villagename": "Velaiyakkaranoor         ",
    "villagetname": "019 வளையக்காரனுார்                                                                                                           "
  },
  {
    "villagecode": "173",
    "villagename": "Vellaiyampatti           ",
    "villagetname": "014 வெள்ளையம்பட்டி                                                                                                           "
  },
  {
    "villagecode": "122",
    "villagename": "Vengampatti              ",
    "villagetname": "044 வேங்காம்பட்டி                                                                                                            "
  }
]
