[
  {
    "villagecode": "030",
    "villagename": "Alagathevankottai",
    "villagetname": "அழகத்தேவன்கோட்டை"
  },
  {
    "villagecode": "002",
    "villagename": "Anaiyarkottai",
    "villagetname": "ஆனையார் கோட்டை"
  },
  {
    "villagecode": "004",
    "villagename": "Anandur",
    "villagetname": "ஆனந்தூர்"
  },
  {
    "villagecode": "032",
    "villagename": "Ariyankottai             ",
    "villagetname": "அரயாங்கோட்டை                                                                                                                 "
  },
  {
    "villagecode": "011",
    "villagename": "Arunuthimangalam",
    "villagetname": "அருநுதிமங்கலம்"
  },
  {
    "villagecode": "033",
    "villagename": "Attangudi                ",
    "villagetname": "ஆட்டாங்குடி                                                                                                                  "
  },
  {
    "villagecode": "019",
    "villagename": "Bagavathimangalam",
    "villagetname": "பகவதிமங்கலம்"
  },
  {
    "villagecode": "006",
    "villagename": "Govindamangalam",
    "villagetname": "கோவிந்தமங்கலம்"
  },
  {
    "villagecode": "010",
    "villagename": "Gudalur",
    "villagetname": "கூடலூர்"
  },
  {
    "villagecode": "025",
    "villagename": "Kalangapuli",
    "villagetname": "களங்காப்புலி"
  },
  {
    "villagecode": "021",
    "villagename": "Kallikudi",
    "villagetname": "கள்ளிக்குடி"
  },
  {
    "villagecode": "036",
    "villagename": "Karungudi",
    "villagetname": "கருங்குடி"
  },
  {
    "villagecode": "009",
    "villagename": "Karungudi",
    "villagetname": "கருங்குடி"
  },
  {
    "villagecode": "012",
    "villagename": "Kavvoor",
    "villagetname": "கவ்வூர்"
  },
  {
    "villagecode": "008",
    "villagename": "Kokkoorani",
    "villagetname": "கொக்கூரணி"
  },
  {
    "villagecode": "020",
    "villagename": "Kulamanickam",
    "villagetname": "குலமாணிக்கம்"
  },
  {
    "villagecode": "018",
    "villagename": "Odaikal",
    "villagetname": "ஓடைக்கால்"
  },
  {
    "villagecode": "005",
    "villagename": "Odakkarai",
    "villagetname": "ஓடக்கரை"
  },
  {
    "villagecode": "024",
    "villagename": "Ooranangudi",
    "villagetname": "ஊரணங்குடி"
  },
  {
    "villagecode": "026",
    "villagename": "Paranur",
    "villagetname": "பாரனூர்"
  },
  {
    "villagecode": "028",
    "villagename": "Petharthevankottai",
    "villagetname": "பெத்தார்தேவன்கோட்டை"
  },
  {
    "villagecode": "013",
    "villagename": "Pullamadai",
    "villagetname": "புல்லமடை"
  },
  {
    "villagecode": "027",
    "villagename": "Rajasingamangalam",
    "villagetname": "இராஜசிங்கமங்கலம்"
  },
  {
    "villagecode": "016",
    "villagename": "Ramanathamadai",
    "villagetname": "ராமநாதமடை"
  },
  {
    "villagecode": "001",
    "villagename": "Rathanur",
    "villagetname": "ராதானூர்"
  },
  {
    "villagecode": "017",
    "villagename": "Rettaiyuranivilladi Vagai",
    "villagetname": "இரட்டையூரணி வில்லடிவாகை"
  },
  {
    "villagecode": "003",
    "villagename": "Sathanur",
    "villagetname": "சாத்தனூர்"
  },
  {
    "villagecode": "034",
    "villagename": "Seenangudi",
    "villagetname": "சீனாங்குடி"
  },
  {
    "villagecode": "029",
    "villagename": "Sengudi",
    "villagetname": "செங்குடி"
  },
  {
    "villagecode": "014",
    "villagename": "Sethidal",
    "villagetname": "சேத்திடல்"
  },
  {
    "villagecode": "022",
    "villagename": "Sithurvadi",
    "villagetname": "சித்தூர்வாடி"
  },
  {
    "villagecode": "035",
    "villagename": "Solandur",
    "villagetname": "சோழந்தூர்"
  },
  {
    "villagecode": "039",
    "villagename": "Thiruppalaikudi",
    "villagetname": "திருப்பாலைக்குடி"
  },
  {
    "villagecode": "007",
    "villagename": "Thiruthervalai",
    "villagetname": "திருத்தேர்வளை"
  },
  {
    "villagecode": "031",
    "villagename": "Thumbadaikkakootai",
    "villagetname": "தும்படைக்காகோட்டை"
  },
  {
    "villagecode": "037",
    "villagename": "Thuthiyendal",
    "villagetname": "துத்தியேந்தல்"
  },
  {
    "villagecode": "023",
    "villagename": "Uppur",
    "villagetname": "உப்பூர்"
  },
  {
    "villagecode": "038",
    "villagename": "Valamavoor",
    "villagetname": "வளமாவூர்"
  },
  {
    "villagecode": "015",
    "villagename": "Varavani",
    "villagetname": "வரவணி"
  }
]
