[
  {
    "villagecode": "026",
    "villagename": "Adaiyakarunkulam         ",
    "villagetname": "அடையக்கருங்குளம்                                                                                                             "
  },
  {
    "villagecode": "291",
    "villagename": "Aladiyur - 1             ",
    "villagetname": "ஆலடியூர்-1                                                                                                                   "
  },
  {
    "villagecode": "292",
    "villagename": "Aladiyur - 2             ",
    "villagetname": "ஆலடியூர்-2                                                                                                                   "
  },
  {
    "villagecode": "032",
    "villagename": "Ayan Singampatti         ",
    "villagetname": "அயன் சிங்கம்பட்டி                                                                                                            "
  },
  {
    "villagecode": "018",
    "villagename": "Ayan Thiruvaliswaram     ",
    "villagetname": "அயன்திருவாலீஸ்வரம்                                                                                                           "
  },
  {
    "villagecode": "020",
    "villagename": "Biramadesam              ",
    "villagetname": "பிரம்மதேசம்                                                                                                                  "
  },
  {
    "villagecode": "442",
    "villagename": "Edaikal - 2              ",
    "villagetname": "இடைகால்-2                                                                                                                    "
  },
  {
    "villagecode": "441",
    "villagename": "Edailkal - 1             ",
    "villagetname": "இடைகால்-1                                                                                                                    "
  },
  {
    "villagecode": "024",
    "villagename": "Esanamadam               ",
    "villagetname": "ஈசானமடம்                                                                                                                     "
  },
  {
    "villagecode": "036",
    "villagename": "Kallidaikurichi Vadakku  ",
    "villagetname": "கல்லிடைக்குறிச்சி வடக்கு                                                                                                     "
  },
  {
    "villagecode": "037",
    "villagename": "Keela Ambasamudram       ",
    "villagetname": "கீழ அம்பாசமுத்திரம்                                                                                                          "
  },
  {
    "villagecode": "030",
    "villagename": "Keel Mugam               ",
    "villagetname": "கீழ்முகம்                                                                                                                    "
  },
  {
    "villagecode": "025",
    "villagename": "Kodarankulam             ",
    "villagetname": "கோடாரங்குளம்                                                                                                                 "
  },
  {
    "villagecode": "059",
    "villagename": "Manar Mangalam           ",
    "villagetname": "மானார்மங்கலம்                                                                                                                "
  },
  {
    "villagecode": "019",
    "villagename": "Mannar Kovil             ",
    "villagetname": "மன்னார் கோவில்                                                                                                               "
  },
  {
    "villagecode": "028",
    "villagename": "Mela Ambasamudram        ",
    "villagetname": "மேல அம்பாசமுத்திரம்                                                                                                          "
  },
  {
    "villagecode": "017",
    "villagename": "Pallakkal                ",
    "villagetname": "பள்ளக்கால்                                                                                                                   "
  },
  {
    "villagecode": "039",
    "villagename": "Pananjadi                ",
    "villagetname": "பணஞ்சாடி                                                                                                                     "
  },
  {
    "villagecode": "040",
    "villagename": "Rengasamudram            ",
    "villagetname": "ரெங்கசமுத்திரம்                                                                                                              "
  },
  {
    "villagecode": "058",
    "villagename": "Sattupathu               ",
    "villagetname": "சாட்டுப்பத்து                                                                                                                "
  },
  {
    "villagecode": "311",
    "villagename": "Singampatti Jamin - 1    ",
    "villagetname": "சிங்கம்பட்டி ஜமீன்-1                                                                                                         "
  },
  {
    "villagecode": "312",
    "villagename": "Singampatti Jamin - 2    ",
    "villagetname": "சிங்கம்பட்டி ஜமீன்-2                                                                                                         "
  },
  {
    "villagecode": "022",
    "villagename": "Sivanthipuram            ",
    "villagetname": "சிவந்திபுரம்                                                                                                                 "
  },
  {
    "villagecode": "611",
    "villagename": "Therkku Kallidaikuruchi-1",
    "villagetname": "தெற்குகல்லிடைக்குறிச்சி-1                                                                                                    "
  },
  {
    "villagecode": "612",
    "villagename": "Therkku Kallidaikuruchi-2",
    "villagetname": "தெற்குகல்லிடைக்குறிச்சி-2                                                                                                    "
  },
  {
    "villagecode": "033",
    "villagename": "Therkku Pappankulam      ",
    "villagetname": "தெற்கு பாப்பான்குளம்                                                                                                         "
  },
  {
    "villagecode": "035",
    "villagename": "Thimmarajasamudram       ",
    "villagetname": "திம்மராசசமுத்திரம்                                                                                                           "
  },
  {
    "villagecode": "038",
    "villagename": "Urkad                    ",
    "villagetname": "ஊர்காடு                                                                                                                      "
  },
  {
    "villagecode": "021",
    "villagename": "Vagaikulam               ",
    "villagetname": "வாகைக்குளம்                                                                                                                  "
  },
  {
    "villagecode": "034",
    "villagename": "Vairavikulam             ",
    "villagetname": "வைராவிகுளம்                                                                                                                  "
  },
  {
    "villagecode": "060",
    "villagename": "Vellankuli               ",
    "villagetname": "வெள்ளங்குளி                                                                                                                  "
  },
  {
    "villagecode": "231",
    "villagename": "Vickiramasingapuram - 1  ",
    "villagetname": "விக்கிரமசிங்கபுரம்-1                                                                                                         "
  },
  {
    "villagecode": "232",
    "villagename": "Vickiramasingapuram - 2  ",
    "villagetname": "விக்கிரமசிங்கபுரம்-2                                                                                                         "
  },
  {
    "villagecode": "027",
    "villagename": "Yehambarapuram           ",
    "villagetname": "ஏகாம்பரபுரம்                                                                                                                 "
  }
]
