[
  {
    "villagecode": "004",
    "villagename": "Anainasuvampalayam       ",
    "villagetname": "004 அனைநாசுவம்பாளையம்                                                                                                        "
  },
  {
    "villagecode": "014",
    "villagename": "Attayampalayam           ",
    "villagetname": "014 ஆட்டையாம்பாளையம்                                                                                                         "
  },
  {
    "villagecode": "019",
    "villagename": "B.P.Agrakaram            ",
    "villagetname": "019 பிராமண பெரியஅக்ரஹாரம்                                                                                                    "
  },
  {
    "villagecode": "039",
    "villagename": "B.S. Agraharam           ",
    "villagetname": "039 பிராமண சின்னஅக்ரஹாரம்                                                                                                    "
  },
  {
    "villagecode": "009",
    "villagename": "Chittode                 ",
    "villagetname": "009 சித்தோடு                                                                                                                 "
  },
  {
    "villagecode": "002",
    "villagename": "Elavamalai               ",
    "villagetname": "002 எலவமலை                                                                                                                   "
  },
  {
    "villagecode": "015",
    "villagename": "Ellapalayam              ",
    "villagetname": "015 எல்லப்பாளையம்                                                                                                            "
  },
  {
    "villagecode": "022",
    "villagename": "Erode                    ",
    "villagetname": "022 ஈரோடு - அ                                                                                                                "
  },
  {
    "villagecode": "422",
    "villagename": "Erode (C)                ",
    "villagetname": "022 ஈரோடு - இ                                                                                                                "
  },
  {
    "villagecode": "016",
    "villagename": "Gangapuram               ",
    "villagetname": "016 கங்காபுரம்                                                                                                               "
  },
  {
    "villagecode": "001",
    "villagename": "Karaiellapalayam         ",
    "villagetname": "001 கரை எல்லபாளையம்                                                                                                          "
  },
  {
    "villagecode": "028",
    "villagename": "Kathirampatti            ",
    "villagetname": "028 கதிரம்பட்டி                                                                                                              "
  },
  {
    "villagecode": "025",
    "villagename": "Koorapalayam             ",
    "villagetname": "025 கூரபாளையம்                                                                                                               "
  },
  {
    "villagecode": "006",
    "villagename": "Kumilam Parappu          ",
    "villagetname": "006 குமிளம்பரப்பு                                                                                                            "
  },
  {
    "villagecode": "003",
    "villagename": "Mettu Nasuvan Palaya     ",
    "villagetname": "003 மேட்டுநாசுவம்பாளையம்                                                                                                     "
  },
  {
    "villagecode": "026",
    "villagename": "Moolakarai               ",
    "villagetname": "026 மூலக்கரை                                                                                                                 "
  },
  {
    "villagecode": "036",
    "villagename": "Muthampalayam            ",
    "villagetname": "036 முத்தம்பாளையம்                                                                                                           "
  },
  {
    "villagecode": "007",
    "villagename": "Nallagoundanpalayam      ",
    "villagetname": "007 நல்லாகவுண்டம்பாளையம்                                                                                                     "
  },
  {
    "villagecode": "020",
    "villagename": "Nanjai Thalavai Plm.     ",
    "villagetname": "020 நஞ்சை தளவாய்பாளையம்                                                                                                      "
  },
  {
    "villagecode": "033",
    "villagename": "Nanjanapuram             ",
    "villagetname": "033 நஞ்சனாபுரம்                                                                                                              "
  },
  {
    "villagecode": "024",
    "villagename": "Nasiyanur                ",
    "villagetname": "024 நசியனூர் - அ                                                                                                             "
  },
  {
    "villagecode": "224",
    "villagename": "Nasiyanur (B)            ",
    "villagetname": "024 நசியனூர் - ஆ.                                                                                                            "
  },
  {
    "villagecode": "010",
    "villagename": "Nochipalayam             ",
    "villagetname": "010 நொச்சிபாளையம்                                                                                                            "
  },
  {
    "villagecode": "032",
    "villagename": "Pavalathampalayam        ",
    "villagetname": "032 பவளத்தாம்பாளையம்                                                                                                         "
  },
  {
    "villagecode": "040",
    "villagename": "Peelamedu                ",
    "villagetname": "040 பீளமேடு                                                                                                                  "
  },
  {
    "villagecode": "008",
    "villagename": "Perode                   ",
    "villagetname": "008 பேரோடு                                                                                                                   "
  },
  {
    "villagecode": "031",
    "villagename": "Puthur Puthuppalayam     ",
    "villagetname": "031 புத்தூர்புதுப்பாளையம                                                                                                     "
  },
  {
    "villagecode": "027",
    "villagename": "Rayapalayam              ",
    "villagetname": "027 ராயபாளையம்                                                                                                               "
  },
  {
    "villagecode": "013",
    "villagename": "Samigoundenpalayam       ",
    "villagetname": "013 சாமிகவுண்டம்பாளையம்                                                                                                      "
  },
  {
    "villagecode": "018",
    "villagename": "Sarcar Periya Agraha     ",
    "villagetname": "018 ச.பெ.அக்ரஹாரம்                                                                                                           "
  },
  {
    "villagecode": "038",
    "villagename": "Sarkarchinaagraharam     ",
    "villagetname": "038 ச.சி. அக்ரஹாரம்                                                                                                          "
  },
  {
    "villagecode": "037",
    "villagename": "Surampatti               ",
    "villagetname": "037 சூரம்பட்டி                                                                                                               "
  },
  {
    "villagecode": "005",
    "villagename": "Suriyampalayam           ",
    "villagetname": "005 சூரியம்பாளையம் - அ                                                                                                       "
  },
  {
    "villagecode": "205",
    "villagename": "Suriyampalayam (B)       ",
    "villagetname": "005 சூரியம்பாளையம் - ஆ.                                                                                                      "
  },
  {
    "villagecode": "011",
    "villagename": "Thairpalayam             ",
    "villagetname": "011 தயிர்பாளையம்                                                                                                             "
  },
  {
    "villagecode": "035",
    "villagename": "Thindal                  ",
    "villagetname": "035 திண்டல்                                                                                                                  "
  },
  {
    "villagecode": "034",
    "villagename": "Thindal Oor              ",
    "villagetname": "034 திண்டல்                                                                                                                  "
  },
  {
    "villagecode": "029",
    "villagename": "Thottani                 ",
    "villagetname": "029 தோட்டாணி                                                                                                                 "
  },
  {
    "villagecode": "021",
    "villagename": "Vairapalayam             ",
    "villagetname": "021 வைரபாளையம்                                                                                                               "
  },
  {
    "villagecode": "041",
    "villagename": "Vendipalayam             ",
    "villagetname": "041 வெண்டிபாளையம்                                                                                                            "
  },
  {
    "villagecode": "030",
    "villagename": "Veppampalayam            ",
    "villagetname": "030 வேப்பம்பாளையம்                                                                                                           "
  },
  {
    "villagecode": "012",
    "villagename": "Vettai Periyam Palay     ",
    "villagetname": "012 வேட்டைபெரியபாளையம்                                                                                                       "
  },
  {
    "villagecode": "023",
    "villagename": "Villarasampatti          ",
    "villagetname": "023 வில்லரசம்பட்டி - அ                                                                                                       "
  },
  {
    "villagecode": "223",
    "villagename": "Villarasampatti (B)      ",
    "villagetname": "023 வில்லரசம்பட்டி - ஆ.                                                                                                      "
  }
]
