[
  {
    "villagecode": "002",
    "villagename": "Anandhakudi",
    "villagetname": "ஆனந்தகுடி                                                                                                                                             "
  },
  {
    "villagecode": "026",
    "villagename": "Ayankeezhpuliyangudi",
    "villagetname": "அயன்கீழ்புளியங்குடி                                                                                                                                   "
  },
  {
    "villagecode": "009",
    "villagename": "Chakkaramangalam",
    "villagetname": "சக்கரமங்கலம்"
  },
  {
    "villagecode": "043",
    "villagename": "Chozhathiram",
    "villagetname": "சோழத்தரம்                                                                                                                                             "
  },
  {
    "villagecode": "008",
    "villagename": "C.Keeranur",
    "villagetname": "சி.கீரனூர்"
  },
  {
    "villagecode": "014",
    "villagename": "Devangudi",
    "villagetname": "தேவங்குடி"
  },
  {
    "villagecode": "029",
    "villagename": "D.Pavalangudi",
    "villagetname": "டி பவழங்குடி"
  },
  {
    "villagecode": "006",
    "villagename": "Gunamangalam",
    "villagetname": "குணமங்கலம்                                                                                                                                            "
  },
  {
    "villagecode": "017",
    "villagename": "Kallipaadi",
    "villagetname": "கள்ளிப்பாடி                                                                                                                                           "
  },
  {
    "villagecode": "035",
    "villagename": "Kanur",
    "villagetname": "கானுார                                                                                                                                                "
  },
  {
    "villagecode": "001",
    "villagename": "Karmangudi",
    "villagetname": "காரமாங்குடி"
  },
  {
    "villagecode": "037",
    "villagename": "Kavalakudi",
    "villagetname": "காவாலக்குடி                                                                                                                                           "
  },
  {
    "villagecode": "016",
    "villagename": "Kavanoor",
    "villagetname": "காவனுார"
  },
  {
    "villagecode": "028",
    "villagename": "Keeramangalam",
    "villagetname": "கீரமங்கலம்"
  },
  {
    "villagecode": "013",
    "villagename": "Keezhpalaiyur",
    "villagetname": "கீழப்பாலையுர்"
  },
  {
    "villagecode": "025",
    "villagename": "Keezhpuliyangudi",
    "villagetname": "கீழ்புளியங்குடி                                                                                                                                       "
  },
  {
    "villagecode": "049",
    "villagename": "Kodhandavilaham",
    "villagetname": "கோதண்டவிளாகம்                                                                                                                                         "
  },
  {
    "villagecode": "015",
    "villagename": "Kodumanur",
    "villagetname": "கொடுமனுார"
  },
  {
    "villagecode": "003",
    "villagename": "Kokkarasanpettai",
    "villagetname": "கொக்கரசன்பேட்டை                                                                                                                                       "
  },
  {
    "villagecode": "036",
    "villagename": "Koodalaiyathur",
    "villagetname": "கூடலையாத்துார                                                                                                                                         "
  },
  {
    "villagecode": "032",
    "villagename": "Kozhai",
    "villagetname": "கொழை                                                                                                                                                  "
  },
  {
    "villagecode": "048",
    "villagename": "Kumarakudi",
    "villagetname": "குமாரக்குடி                                                                                                                                           "
  },
  {
    "villagecode": "039",
    "villagename": "Kurinjikudi",
    "villagetname": "குறிஞ்சிக்குடி                                                                                                                                        "
  },
  {
    "villagecode": "007",
    "villagename": "Marungur",
    "villagetname": "மருங்கூர"
  },
  {
    "villagecode": "004",
    "villagename": "Mathakalirmannikkam",
    "villagetname": "மதகளிரமாணிக்கம்                                                                                                                                       "
  },
  {
    "villagecode": "047",
    "villagename": "Mazhavarayanallur",
    "villagetname": "மழவராயநல்லுார                                                                                                                                         "
  },
  {
    "villagecode": "011",
    "villagename": "Melpalayur",
    "villagetname": "மேலப்பாலையுர்"
  },
  {
    "villagecode": "018",
    "villagename": "Melpuliyangudi",
    "villagetname": "மேல்புளியங்குடி                                                                                                                                       "
  },
  {
    "villagecode": "046",
    "villagename": "Mudikandanallur",
    "villagetname": "முடிகண்டநல்லுார                                                                                                                                       "
  },
  {
    "villagecode": "023",
    "villagename": "Nakarappadi",
    "villagetname": "நகரப்பாடி                                                                                                                                             "
  },
  {
    "villagecode": "045",
    "villagename": "Nangudi",
    "villagetname": "நங்குடி                                                                                                                                               "
  },
  {
    "villagecode": "044",
    "villagename": "Nantheeswaramangalam",
    "villagetname": "நந்தீஸ்வரமங்கலம்                                                                                                                                      "
  },
  {
    "villagecode": "034",
    "villagename": "Palaiyamkottai (Malepathi",
    "villagetname": "பாளையங்கோட்டை  (மேல்பாதி                                                                                                                              "
  },
  {
    "villagecode": "042",
    "villagename": "Palayamkottai  Keelpathi",
    "villagetname": "பாளையங்கோட்டை கீழ்பாதி                                                                                                                                "
  },
  {
    "villagecode": "038",
    "villagename": "Perur",
    "villagetname": "பேரூர                                                                                                                                                 "
  },
  {
    "villagecode": "051",
    "villagename": "Pudaiyur",
    "villagetname": "புடையுர                                                                                                                                               "
  },
  {
    "villagecode": "033",
    "villagename": "Ramapuram",
    "villagetname": "ராமாபுரம்                                                                                                                                             "
  },
  {
    "villagecode": "031",
    "villagename": "Sathavattam",
    "villagetname": "சாத்தவட்டம்                                                                                                                                           "
  },
  {
    "villagecode": "021",
    "villagename": "Sri Athivaraganallur",
    "villagetname": "ஸ்ரீஆதிவராகநல்லுா                                                                                                                                     "
  },
  {
    "villagecode": "019",
    "villagename": "Srimushnam",
    "villagetname": "ஸ்ரீமுஷ்ணம்                                                                                                                                           "
  },
  {
    "villagecode": "030",
    "villagename": "Sri Neduncherry",
    "villagetname": "ஸ்ரீநெடுஞ்சேர                                                                                                                                         "
  },
  {
    "villagecode": "027",
    "villagename": "Sriputhur",
    "villagetname": "ஸ்ரீபுத்துார                                                                                                                                          "
  },
  {
    "villagecode": "005",
    "villagename": "Srisathamangalam",
    "villagetname": "ஸ்ரீசாத்தமங்கலம்                                                                                                                                      "
  },
  {
    "villagecode": "024",
    "villagename": "Srivakkaramari",
    "villagetname": "ஸ்ரீவக்காரமார                                                                                                                                         "
  },
  {
    "villagecode": "022",
    "villagename": "Thethampattu",
    "villagetname": "தேத்தாம்பட்டு                                                                                                                                         "
  },
  {
    "villagecode": "020",
    "villagename": "Thoronkuppam",
    "villagetname": "தொராங்குப்பம்                                                                                                                                         "
  },
  {
    "villagecode": "012",
    "villagename": "Thozur",
    "villagetname": "தொழூர"
  },
  {
    "villagecode": "041",
    "villagename": "Vadakkupaalayam",
    "villagetname": "வடக்குப்பாளையம்                                                                                                                                       "
  },
  {
    "villagecode": "040",
    "villagename": "Valasakkadu",
    "villagetname": "வலசக்காடு                                                                                                                                             "
  },
  {
    "villagecode": "010",
    "villagename": "Valliyam",
    "villagetname": "வல்லியம்"
  },
  {
    "villagecode": "050",
    "villagename": "Vattathur",
    "villagetname": "வட்டத்துார                                                                                                                                            "
  }
]
