[
  {
    "villagecode": "047",
    "villagename": "A.Kariselkulam           ",
    "villagetname": "அ.கரிசல்குளம்                                                                                                                "
  },
  {
    "villagecode": "046",
    "villagename": "A.Mathurapuri            ",
    "villagetname": "அ.மதுராபுரி                                                                                                                  "
  },
  {
    "villagecode": "077",
    "villagename": "Athippatti               ",
    "villagetname": "அத்திப்பட்டி                                                                                                                 "
  },
  {
    "villagecode": "043",
    "villagename": "Azagapuri                ",
    "villagetname": "அழகாபுரி                                                                                                                     "
  },
  {
    "villagecode": "042",
    "villagename": "Chandirangondan          ",
    "villagetname": "சந்திரங்கொண்டான்                                                                                                             "
  },
  {
    "villagecode": "053",
    "villagename": "Chathirapatti            ",
    "villagetname": "சத்திரப்பட்டி                                                                                                                "
  },
  {
    "villagecode": "044",
    "villagename": "Chavelkulam              ",
    "villagetname": "செவல்குளம்                                                                                                                   "
  },
  {
    "villagecode": "084",
    "villagename": "Chettikulam              ",
    "villagetname": "செட்டிகுளம்                                                                                                                  "
  },
  {
    "villagecode": "078",
    "villagename": "K.Alangulam              ",
    "villagetname": "கே ஆலங்குளம்                                                                                                                 "
  },
  {
    "villagecode": "088",
    "villagename": "Kalappalangulam          ",
    "villagetname": "களப்பாளன் குளம்                                                                                                              "
  },
  {
    "villagecode": "481",
    "villagename": "Kalingapatti-1           ",
    "villagetname": "கலிங்கப்பட்டி-1                                                                                                              "
  },
  {
    "villagecode": "482",
    "villagename": "Kalingapatti-2           ",
    "villagetname": "கலிங்கப்பட்டி-2                                                                                                              "
  },
  {
    "villagecode": "049",
    "villagename": "Karisathan               ",
    "villagetname": "காரிச்சாத்தான்                                                                                                               "
  },
  {
    "villagecode": "090",
    "villagename": "K.Karisalkulam           ",
    "villagetname": "கே கரிசல்குளம்                                                                                                               "
  },
  {
    "villagecode": "073",
    "villagename": "Kulakkattakurichi        ",
    "villagetname": "குளக்கட்டாகுறிச்சி                                                                                                           "
  },
  {
    "villagecode": "050",
    "villagename": "Kulasekarapperi          ",
    "villagetname": "குலசேகரப்பேரி                                                                                                                "
  },
  {
    "villagecode": "056",
    "villagename": "Kurinchakulam            ",
    "villagetname": "குறிஞ்சாக்குளம்                                                                                                              "
  },
  {
    "villagecode": "085",
    "villagename": "Mahendravadi             ",
    "villagetname": "மகேந்திரவாடி                                                                                                                 "
  },
  {
    "villagecode": "058",
    "villagename": "Maipparai                ",
    "villagetname": "மைப்பாறை                                                                                                                     "
  },
  {
    "villagecode": "040",
    "villagename": "Malaiyan Kulam           ",
    "villagetname": "மலையான்குளம்                                                                                                                 "
  },
  {
    "villagecode": "086",
    "villagename": "Maruthan Ginaru          ",
    "villagetname": "மருதன்கிணறு                                                                                                                  "
  },
  {
    "villagecode": "045",
    "villagename": "Mathurapuri              ",
    "villagetname": "மதுராபுரி                                                                                                                    "
  },
  {
    "villagecode": "060",
    "villagename": "Naduvappatti             ",
    "villagetname": "நடுவப்பட்டி                                                                                                                  "
  },
  {
    "villagecode": "089",
    "villagename": "Nalanthula               ",
    "villagetname": "நாலாந்துலா                                                                                                                   "
  },
  {
    "villagecode": "081",
    "villagename": "Naluvasan Kottai         ",
    "villagetname": "நாலுவாசன்கோட்டை                                                                                                              "
  },
  {
    "villagecode": "082",
    "villagename": "Pazhakottai              ",
    "villagetname": "பழங்கோட்டை                                                                                                                   "
  },
  {
    "villagecode": "041",
    "villagename": "Perungkottur             ",
    "villagetname": "பெருங்கோட்டூர்                                                                                                               "
  },
  {
    "villagecode": "076",
    "villagename": "Ramalinga Puram          ",
    "villagetname": "ராமலிங்கபுரம்                                                                                                                "
  },
  {
    "villagecode": "051",
    "villagename": "Rengasamudram            ",
    "villagetname": "ரெங்கசமுத்திரம்                                                                                                              "
  },
  {
    "villagecode": "057",
    "villagename": "Sangupatti               ",
    "villagetname": "சங்குப்பட்டி                                                                                                                 "
  },
  {
    "villagecode": "871",
    "villagename": "Sayamalai-1              ",
    "villagetname": "சாயமலை-1                                                                                                                     "
  },
  {
    "villagecode": "872",
    "villagename": "Sayamalai-2              ",
    "villagetname": "சாயமலை-2                                                                                                                     "
  },
  {
    "villagecode": "052",
    "villagename": "Subbaiah Puram           ",
    "villagetname": "சுப்பையா புரம்                                                                                                               "
  },
  {
    "villagecode": "074",
    "villagename": "Sundaresapuram           ",
    "villagetname": "சுந்தரேசபுரம்                                                                                                                "
  },
  {
    "villagecode": "079",
    "villagename": "Therku Kuruvikulam       ",
    "villagetname": "தெற்கு குருவி குளம்                                                                                                          "
  },
  {
    "villagecode": "054",
    "villagename": "Thiruvengadam            ",
    "villagetname": "திருவேங்கடம்                                                                                                                 "
  },
  {
    "villagecode": "083",
    "villagename": "Usilangulam              ",
    "villagetname": "உசிலங்குளம்                                                                                                                  "
  },
  {
    "villagecode": "075",
    "villagename": "Vadakku Kuruvikulam      ",
    "villagetname": "வடக்கு குருவி குளம்                                                                                                          "
  },
  {
    "villagecode": "080",
    "villagename": "Vagaikulam               ",
    "villagetname": "வாகைகுளம்                                                                                                                    "
  },
  {
    "villagecode": "059",
    "villagename": "Varaganoor               ",
    "villagetname": "வரகனூர்                                                                                                                      "
  },
  {
    "villagecode": "055",
    "villagename": "Vellakulam               ",
    "villagetname": "வெள்ளாகுளம்                                                                                                                  "
  }
]
