[
  {
    "villagecode": "001",
    "villagename": "A. Kokkulam              ",
    "villagetname": "1 எ.கொக்குளம்                                                                                                                "
  },
  {
    "villagecode": "024",
    "villagename": "Alagusirai               ",
    "villagetname": "24 அழகுசிறை                                                                                                                  "
  },
  {
    "villagecode": "041",
    "villagename": "Alapalacheri             ",
    "villagetname": "41 அலப்பலச்சேரி                                                                                                              "
  },
  {
    "villagecode": "031",
    "villagename": "Ammappatti               ",
    "villagetname": "31 எ. அம்மாபட்டி                                                                                                             "
  },
  {
    "villagecode": "005",
    "villagename": "Chettikulam              ",
    "villagetname": "5 செட்டிக்குளம்                                                                                                              "
  },
  {
    "villagecode": "086",
    "villagename": "Chettipillaiyarnatham    ",
    "villagetname": "86 செட்டிபிள்ளையார் நத்தம்                                                                                                   "
  },
  {
    "villagecode": "008",
    "villagename": "Chockanathanpatti        ",
    "villagetname": "8 சொக்கநாதன்பட்டி                                                                                                            "
  },
  {
    "villagecode": "026",
    "villagename": "Erramallampatti          ",
    "villagetname": "26 எர்ரமல்லம்பட்டி                                                                                                           "
  },
  {
    "villagecode": "555",
    "villagename": "Jari Senkulam            ",
    "villagetname": "91 ஜாரிசெங்குளம்                                                                                                             "
  },
  {
    "villagecode": "018",
    "villagename": "Josiyar Alankulam        ",
    "villagetname": "18 ஜோசியர் ஆலங்குளம்                                                                                                         "
  },
  {
    "villagecode": "025",
    "villagename": "Kaandai                  ",
    "villagetname": "25 காண்டை                                                                                                                    "
  },
  {
    "villagecode": "014",
    "villagename": "Kandukulam               ",
    "villagetname": "கண்டுகுளம்"
  },
  {
    "villagecode": "028",
    "villagename": "Kangeyanatham            ",
    "villagetname": "28 காங்கேயநத்தம்                                                                                                             "
  },
  {
    "villagecode": "010",
    "villagename": "Kappalur                 ",
    "villagetname": "10 கப்பலூர்                                                                                                                  "
  },
  {
    "villagecode": "004",
    "villagename": "Karadikkal",
    "villagetname": "4 கரடிக்கல்                                                                                                                  "
  },
  {
    "villagecode": "089",
    "villagename": "Karisal Patti            ",
    "villagetname": "89 கரிசல்பட்டி                                                                                                               "
  },
  {
    "villagecode": "032",
    "villagename": "Kelavaneri               ",
    "villagetname": "32 கிழவனேரி                                                                                                                  "
  },
  {
    "villagecode": "203",
    "villagename": "Kinnimangalam            ",
    "villagetname": "3 கிண்ணி மங்கலம்                                                                                                             "
  },
  {
    "villagecode": "111",
    "villagename": "Kiria Gowndanpatti       ",
    "villagetname": "111 கிரியகவுண்டன் பட்டி                                                                                                      "
  },
  {
    "villagecode": "002",
    "villagename": "K. Puliyankulam          ",
    "villagetname": "2 புளியங்குளம்                                                                                                               "
  },
  {
    "villagecode": "206",
    "villagename": "Kunnanampatti",
    "villagetname": "19 குன்னனம்பட்டி                                                                                                             "
  },
  {
    "villagecode": "012",
    "villagename": "Kuthiraichanikulam       ",
    "villagetname": "12 குதிரைசாணிக்குளம்                                                                                                         "
  },
  {
    "villagecode": "106",
    "villagename": "Maikudi                  ",
    "villagetname": "106 மைக்குடி                                                                                                                 "
  },
  {
    "villagecode": "109",
    "villagename": "Mallampatti              ",
    "villagetname": "109 மல்லம்பட்டி                                                                                                              "
  },
  {
    "villagecode": "094",
    "villagename": "Maravankulam             ",
    "villagetname": "94 மறவன்குளம்                                                                                                                "
  },
  {
    "villagecode": "043",
    "villagename": "Mathipanur Bit 1         ",
    "villagetname": "43 மதிப்பனூர் பிட் 1                                                                                                         "
  },
  {
    "villagecode": "300",
    "villagename": "Mathipanur Bit 2         ",
    "villagetname": "43 மதிப்பனூர் பிட்2                                                                                                          "
  },
  {
    "villagecode": "022",
    "villagename": "Melaenthal               ",
    "villagetname": "22 மேலேந்தல்                                                                                                                 "
  },
  {
    "villagecode": "088",
    "villagename": "Melakottai               ",
    "villagetname": "88 மேலக்கோட்டை                                                                                                               "
  },
  {
    "villagecode": "110",
    "villagename": "Nadukottai               ",
    "villagetname": "110 நடுக்கோட்டை                                                                                                              "
  },
  {
    "villagecode": "036",
    "villagename": "Naduvakottai             ",
    "villagetname": "36 நடுவக்கோட்டை                                                                                                              "
  },
  {
    "villagecode": "213",
    "villagename": "Palakkapudupatti         ",
    "villagetname": "7 பழக்காபுதுப்பட்டி                                                                                                          "
  },
  {
    "villagecode": "030",
    "villagename": "Pannikundu               ",
    "villagetname": "30 பன்னிக்குண்டு                                                                                                             "
  },
  {
    "villagecode": "029",
    "villagename": "Pokkampatti              ",
    "villagetname": "29 பொக்கம்பட்டி                                                                                                              "
  },
  {
    "villagecode": "021",
    "villagename": "Ponnamangalam            ",
    "villagetname": "21 பொன்னமங்கலம்                                                                                                              "
  },
  {
    "villagecode": "038",
    "villagename": "Ponnampatti              ",
    "villagetname": "38 பொன்னம்பட்டி                                                                                                              "
  },
  {
    "villagecode": "023",
    "villagename": "Puliyagoundanpatti       ",
    "villagetname": "23 புளியக்கவுண்டன்பட்டி                                                                                                      "
  },
  {
    "villagecode": "016",
    "villagename": "Pungankulam              ",
    "villagetname": "16 புங்கங்குளம்                                                                                                              "
  },
  {
    "villagecode": "085",
    "villagename": "Rayapalayam              ",
    "villagetname": "85 ராயபாளையம்                                                                                                                "
  },
  {
    "villagecode": "102",
    "villagename": "Saththankudi Bit 1       ",
    "villagetname": "15 சாத்தங்குடி பிட்1                                                                                                         "
  },
  {
    "villagecode": "015",
    "villagename": "Saththankudi Bit 2       ",
    "villagetname": "15 சாத்தங்குடி பிட் 2                                                                                                        "
  },
  {
    "villagecode": "017",
    "villagename": "Sithaalai                ",
    "villagetname": "17 சித்தாலை                                                                                                                  "
  },
  {
    "villagecode": "039",
    "villagename": "Sowdarpatti Bit 1        ",
    "villagetname": "39 சௌடார்பட்டி பிட் 1                                                                                                        "
  },
  {
    "villagecode": "101",
    "villagename": "Sowdarpatti Bit 2        ",
    "villagetname": "39 சௌடார்பட்டி பிட் 2                                                                                                        "
  },
  {
    "villagecode": "309",
    "villagename": "S.Puliyankulam           ",
    "villagetname": "9 எஸ்.புளியங்குளம்                                                                                                           "
  },
  {
    "villagecode": "087",
    "villagename": "T.Andipatti              ",
    "villagetname": "87 டி.ஆண்டிபட்டி                                                                                                             "
  },
  {
    "villagecode": "040",
    "villagename": "Thankalacheri            ",
    "villagetname": "40 தங்களாச்சேரி                                                                                                              "
  },
  {
    "villagecode": "011",
    "villagename": "Tharmathupatti           ",
    "villagetname": "11 தர்மத்துப்பட்டி                                                                                                           "
  },
  {
    "villagecode": "103",
    "villagename": "Thirali Bit 1            ",
    "villagetname": "33 திரளி பிட்1                                                                                                               "
  },
  {
    "villagecode": "033",
    "villagename": "Thirali Bit 2            ",
    "villagetname": "33 திரளி பிட் 2                                                                                                              "
  },
  {
    "villagecode": "333",
    "villagename": "Thirumangalam            ",
    "villagetname": "92 திருமங்கலம்                                                                                                               "
  },
  {
    "villagecode": "035",
    "villagename": "T.Pudupatti              ",
    "villagetname": "35 டி.புதுப்பட்டி                                                                                                            "
  },
  {
    "villagecode": "006",
    "villagename": "Uchappatti               ",
    "villagetname": "6 உச்சப்பட்டி                                                                                                                "
  },
  {
    "villagecode": "307",
    "villagename": "Urappanur Bit 1          ",
    "villagetname": "13 உரப்பனூர் பிட் 1                                                                                                          "
  },
  {
    "villagecode": "013",
    "villagename": "Urappanur Bit 2          ",
    "villagetname": "13 உரப்பனூர் பிட்-2                                                                                                          "
  },
  {
    "villagecode": "093",
    "villagename": "Vadakarai                ",
    "villagetname": "93 வடகரை                                                                                                                     "
  },
  {
    "villagecode": "027",
    "villagename": "Vagaikulam               ",
    "villagetname": "27 வாகைக்குளம்                                                                                                               "
  },
  {
    "villagecode": "205",
    "villagename": "Vannankulam              ",
    "villagetname": "20 வண்ணான்குளம்                                                                                                              "
  },
  {
    "villagecode": "505",
    "villagename": "Vengadasamuthiram        ",
    "villagetname": "90 வேங்கட சமுத்திரம்                                                                                                         "
  },
  {
    "villagecode": "095",
    "villagename": "Vidathakulam             ",
    "villagetname": "95 விடத்தக்குளம்                                                                                                             "
  },
  {
    "villagecode": "096",
    "villagename": "Virusankulam             ",
    "villagetname": "96 விருசங்குளம்                                                                                                              "
  }
]
