[
  {
    "tcode": "07",
    "tname": "Alathur             ",
    "ttname": "ஆலத்தூர்            ",
    "nflag": "Y"
  },
  {
    "tcode": "02",
    "tname": "Kunnam              ",
    "ttname": "குன்னம்             ",
    "nflag": "Y"
  },
  {
    "tcode": "03",
    "tname": "Perambalur          ",
    "ttname": "பெரம்பலூர்",
    "nflag": "Y"
  },
  {
    "tcode": "06",
    "tname": "Veppanthattai       ",
    "ttname": "வேப்பந்தட்டை        ",
    "nflag": "Y"
  }
]
