[
  {
    "tcode": "03",
    "tname": "Arakkonam           ",
    "ttname": "அரக்கோணம்           ",
    "nflag": "Y"
  },
  {
    "tcode": "02",
    "tname": "Arcot               ",
    "ttname": "ஆற்காடு             ",
    "nflag": "Y"
  },
  {
    "tcode": "13",
    "tname": "Kalavai",
    "ttname": "கலவை",
    "nflag": "Y"
  },
  {
    "tcode": "12",
    "tname": "Nemili              ",
    "ttname": "நெமிலி              ",
    "nflag": "Y"
  },
  {
    "tcode": "14",
    "tname": "Sholinghur",
    "ttname": "சோளிங்கர்",
    "nflag": "Y"
  },
  {
    "tcode": "04",
    "tname": "Walajah             ",
    "ttname": "வாலாசா              ",
    "nflag": "Y"
  }
]
