[
  {
    "tcode": "13",
    "tname": "Aundipatti          ",
    "ttname": "ஆண்டிபட்டி          ",
    "nflag": "Y"
  },
  {
    "tcode": "12",
    "tname": "Bodinayakkanur      ",
    "ttname": "போடிநாயக்கனூர்      ",
    "nflag": "Y"
  },
  {
    "tcode": "15",
    "tname": "Periyakulam         ",
    "ttname": "பெரியகுளம்          ",
    "nflag": "Y"
  },
  {
    "tcode": "11",
    "tname": "Theni               ",
    "ttname": "தேனி                ",
    "nflag": "Y"
  },
  {
    "tcode": "14",
    "tname": "Uthamapalayam       ",
    "ttname": "உத்தமபாளையம்        ",
    "nflag": "Y"
  }
]
