[
  {
    "tcode": "10",
    "tname": "Eral                ",
    "ttname": "ஏரல்                          ",
    "nflag": "Y"
  },
  {
    "tcode": "03",
    "tname": "Ettayapuram         ",
    "ttname": "எட்டயபுரம்          ",
    "nflag": "Y"
  },
  {
    "tcode": "09",
    "tname": "Kayathar            ",
    "ttname": "கயத்தார்                      ",
    "nflag": "Y"
  },
  {
    "tcode": "06",
    "tname": "Kovilpatti          ",
    "ttname": "கோவில்பட்டி         ",
    "nflag": "Y"
  },
  {
    "tcode": "08",
    "tname": "Ottapidaram         ",
    "ttname": "ஓட்டப்பிடாரம்       ",
    "nflag": "Y"
  },
  {
    "tcode": "04",
    "tname": "Sattankulam         ",
    "ttname": "சாத்தான்குளம்       ",
    "nflag": "Y"
  },
  {
    "tcode": "05",
    "tname": "Srivaikundam        ",
    "ttname": "ஸ்ரீவைகுண்டம்       ",
    "nflag": "Y"
  },
  {
    "tcode": "01",
    "tname": "Thoothukudi         ",
    "ttname": "தூத்துக்குடி        ",
    "nflag": "Y"
  },
  {
    "tcode": "02",
    "tname": "Tiruchendur         ",
    "ttname": "திருச்செந்தூர்      ",
    "nflag": "Y"
  },
  {
    "tcode": "07",
    "tname": "Vilathikulam        ",
    "ttname": "விளாத்திகுளம்       ",
    "nflag": "Y"
  }
]
