[
  {
    "tcode": "01",
    "tname": "Agasteeswaram       ",
    "ttname": "அகஸ்தீஸ்வரம்        ",
    "nflag": "Y"
  },
  {
    "tcode": "03",
    "tname": "Kalkulam            ",
    "ttname": "கல்குளம்            ",
    "nflag": "Y"
  },
  {
    "tcode": "06",
    "tname": "Killiyoor           ",
    "ttname": "கிள்ளியூர்                    ",
    "nflag": "Y"
  },
  {
    "tcode": "05",
    "tname": "Thiruvattar         ",
    "ttname": "திருவட்டார்                   ",
    "nflag": "Y"
  },
  {
    "tcode": "02",
    "tname": "Thovalai            ",
    "ttname": "தோவாளை              ",
    "nflag": "Y"
  },
  {
    "tcode": "04",
    "tname": "Vilavamcode         ",
    "ttname": "விளவங்கோடு          ",
    "nflag": "Y"
  }
]
