[
  {
    "villagecode": "022",
    "villagename": "Appanaikenpatty.         ",
    "villagetname": "அப்பநாயக்கன்பட்டி                                                                                                            "
  },
  {
    "villagecode": "009",
    "villagename": "Arasur.                  ",
    "villagetname": "அரசூர்                                                                                                                       "
  },
  {
    "villagecode": "026",
    "villagename": "Bogampatty.              ",
    "villagetname": "போகம்பட்டி                                                                                                                   "
  },
  {
    "villagecode": "027",
    "villagename": "Idayarpalayam.           ",
    "villagetname": "இடையபாளையம்                                                                                                                  "
  },
  {
    "villagecode": "012",
    "villagename": "Irugur.                  ",
    "villagetname": "இருகூர்                                                                                                                      "
  },
  {
    "villagecode": "038",
    "villagename": "Jallipatty               ",
    "villagetname": "ஜல்லிப்பட்டி                                                                                                                 "
  },
  {
    "villagecode": "041",
    "villagename": "J.Krisnapuram.           ",
    "villagetname": "ஜெ.கிருஷ்ணாபுரம்                                                                                                             "
  },
  {
    "villagecode": "014",
    "villagename": "Kadampadi.               ",
    "villagetname": "காடம்பாடி                                                                                                                    "
  },
  {
    "villagecode": "002",
    "villagename": "Kaduvettipalayam.        ",
    "villagetname": "காடுவெட்டிபாளையம்                                                                                                            "
  },
  {
    "villagecode": "024",
    "villagename": "Kallapalayam.            ",
    "villagetname": "கல்லாபாளையம்                                                                                                                 "
  },
  {
    "villagecode": "021",
    "villagename": "Kallengal.               ",
    "villagetname": "கலங்கல்                                                                                                                      "
  },
  {
    "villagecode": "037",
    "villagename": "Kammalapatty.            ",
    "villagetname": "கம்மாளப்பட்டி                                                                                                                "
  },
  {
    "villagecode": "015",
    "villagename": "Kangayampalayam.         ",
    "villagetname": "காங்கயம்பாளையம்                                                                                                              "
  },
  {
    "villagecode": "008",
    "villagename": "Kaniyur.                 ",
    "villagetname": "கணியுர்                                                                                                                      "
  },
  {
    "villagecode": "017",
    "villagename": "Kannampalayam.           ",
    "villagetname": "கண்ணம்பாளையம்                                                                                                                "
  },
  {
    "villagecode": "007",
    "villagename": "Karavazhimadampoor.      ",
    "villagetname": "கரவழிமாதப்புர்                                                                                                               "
  },
  {
    "villagecode": "006",
    "villagename": "Karumathampatty.         ",
    "villagetname": "கருமத்தம்பட்டி                                                                                                               "
  },
  {
    "villagecode": "004",
    "villagename": "Kittampalayam.           ",
    "villagetname": "கிட்டாம்பாளையம்                                                                                                              "
  },
  {
    "villagecode": "034",
    "villagename": "Kumarapalayam.           ",
    "villagetname": "குமாரபாளையம்                                                                                                                 "
  },
  {
    "villagecode": "035",
    "villagename": "Malaipalayam.            ",
    "villagetname": "மலைப்பாளையம்                                                                                                                 "
  },
  {
    "villagecode": "003",
    "villagename": "Moppiripalayam.          ",
    "villagetname": "மோப்பிரிபாளையம்                                                                                                              "
  },
  {
    "villagecode": "011",
    "villagename": "Mylampatty.              ",
    "villagetname": "மைலம்பட்டி                                                                                                                   "
  },
  {
    "villagecode": "010",
    "villagename": "Neelambur.               ",
    "villagetname": "நீலாம்புர்                                                                                                                   "
  },
  {
    "villagecode": "018",
    "villagename": "Otterpalayam.            ",
    "villagetname": "ஒட்டர்பாளையம்                                                                                                                "
  },
  {
    "villagecode": "025",
    "villagename": "Pachapalayam.            ",
    "villagetname": "பச்சாபாளையம்                                                                                                                 "
  },
  {
    "villagecode": "001",
    "villagename": "Paduvampalli.            ",
    "villagetname": "பதுவம்பள்ளி                                                                                                                  "
  },
  {
    "villagecode": "023",
    "villagename": "Pappampatty.             ",
    "villagetname": "பாப்பம்பட்டி                                                                                                                 "
  },
  {
    "villagecode": "019",
    "villagename": "Pattanam.                ",
    "villagetname": "பட்டணம்                                                                                                                      "
  },
  {
    "villagecode": "020",
    "villagename": "Peedampalli.             ",
    "villagetname": "பீடம்பள்ளி                                                                                                                   "
  },
  {
    "villagecode": "030",
    "villagename": "Poorandampalayam.        ",
    "villagetname": "புராண்டாம்பாளையம்                                                                                                            "
  },
  {
    "villagecode": "013",
    "villagename": "Rasipalayam.             ",
    "villagetname": "ராசிபாளையம்                                                                                                                  "
  },
  {
    "villagecode": "036",
    "villagename": "S.Ayyampalayam.          ",
    "villagetname": "எஸ் அய்யம்பாளையம்                                                                                                            "
  },
  {
    "villagecode": "028",
    "villagename": "Selakkarichel.           ",
    "villagetname": "செலக்கரிச்சல்                                                                                                                "
  },
  {
    "villagecode": "005",
    "villagename": "Semmandampalayam.        ",
    "villagetname": "செம்மாண்டாம்பாளையம்                                                                                                          "
  },
  {
    "villagecode": "039",
    "villagename": "Sencheripudur.           ",
    "villagetname": "செஞ்சேரிபுதூர்                                                                                                               "
  },
  {
    "villagecode": "016",
    "villagename": "Sulur.                   ",
    "villagetname": "சூலூர்                                                                                                                       "
  },
  {
    "villagecode": "040",
    "villagename": "Thalakari.               ",
    "villagetname": "தாளக்கரை                                                                                                                     "
  },
  {
    "villagecode": "032",
    "villagename": "Vadambacheri.            ",
    "villagetname": "வதம்பச்சேரி                                                                                                                  "
  },
  {
    "villagecode": "029",
    "villagename": "Vadavalli.               ",
    "villagetname": "வடவள்ளி                                                                                                                      "
  },
  {
    "villagecode": "033",
    "villagename": "Vadavedampatty.          ",
    "villagetname": "வடவேடம்பட்டி                                                                                                                 "
  },
  {
    "villagecode": "031",
    "villagename": "Varapatty.               ",
    "villagetname": "வாரப்பட்டி                                                                                                                   "
  }
]
