[
  {
    "villagecode": "038",
    "villagename": "Appuvilai                ",
    "villagetname": "அப்புவிளை                                                                                                                    "
  },
  {
    "villagecode": "070",
    "villagename": "Eitamozhi                ",
    "villagetname": "இட்டமொழி                                                                                                                     "
  },
  {
    "villagecode": "013",
    "villagename": "Kanna Nallur             ",
    "villagetname": "கண்ணநல்லூர்                                                                                                                  "
  },
  {
    "villagecode": "042",
    "villagename": "Karaisuthu Puthur        ",
    "villagetname": "கரைசுத்துபுதூர்                                                                                                              "
  },
  {
    "villagecode": "043",
    "villagename": "Karaisuthu Uvari         ",
    "villagetname": "கரைசுத்து உவரி                                                                                                               "
  },
  {
    "villagecode": "311",
    "villagename": "Kasthurirenga Puram Part1",
    "villagetname": "கஸ்தூரிரெங்கபுரம் பகுதி-1                                                                                                    "
  },
  {
    "villagecode": "312",
    "villagename": "Kasthuri Rengapuram Part2",
    "villagetname": "கஸ்தூரிரெங்கபுரம் பகுதி-2                                                                                                    "
  },
  {
    "villagecode": "331",
    "villagename": "Kottaikarungulam Part-1  ",
    "villagetname": "கோட்டைக் கருங்குளம் பகுதி-1                                                                                                  "
  },
  {
    "villagecode": "332",
    "villagename": "Kottai Karungulam Part-2 ",
    "villagetname": "கோட்டைக் கருங்குளம் பகுதி-2                                                                                                  "
  },
  {
    "villagecode": "014",
    "villagename": "Kovangulam               ",
    "villagetname": "கோவன்குளம்                                                                                                                   "
  },
  {
    "villagecode": "035",
    "villagename": "Kumarapuram              ",
    "villagetname": "குமாரபுரம்                                                                                                                   "
  },
  {
    "villagecode": "044",
    "villagename": "Kuttam                   ",
    "villagetname": "குட்டம்                                                                                                                      "
  },
  {
    "villagecode": "039",
    "villagename": "Mudhumothanmozhi         ",
    "villagetname": "முதுமொத்தான்மொழி                                                                                                             "
  },
  {
    "villagecode": "067",
    "villagename": "Ramakrishnapuram         ",
    "villagetname": "இராமகிருஷ்ணாபுரம்                                                                                                            "
  },
  {
    "villagecode": "068",
    "villagename": "Sadaiyaneri              ",
    "villagetname": "சடையநேரி                                                                                                                     "
  },
  {
    "villagecode": "036",
    "villagename": "Thisayanvilai            ",
    "villagetname": "திசையன்விளை                                                                                                                  "
  },
  {
    "villagecode": "040",
    "villagename": "Urumankulam              ",
    "villagetname": "உறுமன்குளம்                                                                                                                  "
  },
  {
    "villagecode": "691",
    "villagename": "Vijayanarayanam Pa-1     ",
    "villagetname": "விஜயநாராயணம் பகுதி-1                                                                                                         "
  },
  {
    "villagecode": "692",
    "villagename": "Vijayanarayanam Pa-2     ",
    "villagetname": "விஜயநாராயணம் பகுதி-2                                                                                                         "
  },
  {
    "villagecode": "693",
    "villagename": "Vijayanarayanam Pa-3     ",
    "villagetname": "விஜயநாராயணம் பகுதி-3                                                                                                         "
  },
  {
    "villagecode": "694",
    "villagename": "Vijayanarayanam Pa-4     ",
    "villagetname": "விஜயநாராயணம் பகுதி-4                                                                                                         "
  }
]
