[
  {
    "villagecode": "115",
    "villagename": "Akkichettipalayam        ",
    "villagetname": "அக்கிசெட்டிப்பாளையம்                                                                                                         "
  },
  {
    "villagecode": "112",
    "villagename": "Alalgapuram              ",
    "villagetname": "அழகாபுரம்                                                                                                                    "
  },
  {
    "villagecode": "033",
    "villagename": "Ammampalayam             ",
    "villagetname": "அம்மம்பாளையம்                                                                                                                "
  },
  {
    "villagecode": "028",
    "villagename": "Appamasamudram           ",
    "villagetname": "அப்பம்மசமுத்திரம்                                                                                                            "
  },
  {
    "villagecode": "023",
    "villagename": "Arasanatham              ",
    "villagetname": "அரசநத்தம்                                                                                                                    "
  },
  {
    "villagecode": "016",
    "villagename": "Attavanai Kothambadi     ",
    "villagetname": "அட்டவனை கொத்தாம்பாடி                                                                                                         "
  },
  {
    "villagecode": "030",
    "villagename": "Attur                    ",
    "villagetname": "ஆத்தூர்                                                                                                                      "
  },
  {
    "villagecode": "025",
    "villagename": "Chokkanathapuram         ",
    "villagetname": "சொக்கநாதபுரம்                                                                                                                "
  },
  {
    "villagecode": "108",
    "villagename": "Eachampatti              ",
    "villagetname": "ஈச்சம்பட்டி                                                                                                                  "
  },
  {
    "villagecode": "111",
    "villagename": "Jari Kothampadi          ",
    "villagetname": "ஜாரி கொத்தாம்பாடி                                                                                                            "
  },
  {
    "villagecode": "031",
    "villagename": "Kallanatham              ",
    "villagetname": "கல்லாநத்தம்                                                                                                                  "
  },
  {
    "villagecode": "015",
    "villagename": "Kalpacanur               ",
    "villagetname": "கல்பகனூர்                                                                                                                    "
  },
  {
    "villagecode": "077",
    "villagename": "Keeripatti               ",
    "villagetname": "கீரீப்பட்டி                                                                                                                  "
  },
  {
    "villagecode": "027",
    "villagename": "Lakshmanasamudram        ",
    "villagetname": "லட்சுமணசமுத்திரம்                                                                                                            "
  },
  {
    "villagecode": "107",
    "villagename": "Malliyakarai             ",
    "villagetname": "மல்லியக்கரை                                                                                                                  "
  },
  {
    "villagecode": "056",
    "villagename": "Manjini                  ",
    "villagetname": "மஞ்சினி                                                                                                                      "
  },
  {
    "villagecode": "930",
    "villagename": "Mullaivadi               ",
    "villagetname": "முல்லைவாடி                                                                                                                   "
  },
  {
    "villagecode": "116",
    "villagename": "Muttal                   ",
    "villagetname": "முட்டல்                                                                                                                      "
  },
  {
    "villagecode": "029",
    "villagename": "Narasingapuram           ",
    "villagetname": "நரசிங்கபுரம்                                                                                                                 "
  },
  {
    "villagecode": "976",
    "villagename": "Paithur (North)          ",
    "villagetname": "பைத்தூர் வடக்கு                                                                                                              "
  },
  {
    "villagecode": "076",
    "villagename": "Paithur (South)          ",
    "villagetname": "பைத்தூர் தெற்கு                                                                                                              "
  },
  {
    "villagecode": "091",
    "villagename": "Pungavadi                ",
    "villagetname": "புங்கவாடி                                                                                                                    "
  },
  {
    "villagecode": "014",
    "villagename": "Ramanaickenpalayam(North)",
    "villagetname": "ராமநாயக்கன்பாளையம் வடக்கு                                                                                                    "
  },
  {
    "villagecode": "914",
    "villagename": "Ramanayakanpalayam South ",
    "villagetname": "ராமநாயக்கன்பாளையம் தெற்கு                                                                                                    "
  },
  {
    "villagecode": "024",
    "villagename": "Seeliyampatti            ",
    "villagetname": "சீலியம்பட்டி                                                                                                                 "
  },
  {
    "villagecode": "114",
    "villagename": "Tennagudipalayam         ",
    "villagetname": "தென்னங்குடிபாளையம்                                                                                                           "
  },
  {
    "villagecode": "026",
    "villagename": "Thandavarayapuram        ",
    "villagetname": "தாண்டவராயபுரம்                                                                                                               "
  },
  {
    "villagecode": "032",
    "villagename": "Thulukkanur              ",
    "villagetname": "துலுக்கனூர்                                                                                                                  "
  },
  {
    "villagecode": "113",
    "villagename": "Udayampatti              ",
    "villagetname": "உடையம்பட்டி                                                                                                                  "
  },
  {
    "villagecode": "055",
    "villagename": "Valaiyamadevi            ",
    "villagetname": "வளையமாதேவி                                                                                                                   "
  }
]
