[
  {
    "villagecode": "061",
    "villagename": "Alampalayam",
    "villagetname": "ஆலாம்பாளையம்                                                                                                                 "
  },
  {
    "villagecode": "069",
    "villagename": "Alangiam",
    "villagetname": "அலங்கியம்                                                                                                                    "
  },
  {
    "villagecode": "053",
    "villagename": "Arikkaranvalasu",
    "villagetname": "அரிக்காரன்வலசு                                                                                                               "
  },
  {
    "villagecode": "016",
    "villagename": "Bellampatti",
    "villagetname": "பெல்லம்பட்டி                                                                                                                 "
  },
  {
    "villagecode": "071",
    "villagename": "Bommanallur",
    "villagetname": "பொம்மநல்லூர்                                                                                                                 "
  },
  {
    "villagecode": "024",
    "villagename": "Chinnakkampalayam",
    "villagetname": "சின்னக்காம்பாளையம்                                                                                                           "
  },
  {
    "villagecode": "023",
    "villagename": "Chinna Puthur",
    "villagetname": "சின்ன புத்தூர்                                                                                                               "
  },
  {
    "villagecode": "028",
    "villagename": "Chittaravuthampalayam",
    "villagetname": "சித்தராவுத்தம்பாளையம்                                                                                                        "
  },
  {
    "villagecode": "027",
    "villagename": "Dalavaipatnam",
    "villagetname": "தளவாய்பட்டணம்                                                                                                                "
  },
  {
    "villagecode": "031",
    "villagename": "Dharapuram North",
    "villagetname": "தாராபுரம் வடக்கு                                                                                                             "
  },
  {
    "villagecode": "068",
    "villagename": "Dharapuram South",
    "villagetname": "தாராபுரம் தெற்கு                                                                                                             "
  },
  {
    "villagecode": "054",
    "villagename": "Edakalpadi",
    "villagetname": "எடக்கல்பாடி                                                                                                                  "
  },
  {
    "villagecode": "004",
    "villagename": "Erkampatti",
    "villagetname": "எரகாம்பட்டி                                                                                                                  "
  },
  {
    "villagecode": "018",
    "villagename": "Gathelrev",
    "villagetname": "கெத்தல்ரேவ்                                                                                                                  "
  },
  {
    "villagecode": "013",
    "villagename": "Govindapuram",
    "villagetname": "கோவிந்தாபுரம்                                                                                                                "
  },
  {
    "villagecode": "020",
    "villagename": "Jothiampatti",
    "villagetname": "ஜோதியம்பட்டி                                                                                                                 "
  },
  {
    "villagecode": "059",
    "villagename": "Kalipalayam",
    "villagetname": "காளிபாளையம்                                                                                                                  "
  },
  {
    "villagecode": "012",
    "villagename": "Kangayampalayam",
    "villagetname": "காங்கயம்பாளையம்                                                                                                              "
  },
  {
    "villagecode": "033",
    "villagename": "Kannan Koil",
    "villagetname": "கண்ணன் கோவில்                                                                                                                "
  },
  {
    "villagecode": "047",
    "villagename": "Kannivadi",
    "villagetname": "கன்னிவாடி                                                                                                                    "
  },
  {
    "villagecode": "003",
    "villagename": "Kasilingampalayam",
    "villagetname": "காசிலிங்கம்பாளையம்                                                                                                           "
  },
  {
    "villagecode": "057",
    "villagename": "Kilangundal",
    "villagetname": "கிளாங்குண்டல்                                                                                                                "
  },
  {
    "villagecode": "001",
    "villagename": "Kokkampalayam",
    "villagetname": "கொக்கம்பாளையம்                                                                                                               "
  },
  {
    "villagecode": "064",
    "villagename": "Kolathupalayam",
    "villagetname": "கொளத்துப்பாளையம்                                                                                                             "
  },
  {
    "villagecode": "066",
    "villagename": "Kolinjivadi",
    "villagetname": "கொளிஞ்சிவாடி                                                                                                                 "
  },
  {
    "villagecode": "034",
    "villagename": "Kolumanguli",
    "villagetname": "கொளுமங்குளி                                                                                                                  "
  },
  {
    "villagecode": "056",
    "villagename": "Komarapalayam",
    "villagetname": "கொமாரபாளையம்                                                                                                                 "
  },
  {
    "villagecode": "070",
    "villagename": "Kongur",
    "villagetname": "கொங்கூர்                                                                                                                     "
  },
  {
    "villagecode": "019",
    "villagename": "Kundadam",
    "villagetname": "குண்டடம்                                                                                                                     "
  },
  {
    "villagecode": "029",
    "villagename": "Madathupalayam",
    "villagetname": "மடத்துப்பாளையம்                                                                                                              "
  },
  {
    "villagecode": "039",
    "villagename": "Mambadi",
    "villagetname": "மாம்பாடி                                                                                                                     "
  },
  {
    "villagecode": "067",
    "villagename": "Manakkadavu",
    "villagetname": "மனக்கடவு                                                                                                                     "
  },
  {
    "villagecode": "005",
    "villagename": "Manurpalayam",
    "villagetname": "மானூர்பாளையம்                                                                                                                "
  },
  {
    "villagecode": "015",
    "villagename": "Marudur",
    "villagetname": "மருதூர்                                                                                                                      "
  },
  {
    "villagecode": "014",
    "villagename": "Molarpatti",
    "villagetname": "மோளார்பட்டி                                                                                                                  "
  },
  {
    "villagecode": "058",
    "villagename": "Mulanur",
    "villagetname": "மூலனூர்                                                                                                                      "
  },
  {
    "villagecode": "043",
    "villagename": "Mulayampoondi",
    "villagetname": "முளையாம்பூண்டி                                                                                                               "
  },
  {
    "villagecode": "009",
    "villagename": "Munduvelampatti",
    "villagetname": "முண்டுவேலாம்பட்டி                                                                                                            "
  },
  {
    "villagecode": "006",
    "villagename": "Muthiampatti",
    "villagetname": "முத்தியம்பட்டி                                                                                                               "
  },
  {
    "villagecode": "062",
    "villagename": "Nallampalayam",
    "villagetname": "நல்லாம்பாளையம்                                                                                                               "
  },
  {
    "villagecode": "002",
    "villagename": "Nandavanampalayam",
    "villagetname": "நந்தவனம்பாளையம்                                                                                                              "
  },
  {
    "villagecode": "049",
    "villagename": "Nanjaithalayur",
    "villagetname": "நஞ்சைத்தலையூர்                                                                                                               "
  },
  {
    "villagecode": "030",
    "villagename": "Nanjayampalayam",
    "villagetname": "நஞ்சையம்பாளையம்                                                                                                              "
  },
  {
    "villagecode": "010",
    "villagename": "Naranapuram",
    "villagetname": "நாரணாபுரம்                                                                                                                   "
  },
  {
    "villagecode": "040",
    "villagename": "Nathampalayam",
    "villagetname": "நாதம்பாளையம்                                                                                                                 "
  },
  {
    "villagecode": "008",
    "villagename": "Navanari",
    "villagetname": "நவனாரி                                                                                                                       "
  },
  {
    "villagecode": "041",
    "villagename": "Peramium",
    "villagetname": "பெரமியம்                                                                                                                     "
  },
  {
    "villagecode": "007",
    "villagename": "Peria Komarapalayam",
    "villagetname": "பெரிய கொமாரபாளையம்                                                                                                           "
  },
  {
    "villagecode": "063",
    "villagename": "Ponnivadi",
    "villagetname": "பொன்னிவாடி                                                                                                                   "
  },
  {
    "villagecode": "011",
    "villagename": "Poonnapuram",
    "villagetname": "பொன்னாபுரம்                                                                                                                  "
  },
  {
    "villagecode": "044",
    "villagename": "Pudupai",
    "villagetname": "புதுப்பை                                                                                                                     "
  },
  {
    "villagecode": "038",
    "villagename": "Punganthurai",
    "villagetname": "புங்கந்துரை                                                                                                                  "
  },
  {
    "villagecode": "048",
    "villagename": "Punjaithalayur",
    "villagetname": "புஞ்சைத்தலையூர்                                                                                                              "
  },
  {
    "villagecode": "025",
    "villagename": "Salempalayam",
    "villagetname": "செலாம்பாளையம்                                                                                                                "
  },
  {
    "villagecode": "037",
    "villagename": "Sankarandampalayam",
    "villagetname": "சங்கராண்டாம்பாளையம்                                                                                                          "
  },
  {
    "villagecode": "050",
    "villagename": "Senapathipalayam",
    "villagetname": "சேனாபதிபாளையம்                                                                                                               "
  },
  {
    "villagecode": "055",
    "villagename": "Sinnamarudur",
    "villagetname": "சின்னமருதூர்                                                                                                                 "
  },
  {
    "villagecode": "035",
    "villagename": "Sirukinar",
    "villagetname": "சிறுகிணர்                                                                                                                    "
  },
  {
    "villagecode": "052",
    "villagename": "Sundakkampalayam",
    "villagetname": "சுண்டக்காம்பாளையம்                                                                                                           "
  },
  {
    "villagecode": "021",
    "villagename": "Suriyanallur",
    "villagetname": "சூரியநல்லூர்                                                                                                                 "
  },
  {
    "villagecode": "046",
    "villagename": "Tattaravalasu",
    "villagetname": "தட்டாரவலசு                                                                                                                   "
  },
  {
    "villagecode": "022",
    "villagename": "Thoppampatti",
    "villagetname": "தொப்பம்பட்டி                                                                                                                 "
  },
  {
    "villagecode": "042",
    "villagename": "Thurambadi",
    "villagetname": "தூரம்பாடி                                                                                                                    "
  },
  {
    "villagecode": "026",
    "villagename": "Uthupalayam",
    "villagetname": "ஊத்துப்பாளையம்                                                                                                               "
  },
  {
    "villagecode": "036",
    "villagename": "Vadugapalayam",
    "villagetname": "வடுகப்பாளையம்                                                                                                                "
  },
  {
    "villagecode": "032",
    "villagename": "Varapalayam",
    "villagetname": "வரப்பாளையம்                                                                                                                  "
  },
  {
    "villagecode": "065",
    "villagename": "Veerajimangalam",
    "villagetname": "வீராஜிமங்கலம்                                                                                                                "
  },
  {
    "villagecode": "051",
    "villagename": "Velampoondi",
    "villagetname": "வேலாம்பூண்டி                                                                                                                 "
  },
  {
    "villagecode": "017",
    "villagename": "Velayudampalayam",
    "villagetname": "வேலாயுதம்பாளையம்                                                                                                             "
  },
  {
    "villagecode": "060",
    "villagename": "Vellavaypudur",
    "villagetname": "வெள்ளாவிபுதூர்                                                                                                               "
  },
  {
    "villagecode": "045",
    "villagename": "Yerasinampalayam",
    "villagetname": "எரிசினம்பாளையம்                                                                                                              "
  }
]
