[
  {
    "villagecode": "016",
    "villagename": "Aathur",
    "villagetname": "ஆத்தூர்"
  },
  {
    "villagecode": "064",
    "villagename": "Agarakeerangudi",
    "villagetname": "அகரகீரங்குடி"
  },
  {
    "villagecode": "053",
    "villagename": "Anaimelagaram",
    "villagetname": "ஆனைமேலகரம்"
  },
  {
    "villagecode": "039",
    "villagename": "Anathandavapuram",
    "villagetname": "ஆனதாண்டவபுரம்"
  },
  {
    "villagecode": "036",
    "villagename": "Arunmozhidevan",
    "villagetname": "அருண்மொழித்தேவன்"
  },
  {
    "villagecode": "027",
    "villagename": "Aruvapadi",
    "villagetname": "அருவப்பாடி"
  },
  {
    "villagecode": "017",
    "villagename": "Boothangudi",
    "villagetname": "பூதங்குடி"
  },
  {
    "villagecode": "047",
    "villagename": "Chozhampettai",
    "villagetname": "சோழம்பேட்டை"
  },
  {
    "villagecode": "040",
    "villagename": "Dharumadhanapuram",
    "villagetname": "தர்மதானபுரம்"
  },
  {
    "villagecode": "011",
    "villagename": "Elanthoppu",
    "villagetname": "இளந்தோப்பு"
  },
  {
    "villagecode": "020",
    "villagename": "Ivanullur",
    "villagetname": "ஐவாநல்லூர்"
  },
  {
    "villagecode": "006",
    "villagename": "Kadakkam",
    "villagetname": "கடக்கம்"
  },
  {
    "villagecode": "002",
    "villagename": "Kadalangudi",
    "villagetname": "கடலங்குடி"
  },
  {
    "villagecode": "009",
    "villagename": "Kaduvangudi",
    "villagetname": "கடுவங்குடி"
  },
  {
    "villagecode": "191",
    "villagename": "Kali - 1",
    "villagetname": "காளி -1"
  },
  {
    "villagecode": "192",
    "villagename": "Kali - 2",
    "villagetname": "காளி -2"
  },
  {
    "villagecode": "037",
    "villagename": "Kanganamputhur",
    "villagetname": "கங்கணம்புத்தூர்"
  },
  {
    "villagecode": "015",
    "villagename": "Kesingan",
    "villagetname": "கேசிங்கன்"
  },
  {
    "villagecode": "014",
    "villagename": "Kizhai",
    "villagetname": "கிழாய்"
  },
  {
    "villagecode": "026",
    "villagename": "Kizhamarudhanthanallur",
    "villagetname": "கீழமருதாந்தநல்லூர்"
  },
  {
    "villagecode": "062",
    "villagename": "Kodangudi",
    "villagetname": "கோடங்குடி"
  },
  {
    "villagecode": "991",
    "villagename": "Koranadu",
    "villagetname": "கொறநாடு"
  },
  {
    "villagecode": "028",
    "villagename": "Korkai",
    "villagetname": "கொற்கை"
  },
  {
    "villagecode": "066",
    "villagename": "Kovangudi",
    "villagetname": "கோவங்குடி"
  },
  {
    "villagecode": "060",
    "villagename": "Kulichar",
    "villagetname": "குளிச்சார்"
  },
  {
    "villagecode": "008",
    "villagename": "Kuruchi",
    "villagetname": "குறிச்சி"
  },
  {
    "villagecode": "035",
    "villagename": "Maharajapuram",
    "villagetname": "மகாராஜபுரம்"
  },
  {
    "villagecode": "043",
    "villagename": "Manakudi",
    "villagetname": "மணக்குடி"
  },
  {
    "villagecode": "004",
    "villagename": "Manalmedu",
    "villagetname": "மணல்மேடு"
  },
  {
    "villagecode": "059",
    "villagename": "Mannampandal",
    "villagetname": "மன்னம்பந்தல்"
  },
  {
    "villagecode": "067",
    "villagename": "Maraiyur",
    "villagetname": "மறையூர்"
  },
  {
    "villagecode": "158",
    "villagename": "Mayiladuthurai",
    "villagetname": "மயிலாடுதுறை"
  },
  {
    "villagecode": "990",
    "villagename": "Mayiladuthurai Abiseka Katalai",
    "villagetname": "மயிலாடுதுறை அபிஷேககட்டளை"
  },
  {
    "villagecode": "023",
    "villagename": "Melanallur",
    "villagetname": "மேலநல்லூர்"
  },
  {
    "villagecode": "054",
    "villagename": "Moovalur",
    "villagetname": "மூவலூர்"
  },
  {
    "villagecode": "041",
    "villagename": "Mozhaiyur",
    "villagetname": "மொழையூர்"
  },
  {
    "villagecode": "003",
    "villagename": "Mudikondanallur",
    "villagetname": "முடிகொண்டநல்லூர்"
  },
  {
    "villagecode": "031",
    "villagename": "Murugamangalam",
    "villagetname": "முருகமங்கலம்"
  },
  {
    "villagecode": "063",
    "villagename": "Nallathukudi",
    "villagetname": "நல்லத்துக்குடி"
  },
  {
    "villagecode": "018",
    "villagename": "Namachivayapuram",
    "villagetname": "நமச்சிவாயபுரம்"
  },
  {
    "villagecode": "138",
    "villagename": "Nidur",
    "villagetname": "நீடூர்"
  },
  {
    "villagecode": "029",
    "villagename": "Paandur",
    "villagetname": "பாண்டூர்"
  },
  {
    "villagecode": "046",
    "villagename": "Pandaravadai Mappadugai",
    "villagetname": "பண்டாரவாடை மாப்படுகை"
  },
  {
    "villagecode": "057",
    "villagename": "Pattamangalam",
    "villagetname": "பட்டமங்கலம்"
  },
  {
    "villagecode": "992",
    "villagename": "Pattamangalam Abiseka Katalai",
    "villagetname": "பட்டமங்கலம் அபிஷேககட்டளை"
  },
  {
    "villagecode": "010",
    "villagename": "Pattavarthi",
    "villagetname": "பட்டவர்த்தி"
  },
  {
    "villagecode": "025",
    "villagename": "Ponmasanallur",
    "villagetname": "பொன்மாசநல்லூர்"
  },
  {
    "villagecode": "034",
    "villagename": "Ponnur",
    "villagetname": "பொன்னூர்"
  },
  {
    "villagecode": "045",
    "villagename": "Pudhu Agraharam",
    "villagetname": "புது அக்ரஹாரம்"
  },
  {
    "villagecode": "061",
    "villagename": "Seruthiyur",
    "villagetname": "செரிதியூர்"
  },
  {
    "villagecode": "024",
    "villagename": "Sethur",
    "villagetname": "சேத்தூர்"
  },
  {
    "villagecode": "055",
    "villagename": "Sidharkadu",
    "villagetname": "சித்தர்காடு"
  },
  {
    "villagecode": "007",
    "villagename": "Sithamalli",
    "villagetname": "சித்தமல்லி"
  },
  {
    "villagecode": "121",
    "villagename": "Thalaignayaru - 1",
    "villagetname": "தலைஞாயிறு -1"
  },
  {
    "villagecode": "122",
    "villagename": "Thalaignayaru - 2",
    "villagetname": "தலைஞாயிறு -2"
  },
  {
    "villagecode": "021",
    "villagename": "Thazhanchery",
    "villagetname": "தாழஞ்சேரி"
  },
  {
    "villagecode": "001",
    "villagename": "Thiruchitrambalam",
    "villagetname": "திருசிற்றம்பலம்"
  },
  {
    "villagecode": "993",
    "villagename": "Thiruindalur",
    "villagetname": "திரு இந்தளூர்"
  },
  {
    "villagecode": "030",
    "villagename": "Thirumangalam",
    "villagetname": "திருமங்கலம்"
  },
  {
    "villagecode": "005",
    "villagename": "Thiruvalaputhur",
    "villagetname": "திருவாளபுத்தூர்"
  },
  {
    "villagecode": "042",
    "villagename": "Uluthukuppai",
    "villagetname": "உளுத்துக்குப்பை"
  },
  {
    "villagecode": "013",
    "villagename": "Varadhampattu",
    "villagetname": "வரதம்பட்டு"
  },
  {
    "villagecode": "044",
    "villagename": "Vellalagaram",
    "villagetname": "வெள்ளாலகரம்"
  },
  {
    "villagecode": "022",
    "villagename": "Villiyanallur",
    "villagetname": "வில்லியநல்லூர்"
  }
]
