[
  {
    "villagecode": "004",
    "villagename": "Abinavam                 ",
    "villagetname": "017 அபிநவம்                                                                                                                  "
  },
  {
    "villagecode": "142",
    "villagename": "Adiyanur                 ",
    "villagetname": "046 அடியனூர்                                                                                                                 "
  },
  {
    "villagecode": "100",
    "villagename": "A.Karadipatti            ",
    "villagetname": "024கரடிப்பட்டி(ஏத்தாப்பூர்)                                                                                                  "
  },
  {
    "villagecode": "021",
    "villagename": "Ariyapalayam             ",
    "villagetname": "028 அரியம்பாளையம்                                                                                                            "
  },
  {
    "villagecode": "096",
    "villagename": "Belur Karadipatti        ",
    "villagetname": "013 கரடிப்பட்டி (பேளுர்)                                                                                                     "
  },
  {
    "villagecode": "133",
    "villagename": "Chekkadipatti            ",
    "villagetname": "010 செக்கடிப்பட்டி                                                                                                           "
  },
  {
    "villagecode": "135",
    "villagename": "Chinnakalrayanmalai North",
    "villagetname": "004 சின்னக்கல்ராயன் வடக்கு                                                                                                   "
  },
  {
    "villagecode": "138",
    "villagename": "Chinnakalrayanmalai South",
    "villagetname": "005 சின்னக்கல்ராயன் தெற்கு                                                                                                   "
  },
  {
    "villagecode": "098",
    "villagename": "Chinnakrishnapuram       ",
    "villagetname": "020 சின்னகிருஷ்ணாபுரம்                                                                                                       "
  },
  {
    "villagecode": "012",
    "villagename": "Chinnamasamudram         ",
    "villagetname": "041 சின்னம்மசமுத்திரம்                                                                                                       "
  },
  {
    "villagecode": "132",
    "villagename": "Edayapatti               ",
    "villagetname": "008 இடையப்பட்டி                                                                                                              "
  },
  {
    "villagecode": "101",
    "villagename": "Erumasamudram            ",
    "villagetname": "038 எர்ரம்மசமுத்திரம்                                                                                                        "
  },
  {
    "villagecode": "022",
    "villagename": "Gopalapuram              ",
    "villagetname": "027 கோபாலபுரம்                                                                                                               "
  },
  {
    "villagecode": "105",
    "villagename": "Kalarampatti             ",
    "villagetname": "025 களரம்பட்டி                                                                                                               "
  },
  {
    "villagecode": "003",
    "villagename": "Kallripatti              ",
    "villagetname": "015 கல்லேரிப்பட்டி                                                                                                           "
  },
  {
    "villagecode": "002",
    "villagename": "Kalyanagiri              ",
    "villagetname": "012 கல்யாணகிரி                                                                                                               "
  },
  {
    "villagecode": "140",
    "villagename": "Kariyakovilvalavu        ",
    "villagetname": "006 கரியகோவில் வலவு                                                                                                          "
  },
  {
    "villagecode": "129",
    "villagename": "Keelavarai               ",
    "villagetname": "047 கீழ்வாகரை                                                                                                                "
  },
  {
    "villagecode": "093",
    "villagename": "Komarapalayam            ",
    "villagetname": "011 குமாரபாளையம்                                                                                                             "
  },
  {
    "villagecode": "005",
    "villagename": "Kottavadi                ",
    "villagetname": "014 கொட்டவாடி                                                                                                                "
  },
  {
    "villagecode": "139",
    "villagename": "Kovilputhur              ",
    "villagetname": "007 கோவில்புத்தூர்                                                                                                           "
  },
  {
    "villagecode": "141",
    "villagename": "Kunnur                   ",
    "villagetname": "045 குன்னூர்                                                                                                                 "
  },
  {
    "villagecode": "131",
    "villagename": "Malayalapatti            ",
    "villagetname": "003 மலையாளப்பட்டி                                                                                                            "
  },
  {
    "villagecode": "137",
    "villagename": "Mannur                   ",
    "villagetname": "043 மன்னூர்                                                                                                                  "
  },
  {
    "villagecode": "097",
    "villagename": "Mettudaiyampalayam       ",
    "villagetname": "018 மேட்டுடையான்பாளையம்                                                                                                      "
  },
  {
    "villagecode": "110",
    "villagename": "Mettupalayam             ",
    "villagetname": "035 மேட்டுப்பாளையம்                                                                                                          "
  },
  {
    "villagecode": "104",
    "villagename": "Muthagoundanur           ",
    "villagetname": "031 முத்தாக்கவுண்டனூர்                                                                                                       "
  },
  {
    "villagecode": "134",
    "villagename": "Neyyamalai               ",
    "villagetname": "001 நெய்யமலை                                                                                                                 "
  },
  {
    "villagecode": "020",
    "villagename": "Oddapatti                ",
    "villagetname": "033 ஓட்டப்பட்டி                                                                                                              "
  },
  {
    "villagecode": "019",
    "villagename": "Olaipadi                 ",
    "villagetname": "037 ஓலைப்பாடி                                                                                                                "
  },
  {
    "villagecode": "109",
    "villagename": "Palaniyapuri             ",
    "villagetname": "034 பழனியாபுரி                                                                                                               "
  },
  {
    "villagecode": "001",
    "villagename": "Panaimadal               ",
    "villagetname": "009 பனைமடல்                                                                                                                  "
  },
  {
    "villagecode": "006",
    "villagename": "Periyakrishnapuram       ",
    "villagetname": "019 பெரியகிருஷ்ணாபுரம்                                                                                                       "
  },
  {
    "villagecode": "013",
    "villagename": "Pethanaickenpalayam      ",
    "villagetname": "042 பெத்தநாயக்கன்பாளையம்                                                                                                     "
  },
  {
    "villagecode": "010",
    "villagename": "Puthiragoundanpalayam    ",
    "villagetname": "030 புத்திரகவுண்டன்பாளையம்                                                                                                   "
  },
  {
    "villagecode": "106",
    "villagename": "Rangappanaickenpalayam   ",
    "villagetname": "026ரங்கப்பநாயக்கன்பாளையம்                                                                                                    "
  },
  {
    "villagecode": "136",
    "villagename": "Soolankurichi            ",
    "villagetname": "044 சூலாங்குரிச்சி                                                                                                           "
  },
  {
    "villagecode": "017",
    "villagename": "Thalavaipatti            ",
    "villagetname": "036 தளவாய்பட்டி                                                                                                              "
  },
  {
    "villagecode": "007",
    "villagename": "Thamayanur               ",
    "villagetname": "022 தமையனூர்                                                                                                                 "
  },
  {
    "villagecode": "103",
    "villagename": "Thennampillaiyur         ",
    "villagetname": "032 தென்னம்பிள்ளையூர்                                                                                                        "
  },
  {
    "villagecode": "130",
    "villagename": "Thumbal                  ",
    "villagetname": "002 தும்பல்                                                                                                                  "
  },
  {
    "villagecode": "018",
    "villagename": "Thurumalanamasamudram    ",
    "villagetname": "040 திருமலநாமசமுத்திரம்                                                                                                      "
  },
  {
    "villagecode": "009",
    "villagename": "Umaiyapuram              ",
    "villagetname": "029 உமையாபுரம்                                                                                                               "
  },
  {
    "villagecode": "099",
    "villagename": "Vadugathampatti          ",
    "villagetname": "021 வடகூத்தம்பட்டி                                                                                                           "
  },
  {
    "villagecode": "102",
    "villagename": "Veeragoundanur           ",
    "villagetname": "039 வீரக்கவுண்டனூர்                                                                                                          "
  },
  {
    "villagecode": "008",
    "villagename": "West Rajapalayam         ",
    "villagetname": "023 ராஜபாளையம் மேற்கு                                                                                                        "
  },
  {
    "villagecode": "011",
    "villagename": "Yethapur                 ",
    "villagetname": "016 ஏத்தாப்பூர்                                                                                                              "
  }
]
