[
  {
    "villagecode": "024",
    "villagename": "Agaraharakarai           ",
    "villagetname": "024  அக்ரஹாரக்கரை                                                                                                            "
  },
  {
    "villagecode": "046",
    "villagename": "Akkarai Kodiveri         ",
    "villagetname": "046  அக்கரைக்கொடிவேரி                                                                                                        "
  },
  {
    "villagecode": "039",
    "villagename": "Alahu Kizhi              ",
    "villagetname": "039  அளுக்குளி அ                                                                                                             "
  },
  {
    "villagecode": "239",
    "villagename": "Alahu Kizhi (B)          ",
    "villagetname": "039  அளுக்குளி ஆ.                                                                                                            "
  },
  {
    "villagecode": "017",
    "villagename": "Ammapalayam              ",
    "villagetname": "017  அம்மாபாளையம்                                                                                                            "
  },
  {
    "villagecode": "005",
    "villagename": "Arakkankottaikarai       ",
    "villagetname": "005  அரக்கன்கோட்டைகரை                                                                                                        "
  },
  {
    "villagecode": "006",
    "villagename": "Arakkankottaivillage     ",
    "villagetname": "006 அரக்கன்கோட்டைகிராமம்                                                                                                     "
  },
  {
    "villagecode": "070",
    "villagename": "Ayaloor                  ",
    "villagetname": "070  அயலூர்                                                                                                                  "
  },
  {
    "villagecode": "041",
    "villagename": "Bodichinnampalayam       ",
    "villagetname": "041  போடிசின்னாம்பாளையம்                                                                                                     "
  },
  {
    "villagecode": "074",
    "villagename": "Chandrapuram             ",
    "villagetname": "025  சந்திராபுரம்                                                                                                            "
  },
  {
    "villagecode": "003",
    "villagename": "Chenrayampalayam         ",
    "villagetname": "003  சென்றாயம்பாளையம்                                                                                                        "
  },
  {
    "villagecode": "002",
    "villagename": "Chinnakodiveri           ",
    "villagetname": "002  சின்னக்கொடிவேரி                                                                                                         "
  },
  {
    "villagecode": "042",
    "villagename": "Chozhamathevi Karai      ",
    "villagetname": "042  சோழமாதேவிக்கரை                                                                                                          "
  },
  {
    "villagecode": "031",
    "villagename": "Kadukkampalayam          ",
    "villagetname": "031  கடுக்காம்பாளையம்                                                                                                        "
  },
  {
    "villagecode": "036",
    "villagename": "Kalingiyam               ",
    "villagetname": "036  கலிங்கியம் அ                                                                                                            "
  },
  {
    "villagecode": "236",
    "villagename": "Kalingiyam (B)           ",
    "villagetname": "036  கலிங்கியம் ஆ.                                                                                                           "
  },
  {
    "villagecode": "014",
    "villagename": "Kanakkampalayam          ",
    "villagetname": "014  கணக்கம்பாளையம்                                                                                                          "
  },
  {
    "villagecode": "071",
    "villagename": "Kolappaloor              ",
    "villagetname": "071  கொளப்பலூர்                                                                                                              "
  },
  {
    "villagecode": "013",
    "villagename": "Kondayampalayam          ",
    "villagetname": "013  கொண்டையம்பாளையம்                                                                                                        "
  },
  {
    "villagecode": "007",
    "villagename": "Konkar Palayam           ",
    "villagetname": "007  கொங்கர்பாளையம்   அ                                                                                                      "
  },
  {
    "villagecode": "207",
    "villagename": "Konkar Palayam (B)       ",
    "villagetname": "007  கொங்கர்பாளையம் ஆ.                                                                                                       "
  },
  {
    "villagecode": "019",
    "villagename": "Koogaloor                ",
    "villagetname": "019  கூகலூர் அ                                                                                                               "
  },
  {
    "villagecode": "219",
    "villagename": "Koogaloor (B)            ",
    "villagetname": "019  கூகலூர் ஆ.                                                                                                              "
  },
  {
    "villagecode": "419",
    "villagename": "Koogaloor (C)            ",
    "villagetname": "019  கூகலூர் இ.                                                                                                              "
  },
  {
    "villagecode": "037",
    "villagename": "Kottupulampalayam        ",
    "villagetname": "037கோட்டுப்புள்ளாம்பாளையம்                                                                                                   "
  },
  {
    "villagecode": "008",
    "villagename": "Kovundampalayam          ",
    "villagetname": "008  கவுண்டம்பாளையம்                                                                                                         "
  },
  {
    "villagecode": "029",
    "villagename": "Kunnampalayam            ",
    "villagetname": "029  குள்ளம்பாளையம்                                                                                                          "
  },
  {
    "villagecode": "035",
    "villagename": "Lakkam Patti             ",
    "villagetname": "035  லக்கம்பட்டி                                                                                                             "
  },
  {
    "villagecode": "018",
    "villagename": "Mevani                   ",
    "villagetname": "018  மேவாணி                                                                                                                  "
  },
  {
    "villagecode": "033",
    "villagename": "Modachoor                ",
    "villagetname": "033  மொடச்சூர்                                                                                                               "
  },
  {
    "villagecode": "030",
    "villagename": "Nadhipalayam             ",
    "villagetname": "030  நாதிபாளையம்                                                                                                             "
  },
  {
    "villagecode": "032",
    "villagename": "Nagadevampalayam         ",
    "villagetname": "032  நாகதேவம்பாளையம் அ                                                                                                       "
  },
  {
    "villagecode": "232",
    "villagename": "Nagadevampalayam (B)     ",
    "villagetname": "032  நாகதேவம்பாளையம் ஆ.                                                                                                      "
  },
  {
    "villagecode": "021",
    "villagename": "Nanjai Gobichetti Pm     ",
    "villagetname": "021  நஞ்சைகோபி                                                                                                               "
  },
  {
    "villagecode": "025",
    "villagename": "Nanjaipuliampatti        ",
    "villagetname": "025  நன்செய்புளியம்பட்டி                                                                                                     "
  },
  {
    "villagecode": "012",
    "villagename": "Nanjaithoraiampalaym     ",
    "villagetname": "012  ந.துறையாம்பாளையம்                                                                                                       "
  },
  {
    "villagecode": "047",
    "villagename": "Odayakavundampalayam     ",
    "villagetname": "047  ஒடையாகவுண்டன்பாளையம்                                                                                                    "
  },
  {
    "villagecode": "023",
    "villagename": "Palaiya Pariyurkarai     ",
    "villagetname": "023  பழையபாரியூர் கரை                                                                                                        "
  },
  {
    "villagecode": "027",
    "villagename": "Pariyur                  ",
    "villagetname": "027  பாரியூர்                                                                                                                "
  },
  {
    "villagecode": "001",
    "villagename": "Periyakodiveri           ",
    "villagetname": "001  பெரியகொடிவேரி                                                                                                           "
  },
  {
    "villagecode": "015",
    "villagename": "Perumugai                ",
    "villagetname": "015  பெருமுகை  அ                                                                                                             "
  },
  {
    "villagecode": "215",
    "villagename": "Perumugai (B)            ",
    "villagetname": "015  பெருமுகை ஆ.                                                                                                             "
  },
  {
    "villagecode": "010",
    "villagename": "Pettaikara Village       ",
    "villagetname": "010  பேட்டைக்கரை                                                                                                             "
  },
  {
    "villagecode": "004",
    "villagename": "P.Naickampalayam         ",
    "villagetname": "004புள்ளப்பநாயக்கன்பாளையம்                                                                                                   "
  },
  {
    "villagecode": "022",
    "villagename": "Pudukarai                ",
    "villagetname": "022  புதுக்கரை                                                                                                               "
  },
  {
    "villagecode": "020",
    "villagename": "Pulavakkalipalayam       ",
    "villagetname": "020  பொலவக்காளிபாளையம்                                                                                                       "
  },
  {
    "villagecode": "011",
    "villagename": "Punjaithuraiyampalay     ",
    "villagetname": "011  பு.துறையம்பாளையம் அ                                                                                                     "
  },
  {
    "villagecode": "211",
    "villagename": "Punjaithuraiyampalay (B) ",
    "villagetname": "011  பு.துறையம்பாளையம் ஆ.                                                                                                    "
  },
  {
    "villagecode": "016",
    "villagename": "Savandapur               ",
    "villagetname": "016  சவண்டப்பூர் அ                                                                                                           "
  },
  {
    "villagecode": "216",
    "villagename": "Savandapur (B)           ",
    "villagetname": "016  சவண்டப்பூர் ஆ.                                                                                                          "
  },
  {
    "villagecode": "026",
    "villagename": "Seiyam Palayam           ",
    "villagetname": "026  செய்யாம்பாளையம்                                                                                                         "
  },
  {
    "villagecode": "040",
    "villagename": "Senkalarai Karai         ",
    "villagetname": "040  செங்கலரைக்கரை                                                                                                           "
  },
  {
    "villagecode": "045",
    "villagename": "Singiripalayam           ",
    "villagetname": "045  சிங்கிரிபாளையம்                                                                                                         "
  },
  {
    "villagecode": "072",
    "villagename": "Siruvalur                ",
    "villagetname": "072  சிறுவலூர்                                                                                                               "
  },
  {
    "villagecode": "043",
    "villagename": "Thadapallikarai          ",
    "villagetname": "043  தடப்பள்ளிகரை                                                                                                            "
  },
  {
    "villagecode": "044",
    "villagename": "Thadapalli Village       ",
    "villagetname": "044  தடப்பள்ளிகிராமம்                                                                                                        "
  },
  {
    "villagecode": "009",
    "villagename": "Vanipudur                ",
    "villagetname": "009  வாணிப்புத்தூர் அ                                                                                                        "
  },
  {
    "villagecode": "209",
    "villagename": "Vanipudur (B)            ",
    "villagetname": "009  வாணிப்புத்தூர் ஆ.                                                                                                       "
  },
  {
    "villagecode": "073",
    "villagename": "Vellankovil              ",
    "villagetname": "073  வெள்ளாங்கோயில்                                                                                                          "
  },
  {
    "villagecode": "028",
    "villagename": "Vellapalayam             ",
    "villagetname": "028  பா.வெள்ளாளபாளையம்                                                                                                       "
  }
]
