[
  {
    "villagecode": "053",
    "villagename": "Alathur                       ",
    "villagetname": "67 ஆலாத்தூர்                                                                                                                 "
  },
  {
    "villagecode": "217",
    "villagename": "Ambalathadai                  ",
    "villagetname": "12 அம்பலத்தாடி                                                                                                               "
  },
  {
    "villagecode": "025",
    "villagename": "Anaiyur Bit 1                 ",
    "villagetname": "39 ஆனையூர் பிட் 1                                                                                                            "
  },
  {
    "villagecode": "201",
    "villagename": "Anaiyur Bit 2                 ",
    "villagetname": "38 ஆனையூர் பிட் 2                                                                                                            "
  },
  {
    "villagecode": "016",
    "villagename": "Athalai                       ",
    "villagetname": "25 அதலை                                                                                                                      "
  },
  {
    "villagecode": "038",
    "villagename": "Athikulam                     ",
    "villagetname": "74 ஆத்திகுளம்                                                                                                                "
  },
  {
    "villagecode": "031",
    "villagename": "Boothakudi                    ",
    "villagetname": "30 பூதகுடி                                                                                                                   "
  },
  {
    "villagecode": "068",
    "villagename": "Chathirathondaimanpatti       ",
    "villagetname": "50 சத்திரதொண்டைமான்பட்டி                                                                                                     "
  },
  {
    "villagecode": "054",
    "villagename": "Chettikulam                   ",
    "villagetname": "68 செட்டிகுளம்                                                                                                               "
  },
  {
    "villagecode": "067",
    "villagename": "Chinnapatti                   ",
    "villagetname": "53 சின்னப்பட்டி                                                                                                              "
  },
  {
    "villagecode": "058",
    "villagename": "Erukkalainatham               ",
    "villagetname": "61 எருக்கலைநத்தம்                                                                                                            "
  },
  {
    "villagecode": "049",
    "villagename": "Iluppakkudi                   ",
    "villagetname": "64 இலுப்பக்குடி                                                                                                              "
  },
  {
    "villagecode": "048",
    "villagename": "Iraniyam                      ",
    "villagetname": "65 இரணியம்                                                                                                                   "
  },
  {
    "villagecode": "070",
    "villagename": "Kadavoor                      ",
    "villagetname": "51 கடவூர்                                                                                                                    "
  },
  {
    "villagecode": "012",
    "villagename": "Kallikudi                     ",
    "villagetname": "18 கள்ளிக்குடி                                                                                                               "
  },
  {
    "villagecode": "223",
    "villagename": "Kannanenthal                  ",
    "villagetname": "71 கண்ணனேந்தல்                                                                                                               "
  },
  {
    "villagecode": "052",
    "villagename": "Kannikudi                     ",
    "villagetname": "66 கன்னிக்குடி                                                                                                               "
  },
  {
    "villagecode": "034",
    "villagename": "Karuvanur                     ",
    "villagetname": "45 கருவனூர்                                                                                                                  "
  },
  {
    "villagecode": "062",
    "villagename": "Kavanoor                      ",
    "villagetname": "54 காவனூர்                                                                                                                   "
  },
  {
    "villagecode": "011",
    "villagename": "Keelanedungulam               ",
    "villagetname": "16 கீழநெடுங்குளம்                                                                                                            "
  },
  {
    "villagecode": "029",
    "villagename": "Keelappanangadi               ",
    "villagetname": "40 கீழப்பனங்காடி                                                                                                             "
  },
  {
    "villagecode": "056",
    "villagename": "Kodimangalam                  ",
    "villagetname": "59 கொடிமங்கலம்                                                                                                               "
  },
  {
    "villagecode": "055",
    "villagename": "Koolapandi                    ",
    "villagetname": "60 கூளப்பாண்டி                                                                                                               "
  },
  {
    "villagecode": "013",
    "villagename": "Kovilkurunthankulam           ",
    "villagetname": "17 கோவில்குருந்தங்குளம்                                                                                                      "
  },
  {
    "villagecode": "018",
    "villagename": "Kovil Pappakudi               ",
    "villagetname": "23 கோவில்பாப்பாகுடி                                                                                                          "
  },
  {
    "villagecode": "033",
    "villagename": "Kulamangalam Bit 1            ",
    "villagetname": "28 குலமங்கலம் பிட் 1                                                                                                         "
  },
  {
    "villagecode": "239",
    "villagename": "Kulamangalam Bit 2            ",
    "villagetname": "29 குலமங்கலம் பிட் 2                                                                                                         "
  },
  {
    "villagecode": "065",
    "villagename": "Malaipatti                    ",
    "villagetname": "48 மாலைப்பட்டி                                                                                                               "
  },
  {
    "villagecode": "237",
    "villagename": "Managiri Bit 2                ",
    "villagetname": "27 மானகிரி பிட் 2                                                                                                            "
  },
  {
    "villagecode": "069",
    "villagename": "Manjampatti                   ",
    "villagetname": "52 மஞ்சம்பட்டி                                                                                                               "
  },
  {
    "villagecode": "060",
    "villagename": "Manthikulam                   ",
    "villagetname": "57 மந்திகுளம்                                                                                                                "
  },
  {
    "villagecode": "051",
    "villagename": "Maranavariyenthal             ",
    "villagetname": "62 மாரணவாரியேந்தல்                                                                                                           "
  },
  {
    "villagecode": "028",
    "villagename": "Melapanangadi                 ",
    "villagetname": "34 மேலப்பனங்காடி                                                                                                             "
  },
  {
    "villagecode": "026",
    "villagename": "Milakaranai                   ",
    "villagetname": "33 மிளகரணை                                                                                                                   "
  },
  {
    "villagecode": "010",
    "villagename": "Moolakuruchi                  ",
    "villagetname": "15 மூலக்குறிச்சி                                                                                                             "
  },
  {
    "villagecode": "059",
    "villagename": "Paraipatti                    ",
    "villagetname": "55 பாறைப்பட்டி                                                                                                               "
  },
  {
    "villagecode": "039",
    "villagename": "Parasurampatti                ",
    "villagetname": "72 பரசுராம்பட்டி                                                                                                             "
  },
  {
    "villagecode": "014",
    "villagename": "Paravai Bit 1                 ",
    "villagetname": "19 பரவை பிட் 1                                                                                                               "
  },
  {
    "villagecode": "202",
    "villagename": "Paravai Bit 2                 ",
    "villagetname": "20 பரவை பிட் 2                                                                                                               "
  },
  {
    "villagecode": "040",
    "villagename": "Parayathikulam                ",
    "villagetname": "73 பறையாத்திகுளம்                                                                                                            "
  },
  {
    "villagecode": "015",
    "villagename": "Pattakkurichi                 ",
    "villagetname": "24 பட்டக்குறிச்சி                                                                                                            "
  },
  {
    "villagecode": "061",
    "villagename": "Periyapatti                   ",
    "villagetname": "56 பெரியபட்டி                                                                                                                "
  },
  {
    "villagecode": "036",
    "villagename": "Petchikulam                   ",
    "villagetname": "42 பேச்சிகுளம்                                                                                                               "
  },
  {
    "villagecode": "009",
    "villagename": "Pillaiyarnatham               ",
    "villagetname": "14 பிள்ளையார் நத்தம்                                                                                                         "
  },
  {
    "villagecode": "064",
    "villagename": "Poolampatti                   ",
    "villagetname": "47 பூலாம்பட்டி                                                                                                               "
  },
  {
    "villagecode": "050",
    "villagename": "Poonaari                      ",
    "villagetname": "63 பூநாரி                                                                                                                    "
  },
  {
    "villagecode": "017",
    "villagename": "Pothumbu Bit 1                ",
    "villagetname": "26 பொதும்பு பிட்1                                                                                                            "
  },
  {
    "villagecode": "205",
    "villagename": "Pothumbu Bit 2                ",
    "villagetname": "27 பொதும்பு பிட்2                                                                                                            "
  },
  {
    "villagecode": "002",
    "villagename": "Samayanallur                  ",
    "villagetname": "3 சமயநல்லூர்                                                                                                                 "
  },
  {
    "villagecode": "008",
    "villagename": "Sambakkulam                   ",
    "villagetname": "13 சம்பக்குளம்                                                                                                               "
  },
  {
    "villagecode": "024",
    "villagename": "Sambanthar Alangulam          ",
    "villagetname": "37 சம்பந்தர் ஆலங்குளம்                                                                                                       "
  },
  {
    "villagecode": "020",
    "villagename": "Silaiyaneri                   ",
    "villagetname": "35 சிலையனேரி                                                                                                                 "
  },
  {
    "villagecode": "233",
    "villagename": "Sirudhur                      ",
    "villagetname": "69 சிறுதூர்                                                                                                                  "
  },
  {
    "villagecode": "007",
    "villagename": "Siruvalai                     ",
    "villagetname": "9 சிறுவாலை                                                                                                                   "
  },
  {
    "villagecode": "220",
    "villagename": "Siruvalai Ariyur 4            ",
    "villagetname": "11 சிறுவாலை-அரியூர்-4                                                                                                        "
  },
  {
    "villagecode": "214",
    "villagename": "Siruvalai Chellanakoundanpatty",
    "villagetname": "10 சிறுவாலை செல்லனக்கவுண்டன்பட்டி                                                                                            "
  },
  {
    "villagecode": "238",
    "villagename": "Thathaneri                    ",
    "villagetname": "36 தத்தனேரி                                                                                                                  "
  },
  {
    "villagecode": "001",
    "villagename": "Thenur Bit 1                  ",
    "villagetname": "1 தேனூர் பிட் 1                                                                                                              "
  },
  {
    "villagecode": "228",
    "villagename": "Thenur Bit 2                  ",
    "villagetname": "2 தேனூர் பிட் 2                                                                                                              "
  },
  {
    "villagecode": "063",
    "villagename": "Therkupethampatti             ",
    "villagetname": "46 தெற்கு பெத்தாம்பட்டி                                                                                                      "
  },
  {
    "villagecode": "037",
    "villagename": "Thiruppalai                   ",
    "villagetname": "70 திருப்பாலை                                                                                                                "
  },
  {
    "villagecode": "003",
    "villagename": "Thodaneri Bit 1               ",
    "villagetname": "4 தோடனேரி பிட் 1                                                                                                             "
  },
  {
    "villagecode": "218",
    "villagename": "Thodaneri Bit 2               ",
    "villagetname": "4 தோடனேரி பிட்2                                                                                                              "
  },
  {
    "villagecode": "057",
    "villagename": "Usilampatti                   ",
    "villagetname": "58 உசிலம்பட்டி                                                                                                               "
  },
  {
    "villagecode": "032",
    "villagename": "Vadugapatti                   ",
    "villagetname": "31 வடுகபட்டி                                                                                                                 "
  },
  {
    "villagecode": "027",
    "villagename": "Vagaikulam                    ",
    "villagetname": "32 வாகைகுளம்                                                                                                                 "
  },
  {
    "villagecode": "004",
    "villagename": "Vairavanatham                 ",
    "villagetname": "6 வைரவநத்தம்                                                                                                                 "
  },
  {
    "villagecode": "006",
    "villagename": "Vayalur                       ",
    "villagetname": "8 வயலூர்                                                                                                                     "
  },
  {
    "villagecode": "035",
    "villagename": "Veerapandi Bit 1              ",
    "villagetname": "44 வீரபாண்டி பிட் 1                                                                                                          "
  },
  {
    "villagecode": "209",
    "villagename": "Veerapandi Bit 2              ",
    "villagetname": "43 வீரபாண்டி பிட் 2                                                                                                          "
  },
  {
    "villagecode": "066",
    "villagename": "Velichanatham                 ",
    "villagetname": "49 வெளிச்சநத்தம்                                                                                                             "
  },
  {
    "villagecode": "030",
    "villagename": "Veppankulam                   ",
    "villagetname": "41 வேப்பங்குளம்                                                                                                              "
  },
  {
    "villagecode": "019",
    "villagename": "Vilangudi Bit 1               ",
    "villagetname": "21 விளாங்குடி பிட் 1                                                                                                         "
  },
  {
    "villagecode": "235",
    "villagename": "Vilangudi Bit 2               ",
    "villagetname": "22 விளாங்குடி பிட் 2                                                                                                         "
  },
  {
    "villagecode": "005",
    "villagename": "Vittankulam                   ",
    "villagetname": "7 விட்டங்குளம்                                                                                                               "
  }
]
