[
  {
    "villagecode": "188",
    "villagename": "Aakanur                  ",
    "villagetname": "ஆக்கனூர்                                                                                                                     "
  },
  {
    "villagecode": "113",
    "villagename": "Aalangkuppam             ",
    "villagetname": "ஆலங்குப்பம்                                                                                                                  "
  },
  {
    "villagecode": "194",
    "villagename": "Aamoor                   ",
    "villagetname": "ஆமூர்                                                                                                                        "
  },
  {
    "villagecode": "107",
    "villagename": "Aanaivari                ",
    "villagetname": "ஆணைவாரி                                                                                                                      "
  },
  {
    "villagecode": "125",
    "villagename": "Aanathur                 ",
    "villagetname": "ஆனத்தூர்                                                                                                                     "
  },
  {
    "villagecode": "109",
    "villagename": "Aatthipattu",
    "villagetname": "ஆத்திப்பட்டு                                                                                                                 "
  },
  {
    "villagecode": "157",
    "villagename": "Andarayanoor             ",
    "villagetname": "அண்டராயனூர்"
  },
  {
    "villagecode": "128",
    "villagename": "Arasur                   ",
    "villagetname": "அரசூர்                                                                                                                       "
  },
  {
    "villagecode": "110",
    "villagename": "Arumpattu                ",
    "villagetname": "அரும்பட்டு                                                                                                                   "
  },
  {
    "villagecode": "100",
    "villagename": "Arungurukkai             ",
    "villagetname": "அருங்குறுக்கை                                                                                                                "
  },
  {
    "villagecode": "162",
    "villagename": "Chinnasevalai            ",
    "villagetname": "சின்னசெவலை                                                                                                                   "
  },
  {
    "villagecode": "192",
    "villagename": "C.Meyyur",
    "villagetname": "சி மெய்யூர்                                                                                                                  "
  },
  {
    "villagecode": "160",
    "villagename": "Elanthurai               ",
    "villagetname": "இளந்துரை"
  },
  {
    "villagecode": "166",
    "villagename": "Emappoor (North)         ",
    "villagetname": "ஏமப்பூர் வடக்கு                                                                                                              "
  },
  {
    "villagecode": "994",
    "villagename": "Emappur(South)",
    "villagetname": "ஏமப்பூர் (தெற்கு)                                                                                                            "
  },
  {
    "villagecode": "170",
    "villagename": "Enathimangalam           ",
    "villagetname": "ஏனாதிமங்கலம்                                                                                                                 "
  },
  {
    "villagecode": "173",
    "villagename": "Eralur                   ",
    "villagetname": "எரளுர்                                                                                                                       "
  },
  {
    "villagecode": "120",
    "villagename": "Iruvelpattu",
    "villagetname": "இருவேல்பட்டு                                                                                                                 "
  },
  {
    "villagecode": "115",
    "villagename": "Kannarampattu            ",
    "villagetname": "கண்ணாரம்பட்டு                                                                                                                "
  },
  {
    "villagecode": "129",
    "villagename": "Kanthalavadi             ",
    "villagetname": "காந்தலவாடி                                                                                                                   "
  },
  {
    "villagecode": "118",
    "villagename": "Karadi Pakkam            ",
    "villagetname": "கரடிபாக்கம்                                                                                                                  "
  },
  {
    "villagecode": "121",
    "villagename": "Karappattu               ",
    "villagetname": "காரப்பட்டு                                                                                                                   "
  },
  {
    "villagecode": "177",
    "villagename": "Keezhamangalam",
    "villagetname": "கீழமங்கலம்"
  },
  {
    "villagecode": "123",
    "villagename": "Keezhdhaniyalampattu",
    "villagetname": "கீழ்தணியாலம்பட்டு                                                                                                            "
  },
  {
    "villagecode": "098",
    "villagename": "Kondasamuthiram          ",
    "villagetname": "கொண்டசமுத்திரம்                                                                                                              "
  },
  {
    "villagecode": "155",
    "villagename": "Kongarayanoor            ",
    "villagetname": "கொங்கராயனூர்                                                                                                                 "
  },
  {
    "villagecode": "116",
    "villagename": "Kooranor                 ",
    "villagetname": "கூரானூர்                                                                                                                     "
  },
  {
    "villagecode": "197",
    "villagename": "Koththanur               ",
    "villagetname": "கொத்தனூர்                                                                                                                    "
  },
  {
    "villagecode": "106",
    "villagename": "Maathampattu",
    "villagetname": "மாதம்பட்டு                                                                                                                   "
  },
  {
    "villagecode": "112",
    "villagename": "Mamanthur                ",
    "villagetname": "மாமந்தூர்                                                                                                                    "
  },
  {
    "villagecode": "161",
    "villagename": "Manakkuppam              ",
    "villagetname": "மணக்குப்பம்                                                                                                                  "
  },
  {
    "villagecode": "169",
    "villagename": "Marankiyur               ",
    "villagetname": "மாரங்கியூர்                                                                                                                  "
  },
  {
    "villagecode": "165",
    "villagename": "Mazhaiyampattu           ",
    "villagetname": "மழையம்பட்டு                                                                                                                  "
  },
  {
    "villagecode": "175",
    "villagename": "Melamangalam             ",
    "villagetname": "மேலமங்கலம்                                                                                                                   "
  },
  {
    "villagecode": "122",
    "villagename": "Meldhaniyalampattu",
    "villagetname": "மேல்தணியாலம்பட்டு                                                                                                            "
  },
  {
    "villagecode": "193",
    "villagename": "Ottananthal              ",
    "villagetname": "ஒட்டனந்தல்                                                                                                                   "
  },
  {
    "villagecode": "156",
    "villagename": "Paiyur                   ",
    "villagetname": "பையூர்                                                                                                                       "
  },
  {
    "villagecode": "159",
    "villagename": "Panappakkam",
    "villagetname": "பனப்பாக்கம்"
  },
  {
    "villagecode": "108",
    "villagename": "Parukkampattu            ",
    "villagetname": "பருகம்பட்டு                                                                                                                  "
  },
  {
    "villagecode": "187",
    "villagename": "Pavanthur                ",
    "villagetname": "பாவந்தூர்                                                                                                                    "
  },
  {
    "villagecode": "186",
    "villagename": "Pennaivalam              ",
    "villagetname": "பெண்ணைவலம்                                                                                                                   "
  },
  {
    "villagecode": "119",
    "villagename": "Perangiyur               ",
    "villagetname": "பேரங்கியூர்                                                                                                                  "
  },
  {
    "villagecode": "196",
    "villagename": "Periyasevalai            ",
    "villagetname": "பெரியசெவலை                                                                                                                   "
  },
  {
    "villagecode": "127",
    "villagename": "Poyyarasoor              ",
    "villagetname": "பொய்யரசூர்                                                                                                                   "
  },
  {
    "villagecode": "104",
    "villagename": "Saravanapakkam           ",
    "villagetname": "சரவணபாக்கம்                                                                                                                  "
  },
  {
    "villagecode": "124",
    "villagename": "Semangalam               ",
    "villagetname": "சேமங்கலம்                                                                                                                    "
  },
  {
    "villagecode": "174",
    "villagename": "Semmar",
    "villagetname": "செம்மார்                                                                                                                     "
  },
  {
    "villagecode": "168",
    "villagename": "Sirumadurai              ",
    "villagetname": "சிறுமதுரை                                                                                                                    "
  },
  {
    "villagecode": "171",
    "villagename": "Siruvanur                ",
    "villagetname": "சிறுவானூர்                                                                                                                   "
  },
  {
    "villagecode": "992",
    "villagename": "Sithalingamadam (East)   ",
    "villagetname": "சித்தலிங்கமடம் கிழக்கு                                                                                                       "
  },
  {
    "villagecode": "111",
    "villagename": "Sithanangur              ",
    "villagetname": "சித்தானங்கூர்"
  },
  {
    "villagecode": "191",
    "villagename": "Sithilingamadam (West)   ",
    "villagetname": "சித்திலிங்கமடம்மேற்கு                                                                                                        "
  },
  {
    "villagecode": "158",
    "villagename": "T. Edaiyar               ",
    "villagetname": "டி எடையார்                                                                                                                   "
  },
  {
    "villagecode": "064",
    "villagename": "T.Edapalayam",
    "villagetname": "T.எடப்பாளையம்"
  },
  {
    "villagecode": "164",
    "villagename": "Thaduthatkondoor",
    "villagetname": "தடுத்தாட்கொண்டூர்                                                                                                            "
  },
  {
    "villagecode": "117",
    "villagename": "Thenmangalam             ",
    "villagetname": "தென்மங்கலம்                                                                                                                  "
  },
  {
    "villagecode": "114",
    "villagename": "Thirumundicharam         ",
    "villagetname": "திருமுண்டீச்சரம்                                                                                                             "
  },
  {
    "villagecode": "993",
    "villagename": "Thiruvennainallur (North)",
    "villagetname": "தி௫வெண்ணைநல்லூர் (வடக்கு)"
  },
  {
    "villagecode": "163",
    "villagename": "Thiruvennainallur (South)",
    "villagetname": "தி௫வெண்ணைநல்லூர் (தெற்கு)"
  },
  {
    "villagecode": "195",
    "villagename": "Tholangampattu           ",
    "villagetname": "துலங்கம்பட்டு"
  },
  {
    "villagecode": "101",
    "villagename": "T.Konalavadi",
    "villagetname": "டி.கொணலவாடி"
  },
  {
    "villagecode": "099",
    "villagename": "T.Kulathur",
    "villagetname": "தி.குளத்தூர்"
  },
  {
    "villagecode": "126",
    "villagename": "T. Kumaramangalam        ",
    "villagetname": "டி.குமாரமங்கலம்                                                                                                              "
  },
  {
    "villagecode": "167",
    "villagename": "T. Mazhavarayanur        ",
    "villagetname": "டி மழவராயனூர்                                                                                                                "
  },
  {
    "villagecode": "189",
    "villagename": "T. Puthupalayam          ",
    "villagetname": "டி புதுப்பாளையம்                                                                                                             "
  },
  {
    "villagecode": "172",
    "villagename": "T. Sathanur              ",
    "villagetname": "டி சாத்தனூர்                                                                                                                 "
  },
  {
    "villagecode": "176",
    "villagename": "Valaiyampattu            ",
    "villagetname": "வளையம்பட்டு                                                                                                                  "
  }
]
