[
  {
    "villagecode": "048",
    "villagename": "Annavasal                ",
    "villagetname": "அன்னவாசல்"
  },
  {
    "villagecode": "050",
    "villagename": "Annavasal Thenpathi 19-1",
    "villagetname": "அன்னவாசல் தென்பாதி 19-1"
  },
  {
    "villagecode": "030",
    "villagename": "Anumanthapuram",
    "villagetname": "அனுமந்தபுரம்"
  },
  {
    "villagecode": "051",
    "villagename": "Arichchapuram",
    "villagetname": "அரிச்சபுரம்"
  },
  {
    "villagecode": "005",
    "villagename": "Athanur",
    "villagetname": "ஆதனூர்"
  },
  {
    "villagecode": "010",
    "villagename": "Chettisathiram 8-2",
    "villagetname": "செட்டிசத்திரம் 8-2"
  },
  {
    "villagecode": "004",
    "villagename": "Chittamalli Melpathi",
    "villagetname": "சித்தமல்லி மேல்பாதி"
  },
  {
    "villagecode": "022",
    "villagename": "Edakelaiyur",
    "villagetname": "எடகீழையூர்"
  },
  {
    "villagecode": "021",
    "villagename": "Edakelaiyur 7-1",
    "villagetname": "எடகீழையூர் 7-1"
  },
  {
    "villagecode": "019",
    "villagename": "Edamelaiyur",
    "villagetname": "எடமேலையூர்"
  },
  {
    "villagecode": "018",
    "villagename": "Edamelaiyur 6-1",
    "villagetname": "எடமேலையூர் 6-1"
  },
  {
    "villagecode": "020",
    "villagename": "Edamelaiyur 6-2",
    "villagetname": "எடமேலையூர் 6-2"
  },
  {
    "villagecode": "009",
    "villagename": "Idaiyarnatham Padugai 8-1",
    "villagetname": "இடையர்நத்தம் படுகை 8-1"
  },
  {
    "villagecode": "023",
    "villagename": "Kalaanjimedu",
    "villagetname": "காளாஞ்சிமேடு"
  },
  {
    "villagecode": "025",
    "villagename": "Kalachcheri",
    "villagetname": "காளாச்சேரி"
  },
  {
    "villagecode": "040",
    "villagename": "Kalathur",
    "villagetname": "களத்தூர்"
  },
  {
    "villagecode": "032",
    "villagename": "Kamugakkudi",
    "villagetname": "கமுகக்குடி"
  },
  {
    "villagecode": "046",
    "villagename": "Kelalavandaseri",
    "villagetname": "கீழாளவந்தசோரி"
  },
  {
    "villagecode": "001",
    "villagename": "Kovilvenni",
    "villagetname": "கோவில்வெண்ணி"
  },
  {
    "villagecode": "038",
    "villagename": "Krishnan Kottagam",
    "villagetname": "கிருஷ்ணன் கோட்டகம்"
  },
  {
    "villagecode": "036",
    "villagename": "Mangudi",
    "villagetname": "மாங்குடி"
  },
  {
    "villagecode": "045",
    "villagename": "Melalavandaseri",
    "villagetname": "மேலாளவந்தசேரி"
  },
  {
    "villagecode": "012",
    "villagename": "Movarkkottai",
    "villagetname": "மூவர்க்கோட்டை"
  },
  {
    "villagecode": "006",
    "villagename": "Munnavalkkottai          ",
    "villagetname": "முன்னாவல்கோட்டை"
  },
  {
    "villagecode": "007",
    "villagename": "Munnavalkkottai  8-4",
    "villagetname": "முன்னாவல்கோட்டை 8-4"
  },
  {
    "villagecode": "002",
    "villagename": "Nagar                    ",
    "villagetname": "நகர்"
  },
  {
    "villagecode": "033",
    "villagename": "Olimathi",
    "villagetname": "ஒளிமதி"
  },
  {
    "villagecode": "041",
    "villagename": "Ottakkudi 13-2",
    "villagetname": "ஒட்டக்குடி 13-2"
  },
  {
    "villagecode": "028",
    "villagename": "Palaiya Nedamangalam",
    "villagetname": "பழைய நீடாமங்கலம்"
  },
  {
    "villagecode": "044",
    "villagename": "Palankalathur 13-1",
    "villagetname": "பழங்களத்தூர் 13-1"
  },
  {
    "villagecode": "003",
    "villagename": "Pannimangalam",
    "villagetname": "பன்னிமங்கலம்"
  },
  {
    "villagecode": "027",
    "villagename": "Parappanamedu",
    "villagetname": "பரப்பனாமோடு"
  },
  {
    "villagecode": "035",
    "villagename": "Pathur",
    "villagetname": "பத்தூர்"
  },
  {
    "villagecode": "029",
    "villagename": "Perambur",
    "villagetname": "பெரம்பூர்"
  },
  {
    "villagecode": "039",
    "villagename": "Perumaalakaram",
    "villagetname": "பெருமாளகரம்"
  },
  {
    "villagecode": "008",
    "villagename": "Pithundam 8-3            ",
    "villagetname": "பித்துண்டம் 8-3"
  },
  {
    "villagecode": "026",
    "villagename": "Povanur",
    "villagetname": "பூவனூர்"
  },
  {
    "villagecode": "011",
    "villagename": "Pullavarayankudikadu",
    "villagetname": "புள்ளவராயன்குடிகாடு"
  },
  {
    "villagecode": "047",
    "villagename": "Puthuthevankudi",
    "villagetname": "புதுத்தேவன்குடி"
  },
  {
    "villagecode": "024",
    "villagename": "Rayapuram                ",
    "villagetname": "ராயபுரம்"
  },
  {
    "villagecode": "043",
    "villagename": "Rishiyur",
    "villagetname": "ரிஷியூர்"
  },
  {
    "villagecode": "042",
    "villagename": "Tirukkannamangai Kottagam 13-3",
    "villagetname": "திருக்கண்ணமங்கை கோட்டகம் 13-3"
  },
  {
    "villagecode": "037",
    "villagename": "Urkudi",
    "villagetname": "ஊர்குடி"
  },
  {
    "villagecode": "049",
    "villagename": "Vadakaravayal",
    "villagetname": "வடகாரவயல்"
  },
  {
    "villagecode": "015",
    "villagename": "Vaduvur Agraharam",
    "villagetname": "வடுவூர் அக்ரஹாரம்"
  },
  {
    "villagecode": "013",
    "villagename": "Vaduvur Melpathi",
    "villagetname": "வடுவூர் மேல்பாதி"
  },
  {
    "villagecode": "016",
    "villagename": "Vaduvur Thenpathi",
    "villagetname": "வடுவூர் தென்பாதி"
  },
  {
    "villagecode": "017",
    "villagename": "Vaduvur Thenpathi 5-1",
    "villagetname": "வடுவூர்தென்பாதி 5-1"
  },
  {
    "villagecode": "014",
    "villagename": "Vaduvur Vadapathi",
    "villagetname": "வடுவூர் வடபாதி"
  },
  {
    "villagecode": "031",
    "villagename": "Vaiyakalathur 12-1",
    "villagetname": "வையகளத்தூர் 12-1"
  },
  {
    "villagecode": "034",
    "villagename": "Viswanathapuram          ",
    "villagetname": "விஸ்வநாதபுரம்"
  }
]
