[
  {
    "villagecode": "007",
    "villagename": "Balacola-1               ",
    "villagetname": "பாலகொலா-1                                                                                                                    "
  },
  {
    "villagecode": "011",
    "villagename": "Balacola 2               ",
    "villagetname": "பாலகொலா 2                                                                                                                    "
  },
  {
    "villagecode": "002",
    "villagename": " Bikkatty                ",
    "villagetname": "பிக்கட்டி                                                                                                                    "
  },
  {
    "villagecode": "001",
    "villagename": "Ithalar 1                ",
    "villagetname": "இத்தலார் 1                                                                                                                   "
  },
  {
    "villagecode": "010",
    "villagename": "Ithalar 2                ",
    "villagetname": "இத்தலார் 2                                                                                                                   "
  },
  {
    "villagecode": "006",
    "villagename": "Kil Kundah 1             ",
    "villagetname": "கீழ்குந்தா 1                                                                                                                 "
  },
  {
    "villagecode": "012",
    "villagename": "Kil-Kundah 2             ",
    "villagetname": "கீழ்குந்தா-2                                                                                                                 "
  },
  {
    "villagecode": "004",
    "villagename": "Kinnakorai               ",
    "villagetname": "கிண்ணக்கொரை                                                                                                                  "
  },
  {
    "villagecode": "005",
    "villagename": "Mel-Kundah               ",
    "villagetname": "மேல்குந்தா                                                                                                                   "
  },
  {
    "villagecode": "003",
    "villagename": "Mulligoor                ",
    "villagetname": "முள்ளிகூர்                                                                                                                   "
  }
]
