[
  {
    "villagecode": "033",
    "villagename": "Annamalaihalli                ",
    "villagetname": "033 அண்ணாமலைஅள்ளி                                                                                                                                     "
  },
  {
    "villagecode": "001",
    "villagename": "Attimutlu                     ",
    "villagetname": "001 அத்திமுட்லு                                                                                                                                       "
  },
  {
    "villagecode": "929",
    "villagename": "Balarahalli                   ",
    "villagetname": "929 பேளாரஅள்ளி                                                                                                                                        "
  },
  {
    "villagecode": "059",
    "villagename": "Baragur                       ",
    "villagetname": "059 பரகூர்                                                                                                                                            "
  },
  {
    "villagecode": "051",
    "villagename": "Batthalahalli                 ",
    "villagetname": "051 பத்தலஅள்ளி                                                                                                                                        "
  },
  {
    "villagecode": "907",
    "villagename": "Belagaburam                   ",
    "villagetname": "907 பெலகாபுரம                                                                                                                                         "
  },
  {
    "villagecode": "018",
    "villagename": "Belamaranahalli               ",
    "villagetname": "018 பெலமாரனஅள்ளி                                                                                                                                      "
  },
  {
    "villagecode": "009",
    "villagename": "Bevuhalli                     ",
    "villagetname": "009 பேவுஅள்ளி                                                                                                                                         "
  },
  {
    "villagecode": "091",
    "villagename": "Bikkanahalli                  ",
    "villagetname": "091 பிக்கனஅள்ளி                                                                                                                                       "
  },
  {
    "villagecode": "078",
    "villagename": "Bodiguttapalli                ",
    "villagetname": "078 போடிகுட்டப்பள்ளி                                                                                                                                  "
  },
  {
    "villagecode": "041",
    "villagename": "Bolabaguthanahalli            ",
    "villagetname": "041 போலபகுத்தனஅள்ளி                                                                                                                                   "
  },
  {
    "villagecode": "016",
    "villagename": "Boodihalli                    ",
    "villagetname": "016 பூதிஅள்ளி                                                                                                                                         "
  },
  {
    "villagecode": "056",
    "villagename": "Booganahalli                  ",
    "villagetname": "056 பூகானஅள்ளி                                                                                                                                        "
  },
  {
    "villagecode": "013",
    "villagename": "Boppidi                       ",
    "villagetname": "013 பொப்பிடி                                                                                                                                          "
  },
  {
    "villagecode": "053",
    "villagename": "Botthalahalli                 ",
    "villagetname": "053 போத்தலஅள்ளி                                                                                                                                       "
  },
  {
    "villagecode": "057",
    "villagename": "Chekkodi                      ",
    "villagetname": "057 செக்கோடி                                                                                                                                          "
  },
  {
    "villagecode": "058",
    "villagename": "Chelliyampatti                ",
    "villagetname": "058 செல்லியம்பட்டி                                                                                                                                    "
  },
  {
    "villagecode": "004",
    "villagename": "Chennamenahalli               ",
    "villagetname": "004 சென்னமேனஅள்ளி                                                                                                                                     "
  },
  {
    "villagecode": "003",
    "villagename": "Chikkadhoranabetta            ",
    "villagetname": "003 சிக்கதோரணபெட்டம்                                                                                                                                  "
  },
  {
    "villagecode": "005",
    "villagename": "Chikkamarandahalli            ",
    "villagetname": "005 சிக்கமாரண்டஅள்ளி                                                                                                                                  "
  },
  {
    "villagecode": "028",
    "villagename": "Chikkardanahalli              ",
    "villagetname": "028 சிக்கார்தனஅள்ளி                                                                                                                                   "
  },
  {
    "villagecode": "080",
    "villagename": "Chinnegoundanahalli           ",
    "villagetname": "080 சின்னேகவுண்டனஅள்ளி                                                                                                                                "
  },
  {
    "villagecode": "081",
    "villagename": "Chudanur                      ",
    "villagetname": "081 சூடனூர்                                                                                                                                           "
  },
  {
    "villagecode": "026",
    "villagename": "Dandukaranahalli              ",
    "villagetname": "026 தண்டுகாரனஅள்ளி                                                                                                                                    "
  },
  {
    "villagecode": "011",
    "villagename": "Errakuttahalli                ",
    "villagetname": "011 எர்ரகுட்டஅள்ளி                                                                                                                                    "
  },
  {
    "villagecode": "024",
    "villagename": "Erranahalli                   ",
    "villagetname": "024 எர்ரனஅள்ளி                                                                                                                                        "
  },
  {
    "villagecode": "014",
    "villagename": "Erudukuttahalli               ",
    "villagetname": "014 எருதுகுட்டஅள்ளி                                                                                                                                   "
  },
  {
    "villagecode": "084",
    "villagename": "Giddanahalli                  ",
    "villagetname": "084 கிட்டனஅள்ளி                                                                                                                                       "
  },
  {
    "villagecode": "020",
    "villagename": "Gujjarahalli                  ",
    "villagetname": "020 குஜ்ஜாரஅள்ளி                                                                                                                                      "
  },
  {
    "villagecode": "082",
    "villagename": "Gummanur                      ",
    "villagetname": "082 கும்மனூர்                                                                                                                                         "
  },
  {
    "villagecode": "049",
    "villagename": "Guttalahalli                  ",
    "villagetname": "049 குத்தலஅள்ளி                                                                                                                                       "
  },
  {
    "villagecode": "088",
    "villagename": "Jakkasamudram                 ",
    "villagetname": "088 ஜக்கசமுத்திரம்                                                                                                                                    "
  },
  {
    "villagecode": "025",
    "villagename": "Jertalav                      ",
    "villagetname": "025 ஜெர்தலாவ்                                                                                                                                         "
  },
  {
    "villagecode": "083",
    "villagename": "Jittandahalli                 ",
    "villagetname": "083 ஜிட்டாண்டஅள்ளி                                                                                                                                    "
  },
  {
    "villagecode": "015",
    "villagename": "Kanavenahalli                 ",
    "villagetname": "015 கனவேனஅள்ளி                                                                                                                                        "
  },
  {
    "villagecode": "042",
    "villagename": "Karagadhahalli                ",
    "villagetname": "042 கரகதஅள்ளி                                                                                                                                         "
  },
  {
    "villagecode": "047",
    "villagename": "Karukkamaranahalli            ",
    "villagetname": "047 கருக்குமாரனஅள்ளி                                                                                                                                  "
  },
  {
    "villagecode": "090",
    "villagename": "Karukkanahalli                ",
    "villagetname": "090 கருக்கனஅள்ளி                                                                                                                                      "
  },
  {
    "villagecode": "048",
    "villagename": "Kattanahalli                  ",
    "villagetname": "048 காட்டனஅள்ளி                                                                                                                                       "
  },
  {
    "villagecode": "007",
    "villagename": "Kendenahalli                  ",
    "villagetname": "007 கெண்டேனஅள்ளி                                                                                                                                      "
  },
  {
    "villagecode": "902",
    "villagename": "Koravandahalli                ",
    "villagetname": "902 கொரவாண்டஅள்ளி                                                                                                                                     "
  },
  {
    "villagecode": "085",
    "villagename": "Mahendramangalam              ",
    "villagetname": "085 மகேந்திரமங்கலம்                                                                                                                                   "
  },
  {
    "villagecode": "006",
    "villagename": "Marandahalli                  ",
    "villagetname": "006 மாரண்டஅள்ளி                                                                                                                                       "
  },
  {
    "villagecode": "086",
    "villagename": "Maravadi                      ",
    "villagetname": "086 மாரவாடி                                                                                                                                           "
  },
  {
    "villagecode": "046",
    "villagename": "Modugulahalli                 ",
    "villagetname": "046 மோதுகுலஅள்ளி                                                                                                                                      "
  },
  {
    "villagecode": "092",
    "villagename": "Murukkalnattam                ",
    "villagetname": "092 முருக்கல்நத்தம்                                                                                                                                   "
  },
  {
    "villagecode": "017",
    "villagename": "Nallur                        ",
    "villagetname": "017 நல்லூர்                                                                                                                                           "
  },
  {
    "villagecode": "079",
    "villagename": "Nammandahalli                 ",
    "villagetname": "079 நம்மாண்டஅள்ளி                                                                                                                                     "
  },
  {
    "villagecode": "052",
    "villagename": "Neralamaradahalli             ",
    "villagetname": "052 நேரலமருதஅள்ளி                                                                                                                                     "
  },
  {
    "villagecode": "029",
    "villagename": "Palakodu                      ",
    "villagetname": "029 பாலக்கோடு                                                                                                                                         "
  },
  {
    "villagecode": "076",
    "villagename": "Panjappalli                   ",
    "villagetname": "076 பஞ்சப்பள்ளி                                                                                                                                       "
  },
  {
    "villagecode": "045",
    "villagename": "Papanaickanahalli             ",
    "villagetname": "045 பாப்பிநாய்க்கனஅள்ளி                                                                                                                               "
  },
  {
    "villagecode": "077",
    "villagename": "Periyanur                     ",
    "villagetname": "077 பெரியானூர்                                                                                                                                        "
  },
  {
    "villagecode": "055",
    "villagename": "P.Gollahalli                  ",
    "villagetname": "055 கொல்லஅள்ளி                                                                                                                                        "
  },
  {
    "villagecode": "023",
    "villagename": "P.Settihalli                  ",
    "villagetname": "023 பி.செட்டிஅள்ளி                                                                                                                                    "
  },
  {
    "villagecode": "030",
    "villagename": "Pulikkal                      ",
    "villagetname": "030 புலிக்கல்                                                                                                                                         "
  },
  {
    "villagecode": "054",
    "villagename": "Pulikkarai                    ",
    "villagetname": "054 புலிக்கரை                                                                                                                                         "
  },
  {
    "villagecode": "022",
    "villagename": "Rangampatti                   ",
    "villagetname": "022 ரங்கம்பட்டி                                                                                                                                       "
  },
  {
    "villagecode": "002",
    "villagename": "Samanur                       ",
    "villagetname": "002 சாமனூர்                                                                                                                                           "
  },
  {
    "villagecode": "021",
    "villagename": "Sanganbasuvantalav            ",
    "villagetname": "021 செங்கன்பசுவந்தலாவ்                                                                                                                                "
  },
  {
    "villagecode": "012",
    "villagename": "Seerandapuram                 ",
    "villagetname": "012 சீராண்டபுரம்                                                                                                                                      "
  },
  {
    "villagecode": "010",
    "villagename": "Seerianahalli                 ",
    "villagetname": "010 சீரியனஅள்ளி                                                                                                                                       "
  },
  {
    "villagecode": "043",
    "villagename": "Settihalli                    ",
    "villagetname": "043 செட்டிஅள்ளி                                                                                                                                       "
  },
  {
    "villagecode": "050",
    "villagename": "Sittiganahalli                ",
    "villagetname": "050 சிட்டிகானஅள்ளி                                                                                                                                    "
  },
  {
    "villagecode": "008",
    "villagename": "Thirumalvadi                  ",
    "villagetname": "008 திருமல்வாடி                                                                                                                                       "
  },
  {
    "villagecode": "044",
    "villagename": "Thomalahalli                  ",
    "villagetname": "044 தோமலஅள்ளி                                                                                                                                         "
  },
  {
    "villagecode": "087",
    "villagename": "Timmarayanahalli              ",
    "villagetname": "087 திம்மராயனஅள்ளி                                                                                                                                    "
  },
  {
    "villagecode": "019",
    "villagename": "Upparahalli                   ",
    "villagetname": "019 உப்பாரஅள்ளி                                                                                                                                       "
  },
  {
    "villagecode": "089",
    "villagename": "Velakalahalli                 ",
    "villagetname": "089 வெலகலஅள்ளி                                                                                                                                        "
  }
]
