[
  {
    "villagecode": "018",
    "villagename": "Ammapatti                ",
    "villagetname": "அம்மாபட்டி                                                                                                                   "
  },
  {
    "villagecode": "011",
    "villagename": "Ayartharmam              ",
    "villagetname": "ஆயர்தரமம்                                                                                                                    "
  },
  {
    "villagecode": "010",
    "villagename": "Elanthaikulam            ",
    "villagetname": "இலந்தக்குளம்                                                                                                                 "
  },
  {
    "villagecode": "014",
    "villagename": "Ionkarisalkulam          ",
    "villagetname": "அயன்கரசல்குளம்                                                                                                               "
  },
  {
    "villagecode": "017",
    "villagename": "Kalathur                 ",
    "villagetname": "களத்துார                                                                                                                     "
  },
  {
    "villagecode": "001",
    "villagename": "Kansapuram               ",
    "villagetname": "கான்சாபுரம்                                                                                                                  "
  },
  {
    "villagecode": "009",
    "villagename": "Kottayoor                ",
    "villagetname": "கோட்டையுர                                                                                                                    "
  },
  {
    "villagecode": "012",
    "villagename": "Kovinthanallur           ",
    "villagetname": "கோவிந்தநல்லுார                                                                                                               "
  },
  {
    "villagecode": "026",
    "villagename": "Kunnur                   ",
    "villagetname": "குன்னுார                                                                                                                     "
  },
  {
    "villagecode": "005",
    "villagename": "Maharajapuram            ",
    "villagetname": "மகராஜபுரம்                                                                                                                   "
  },
  {
    "villagecode": "008",
    "villagename": "Marikkalamkatthan        ",
    "villagetname": "மரக்கலம்காத்தான்                                                                                                             "
  },
  {
    "villagecode": "019",
    "villagename": "Moovaraiventran          ",
    "villagetname": "மூவரைவென்றான்                                                                                                                "
  },
  {
    "villagecode": "021",
    "villagename": "Nathampatti              ",
    "villagetname": "நத்தம்பட்டி                                                                                                                  "
  },
  {
    "villagecode": "015",
    "villagename": "Ruthirappanaickenpatti   ",
    "villagetname": "ருத்திரப்பநாயக்கன்பட்டி                                                                                                      "
  },
  {
    "villagecode": "022",
    "villagename": "Semmanandi Karisalkulam  ",
    "villagetname": "செம்மணாண்டி கரசல்குளம்                                                                                                       "
  },
  {
    "villagecode": "002",
    "villagename": "S.Kudikulam              ",
    "villagetname": "எஸ் கொடிக்குளம்                                                                                                              "
  },
  {
    "villagecode": "007",
    "villagename": "Sundarapandiyam          ",
    "villagetname": "சுந்தரபாண்டியம்                                                                                                              "
  },
  {
    "villagecode": "006",
    "villagename": "Thampipatti              ",
    "villagetname": "தம்பிபட்டி                                                                                                                   "
  },
  {
    "villagecode": "020",
    "villagename": "Thulukkapatti            ",
    "villagetname": "துலுக்கப்பட்டி                                                                                                               "
  },
  {
    "villagecode": "016",
    "villagename": "Vadukapatti              ",
    "villagetname": "வடுகபட்டி                                                                                                                    "
  },
  {
    "villagecode": "003",
    "villagename": "Vathiraeruppu            ",
    "villagetname": "வத்திராயிருப்பு                                                                                                              "
  },
  {
    "villagecode": "013",
    "villagename": "Vellapottal              ",
    "villagetname": "வெள்ளப்பொட்டல்                                                                                                               "
  },
  {
    "villagecode": "004",
    "villagename": "V.Pudhupatti             ",
    "villagetname": "வ புதுப்பட்டி                                                                                                                "
  }
]
