[
  {
    "villagecode": "170",
    "villagename": "Aarampannai              ",
    "villagetname": "ஆராம்பண்ணை                                                                                                                   "
  },
  {
    "villagecode": "030",
    "villagename": "Alanda                   ",
    "villagetname": "ஆலந்தா                                                                                                                       "
  },
  {
    "villagecode": "200",
    "villagename": "Alikudi                  ",
    "villagetname": "ஆழிகுடி                                                                                                                      "
  },
  {
    "villagecode": "160",
    "villagename": "Alwarkarkulam            ",
    "villagetname": "ஆழ்வார்கற்குளம்                                                                                                              "
  },
  {
    "villagecode": "370",
    "villagename": "Aniyaparanallur          ",
    "villagetname": "அனியாபரநல்லூர்                                                                                                               "
  },
  {
    "villagecode": "300",
    "villagename": "Cherakulam               ",
    "villagetname": "சேரகுளம்                                                                                                                     "
  },
  {
    "villagecode": "100",
    "villagename": "Chettimallanpatti        ",
    "villagetname": "செட்டிமல்லன்பட்டி                                                                                                            "
  },
  {
    "villagecode": "080",
    "villagename": "Deivaseyalpuram          ",
    "villagetname": "தெய்வசெயல்புரம்                                                                                                              "
  },
  {
    "villagecode": "090",
    "villagename": "Ellainayakkanpatti       ",
    "villagetname": "எல்லைநாயக்கன்பட்டி                                                                                                           "
  },
  {
    "villagecode": "010",
    "villagename": "Kaliyavur                ",
    "villagetname": "கலியாவூர்                                                                                                                    "
  },
  {
    "villagecode": "320",
    "villagename": "Kalvai                   ",
    "villagetname": "கால்வாய்                                                                                                                     "
  },
  {
    "villagecode": "280",
    "villagename": "Karungulam               ",
    "villagetname": "கருங்குளம்                                                                                                                   "
  },
  {
    "villagecode": "110",
    "villagename": "Keela Vallanadu          ",
    "villagetname": "கீழவல்லநாடு                                                                                                                  "
  },
  {
    "villagecode": "180",
    "villagename": "Kongarayakurichi         ",
    "villagetname": "கொங்கராயக்குறிச்சி                                                                                                           "
  },
  {
    "villagecode": "440",
    "villagename": "K.Varatharajapuram       ",
    "villagetname": "கீழ்ப்பிடாகை வரதராஜபுரம்                                                                                                     "
  },
  {
    "villagecode": "150",
    "villagename": "Manakkarai               ",
    "villagetname": "மணக்கரை                                                                                                                      "
  },
  {
    "villagecode": "230",
    "villagename": "Murappanadu Kilaputhaneri",
    "villagetname": "முறப்பநாடு கீழ புத்தனேரி                                                                                                     "
  },
  {
    "villagecode": "220",
    "villagename": "Murappanadu Kovilpathu   ",
    "villagetname": "முறப்பநாடு கோவில்பத்து                                                                                                       "
  },
  {
    "villagecode": "210",
    "villagename": "Murappanadu Puthugramam  ",
    "villagetname": "முறப்பநாடு புதுக்கிராமம்                                                                                                     "
  },
  {
    "villagecode": "190",
    "villagename": "Muthalangurichi          ",
    "villagetname": "முத்தாலங்குறிச்சி                                                                                                            "
  },
  {
    "villagecode": "140",
    "villagename": "Nanalkadu                ",
    "villagetname": "நாணல்காடு                                                                                                                    "
  },
  {
    "villagecode": "360",
    "villagename": "Padmanabhamangalam       ",
    "villagetname": "பத்மனாபமங்கலம்                                                                                                               "
  },
  {
    "villagecode": "450",
    "villagename": "Parakiramapandi          ",
    "villagetname": "பராக்கிரமபாண்டி                                                                                                              "
  },
  {
    "villagecode": "460",
    "villagename": "Perur                    ",
    "villagetname": "பேரூர்                                                                                                                       "
  },
  {
    "villagecode": "040",
    "villagename": "Poovani                  ",
    "villagetname": "பூவாணி                                                                                                                       "
  },
  {
    "villagecode": "270",
    "villagename": "Seidunganallur           ",
    "villagetname": "செய்துங்கநல்லூர்                                                                                                             "
  },
  {
    "villagecode": "051",
    "villagename": "Sekkarakudi-I            ",
    "villagetname": "செக்காரக்குடி-1                                                                                                              "
  },
  {
    "villagecode": "052",
    "villagename": "Sekkarakudi-Ii           ",
    "villagetname": "செக்காரக்குடி-2                                                                                                              "
  },
  {
    "villagecode": "060",
    "villagename": "Singattakurichi          ",
    "villagetname": "சிங்கத்தாகுறிச்சி                                                                                                            "
  },
  {
    "villagecode": "390",
    "villagename": "Srimulakkarai            ",
    "villagetname": "ஸ்ரீமூலக்கரை                                                                                                                 "
  },
  {
    "villagecode": "420",
    "villagename": "Sriparankusanallur       ",
    "villagetname": "ஸ்ரீபராங்குசநல்லூர்                                                                                                          "
  },
  {
    "villagecode": "400",
    "villagename": "Srivaikuntam             ",
    "villagetname": "ஸ்ரீவைகுண்டம்                                                                                                                "
  },
  {
    "villagecode": "290",
    "villagename": "Therku Karaseri          ",
    "villagetname": "தெற்கு காரசேரி                                                                                                               "
  },
  {
    "villagecode": "430",
    "villagename": "Thiruppuliyangudi        ",
    "villagetname": "திருப்புளியங்குடி                                                                                                            "
  },
  {
    "villagecode": "350",
    "villagename": "Tholappanpannai          ",
    "villagetname": "தோழப்பன்பண்ணை                                                                                                                "
  },
  {
    "villagecode": "020",
    "villagename": "Ulakudi                  ",
    "villagetname": "உழக்குடி                                                                                                                     "
  },
  {
    "villagecode": "070",
    "villagename": "Vadakku Karaseri         ",
    "villagetname": "வடக்கு காரசேரி                                                                                                               "
  },
  {
    "villagecode": "120",
    "villagename": "Vada Vallanadu           ",
    "villagetname": "வடவல்லநாடு                                                                                                                   "
  },
  {
    "villagecode": "310",
    "villagename": "Vallakulam               ",
    "villagetname": "வல்லகுளம்                                                                                                                    "
  },
  {
    "villagecode": "130",
    "villagename": "Vallanadu Kasba          ",
    "villagetname": "வல்லநாடு கஸ்பா                                                                                                               "
  },
  {
    "villagecode": "240",
    "villagename": "Vasavappapuram           ",
    "villagetname": "வசவப்பபுரம்                                                                                                                  "
  },
  {
    "villagecode": "340",
    "villagename": "Velur Adichanallur       ",
    "villagetname": "வேளுர் ஆதிச்சநல்லூர்                                                                                                         "
  },
  {
    "villagecode": "330",
    "villagename": "Velur Kasba              ",
    "villagetname": "வேளுர் கஸ்பா                                                                                                                 "
  },
  {
    "villagecode": "410",
    "villagename": "Velur Pudukudi           ",
    "villagetname": "வேளுர் புதுக்குடி                                                                                                            "
  },
  {
    "villagecode": "250",
    "villagename": "Vitilapuram              ",
    "villagetname": "விட்டிலாபுரம்                                                                                                                "
  },
  {
    "villagecode": "260",
    "villagename": "Vitilapuram Kovilpathu   ",
    "villagetname": "விட்டிலாபுரம் கோவில்பத்து                                                                                                    "
  }
]
