[
  {
    "villagecode": "043",
    "villagename": "Akkavayal",
    "villagetname": "ஆக்கவயல்"
  },
  {
    "villagecode": "045",
    "villagename": "Alavidangan              ",
    "villagetname": "அளவிடங்கான்"
  },
  {
    "villagecode": "034",
    "villagename": "Andakkudi North          ",
    "villagetname": "அண்டக்குடி வடக்கு"
  },
  {
    "villagecode": "027",
    "villagename": "Aranaiyur                ",
    "villagetname": "அரணையூர்"
  },
  {
    "villagecode": "039",
    "villagename": "Aranmanaikarai           ",
    "villagetname": "அரண்மனைக்கரை"
  },
  {
    "villagecode": "016",
    "villagename": "A.Thiruvudaiyarpuram       ",
    "villagetname": "அ.திருவுடையார்புரம்"
  },
  {
    "villagecode": "033",
    "villagename": "Elamanur                 ",
    "villagetname": "இளமனூர்"
  },
  {
    "villagecode": "018",
    "villagename": "Ilayankudi North         ",
    "villagetname": "இளையான்குடி வடக்கு"
  },
  {
    "villagecode": "017",
    "villagename": "Ilayankudi South         ",
    "villagetname": "இளையான்குடி தெற்கு"
  },
  {
    "villagecode": "001",
    "villagename": "Kalaikulam               ",
    "villagetname": "கலைக்குளம்"
  },
  {
    "villagecode": "040",
    "villagename": "Kalangathankottai       ",
    "villagetname": "கலங்காதான்கோட்டை"
  },
  {
    "villagecode": "021",
    "villagename": "Kannamangalam            ",
    "villagetname": "கண்ணமங்கலம்"
  },
  {
    "villagecode": "024",
    "villagename": "Karaikulam               ",
    "villagetname": "காரைக்குளம்"
  },
  {
    "villagecode": "028",
    "villagename": "Karunchuthi              ",
    "villagetname": "கருஞ்சுத்தி"
  },
  {
    "villagecode": "010",
    "villagename": "Katchathanallur          ",
    "villagetname": "கச்சாத்தநல்லூர்"
  },
  {
    "villagecode": "047",
    "villagename": "Kattanur                 ",
    "villagetname": "கட்டனூர்"
  },
  {
    "villagecode": "015",
    "villagename": "Keelayur               ",
    "villagetname": "கீழாயூர்"
  },
  {
    "villagecode": "007",
    "villagename": "Keezhanettur              ",
    "villagetname": "கீழநெட்டூர்"
  },
  {
    "villagecode": "030",
    "villagename": "Kottaiyur                ",
    "villagetname": "கோட்டையூர்"
  },
  {
    "villagecode": "012",
    "villagename": "Kumarakurichi            ",
    "villagetname": "குமாரக்குறிச்சி"
  },
  {
    "villagecode": "008",
    "villagename": "Kurichi                  ",
    "villagetname": "குறிச்சி"
  },
  {
    "villagecode": "009",
    "villagename": "Melapidariseri           ",
    "villagetname": "மேலப்பிடாரிச்சேரி"
  },
  {
    "villagecode": "023",
    "villagename": "Melathuraiyur            ",
    "villagetname": "மேலத்துறையூர்"
  },
  {
    "villagecode": "006",
    "villagename": "Melayur                  ",
    "villagetname": "மேலாயூர்"
  },
  {
    "villagecode": "013",
    "villagename": "Mulliyarendal            ",
    "villagetname": "முள்ளியாரேந்தல்"
  },
  {
    "villagecode": "014",
    "villagename": "Munaiventri               ",
    "villagetname": "முனைவென்றி"
  },
  {
    "villagecode": "050",
    "villagename": "Muthur                   ",
    "villagetname": "முத்தூர்"
  },
  {
    "villagecode": "004",
    "villagename": "Nagamugunthangudi         ",
    "villagetname": "நாகமுகுந்தன்குடி"
  },
  {
    "villagecode": "031",
    "villagename": "Nagarkkudi               ",
    "villagetname": "நகரக்குடி"
  },
  {
    "villagecode": "025",
    "villagename": "Nenjathur                ",
    "villagetname": "நெஞ்சத்தூர்"
  },
  {
    "villagecode": "032",
    "villagename": "Perumbacheri             ",
    "villagetname": "பெரும்பச்சேரி"
  },
  {
    "villagecode": "051",
    "villagename": "Pudukkottai              ",
    "villagetname": "புதுக்கோட்டை"
  },
  {
    "villagecode": "037",
    "villagename": "Salaigramam              ",
    "villagetname": "சாலைக்கிராமம்"
  },
  {
    "villagecode": "049",
    "villagename": "Samuthiram                 ",
    "villagetname": "சமுத்திரம்"
  },
  {
    "villagecode": "053",
    "villagename": "Sathanur                 ",
    "villagetname": "சாத்தனூர்"
  },
  {
    "villagecode": "052",
    "villagename": "Seevalathi",
    "villagetname": "சீவலாதி"
  },
  {
    "villagecode": "029",
    "villagename": "Sirupalai                ",
    "villagetname": "சிறுபாலை"
  },
  {
    "villagecode": "042",
    "villagename": "Sooranam                 ",
    "villagetname": "சூராணம்"
  },
  {
    "villagecode": "019",
    "villagename": "Sothukudi                ",
    "villagetname": "சோதுகுடி"
  },
  {
    "villagecode": "022",
    "villagename": "Tevattagudi              ",
    "villagetname": "தேவாத்தகுடி"
  },
  {
    "villagecode": "002",
    "villagename": "Thayamangalam            ",
    "villagetname": "தாயமங்கலம்"
  },
  {
    "villagecode": "020",
    "villagename": "Thiruvallur              ",
    "villagetname": "திருவள்ளூர்"
  },
  {
    "villagecode": "038",
    "villagename": "Thugavoor                  ",
    "villagetname": "துகவூர்"
  },
  {
    "villagecode": "041",
    "villagename": "Udhaynur                  ",
    "villagetname": "உதயனூர்"
  },
  {
    "villagecode": "003",
    "villagename": "Uthamanur                ",
    "villagetname": "உத்தமனூர்"
  },
  {
    "villagecode": "036",
    "villagename": "Vadakkukeeranur          ",
    "villagetname": "வடக்குகீரனூர்"
  },
  {
    "villagecode": "035",
    "villagename": "Valaiyanendal             ",
    "villagetname": "வளையனேந்தல்"
  },
  {
    "villagecode": "026",
    "villagename": "Vallakkulam                ",
    "villagetname": "வல்லக்குளம்"
  },
  {
    "villagecode": "046",
    "villagename": "Vandal                   ",
    "villagetname": "வண்டல்"
  },
  {
    "villagecode": "005",
    "villagename": "Vijayangudi              ",
    "villagetname": "விஜயன்குடி"
  },
  {
    "villagecode": "048",
    "villagename": "Viraiyathakandan          ",
    "villagetname": "விரையாதகண்டன்"
  },
  {
    "villagecode": "044",
    "villagename": "Visavanur                ",
    "villagetname": "விசவனூர்"
  }
]
