[
  {
    "villagecode": "012",
    "villagename": "Aanumanththandalam       ",
    "villagetname": "அனுமந்தண்டலம்                                                                                                                "
  },
  {
    "villagecode": "033",
    "villagename": "Agaramtholi              ",
    "villagetname": "அகரம்துாளி                                                                                                                   "
  },
  {
    "villagecode": "067",
    "villagename": "Alancheri                ",
    "villagetname": "ஆலஞ்சேரி                                                                                                                     "
  },
  {
    "villagecode": "111",
    "villagename": "Allapakkam               ",
    "villagetname": "ஆலப்பாக்கம்                                                                                                                  "
  },
  {
    "villagecode": "027",
    "villagename": "Ammaiyappanallur         ",
    "villagetname": "அம்மையப்பநல்லுார்                                                                                                            "
  },
  {
    "villagecode": "079",
    "villagename": "Anampakkam               ",
    "villagetname": "ஆனம்பாக்கம்                                                                                                                  "
  },
  {
    "villagecode": "003",
    "villagename": "Andithangal              ",
    "villagetname": "ஆண்டித்தாங்கல்                                                                                                               "
  },
  {
    "villagecode": "110",
    "villagename": "Annathur                 ",
    "villagetname": "அன்னாத்துார்                                                                                                                 "
  },
  {
    "villagecode": "031",
    "villagename": "Arasanimangalam          ",
    "villagetname": "அரசாணிமங்கலம்                                                                                                                "
  },
  {
    "villagecode": "093",
    "villagename": "Arumpuliur               ",
    "villagetname": "அரும்புலியூர்                                                                                                                "
  },
  {
    "villagecode": "052",
    "villagename": "Athavapakkam             ",
    "villagetname": "ஆதவப்பாக்கம்                                                                                                                 "
  },
  {
    "villagecode": "034",
    "villagename": "Athiyour Melthuli        ",
    "villagetname": "அத்தியூர் மேல்துாளி                                                                                                          "
  },
  {
    "villagecode": "007",
    "villagename": "Azhisur                  ",
    "villagetname": "அழிசூர்                                                                                                                      "
  },
  {
    "villagecode": "076",
    "villagename": "Chinnalampady            ",
    "villagetname": "சின்னாலம்பாடி                                                                                                                "
  },
  {
    "villagecode": "109",
    "villagename": "Chithanakavur            ",
    "villagetname": "சித்தனக்காவூர்                                                                                                               "
  },
  {
    "villagecode": "091",
    "villagename": "Citanancherri            ",
    "villagetname": "சீட்டணஞ்சேரி                                                                                                                 "
  },
  {
    "villagecode": "118",
    "villagename": "Edaiyambudur             ",
    "villagetname": "எடையம்புதுார்                                                                                                                "
  },
  {
    "villagecode": "107",
    "villagename": "Edamachi                 ",
    "villagetname": "எடமிச்சி                                                                                                                     "
  },
  {
    "villagecode": "013",
    "villagename": "Elanagar                 ",
    "villagetname": "இளநகர்                                                                                                                       "
  },
  {
    "villagecode": "070",
    "villagename": "Ellappakkam              ",
    "villagetname": "எலப்பாக்கம்                                                                                                                  "
  },
  {
    "villagecode": "092",
    "villagename": "Gurumancherri            ",
    "villagetname": "குருமஞ்சேரி                                                                                                                  "
  },
  {
    "villagecode": "032",
    "villagename": "Guruvadi                 ",
    "villagetname": "குருவாடி                                                                                                                     "
  },
  {
    "villagecode": "053",
    "villagename": "Irumaram                 ",
    "villagetname": "இருமரம்                                                                                                                      "
  },
  {
    "villagecode": "064",
    "villagename": "Kadalmangalam            ",
    "villagetname": "கடல்மங்கலம்                                                                                                                  "
  },
  {
    "villagecode": "119",
    "villagename": "Kaithandalam             ",
    "villagetname": "கைத்தண்டலம்                                                                                                                  "
  },
  {
    "villagecode": "006",
    "villagename": "Kaliyampoondi            ",
    "villagetname": "களியாம்பூண்டி                                                                                                                "
  },
  {
    "villagecode": "098",
    "villagename": "Kaliyappettai            ",
    "villagetname": "களியப்பேட்டை                                                                                                                 "
  },
  {
    "villagecode": "036",
    "villagename": "Kammalampoondi           ",
    "villagetname": "கம்மாளம்பூண்டி                                                                                                               "
  },
  {
    "villagecode": "051",
    "villagename": "Kannikulam               ",
    "villagetname": "கன்னிகுளம்                                                                                                                   "
  },
  {
    "villagecode": "022",
    "villagename": "Karanai                  ",
    "villagetname": "காரணை                                                                                                                        "
  },
  {
    "villagecode": "041",
    "villagename": "Kariamangalam            ",
    "villagetname": "காரியமங்கலம்                                                                                                                 "
  },
  {
    "villagecode": "095",
    "villagename": "Karumpakkam              ",
    "villagetname": "கரும்பாக்கம்                                                                                                                 "
  },
  {
    "villagecode": "002",
    "villagename": "Karuveppam Poondi        ",
    "villagetname": "கருவேப்பம்பூண்டி                                                                                                             "
  },
  {
    "villagecode": "080",
    "villagename": "Kattankullam             ",
    "villagetname": "காட்டாங்குளம்                                                                                                                "
  },
  {
    "villagecode": "043",
    "villagename": "Kattiyam Panthal         ",
    "villagetname": "கட்டியாம்பந்தல்                                                                                                              "
  },
  {
    "villagecode": "121",
    "villagename": "Kattuputhur              ",
    "villagetname": "காட்டுப்புத்துார்                                                                                                            "
  },
  {
    "villagecode": "057",
    "villagename": "Kavampayer               ",
    "villagetname": "காவாம்பயிர்                                                                                                                  "
  },
  {
    "villagecode": "094",
    "villagename": "Kavanipakkam             ",
    "villagetname": "காவணிப்பாக்கம்                                                                                                               "
  },
  {
    "villagecode": "035",
    "villagename": "Kavanur Puthucheri       ",
    "villagetname": "காவனுார் புதுச்சேரி                                                                                                          "
  },
  {
    "villagecode": "101",
    "villagename": "Kaviitthandalam          ",
    "villagetname": "காவித்தண்டலம்                                                                                                                "
  },
  {
    "villagecode": "108",
    "villagename": "Kidankarai               ",
    "villagetname": "கிடங்கரை                                                                                                                     "
  },
  {
    "villagecode": "116",
    "villagename": "Klakadi                  ",
    "villagetname": "கிளக்காடி                                                                                                                    "
  },
  {
    "villagecode": "074",
    "villagename": "Kunnavakkam              ",
    "villagetname": "குன்னவாக்கம்                                                                                                                 "
  },
  {
    "villagecode": "115",
    "villagename": "Kurambarai               ",
    "villagetname": "குரும்பரை                                                                                                                    "
  },
  {
    "villagecode": "059",
    "villagename": "Malaiyankulam            ",
    "villagetname": "மலையாங்குளம்                                                                                                                 "
  },
  {
    "villagecode": "245",
    "villagename": "Malliangaranai - B       ",
    "villagetname": "மல்லியங்கரணை - ஆ                                                                                                             "
  },
  {
    "villagecode": "045",
    "villagename": "Malliyankaranai          ",
    "villagetname": "மல்லியங்கரணை (அ)                                                                                                             "
  },
  {
    "villagecode": "104",
    "villagename": "Mampakkam                ",
    "villagetname": "மாம்பாக்கம்                                                                                                                  "
  },
  {
    "villagecode": "077",
    "villagename": "Mamputhur                ",
    "villagetname": "மாம்புதுார்                                                                                                                  "
  },
  {
    "villagecode": "016",
    "villagename": "Manammathy               ",
    "villagetname": "மானாம்பதி                                                                                                                    "
  },
  {
    "villagecode": "029",
    "villagename": "Mananallur               ",
    "villagetname": "மேனல்லுார்                                                                                                                   "
  },
  {
    "villagecode": "048",
    "villagename": "Marutham                 ",
    "villagetname": "மருதம்                                                                                                                       "
  },
  {
    "villagecode": "047",
    "villagename": "Marutthuvampadi          ",
    "villagetname": "மருத்துவம்பாடி                                                                                                               "
  },
  {
    "villagecode": "011",
    "villagename": "Melpakkam                ",
    "villagetname": "மேல்பாக்கம்                                                                                                                  "
  },
  {
    "villagecode": "097",
    "villagename": "Mulakinimeni             ",
    "villagetname": "முளகினிமேனி                                                                                                                  "
  },
  {
    "villagecode": "004",
    "villagename": "Murukkary                ",
    "villagetname": "முருக்கேரி                                                                                                                   "
  },
  {
    "villagecode": "024",
    "villagename": "Nadupattu                ",
    "villagetname": "நடுப்பட்டு                                                                                                                   "
  },
  {
    "villagecode": "042",
    "villagename": "Nanchipuram              ",
    "villagetname": "நாஞ்சிபுரம்                                                                                                                  "
  },
  {
    "villagecode": "060",
    "villagename": "Nariyampakkam            ",
    "villagetname": "நரியம்பாக்கம்                                                                                                                "
  },
  {
    "villagecode": "061",
    "villagename": "Nariyamputhur            ",
    "villagetname": "நரியம்புதுார்                                                                                                                "
  },
  {
    "villagecode": "082",
    "villagename": "Neerkunram               ",
    "villagetname": "நீர்க்குன்றம்                                                                                                                "
  },
  {
    "villagecode": "069",
    "villagename": "Nelveli                  ",
    "villagetname": "நெல்வேலி                                                                                                                     "
  },
  {
    "villagecode": "078",
    "villagename": "Nerkundram               ",
    "villagetname": "நெற்குன்றம்                                                                                                                  "
  },
  {
    "villagecode": "058",
    "villagename": "Neyyadupakkam            ",
    "villagetname": "நெய்யாடுப்பாக்கம்                                                                                                            "
  },
  {
    "villagecode": "037",
    "villagename": "Niradi                   ",
    "villagetname": "நீரடி                                                                                                                        "
  },
  {
    "villagecode": "038",
    "villagename": "Oonkur                   ",
    "villagetname": "ஓங்கூர்                                                                                                                      "
  },
  {
    "villagecode": "100",
    "villagename": "Orakkattu Pettai         ",
    "villagetname": "ஒரக்காட்டுப்பேட்டை                                                                                                           "
  },
  {
    "villagecode": "030",
    "villagename": "Ottan Thangal            ",
    "villagetname": "ஒட்டந்தாங்கல்                                                                                                                "
  },
  {
    "villagecode": "120",
    "villagename": "Ozhaiyur                 ",
    "villagetname": "ஒழையூர்                                                                                                                      "
  },
  {
    "villagecode": "008",
    "villagename": "Ozhukarai                ",
    "villagetname": "ஒழுகரை                                                                                                                       "
  },
  {
    "villagecode": "081",
    "villagename": "Padur                    ",
    "villagetname": "படூர்                                                                                                                        "
  },
  {
    "villagecode": "073",
    "villagename": "Palesvaram               ",
    "villagetname": "பாலேஸ்வரம்                                                                                                                   "
  },
  {
    "villagecode": "062",
    "villagename": "Pandavakkam              ",
    "villagetname": "பாண்டவாக்கம்                                                                                                                 "
  },
  {
    "villagecode": "089",
    "villagename": "Pazhaveri                ",
    "villagetname": "பழவேரி                                                                                                                       "
  },
  {
    "villagecode": "025",
    "villagename": "Pennalour                ",
    "villagetname": "பென்னலுார்                                                                                                                   "
  },
  {
    "villagecode": "105",
    "villagename": "Peranakavur              ",
    "villagetname": "பேரணக்காவூர்                                                                                                                 "
  },
  {
    "villagecode": "014",
    "villagename": "Perunagar                ",
    "villagetname": "பெருநகர் (அ)                                                                                                                 "
  },
  {
    "villagecode": "214",
    "villagename": "Perunagar - B            ",
    "villagetname": "பெருநகர் - ஆ                                                                                                                 "
  },
  {
    "villagecode": "044",
    "villagename": "Perunkozhi               ",
    "villagetname": "பெருங்கோழி                                                                                                                   "
  },
  {
    "villagecode": "090",
    "villagename": "Pinayur                  ",
    "villagetname": "பினாயூர்                                                                                                                     "
  },
  {
    "villagecode": "026",
    "villagename": "Poonthandalam            ",
    "villagetname": "பூந்தண்டலம்                                                                                                                  "
  },
  {
    "villagecode": "106",
    "villagename": "Poorpanthal              ",
    "villagetname": "பொற்பந்தல்                                                                                                                   "
  },
  {
    "villagecode": "018",
    "villagename": "Puggananthal             ",
    "villagetname": "புங்கநந்தல்                                                                                                                  "
  },
  {
    "villagecode": "117",
    "villagename": "Pulipakkam               ",
    "villagetname": "புலிப்பாக்கம்                                                                                                                "
  },
  {
    "villagecode": "050",
    "villagename": "Pulivai                  ",
    "villagetname": "புலிவாய்                                                                                                                     "
  },
  {
    "villagecode": "087",
    "villagename": "Pullambakkam             ",
    "villagetname": "புல்லம்பாக்கம்                                                                                                               "
  },
  {
    "villagecode": "039",
    "villagename": "Pulliyur                 ",
    "villagetname": "புலியூர்                                                                                                                     "
  },
  {
    "villagecode": "054",
    "villagename": "Puthaly                  ",
    "villagetname": "புத்தளி                                                                                                                      "
  },
  {
    "villagecode": "021",
    "villagename": "Ravathanallur            ",
    "villagetname": "இராவத்தநல்லுார்                                                                                                              "
  },
  {
    "villagecode": "071",
    "villagename": "Retta Mangalam           ",
    "villagetname": "ரெட்ட மங்கலம்                                                                                                                "
  },
  {
    "villagecode": "066",
    "villagename": "Sadasi Vakkam            ",
    "villagetname": "சடச்சிவாக்கம்                                                                                                                "
  },
  {
    "villagecode": "113",
    "villagename": "Salavakkam               ",
    "villagetname": "சாலவாக்கம்                                                                                                                   "
  },
  {
    "villagecode": "096",
    "villagename": "Sathancherry             ",
    "villagetname": "சாத்தனஞ்சேரி                                                                                                                 "
  },
  {
    "villagecode": "015",
    "villagename": "Saththupattu             ",
    "villagetname": "சேத்துப்பட்டு                                                                                                                "
  },
  {
    "villagecode": "114",
    "villagename": "Seetapuram               ",
    "villagetname": "சீதாபுரம்                                                                                                                    "
  },
  {
    "villagecode": "056",
    "villagename": "Sempulam                 ",
    "villagetname": "செம்புலம்                                                                                                                    "
  },
  {
    "villagecode": "020",
    "villagename": "Serpakkam                ",
    "villagetname": "சேர்ப்பாக்கம்                                                                                                                "
  },
  {
    "villagecode": "010",
    "villagename": "Silambakkam              ",
    "villagetname": "சிலாம்பாக்கம்                                                                                                                "
  },
  {
    "villagecode": "055",
    "villagename": "Sirukalathur             ",
    "villagetname": "சிறுகளத்தூர்                                                                                                                 "
  },
  {
    "villagecode": "084",
    "villagename": "Sirumailour              ",
    "villagetname": "சிறுமைலுார்                                                                                                                  "
  },
  {
    "villagecode": "112",
    "villagename": "Sirupinayur              ",
    "villagetname": "சிறுபினாயூர்                                                                                                                 "
  },
  {
    "villagecode": "083",
    "villagename": "Siruthamur               ",
    "villagetname": "சிறுதாமூர்                                                                                                                   "
  },
  {
    "villagecode": "085",
    "villagename": "Sithlapakkam             ",
    "villagetname": "சித்தாலப்பாக்கம்                                                                                                             "
  },
  {
    "villagecode": "040",
    "villagename": "Thalavrampoondi          ",
    "villagetname": "தளவராம்பூண்டி                                                                                                                "
  },
  {
    "villagecode": "103",
    "villagename": "Thandarai       (103)    ",
    "villagetname": "தண்டரை             (103)                                                                                                     "
  },
  {
    "villagecode": "019",
    "villagename": "Thandari         (19)    ",
    "villagetname": "தண்டரை     (19)                                                                                                              "
  },
  {
    "villagecode": "005",
    "villagename": "Thinayampoondi           ",
    "villagetname": "தினையாம்பூண்டி                                                                                                               "
  },
  {
    "villagecode": "088",
    "villagename": "Thirumukkudal            ",
    "villagetname": "திருமுக்கூடல்                                                                                                                "
  },
  {
    "villagecode": "049",
    "villagename": "Thiruppulivanam          ",
    "villagetname": "திருப்புலிவனம்                                                                                                               "
  },
  {
    "villagecode": "099",
    "villagename": "Thiruvanaikovil          ",
    "villagetname": "திருவானைக்கோவில்                                                                                                             "
  },
  {
    "villagecode": "065",
    "villagename": "Thottanaval              ",
    "villagetname": "தோட்டநாவல்                                                                                                                   "
  },
  {
    "villagecode": "046",
    "villagename": "Uthiramerur              ",
    "villagetname": "உத்திரமேரூர் (அ)                                                                                                             "
  },
  {
    "villagecode": "246",
    "villagename": "Uthiramerur - B          ",
    "villagetname": "உத்திரமேரூர்  - ஆ                                                                                                            "
  },
  {
    "villagecode": "063",
    "villagename": "Vadathavur               ",
    "villagetname": "வாடாதவூர்                                                                                                                    "
  },
  {
    "villagecode": "068",
    "villagename": "Vallatthodu              ",
    "villagetname": "வளத்தோடு                                                                                                                     "
  },
  {
    "villagecode": "009",
    "villagename": "Vangaram                 ",
    "villagetname": "வெங்காரம்                                                                                                                    "
  },
  {
    "villagecode": "086",
    "villagename": "Vayalakkavour            ",
    "villagetname": "வயலக்காவூர்                                                                                                                  "
  },
  {
    "villagecode": "023",
    "villagename": "Vayalore                 ",
    "villagetname": "வயலுார்                                                                                                                      "
  },
  {
    "villagecode": "028",
    "villagename": "Vedapalayam              ",
    "villagetname": "வேடபாளையம்                                                                                                                   "
  },
  {
    "villagecode": "075",
    "villagename": "Vendivakkam              ",
    "villagetname": "வெண்டிவாக்கம்                                                                                                                "
  },
  {
    "villagecode": "001",
    "villagename": "Vengacheri               ",
    "villagetname": "வெங்கச்சேரி                                                                                                                  "
  },
  {
    "villagecode": "102",
    "villagename": "Vichsur                  ",
    "villagetname": "விச்சூர்                                                                                                                     "
  },
  {
    "villagecode": "072",
    "villagename": "Vinnamangalam            ",
    "villagetname": "விண்ணமங்கலம்                                                                                                                 "
  },
  {
    "villagecode": "017",
    "villagename": "Visur                    ",
    "villagetname": "விசூர்                                                                                                                       "
  }
]
