[
  {
    "villagecode": "007",
    "villagename": "Arigoundanpatti          ",
    "villagetname": "007 ஆரிக்கவுண்டன்பட்டி                                                                                                       "
  },
  {
    "villagecode": "031",
    "villagename": "Chettichavadi            ",
    "villagetname": "030 செட்டிச்சாவடி                                                                                                            "
  },
  {
    "villagecode": "021",
    "villagename": "Inam Vedaguthampatti     ",
    "villagetname": "023 இனாம்வேடகுத்தாம்பட்டி                                                                                                    "
  },
  {
    "villagecode": "023",
    "villagename": "Iyyamperumampatti        ",
    "villagetname": "025 அய்யம்பெருமாள்பட்டி                                                                                                      "
  },
  {
    "villagecode": "005",
    "villagename": "Karichipatti             ",
    "villagetname": "005 கரிச்சிப்பட்டி                                                                                                           "
  },
  {
    "villagecode": "001",
    "villagename": "Keeraipappambadi         ",
    "villagetname": "001 கீரைப்பாப்பம்பாடி                                                                                                        "
  },
  {
    "villagecode": "020",
    "villagename": "Kothanoor                ",
    "villagetname": "021 கொத்தனூர்                                                                                                                "
  },
  {
    "villagecode": "004",
    "villagename": "Kullanampatti            ",
    "villagetname": "004 குள்ளனம்பட்டி                                                                                                            "
  },
  {
    "villagecode": "008",
    "villagename": "Laguvampatti             ",
    "villagetname": "008 லகுவம்பட்டி                                                                                                              "
  },
  {
    "villagecode": "017",
    "villagename": "Majara Gollappatti       ",
    "villagetname": "017 மஜராகொல்லப்பட்டி                                                                                                         "
  },
  {
    "villagecode": "024",
    "villagename": "Mallamooppampatti        ",
    "villagetname": "037 மல்லமூப்பம்பட்டி                                                                                                         "
  },
  {
    "villagecode": "015",
    "villagename": "Mallaravuthampatti       ",
    "villagetname": "015 மல்லராவுத்தன்பட்டி                                                                                                       "
  },
  {
    "villagecode": "002",
    "villagename": "Maramangalathupatti      ",
    "villagetname": "002 மாரமங்கலத்துப்பட்டி                                                                                                      "
  },
  {
    "villagecode": "003",
    "villagename": "Mooduthurai              ",
    "villagetname": "003 மூடுதுறை                                                                                                                 "
  },
  {
    "villagecode": "009",
    "villagename": "Murungapatti             ",
    "villagetname": "009 முருங்கப்பட்டி                                                                                                           "
  },
  {
    "villagecode": "011",
    "villagename": "Naickenpatti             ",
    "villagetname": "011 நாய்க்கன்பட்டி                                                                                                           "
  },
  {
    "villagecode": "013",
    "villagename": "Nallampatti              ",
    "villagetname": "013 நல்லாம்பட்டி                                                                                                             "
  },
  {
    "villagecode": "084",
    "villagename": "Perumampatti             ",
    "villagetname": "020 பெருமாம்பட்டி                                                                                                            "
  },
  {
    "villagecode": "010",
    "villagename": "Pethampatti              ",
    "villagetname": "010 பெத்தாம்பட்டி                                                                                                            "
  },
  {
    "villagecode": "014",
    "villagename": "Poomandapatti            ",
    "villagetname": "014 பூமாண்டப்பட்டி                                                                                                           "
  },
  {
    "villagecode": "073",
    "villagename": "Puthur Agraharam         ",
    "villagetname": "041 புத்தூர்அக்ரஹாரம்                                                                                                        "
  },
  {
    "villagecode": "016",
    "villagename": "Sargar Gollapatti        ",
    "villagetname": "016 சரக்காரகொல்லப்பட்டி                                                                                                      "
  },
  {
    "villagecode": "068",
    "villagename": "Selethampatti            ",
    "villagetname": "039 சேலத்தான்பட்டி                                                                                                           "
  },
  {
    "villagecode": "006",
    "villagename": "Sidhanoor Gollapatti     ",
    "villagetname": "006 சித்தனூர்கொல்லப்பட்டி                                                                                                    "
  },
  {
    "villagecode": "069",
    "villagename": "Sowthapuram              ",
    "villagetname": "040 சௌதாபுரம்                                                                                                                "
  },
  {
    "villagecode": "022",
    "villagename": "Thalavaipatti            ",
    "villagetname": "024 தளவாய்பட்டி                                                                                                              "
  },
  {
    "villagecode": "019",
    "villagename": "Thirumalaigiri           ",
    "villagetname": "019 திருமலைகிரி                                                                                                              "
  },
  {
    "villagecode": "012",
    "villagename": "Thumbathulipatti         ",
    "villagetname": "012 தும்பாதூளிப்பட்டி                                                                                                        "
  },
  {
    "villagecode": "018",
    "villagename": "Vattamuthampatti         ",
    "villagetname": "018 வட்டமுத்தாம்பட்டி                                                                                                        "
  }
]
