[
  {
    "villagecode": "068",
    "villagename": "Adayalampattu            ",
    "villagetname": "அடையாளம்பட்டு                                                                                                                "
  },
  {
    "villagecode": "063",
    "villagename": "Agaramel                 ",
    "villagetname": "அகரம்மேல்                                                                                                                    "
  },
  {
    "villagecode": "041",
    "villagename": "Agraharam                ",
    "villagetname": "அக்ரகாரம்                                                                                                                    "
  },
  {
    "villagecode": "015",
    "villagename": "Amuthurmedu              ",
    "villagetname": "அமுதூர்மேடு                                                                                                                  "
  },
  {
    "villagecode": "039",
    "villagename": "Arimandanallur           ",
    "villagetname": "அரியமந்தநல்லூர்                                                                                                              "
  },
  {
    "villagecode": "069",
    "villagename": "Ayanambakkam             ",
    "villagetname": "அயனம்பாக்கம்                                                                                                                 "
  },
  {
    "villagecode": "011",
    "villagename": "Banaveduthottam          ",
    "villagetname": "பானவேடுதோட்டம்                                                                                                               "
  },
  {
    "villagecode": "065",
    "villagename": "Chembarambakkam          ",
    "villagetname": "செம்பரம்பாக்கம்                                                                                                              "
  },
  {
    "villagecode": "049",
    "villagename": "Goparasanallur           ",
    "villagetname": "கோபரசநல்லூர்                                                                                                                 "
  },
  {
    "villagecode": "024",
    "villagename": "Gudapakkam               ",
    "villagetname": "கூடப்பாக்கம்                                                                                                                 "
  },
  {
    "villagecode": "007",
    "villagename": "Kannappalayam            ",
    "villagetname": "கண்ணபாளையம்                                                                                                                  "
  },
  {
    "villagecode": "047",
    "villagename": "Kattupakkam              ",
    "villagetname": "காட்டுப்பாக்கம்                                                                                                              "
  },
  {
    "villagecode": "032",
    "villagename": "Keelmanambedu            ",
    "villagetname": "கீழ்மணம்பேடு                                                                                                                 "
  },
  {
    "villagecode": "070",
    "villagename": "Koladi                   ",
    "villagetname": "கோலடி                                                                                                                        "
  },
  {
    "villagecode": "013",
    "villagename": "Kolappancheri            ",
    "villagetname": "கோளப்பஞ்சேரி                                                                                                                 "
  },
  {
    "villagecode": "022",
    "villagename": "Korattur                 ",
    "villagetname": "கொரட்டூர்                                                                                                                    "
  },
  {
    "villagecode": "051",
    "villagename": "Korattur B               ",
    "villagetname": "கொரட்டூர் ஆ                                                                                                                  "
  },
  {
    "villagecode": "028",
    "villagename": "Kuthambakkam             ",
    "villagetname": "குத்தம்பாக்கம்                                                                                                               "
  },
  {
    "villagecode": "036",
    "villagename": "Madavilagam              ",
    "villagetname": "மடவிளாகம்                                                                                                                    "
  },
  {
    "villagecode": "008",
    "villagename": "Melpakkam                ",
    "villagetname": "மேல்பாக்கம்                                                                                                                  "
  },
  {
    "villagecode": "064",
    "villagename": "Meppur                   ",
    "villagetname": "மேப்புர்                                                                                                                     "
  },
  {
    "villagecode": "025",
    "villagename": "Meyyur                   ",
    "villagetname": "மெய்யுர்                                                                                                                     "
  },
  {
    "villagecode": "030",
    "villagename": "Narasingapuram           ",
    "villagetname": "நரசிங்கபுரம்                                                                                                                 "
  },
  {
    "villagecode": "035",
    "villagename": "Nazarathpettai           ",
    "villagetname": "நசரத்பேட்டை                                                                                                                  "
  },
  {
    "villagecode": "026",
    "villagename": "Nemam A                  ",
    "villagetname": "நேமம்                                                                                                                        "
  },
  {
    "villagecode": "052",
    "villagename": "Nemam B                  ",
    "villagetname": "நேமம்  ஆ                                                                                                                     "
  },
  {
    "villagecode": "023",
    "villagename": "Nochimedu                ",
    "villagetname": "நொச்சிமேடு                                                                                                                   "
  },
  {
    "villagecode": "072",
    "villagename": "Noombal                  ",
    "villagetname": "நூம்பல்                                                                                                                      "
  },
  {
    "villagecode": "099",
    "villagename": "Padur                    ",
    "villagetname": "படூர்                                                                                                                        "
  },
  {
    "villagecode": "010",
    "villagename": "Parivakkam               ",
    "villagetname": "பாரிவாக்கம்                                                                                                                  "
  },
  {
    "villagecode": "029",
    "villagename": "Parvatharajapuram        ",
    "villagetname": "பர்வதராஜபுரம்                                                                                                                "
  },
  {
    "villagecode": "071",
    "villagename": "Perumalagaram            ",
    "villagetname": "பெருமாளகரம்                                                                                                                  "
  },
  {
    "villagecode": "012",
    "villagename": "Pidarithangal            ",
    "villagetname": "பிடாரிதாங்கல்                                                                                                                "
  },
  {
    "villagecode": "040",
    "villagename": "Poonamallee              ",
    "villagetname": "புந்தமல்லி                                                                                                                   "
  },
  {
    "villagecode": "074",
    "villagename": "Puliyambedu              ",
    "villagetname": "புளியம்பேடு                                                                                                                  "
  },
  {
    "villagecode": "066",
    "villagename": "Sembarambakkam (Mevaloorkuppam-B)",
    "villagetname": "செம்பரம்பாக்கம் (மேவலூர்குப்பம்-ஆ)"
  },
  {
    "villagecode": "048",
    "villagename": "Senneerkuppam            ",
    "villagetname": "சென்னீர்குப்பம்                                                                                                              "
  },
  {
    "villagecode": "067",
    "villagename": "Soranjeri A              ",
    "villagetname": "சோராஞ்சேரி அ                                                                                                                 "
  },
  {
    "villagecode": "002",
    "villagename": "Sundarasholavaram        ",
    "villagetname": "சுந்தரசோழவரம்                                                                                                                "
  },
  {
    "villagecode": "027",
    "villagename": "Thirumalairajapuram      ",
    "villagetname": "திருமலைராஜபுரம்                                                                                                              "
  },
  {
    "villagecode": "033",
    "villagename": "Thirumazhisai            ",
    "villagetname": "திருமழிசை                                                                                                                    "
  },
  {
    "villagecode": "001",
    "villagename": "Thiruverkadu             ",
    "villagetname": "திருவேற்காடு                                                                                                                 "
  },
  {
    "villagecode": "038",
    "villagename": "Thukkanampattu           ",
    "villagetname": "தூக்கணாம்பட்டு                                                                                                               "
  },
  {
    "villagecode": "034",
    "villagename": "Udayavarkovil            ",
    "villagetname": "உடையவர்கோயில்                                                                                                                "
  },
  {
    "villagecode": "073",
    "villagename": "Vanagaram                ",
    "villagetname": "வானகரம்                                                                                                                      "
  },
  {
    "villagecode": "037",
    "villagename": "Varadharajapuram         ",
    "villagetname": "வரதராஜபுரம்                                                                                                                  "
  },
  {
    "villagecode": "014",
    "villagename": "Vayalanallur A           ",
    "villagetname": "வயலாநல்லூர்                                                                                                                  "
  },
  {
    "villagecode": "053",
    "villagename": "Vayalanallur B           ",
    "villagetname": "வயலாநல்லூர் ஆ                                                                                                                "
  },
  {
    "villagecode": "009",
    "villagename": "Veeraraghavapuram        ",
    "villagetname": "வீரராகவபுரம்                                                                                                                 "
  },
  {
    "villagecode": "031",
    "villagename": "Vellavedu                ",
    "villagetname": "வெள்ளவேடு                                                                                                                    "
  }
]
