[
  {
    "villagecode": "046",
    "villagename": "Anaikadu                 ",
    "villagetname": "ஆணைக்காடு                                                                                                                    "
  },
  {
    "villagecode": "055",
    "villagename": "Arangam                  ",
    "villagetname": "அரங்கம்                                                                                                                      "
  },
  {
    "villagecode": "003",
    "villagename": "Aranmanaikadu            ",
    "villagetname": "அரண்மனைக்காடு                                                                                                                "
  },
  {
    "villagecode": "037",
    "villagename": "Arasamarathur            ",
    "villagetname": "அரசமரத்தூர்                                                                                                                  "
  },
  {
    "villagecode": "009",
    "villagename": "Asambur                  ",
    "villagetname": "அசம்பூர்                                                                                                                     "
  },
  {
    "villagecode": "010",
    "villagename": "Athiyur                  ",
    "villagetname": "அத்தியூர்                                                                                                                    "
  },
  {
    "villagecode": "065",
    "villagename": "Chinnamadur              ",
    "villagetname": "சின்னமதூர்                                                                                                                   "
  },
  {
    "villagecode": "021",
    "villagename": "Elavadi                  ",
    "villagetname": "இளவாடி                                                                                                                       "
  },
  {
    "villagecode": "014",
    "villagename": "Gundur                   ",
    "villagetname": "குண்டூர்                                                                                                                     "
  },
  {
    "villagecode": "031",
    "villagename": "Kadukkamarathur          ",
    "villagetname": "கடுக்காமரத்தூர்                                                                                                              "
  },
  {
    "villagecode": "007",
    "villagename": "Kakkampadi               ",
    "villagetname": "காக்கம்பாடி                                                                                                                  "
  },
  {
    "villagecode": "019",
    "villagename": "Karadiyur                ",
    "villagetname": "கரடியூர்                                                                                                                     "
  },
  {
    "villagecode": "063",
    "villagename": "Keeraikadu               ",
    "villagetname": "கீரைக்காடு                                                                                                                   "
  },
  {
    "villagecode": "053",
    "villagename": "Kelaiyur                 ",
    "villagetname": "கேளையூர்                                                                                                                     "
  },
  {
    "villagecode": "011",
    "villagename": "Kiliyur                  ",
    "villagetname": "கிளியூர்                                                                                                                     "
  },
  {
    "villagecode": "027",
    "villagename": "Kolagur                  ",
    "villagetname": "கொளகூர்                                                                                                                      "
  },
  {
    "villagecode": "051",
    "villagename": "Kombuthooki              ",
    "villagetname": "கொம்புதூக்கி                                                                                                                 "
  },
  {
    "villagecode": "004",
    "villagename": "Kommakadu                ",
    "villagetname": "கொம்மக்காடு                                                                                                                  "
  },
  {
    "villagecode": "024",
    "villagename": "Kondaiyanur              ",
    "villagetname": "கொண்டையனூர்                                                                                                                  "
  },
  {
    "villagecode": "042",
    "villagename": "Kootumuttal              ",
    "villagetname": "கூட்டுமுட்டல்                                                                                                                "
  },
  {
    "villagecode": "059",
    "villagename": "Kottachedu               ",
    "villagetname": "கொட்டச்சேடு                                                                                                                  "
  },
  {
    "villagecode": "043",
    "villagename": "Kovilur                  ",
    "villagetname": "கோயிலூர்                                                                                                                     "
  },
  {
    "villagecode": "058",
    "villagename": "Kumbipadi                ",
    "villagetname": "கும்பிப்பாடி                                                                                                                 "
  },
  {
    "villagecode": "064",
    "villagename": "Madur                    ",
    "villagetname": "மதூர்                                                                                                                        "
  },
  {
    "villagecode": "012",
    "villagename": "Mailapatti               ",
    "villagetname": "மைலப்பட்டி                                                                                                                   "
  },
  {
    "villagecode": "035",
    "villagename": "Mangalam                 ",
    "villagetname": "மங்களம்                                                                                                                      "
  },
  {
    "villagecode": "067",
    "villagename": "Manjakuttai              ",
    "villagetname": "மஞ்சக்குட்டை                                                                                                                 "
  },
  {
    "villagecode": "050",
    "villagename": "Maramangalam             ",
    "villagetname": "மாரமங்கலம்                                                                                                                   "
  },
  {
    "villagecode": "052",
    "villagename": "Mavoothu                 ",
    "villagetname": "மாவூத்து                                                                                                                     "
  },
  {
    "villagecode": "049",
    "villagename": "Melur                    ",
    "villagetname": "மேலூர்                                                                                                                       "
  },
  {
    "villagecode": "048",
    "villagename": "Mottur                   ",
    "villagetname": "மோட்டூர்                                                                                                                     "
  },
  {
    "villagecode": "018",
    "villagename": "Muluvi                   ",
    "villagetname": "முளுவி                                                                                                                       "
  },
  {
    "villagecode": "032",
    "villagename": "Mundachedu               ",
    "villagetname": "முண்டச்சேடு                                                                                                                  "
  },
  {
    "villagecode": "008",
    "villagename": "Mundagampadi             ",
    "villagetname": "முண்டகம்பாடி                                                                                                                 "
  },
  {
    "villagecode": "020",
    "villagename": "Nagalur                  ",
    "villagetname": "நாகலூர்                                                                                                                      "
  },
  {
    "villagecode": "045",
    "villagename": "Nallur                   ",
    "villagetname": "நல்லூர்                                                                                                                      "
  },
  {
    "villagecode": "057",
    "villagename": "Narthanchedu             ",
    "villagetname": "நார்த்தஞ்சேடு                                                                                                                "
  },
  {
    "villagecode": "041",
    "villagename": "Nathanchedu              ",
    "villagetname": "நார்த்தஞ்சேடு                                                                                                                "
  },
  {
    "villagecode": "038",
    "villagename": "Olavakodu                ",
    "villagetname": "ஒலவக்கோடு                                                                                                                    "
  },
  {
    "villagecode": "023",
    "villagename": "Pattipadi                ",
    "villagetname": "பட்டிப்பாடி                                                                                                                  "
  },
  {
    "villagecode": "054",
    "villagename": "Pelakadu                 ",
    "villagetname": "பெலாக்காடு                                                                                                                   "
  },
  {
    "villagecode": "036",
    "villagename": "Periakadu                ",
    "villagetname": "பெரியக்காடு                                                                                                                  "
  },
  {
    "villagecode": "005",
    "villagename": "Pilleri                  ",
    "villagetname": "பில்லேரி                                                                                                                     "
  },
  {
    "villagecode": "002",
    "villagename": "Pottukadu                ",
    "villagetname": "போட்டுக்காடு                                                                                                                 "
  },
  {
    "villagecode": "040",
    "villagename": "Pudur                    ",
    "villagetname": "புதூர்                                                                                                                       "
  },
  {
    "villagecode": "029",
    "villagename": "Puliampatti              ",
    "villagetname": "புளியம்பட்டி                                                                                                                 "
  },
  {
    "villagecode": "060",
    "villagename": "Puliankadai              ",
    "villagetname": "புளியங்கடை                                                                                                                   "
  },
  {
    "villagecode": "016",
    "villagename": "Puliyur                  ",
    "villagetname": "புலியூர்                                                                                                                     "
  },
  {
    "villagecode": "033",
    "villagename": "Puthu                    ",
    "villagetname": "புத்தூர்                                                                                                                     "
  },
  {
    "villagecode": "061",
    "villagename": "Puthur                   ",
    "villagetname": "புத்தூர்                                                                                                                     "
  },
  {
    "villagecode": "066",
    "villagename": "Semmaduvu                ",
    "villagetname": "செம்மடுவு                                                                                                                    "
  },
  {
    "villagecode": "030",
    "villagename": "Semmanatham              ",
    "villagetname": "செம்மநத்தம்                                                                                                                  "
  },
  {
    "villagecode": "056",
    "villagename": "Sendhittu                ",
    "villagetname": "செந்திட்டு                                                                                                                   "
  },
  {
    "villagecode": "001",
    "villagename": "Sengadu                  ",
    "villagetname": "செங்காடு                                                                                                                     "
  },
  {
    "villagecode": "039",
    "villagename": "Sengalathupadi           ",
    "villagetname": "செங்கலத்துப்பாடி                                                                                                             "
  },
  {
    "villagecode": "026",
    "villagename": "Soanpadi                 ",
    "villagetname": "சொனப்பாடி                                                                                                                    "
  },
  {
    "villagecode": "047",
    "villagename": "Solampadi                ",
    "villagetname": "சோளம்பாடி                                                                                                                    "
  },
  {
    "villagecode": "034",
    "villagename": "Solur                    ",
    "villagetname": "சோளுர்                                                                                                                       "
  },
  {
    "villagecode": "025",
    "villagename": "Suraikaipatti            ",
    "villagetname": "சுரைக்காய்ப்பட்டி                                                                                                            "
  },
  {
    "villagecode": "006",
    "villagename": "Thalaisolai              ",
    "villagetname": "தலைச்சோலை                                                                                                                    "
  },
  {
    "villagecode": "013",
    "villagename": "Theppakadu               ",
    "villagetname": "தெப்பக்காடு                                                                                                                  "
  },
  {
    "villagecode": "062",
    "villagename": "Valavandhi               ",
    "villagetname": "வாழவந்தி                                                                                                                     "
  },
  {
    "villagecode": "017",
    "villagename": "Vasampadi                ",
    "villagetname": "வசம்பாடி                                                                                                                     "
  },
  {
    "villagecode": "044",
    "villagename": "Vellakadi                ",
    "villagetname": "வெள்ளக்கடை                                                                                                                   "
  },
  {
    "villagecode": "022",
    "villagename": "Velur                    ",
    "villagetname": "வேலூர்                                                                                                                       "
  },
  {
    "villagecode": "028",
    "villagename": "Veppadi                  ",
    "villagetname": "வேப்பாடி                                                                                                                     "
  },
  {
    "villagecode": "015",
    "villagename": "Yercaud                  ",
    "villagetname": "ஏற்காடு                                                                                                                      "
  }
]
