[
  {
    "villagecode": "092",
    "villagename": "Ammananthangal           ",
    "villagetname": "அம்மனந்தாங்கல்                                                                                                               "
  },
  {
    "villagecode": "057",
    "villagename": "Ammoor                   ",
    "villagetname": "அம்மூர்                                                                                                                      "
  },
  {
    "villagecode": "091",
    "villagename": "Anandalai                ",
    "villagetname": "அனந்தலை                                                                                                                      "
  },
  {
    "villagecode": "069",
    "villagename": "Arappakkam               ",
    "villagetname": "அரப்பாக்கம்                                                                                                                  "
  },
  {
    "villagecode": "076",
    "villagename": "Arunkundram              ",
    "villagetname": "அருங்குன்றம்                                                                                                                 "
  },
  {
    "villagecode": "075",
    "villagename": "Ayilam                   ",
    "villagetname": "ஆயிலம்                                                                                                                       "
  },
  {
    "villagecode": "094",
    "villagename": "Chennasamudram           ",
    "villagetname": "சென்னசமுத்திரம்                                                                                                              "
  },
  {
    "villagecode": "085",
    "villagename": "Chettithangal            ",
    "villagetname": "செட்டித்தாங்கல்                                                                                                              "
  },
  {
    "villagecode": "062",
    "villagename": "Egambaranallur           ",
    "villagetname": "ஏகாம்பரநல்லூர்                                                                                                               "
  },
  {
    "villagecode": "095",
    "villagename": "Gudimallur               ",
    "villagetname": "குடிமல்லூர்                                                                                                                  "
  },
  {
    "villagecode": "103",
    "villagename": "Kadapperi                ",
    "villagetname": "கடப்பேரி                                                                                                                     "
  },
  {
    "villagecode": "058",
    "villagename": "Kalmelkuppam             ",
    "villagetname": "கல்மேல்குப்பம்                                                                                                               "
  },
  {
    "villagecode": "083",
    "villagename": "Karai                    ",
    "villagetname": "காரை                                                                                                                         "
  },
  {
    "villagecode": "061",
    "villagename": "Katharikuppam            ",
    "villagetname": "கத்தாரிகுப்பம்                                                                                                               "
  },
  {
    "villagecode": "078",
    "villagename": "Kathiavadi               ",
    "villagetname": "கத்தியவாடி                                                                                                                   "
  },
  {
    "villagecode": "099",
    "villagename": "Katteri                  ",
    "villagetname": "காட்டேரி                                                                                                                     "
  },
  {
    "villagecode": "068",
    "villagename": "Keelminnal               ",
    "villagetname": "கீழ்மின்னல்                                                                                                                  "
  },
  {
    "villagecode": "077",
    "villagename": "Kelkuppam                ",
    "villagetname": "கீழ்குப்பம்                                                                                                                  "
  },
  {
    "villagecode": "025",
    "villagename": "Kondakuppam              ",
    "villagetname": "கொண்டகுப்பம்                                                                                                                 "
  },
  {
    "villagecode": "079",
    "villagename": "Koorampadi               ",
    "villagetname": "கூராம்பாடி                                                                                                                   "
  },
  {
    "villagecode": "059",
    "villagename": "Lalapettai               ",
    "villagetname": "லாலாப்பேட்டை                                                                                                                 "
  },
  {
    "villagecode": "066",
    "villagename": "Maniampattu              ",
    "villagetname": "மணியம்பட்டு                                                                                                                  "
  },
  {
    "villagecode": "087",
    "villagename": "Manthaangal              ",
    "villagetname": "மாந்தாங்கல்                                                                                                                  "
  },
  {
    "villagecode": "024",
    "villagename": "Maruthampakkam           ",
    "villagetname": "மருதம்பாக்கம்                                                                                                                "
  },
  {
    "villagecode": "070",
    "villagename": "Melakuppam               ",
    "villagetname": "மேலகுப்பம்                                                                                                                   "
  },
  {
    "villagecode": "060",
    "villagename": "Mukundarayapuram         ",
    "villagetname": "முகுந்தராயபுரம்                                                                                                              "
  },
  {
    "villagecode": "101",
    "villagename": "Musiri                   ",
    "villagetname": "முசிரி                                                                                                                       "
  },
  {
    "villagecode": "072",
    "villagename": "Nandhiyalam              ",
    "villagetname": "நந்தியாலம்                                                                                                                   "
  },
  {
    "villagecode": "064",
    "villagename": "Narasingapuram           ",
    "villagetname": "நரசிங்கபுரம்                                                                                                                 "
  },
  {
    "villagecode": "073",
    "villagename": "Navlock                  ",
    "villagetname": "நவ்லாக்                                                                                                                      "
  },
  {
    "villagecode": "051",
    "villagename": "Padiyambakkam            ",
    "villagetname": "படியம்பாக்கம்                                                                                                                "
  },
  {
    "villagecode": "100",
    "villagename": "Pagaveli                 ",
    "villagetname": "பாகவெளி                                                                                                                      "
  },
  {
    "villagecode": "010",
    "villagename": "Palleri                  ",
    "villagetname": "பள்ளேரி                                                                                                                      "
  },
  {
    "villagecode": "088",
    "villagename": "Pinchi                   ",
    "villagetname": "பிஞ்சி                                                                                                                       "
  },
  {
    "villagecode": "098",
    "villagename": "Poondi                   ",
    "villagetname": "பூண்டி                                                                                                                       "
  },
  {
    "villagecode": "081",
    "villagename": "Rasathupuram.            ",
    "villagetname": "ராசாத்துபுரம்                                                                                                                "
  },
  {
    "villagecode": "097",
    "villagename": "Sathampakkam             ",
    "villagetname": "சாத்தம்பாக்கம்                                                                                                               "
  },
  {
    "villagecode": "056",
    "villagename": "Sengadu                  ",
    "villagetname": "செங்காடு                                                                                                                     "
  },
  {
    "villagecode": "063",
    "villagename": "Sikkarajapuram           ",
    "villagetname": "சீக்கராஜபுரம்                                                                                                                "
  },
  {
    "villagecode": "102",
    "villagename": "Sumaithangi              ",
    "villagetname": "சுமைதாங்கி                                                                                                                   "
  },
  {
    "villagecode": "080",
    "villagename": "Thalanur                 ",
    "villagetname": "தாழனூர்                                                                                                                      "
  },
  {
    "villagecode": "086",
    "villagename": "Thandalam                ",
    "villagetname": "தண்டலம்                                                                                                                      "
  },
  {
    "villagecode": "067",
    "villagename": "Thengal                  ",
    "villagetname": "தெங்கால்                                                                                                                     "
  },
  {
    "villagecode": "093",
    "villagename": "Thenkadappanthangal      ",
    "villagetname": "தென்கடப்பந்தாங்கல்                                                                                                           "
  },
  {
    "villagecode": "071",
    "villagename": "Thimnachari Kpm.         ",
    "villagetname": "திம்மனாச்சாரிகுப்பம்                                                                                                         "
  },
  {
    "villagecode": "096",
    "villagename": "Thirumalaicheri          ",
    "villagetname": "திருமலைச்சேரி                                                                                                                "
  },
  {
    "villagecode": "104",
    "villagename": "Thirupparkadal           ",
    "villagetname": "திருப்பாற்கடல்                                                                                                               "
  },
  {
    "villagecode": "065",
    "villagename": "Vadagal                  ",
    "villagetname": "வடகால்                                                                                                                       "
  },
  {
    "villagecode": "050",
    "villagename": "Valluambakkam            ",
    "villagetname": "வள்ளுவம்பாக்கம்                                                                                                              "
  },
  {
    "villagecode": "084",
    "villagename": "Vanapadi                 ",
    "villagetname": "வானாபாடி                                                                                                                     "
  },
  {
    "villagecode": "089",
    "villagename": "Vannivedu                ",
    "villagetname": "வன்னிவேடு                                                                                                                    "
  },
  {
    "villagecode": "009",
    "villagename": "Vasur                    ",
    "villagetname": "வசுர்                                                                                                                        "
  },
  {
    "villagecode": "082",
    "villagename": "Veppur                   ",
    "villagetname": "வேப்புர்                                                                                                                     "
  },
  {
    "villagecode": "074",
    "villagename": "Visharam                 ",
    "villagetname": "விஷாரம்                                                                                                                      "
  },
  {
    "villagecode": "090",
    "villagename": "Wallajah                 ",
    "villagetname": "வாலாஜா நகரம்                                                                                                                 "
  }
]
