[
  {
    "villagecode": "031",
    "villagename": " Alagapuri               ",
    "villagetname": "அழகாபுரி                                                                                                                     "
  },
  {
    "villagecode": "046",
    "villagename": " Chinna Oovalapuram      ",
    "villagetname": "சின்னஓவுலாபுரம்                                                                                                              "
  },
  {
    "villagecode": "040",
    "villagename": " Cumbum                  ",
    "villagetname": "கம்பம்                                                                                                                       "
  },
  {
    "villagecode": "049",
    "villagename": " Erasai - Hills          ",
    "villagetname": "எரசக்கநாயக்கனூர்  (மலை)                                                                                                      "
  },
  {
    "villagecode": "047",
    "villagename": " Erasakkanaickanur       ",
    "villagetname": "எரசக்கநாயக்கனூர்                                                                                                             "
  },
  {
    "villagecode": "037",
    "villagename": " Hanumandanpatti         ",
    "villagetname": "அனுமந்தன்பட்டி                                                                                                               "
  },
  {
    "villagecode": "044",
    "villagename": " Kamayagoundanpatti      ",
    "villagetname": "காமயகவுண்டன்பட்டி                                                                                                            "
  },
  {
    "villagecode": "048",
    "villagename": " Kanniservaipatti        ",
    "villagetname": "கன்னிசேர்வைபட்டி                                                                                                             "
  },
  {
    "villagecode": "242",
    "villagename": " Keelagudalue - East     ",
    "villagetname": "கீழக்கூடலூர் ( கிழக்கு)                                                                                                      "
  },
  {
    "villagecode": "042",
    "villagename": " Keelagudalur - West     ",
    "villagetname": "கீழக்கூடலூர்(மேற்கு)                                                                                                         "
  },
  {
    "villagecode": "036",
    "villagename": " Kokilapuram             ",
    "villagetname": "கோகிலாபுரம்                                                                                                                  "
  },
  {
    "villagecode": "224",
    "villagename": " Kombai-East             ",
    "villagetname": "கோம்பை (கிழக்கு)                                                                                                             "
  },
  {
    "villagecode": "024",
    "villagename": " Kombai-West             ",
    "villagetname": "கோம்பை (மேற்கு)                                                                                                              "
  },
  {
    "villagecode": "021",
    "villagename": " Kutchanur               ",
    "villagetname": "குச்சனூர்                                                                                                                    "
  },
  {
    "villagecode": "034",
    "villagename": " Mallingapuram           ",
    "villagetname": "மல்லிங்காபுரம்                                                                                                               "
  },
  {
    "villagecode": "025",
    "villagename": " Markayankottai          ",
    "villagetname": "மார்க்கையன் கோட்டை                                                                                                           "
  },
  {
    "villagecode": "041",
    "villagename": " Melagudalur - North     ",
    "villagetname": "மேலக்கூடலூர்(வடக்கு)                                                                                                         "
  },
  {
    "villagecode": "241",
    "villagename": " Melagudalur - South     ",
    "villagetname": "மேலக்கூடலூர் (தெற்கு)                                                                                                        "
  },
  {
    "villagecode": "033",
    "villagename": " Muthulapuram            ",
    "villagetname": "முத்துலாபுரம்                                                                                                                "
  },
  {
    "villagecode": "343",
    "villagename": " N. T. Patty - Hills     ",
    "villagetname": "நாராயணத்தேவன்பட்டி(மலை)                                                                                                      "
  },
  {
    "villagecode": "243",
    "villagename": " N.T.Patty - North       ",
    "villagetname": "நாராயணத்தேவன்பட்டி(வடக்கு)                                                                                                   "
  },
  {
    "villagecode": "043",
    "villagename": " N.T.Patty -South        ",
    "villagetname": "நாராயணத்தேவன்பட்டி(தெ)                                                                                                       "
  },
  {
    "villagecode": "030",
    "villagename": " Odaipatti               ",
    "villagetname": "ஓடைப்பட்டி                                                                                                                   "
  },
  {
    "villagecode": "023",
    "villagename": " Pannaipuram             ",
    "villagetname": "பண்ணைப்புரம்                                                                                                                 "
  },
  {
    "villagecode": "026",
    "villagename": " Poolananthapuram        ",
    "villagetname": "பூலானந்தபுரம்                                                                                                                "
  },
  {
    "villagecode": "016",
    "villagename": " Pottipuram              ",
    "villagetname": "பொட்டிபுரம்                                                                                                                  "
  },
  {
    "villagecode": "038",
    "villagename": " Pudupatti               ",
    "villagetname": "புதுப்பட்டி                                                                                                                  "
  },
  {
    "villagecode": "022",
    "villagename": " Pulikuthi               ",
    "villagetname": "புலிகுத்தி                                                                                                                   "
  },
  {
    "villagecode": "045",
    "villagename": " Rayappan Patti          ",
    "villagetname": "ராயப்பன்பட்டி                                                                                                                "
  },
  {
    "villagecode": "020",
    "villagename": " Sangarapuram            ",
    "villagetname": "சங்கராபுரம்                                                                                                                  "
  },
  {
    "villagecode": "029",
    "villagename": " Seeppalakottai          ",
    "villagetname": "சீப்பாலக்கோட்டை                                                                                                              "
  },
  {
    "villagecode": "017",
    "villagename": " Thevaram                ",
    "villagetname": "தேவாரம்                                                                                                                      "
  },
  {
    "villagecode": "018",
    "villagename": " Thevaram Hills          ",
    "villagetname": "தேவாரம் (மலை)                                                                                                                "
  },
  {
    "villagecode": "019",
    "villagename": " T.Meenatchipuram        ",
    "villagetname": "மீனாட்சிபுரம்                                                                                                                "
  },
  {
    "villagecode": "235",
    "villagename": " Uthamapalayam-North     ",
    "villagetname": "உத்தமபாளையம் (வடக்கு)                                                                                                        "
  },
  {
    "villagecode": "035",
    "villagename": " Uthamapalayam South     ",
    "villagetname": "உத்தமபாளையம் (தெற்கு)                                                                                                        "
  },
  {
    "villagecode": "039",
    "villagename": " Uthamapuram             ",
    "villagetname": "உத்தமபுரம்                                                                                                                   "
  },
  {
    "villagecode": "028",
    "villagename": " Veppampatti             ",
    "villagetname": "வேப்பம்பட்டி                                                                                                                 "
  }
]
