[
  {
    "villagecode": "017",
    "villagename": "Alanthurai               ",
    "villagetname": "ஆலாந்துறை                                                                                                                    "
  },
  {
    "villagecode": "004",
    "villagename": "Devarayanpuram.          ",
    "villagetname": "தேவராயபுரம்                                                                                                                  "
  },
  {
    "villagecode": "009",
    "villagename": "East Chithirai Chavadi.  ",
    "villagetname": "கிழக்கு சித்திரைச்சாவடி                                                                                                      "
  },
  {
    "villagecode": "015",
    "villagename": "Ikaraipoluvampatty (N)(S)",
    "villagetname": "இக்கரைபோளுவாம்பட்டி (வ-தெ)                                                                                                   "
  },
  {
    "villagecode": "003",
    "villagename": "Jakirnaikenpalayam.      ",
    "villagetname": "ஜாகீர் நாயக்கன்பாளையம்                                                                                                       "
  },
  {
    "villagecode": "006",
    "villagename": "Kalikanaiken Palayam.    ",
    "villagetname": "கலிக்கநாயக்கன்பாளையம்                                                                                                        "
  },
  {
    "villagecode": "010",
    "villagename": "Komarapalayam            ",
    "villagetname": "கொமாரபாளையம்                                                                                                                 "
  },
  {
    "villagecode": "024",
    "villagename": "Kuniamuthur              ",
    "villagetname": "குனியமுத்தூர்                                                                                                                "
  },
  {
    "villagecode": "020",
    "villagename": "Madampatty.              ",
    "villagetname": "மாதம்பட்டி                                                                                                                   "
  },
  {
    "villagecode": "016",
    "villagename": "Madavarayapuram.         ",
    "villagetname": "மத்வராயபுரம்                                                                                                                 "
  },
  {
    "villagecode": "001",
    "villagename": "Narasipuram.             ",
    "villagetname": "நரசீபுரம்                                                                                                                    "
  },
  {
    "villagecode": "012",
    "villagename": "Perur.                   ",
    "villagetname": "பேரூர்                                                                                                                       "
  },
  {
    "villagecode": "022",
    "villagename": "Perurchettipalaym.       ",
    "villagetname": "பேரூர்செட்டிபாளையம்                                                                                                          "
  },
  {
    "villagecode": "018",
    "villagename": "Puluvapatti",
    "villagetname": "புலுவப்பட்டி                                                                                                                 "
  },
  {
    "villagecode": "023",
    "villagename": "Sundakamuthur            ",
    "villagetname": "சுண்டக்காமுத்தூர்                                                                                                            "
  },
  {
    "villagecode": "021",
    "villagename": "Theethipalayam.          ",
    "villagetname": "தீத்திபாளையம்                                                                                                                "
  },
  {
    "villagecode": "014",
    "villagename": "Thenamanallur.           ",
    "villagetname": "தென்னமநல்லூர்                                                                                                                "
  },
  {
    "villagecode": "019",
    "villagename": "Thenkarai.               ",
    "villagetname": "தென்கரை                                                                                                                      "
  },
  {
    "villagecode": "005",
    "villagename": "Thondamuthur.            ",
    "villagetname": "தொண்டாமுத்தூர்                                                                                                               "
  },
  {
    "villagecode": "007",
    "villagename": "Vadavalli.               ",
    "villagetname": "வடவள்ளி                                                                                                                      "
  },
  {
    "villagecode": "008",
    "villagename": "Vedapatty.               ",
    "villagetname": "வேடப்பட்டி                                                                                                                   "
  },
  {
    "villagecode": "026",
    "villagename": "Veera Keralam.           ",
    "villagetname": "வீரகேரளம்                                                                                                                    "
  },
  {
    "villagecode": "002",
    "villagename": "Vellimalaipattinam.      ",
    "villagetname": "வெள்ளிமலைப்பட்டினம்                                                                                                          "
  },
  {
    "villagecode": "013",
    "villagename": "West Chithirai Chavadi.  ",
    "villagetname": "மேற்கு சித்திரைச்சாவடி                                                                                                       "
  }
]
