[
  {
    "villagecode": "111",
    "villagename": "Agrahara Manappalli      ",
    "villagetname": "அக்ரஹார மணப்பள்ளி                                                                                                            "
  },
  {
    "villagecode": "030",
    "villagename": "Agrahara Valavanthi      ",
    "villagetname": "அக்ரஹார வாழவந்தி                                                                                                             "
  },
  {
    "villagecode": "019",
    "villagename": "Andapuram                ",
    "villagetname": "ஆண்டாபுரம்                                                                                                                   "
  },
  {
    "villagecode": "191",
    "villagename": "Andapuram Agraharam      ",
    "villagetname": "ஆண்டாபுரம் அக்ரஹாரம்                                                                                                         "
  },
  {
    "villagecode": "014",
    "villagename": "Aniyapuram               ",
    "villagetname": "அணியாபுரம்                                                                                                                   "
  },
  {
    "villagecode": "025",
    "villagename": "Arasanatham              ",
    "villagetname": "அரசநத்தம்                                                                                                                    "
  },
  {
    "villagecode": "020",
    "villagename": "Ariyur                   ",
    "villagetname": "ஆரியூர்                                                                                                                      "
  },
  {
    "villagecode": "017",
    "villagename": "Arur                     ",
    "villagetname": "அரூர்                                                                                                                        "
  },
  {
    "villagecode": "141",
    "villagename": "Chennapathampatti        ",
    "villagetname": "சின்னபெத்தாம்பட்டி                                                                                                           "
  },
  {
    "villagecode": "002",
    "villagename": "Idumpankulam             ",
    "villagetname": "இடும்பன்குளம்                                                                                                                "
  },
  {
    "villagecode": "004",
    "villagename": "Kalipalayam              ",
    "villagetname": "காளிபாளையம்                                                                                                                  "
  },
  {
    "villagecode": "006",
    "villagename": "Komarapalayam            ",
    "villagetname": "கொமாரபாளையம்                                                                                                                 "
  },
  {
    "villagecode": "081",
    "villagename": "K.Puliyampatty           ",
    "villagetname": "கே. புளியம்பட்டி                                                                                                             "
  },
  {
    "villagecode": "024",
    "villagename": "Kumaripalayam            ",
    "villagetname": "குமரிபாளையம்                                                                                                                 "
  },
  {
    "villagecode": "008",
    "villagename": "Kutlamparai              ",
    "villagetname": "குட்லாம்பாறை                                                                                                                 "
  },
  {
    "villagecode": "013",
    "villagename": "Lathuvadi                ",
    "villagetname": "லத்துவாடி                                                                                                                    "
  },
  {
    "villagecode": "009",
    "villagename": "Madakasampatty           ",
    "villagetname": "மாடகாசம்பட்டி                                                                                                                "
  },
  {
    "villagecode": "028",
    "villagename": "Mettupatty               ",
    "villagetname": "மேட்டுப்பட்டி                                                                                                                "
  },
  {
    "villagecode": "281",
    "villagename": "Mettupatty Agraharam     ",
    "villagetname": "மேட்டுப்பட்டி அக்ரஹாரம்                                                                                                      "
  },
  {
    "villagecode": "022",
    "villagename": "Mohanur                  ",
    "villagetname": "மோகனுார்                                                                                                                     "
  },
  {
    "villagecode": "161",
    "villagename": "Moorthinaickanpatty      ",
    "villagetname": "மூர்த்திநாய்க்கன்பட்டி                                                                                                       "
  },
  {
    "villagecode": "001",
    "villagename": "Najai Edaiyar            ",
    "villagetname": "நஞ்சை இடையார்                                                                                                                "
  },
  {
    "villagecode": "015",
    "villagename": "N.Pudupatty              ",
    "villagetname": "என்.புதுப்பட்டி                                                                                                              "
  },
  {
    "villagecode": "026",
    "villagename": "Oruvanthur               ",
    "villagetname": "ஒருவந்துார்                                                                                                                  "
  },
  {
    "villagecode": "018",
    "villagename": "Parali                   ",
    "villagetname": "பரளி                                                                                                                         "
  },
  {
    "villagecode": "010",
    "villagename": "Peramandampalayam        ",
    "villagetname": "பெரமாண்டம்பாளையம்                                                                                                            "
  },
  {
    "villagecode": "021",
    "villagename": "Pettapalayam             ",
    "villagetname": "பேட்டப்பாளையம்                                                                                                               "
  },
  {
    "villagecode": "003",
    "villagename": "Punjai Edaiyar Kelmugam  ",
    "villagetname": "புஞ்சை இடையார் கீழ்முகம்                                                                                                     "
  },
  {
    "villagecode": "023",
    "villagename": "Rasipalayam              ",
    "villagetname": "ராசிபாளையம்                                                                                                                  "
  },
  {
    "villagecode": "011",
    "villagename": "Sarkar Manappalli        ",
    "villagetname": "சர்க்கார் மணப்பள்ளி                                                                                                          "
  },
  {
    "villagecode": "007",
    "villagename": "Sarkar Valavanthi        ",
    "villagetname": "சர்க்கார் வாழவந்தி                                                                                                           "
  },
  {
    "villagecode": "005",
    "villagename": "Sengappalli              ",
    "villagetname": "செங்கப்பள்ளி                                                                                                                 "
  },
  {
    "villagecode": "031",
    "villagename": "Sevinthipatti            ",
    "villagetname": "செவிந்திபட்டி                                                                                                                "
  },
  {
    "villagecode": "027",
    "villagename": "Thipramahadevi           ",
    "villagetname": "திப்ரமகாதேவி                                                                                                                 "
  },
  {
    "villagecode": "271",
    "villagename": "Thipramahadevi Agraharam",
    "villagetname": "திப்ரமகாதேவி அக்ரகாரம                                                                                                        "
  },
  {
    "villagecode": "012",
    "villagename": "Tholur                   ",
    "villagetname": "தோளூர்                                                                                                                       "
  },
  {
    "villagecode": "029",
    "villagename": "Vadavathur               ",
    "villagetname": "வடவத்தூர்                                                                                                                    "
  },
  {
    "villagecode": "301",
    "villagename": "Valavathi Enam           ",
    "villagetname": "வாழவந்தி இனாம்                                                                                                               "
  },
  {
    "villagecode": "016",
    "villagename": "Valayapatti              ",
    "villagetname": "வளையபட்டி                                                                                                                    "
  }
]
