[
  {
    "villagecode": "020",
    "villagename": "Appaneri                 ",
    "villagetname": "அப்பனேரி                                                                                                                     "
  },
  {
    "villagecode": "026",
    "villagename": "Arasiyarpatti            ",
    "villagetname": "அரசியார்பட்டி                                                                                                                "
  },
  {
    "villagecode": "003",
    "villagename": "Ayyankolankondan-1       ",
    "villagetname": "அயன்கொல்லங்கொண்டான்-1                                                                                                        "
  },
  {
    "villagecode": "033",
    "villagename": "Ayyankolankondan-2       ",
    "villagetname": "அயன்கொல்லங்கொண்டான்-2                                                                                                        "
  },
  {
    "villagecode": "017",
    "villagename": "Chettiyarpatti           ",
    "villagetname": "செட்டியார்பட்டி                                                                                                              "
  },
  {
    "villagecode": "014",
    "villagename": "Chokkanathanputtur       ",
    "villagetname": "சொக்கநாதன்புத்தூர்                                                                                                           "
  },
  {
    "villagecode": "007",
    "villagename": "Cholaicheri              ",
    "villagetname": "சோலைச்சேரி                                                                                                                   "
  },
  {
    "villagecode": "030",
    "villagename": "Cholapuram-1             ",
    "villagetname": "சோழபுரம்-1                                                                                                                   "
  },
  {
    "villagecode": "035",
    "villagename": "Cholapuram -2            ",
    "villagetname": "சோழபுரம்-2                                                                                                                   "
  },
  {
    "villagecode": "018",
    "villagename": "Elanthraigondan          ",
    "villagetname": "இளந்திரைகொண்டான்                                                                                                             "
  },
  {
    "villagecode": "022",
    "villagename": "Kadampankulam            ",
    "villagetname": "கடம்பன்குளம்                                                                                                                 "
  },
  {
    "villagecode": "005",
    "villagename": "Kollankondan             ",
    "villagetname": "கொல்லங்கொண்டான்                                                                                                              "
  },
  {
    "villagecode": "025",
    "villagename": "Kotthankulam             ",
    "villagetname": "கொத்தங்குளம்                                                                                                                 "
  },
  {
    "villagecode": "013",
    "villagename": "Kovillur                 ",
    "villagetname": "கோவிலூர்                                                                                                                     "
  },
  {
    "villagecode": "024",
    "villagename": "Melapattam Karisalkulam  ",
    "villagetname": "மேலப்பாட்டம் கரசல்குளம்                                                                                                      "
  },
  {
    "villagecode": "029",
    "villagename": "Melarasagularaman        ",
    "villagetname": "மேலராசகுலராமன்                                                                                                               "
  },
  {
    "villagecode": "034",
    "villagename": "Meloorduraisamypuram     ",
    "villagetname": "மேலூர்துரைச்சாமிபுரம்                                                                                                        "
  },
  {
    "villagecode": "008",
    "villagename": "Mettupatti               ",
    "villagetname": "மேட்டுபட்டி                                                                                                                  "
  },
  {
    "villagecode": "010",
    "villagename": "Muthusamypuram           ",
    "villagetname": "முத்துசாமிபுரம்                                                                                                              "
  },
  {
    "villagecode": "016",
    "villagename": "Nallamangalam            ",
    "villagetname": "நல்லமங்கலம்                                                                                                                  "
  },
  {
    "villagecode": "031",
    "villagename": "Nathampatti              ",
    "villagetname": "நத்தம்பட்டி                                                                                                                  "
  },
  {
    "villagecode": "021",
    "villagename": "Pudhupalayam             ",
    "villagetname": "புதுப்பாளையம்                                                                                                                "
  },
  {
    "villagecode": "015",
    "villagename": "Puttur                   ",
    "villagetname": "புத்தூர்                                                                                                                     "
  },
  {
    "villagecode": "004",
    "villagename": "Rajapalayam              ",
    "villagetname": "இராஜபாளையம்                                                                                                                  "
  },
  {
    "villagecode": "028",
    "villagename": "Ramalingapuram           ",
    "villagetname": "இராமலிங்காபுரம்                                                                                                              "
  },
  {
    "villagecode": "032",
    "villagename": "Regunathapuram           ",
    "villagetname": "ரகுநாதபுரம்                                                                                                                  "
  },
  {
    "villagecode": "023",
    "villagename": "Sammanthapuram           ",
    "villagetname": "சம்மந்தபுரம்                                                                                                                 "
  },
  {
    "villagecode": "027",
    "villagename": "Samsigapuram             ",
    "villagetname": "சம்சிகாபுரம்                                                                                                                 "
  },
  {
    "villagecode": "009",
    "villagename": "Sethur                   ",
    "villagetname": "சேத்தூர்                                                                                                                     "
  },
  {
    "villagecode": "006",
    "villagename": "Sundrajapuram            ",
    "villagetname": "சுந்தரராஐபுரம்                                                                                                               "
  },
  {
    "villagecode": "012",
    "villagename": "Therkku Devathanam       ",
    "villagetname": "தெற்கு தேவதானம்                                                                                                              "
  },
  {
    "villagecode": "019",
    "villagename": "Therkkuvenkanallur       ",
    "villagetname": "தெற்குவெங்காநல்லூர்                                                                                                          "
  },
  {
    "villagecode": "002",
    "villagename": "Thiruchalur              ",
    "villagetname": "திருச்சாலூர்                                                                                                                 "
  },
  {
    "villagecode": "011",
    "villagename": "Vadakkudevathanam        ",
    "villagetname": "வடக்கு தேவதானம்                                                                                                              "
  },
  {
    "villagecode": "001",
    "villagename": "Vadakkuvenkanallur       ",
    "villagetname": "வடக்கு வெங்காநல்லூர்                                                                                                         "
  }
]
