[
  {
    "villagecode": "037",
    "villagename": "Aalakkudi Chief          ",
    "villagetname": "ஆலக்குடி முதன்மை                                                                                                             "
  },
  {
    "villagecode": "371",
    "villagename": "Alakkudi Addl.           ",
    "villagetname": "ஆலக்குடி கூடுதல்                                                                                                             "
  },
  {
    "villagecode": "072",
    "villagename": "Avusahib Thottam         ",
    "villagetname": "ஆவுசாகிப் தோட்டம்                                                                                                            "
  },
  {
    "villagecode": "049",
    "villagename": "Chakkarasamantham        ",
    "villagetname": "சக்கரசாமந்தம்                                                                                                                "
  },
  {
    "villagecode": "057",
    "villagename": " Chatram Nedar           ",
    "villagetname": "சத்திரம் நெடார்                                                                                                              "
  },
  {
    "villagecode": "041",
    "villagename": "Chennampatti             ",
    "villagetname": "சென்னம்பட்டி                                                                                                                 "
  },
  {
    "villagecode": "081",
    "villagename": "Inathukanpatti           ",
    "villagetname": "இனாத்துக்கான்பட்டி                                                                                                           "
  },
  {
    "villagecode": "070",
    "villagename": "Kadakadabai              ",
    "villagetname": "கடகடப்பை                                                                                                                     "
  },
  {
    "villagecode": "702",
    "villagename": "Kadakadappai Thottam     ",
    "villagetname": "கடகடப்பை தோட்டம                                                                                                              "
  },
  {
    "villagecode": "030",
    "villagename": "Kalvirayanpettai         ",
    "villagetname": "கல்விராயன்பேட்டை                                                                                                             "
  },
  {
    "villagecode": "089",
    "villagename": "Kandithampattu           ",
    "villagetname": "கண்டிதம்பட்டு                                                                                                                "
  },
  {
    "villagecode": "701",
    "villagename": "Kanjanayakkan Thottam    ",
    "villagetname": "கஞ்சநாயக்கன் தோட்டம்                                                                                                         "
  },
  {
    "villagecode": "075",
    "villagename": "Karunthattankudi         ",
    "villagetname": "கருந்தட்டாங்குடி                                                                                                             "
  },
  {
    "villagecode": "092",
    "villagename": "Kattur                   ",
    "villagetname": "காட்டூர்                                                                                                                     "
  },
  {
    "villagecode": "074",
    "villagename": "Keeraikollai             ",
    "villagetname": "கீரைக்கொல்லை                                                                                                                 "
  },
  {
    "villagecode": "087",
    "villagename": "Kollankarai              ",
    "villagetname": "கொல்லாங்கரை                                                                                                                  "
  },
  {
    "villagecode": "086",
    "villagename": "Kollankarai V.Pattu      ",
    "villagetname": "கொல்லாங்கரை வ.பட்டு                                                                                                          "
  },
  {
    "villagecode": "062",
    "villagename": "Kondavattanthidal        ",
    "villagetname": "கொண்டவட்டாந்திடல்                                                                                                            "
  },
  {
    "villagecode": "066",
    "villagename": "Kudalur                  ",
    "villagetname": "கூடலூர்                                                                                                                      "
  },
  {
    "villagecode": "077",
    "villagename": "Kulichappattu            ",
    "villagetname": "குளிச்சப்பட்டு                                                                                                               "
  },
  {
    "villagecode": "067",
    "villagename": "Kurungalur               ",
    "villagetname": "குருங்களுார்                                                                                                                 "
  },
  {
    "villagecode": "084",
    "villagename": "Kurunkulam East          ",
    "villagetname": "குருங்குளம் கிழக்கு                                                                                                          "
  },
  {
    "villagecode": "083",
    "villagename": "Kurunkulam West          ",
    "villagetname": "குருங்குளம் மேற்கு                                                                                                           "
  },
  {
    "villagecode": "038",
    "villagename": "Kuruvadipatti            ",
    "villagetname": "குருவாடிப்பட்டி                                                                                                              "
  },
  {
    "villagecode": "093",
    "villagename": "Madikai                  ",
    "villagetname": "மடிகை                                                                                                                        "
  },
  {
    "villagecode": "058",
    "villagename": "Manankorai               ",
    "villagetname": "மானாங்கோரை                                                                                                                   "
  },
  {
    "villagecode": "085",
    "villagename": "Marunkulam               ",
    "villagetname": "மருங்குளம்                                                                                                                   "
  },
  {
    "villagecode": "060",
    "villagename": "Mathur                   ",
    "villagetname": "மாத்தூர்                                                                                                                     "
  },
  {
    "villagecode": "071",
    "villagename": "Mela Chitharkadu         ",
    "villagetname": "மேலசித்தர்க்காடு                                                                                                             "
  },
  {
    "villagecode": "047",
    "villagename": "Melaveli Thottam         ",
    "villagetname": "மேலவெளித் தோட்டம்                                                                                                            "
  },
  {
    "villagecode": "061",
    "villagename": "Nallicheri               ",
    "villagetname": "நல்லிச்சேரி                                                                                                                  "
  },
  {
    "villagecode": "080",
    "villagename": "Nanchikkottai            ",
    "villagetname": "நாஞ்சிக்கோட்டை                                                                                                               "
  },
  {
    "villagecode": "082",
    "villagename": "Nanchikkottai V.Pattu    ",
    "villagetname": "நாஞ்சிக்கோட்டை வ.பட்டு                                                                                                       "
  },
  {
    "villagecode": "055",
    "villagename": "Narasikanayakapuram      ",
    "villagetname": "நரசிகநாயகபுரம்                                                                                                               "
  },
  {
    "villagecode": "045",
    "villagename": "Neelagiri Therkku Thottam",
    "villagetname": "நீலகிரிதெ.தோ                                                                                                                 "
  },
  {
    "villagecode": "054",
    "villagename": "Palliyakrakaram          ",
    "villagetname": "பள்ளியக்ரஹாரம்                                                                                                               "
  },
  {
    "villagecode": "048",
    "villagename": "Palliyeri                ",
    "villagetname": "பள்ளியேரி                                                                                                                    "
  },
  {
    "villagecode": "032",
    "villagename": "Perambur  2nd Sethi      ",
    "villagetname": "பெரம்புர் இரண்டாம்சேத்தி                                                                                                     "
  },
  {
    "villagecode": "033",
    "villagename": "Perambur First Sethi     ",
    "villagetname": "பெரம்புர் முதல்சேத்தி                                                                                                        "
  },
  {
    "villagecode": "034",
    "villagename": "Pillaiyarnatham          ",
    "villagetname": "பிள்ளையார் நத்தம்                                                                                                            "
  },
  {
    "villagecode": "044",
    "villagename": "Pillaiyarpatti           ",
    "villagetname": "பிள்ளையார்பட்டி                                                                                                              "
  },
  {
    "villagecode": "076",
    "villagename": "Pinnainallur             ",
    "villagetname": "பின்னைநல்லூர்                                                                                                                "
  },
  {
    "villagecode": "079",
    "villagename": "Pudupattinam             ",
    "villagetname": "புதுப்பட்டினம்                                                                                                               "
  },
  {
    "villagecode": "088",
    "villagename": "Pudur                    ",
    "villagetname": "புதூர்                                                                                                                       "
  },
  {
    "villagecode": "078",
    "villagename": "Puliyanthoppu            ",
    "villagetname": "புளியந்தோப்பு                                                                                                                "
  },
  {
    "villagecode": "461",
    "villagename": "Ramanathapuram Addl.     ",
    "villagetname": "இராமநாதபுரம் கூடுதல்                                                                                                         "
  },
  {
    "villagecode": "046",
    "villagename": "Ramanathapuram Chief     ",
    "villagetname": "இராமநாதபுரம் முதன்மை                                                                                                         "
  },
  {
    "villagecode": "064",
    "villagename": "Ramapuram                ",
    "villagetname": "இராமபுரம்                                                                                                                    "
  },
  {
    "villagecode": "035",
    "villagename": "Seeralur                 ",
    "villagetname": "சீராளுர்                                                                                                                     "
  },
  {
    "villagecode": "901",
    "villagename": "Soorakkottai             ",
    "villagetname": "சூரக்கோட்டை                                                                                                                  "
  },
  {
    "villagecode": "059",
    "villagename": "Thandankorai             ",
    "villagetname": "தண்டாங்கோரை                                                                                                                  "
  },
  {
    "villagecode": "042",
    "villagename": "Thirukanurpatti          ",
    "villagetname": "திருக்கானூர்பட்டி                                                                                                            "
  },
  {
    "villagecode": "056",
    "villagename": "Thiruvethikudi           ",
    "villagetname": "திருவேதிக்குடி                                                                                                               "
  },
  {
    "villagecode": "065",
    "villagename": "Thittai                  ",
    "villagetname": "திட்டை                                                                                                                       "
  },
  {
    "villagecode": "063",
    "villagename": "Thottakkadu              ",
    "villagetname": "தோட்டக்காடு                                                                                                                  "
  },
  {
    "villagecode": "027",
    "villagename": "Tirumalaisamuthiram      ",
    "villagetname": "திருமலைசமுத்திரம்                                                                                                            "
  },
  {
    "villagecode": "091",
    "villagename": "Valamirankottai          ",
    "villagetname": "வாளமிரான்கோட்டை                                                                                                              "
  },
  {
    "villagecode": "511",
    "villagename": "Valampuri Unit           ",
    "villagetname": "வலம்புரி யூனிட்                                                                                                              "
  },
  {
    "villagecode": "043",
    "villagename": "Vallam North             ",
    "villagetname": "வல்லம்  வடக்கு                                                                                                               "
  },
  {
    "villagecode": "039",
    "villagename": "Vallampudur              ",
    "villagetname": "வல்லம்புதூர்                                                                                                                 "
  },
  {
    "villagecode": "040",
    "villagename": "Vallam South             ",
    "villagetname": "வல்லம் தெற்கு                                                                                                                "
  },
  {
    "villagecode": "361",
    "villagename": "Vannarapettai Addl.      ",
    "villagetname": "வண்ணாரபேட்டைகூடுதல்                                                                                                          "
  },
  {
    "villagecode": "036",
    "villagename": "Vannarapettai Chief      ",
    "villagetname": "வண்ணாரப்பேட்டை முதன்மை                                                                                                       "
  },
  {
    "villagecode": "051",
    "villagename": "Velur                    ",
    "villagetname": "வேலூர்                                                                                                                       "
  },
  {
    "villagecode": "510",
    "villagename": "Velur Govindarao Thottam ",
    "villagetname": "வேலூர்கோவிந்தராவ்தோட்டம                                                                                                      "
  },
  {
    "villagecode": "050",
    "villagename": "Vennalodai               ",
    "villagetname": "வெண்ணலோடை                                                                                                                    "
  },
  {
    "villagecode": "090",
    "villagename": "Vilar                    ",
    "villagetname": "விளார்                                                                                                                       "
  }
]
