[
  {
    "villagecode": "093",
    "villagename": "Alagapuri                ",
    "villagetname": "அழகாபுரி"
  },
  {
    "villagecode": "100",
    "villagename": "Alangudi                 ",
    "villagetname": "ஆலங்குடி"
  },
  {
    "villagecode": "045",
    "villagename": "Attangudi                ",
    "villagetname": "ஆத்தங்குடி"
  },
  {
    "villagecode": "033",
    "villagename": "Attikkadu Thekkur        ",
    "villagetname": "ஆத்திக்காடு தெக்கூர்"
  },
  {
    "villagecode": "065",
    "villagename": "Brahmanapatti            ",
    "villagetname": "பிராமணப்பட்டி"
  },
  {
    "villagecode": "099",
    "villagename": "Ilankudi                 ",
    "villagetname": "இளங்குடி"
  },
  {
    "villagecode": "042",
    "villagename": "Ilayattankudi North      ",
    "villagetname": "இளையாத்தங்குடி வடக்கு"
  },
  {
    "villagecode": "043",
    "villagename": " Ilayattankudi South     ",
    "villagetname": "இளையாத்தங்குடி தெற்கு"
  },
  {
    "villagecode": "088",
    "villagename": "Kallipattu               ",
    "villagetname": "கள்ளிப்பட்டு"
  },
  {
    "villagecode": "092",
    "villagename": "Kambanur                 ",
    "villagetname": "கம்பனூர் "
  },
  {
    "villagecode": "051",
    "villagename": "Kandavarayanpatti        ",
    "villagetname": "கண்டவராயன்பட்டி"
  },
  {
    "villagecode": "032",
    "villagename": "Karaiyur                 ",
    "villagetname": "காரையூர்"
  },
  {
    "villagecode": "082",
    "villagename": "Karungulam               ",
    "villagetname": "கருங்குளம்"
  },
  {
    "villagecode": "030",
    "villagename": "Karuppur                 ",
    "villagetname": "கருப்பூர்"
  },
  {
    "villagecode": "060",
    "villagename": "Kattambur                ",
    "villagetname": "காட்டாம்பூர்"
  },
  {
    "villagecode": "050",
    "villagename": "Kavanur                  ",
    "villagetname": "காவனூர்"
  },
  {
    "villagecode": "054",
    "villagename": "Kottaiyiruppu            ",
    "villagetname": "கோட்டையிருப்பு"
  },
  {
    "villagecode": "097",
    "villagename": "Kunnakkudi               ",
    "villagetname": "குன்னக்குடி"
  },
  {
    "villagecode": "052",
    "villagename": "K.Variavanpati and Karupagi",
    "villagetname": "கே.வைரவன்பட்டி"
  },
  {
    "villagecode": "029",
    "villagename": "Madavarayanpatti         ",
    "villagetname": "மாதவராயன்பட்டி"
  },
  {
    "villagecode": "034",
    "villagename": "Mahibalanpatti           ",
    "villagetname": "மகிபாலன்பட்டி"
  },
  {
    "villagecode": "090",
    "villagename": "Naduvikkottai Kilaiyur   ",
    "villagetname": "நடுவிக்கோட்டை கீழையூர்"
  },
  {
    "villagecode": "091",
    "villagename": "Naduvikkottai Melaiyur   ",
    "villagetname": "நடுவிக்கோட்டை மேலையூர்"
  },
  {
    "villagecode": "031",
    "villagename": "Nattarmangalam           ",
    "villagetname": "நாட்டார்மங்களம்"
  },
  {
    "villagecode": "047",
    "villagename": "Nedumaram                ",
    "villagetname": "நெடுமரம்"
  },
  {
    "villagecode": "096",
    "villagename": "Nemam                    ",
    "villagetname": "நேமம்"
  },
  {
    "villagecode": "036",
    "villagename": "Nerkuppai                ",
    "villagetname": "நெற்குப்பை"
  },
  {
    "villagecode": "035",
    "villagename": "Olugumangalam            ",
    "villagetname": "ஒழுகுமங்களம்"
  },
  {
    "villagecode": "049",
    "villagename": "Paiyur                   ",
    "villagetname": "பையூர்"
  },
  {
    "villagecode": "063",
    "villagename": "Pattakurichi             ",
    "villagetname": "பட்டாக்குறிச்சி"
  },
  {
    "villagecode": "084",
    "villagename": "Pattamangalam East       ",
    "villagetname": "பட்டமங்களம் கிழக்கு"
  },
  {
    "villagecode": "083",
    "villagename": "Pattamangalam West       ",
    "villagetname": "பட்டமங்களம் மேற்கு"
  },
  {
    "villagecode": "086",
    "villagename": "Perichikoil              ",
    "villagetname": "பெரிச்சிகோவில்"
  },
  {
    "villagecode": "040",
    "villagename": "Pulankurichi             ",
    "villagetname": "பூலாங்குறிச்சி"
  },
  {
    "villagecode": "056",
    "villagename": "Ranasingapuram           ",
    "villagetname": "இரணசிங்கபுரம்"
  },
  {
    "villagecode": "044",
    "villagename": "Senbagampettai           ",
    "villagetname": "செண்பகம் பேட்டை"
  },
  {
    "villagecode": "089",
    "villagename": "Sevarakkottai            ",
    "villagetname": "செவரக்கோட்டை"
  },
  {
    "villagecode": "039",
    "villagename": "Sevvur                   ",
    "villagetname": "செவ்வூர்"
  },
  {
    "villagecode": "095",
    "villagename": "Siravayal                ",
    "villagetname": "சிராவயல்"
  },
  {
    "villagecode": "046",
    "villagename": "Sirukudalpatti           ",
    "villagetname": "சிறுகூடல்பட்டி"
  },
  {
    "villagecode": "079",
    "villagename": "Sullangudi               ",
    "villagetname": "சுல்லங்குடி"
  },
  {
    "villagecode": "064",
    "villagename": "Sunnambiruppu            ",
    "villagetname": "சுண்ணாம்பிருப்பு"
  },
  {
    "villagecode": "094",
    "villagename": "Tenkarai                 ",
    "villagetname": "தென்கரை"
  },
  {
    "villagecode": "055",
    "villagename": "Tevarambur               ",
    "villagetname": "தேவரம்பூர்"
  },
  {
    "villagecode": "062",
    "villagename": "Thanipatti               ",
    "villagetname": "தானிப்பட்டி"
  },
  {
    "villagecode": "098",
    "villagename": "Thattati                 ",
    "villagetname": "தட்டட்டி"
  },
  {
    "villagecode": "059",
    "villagename": "Themmapattu              ",
    "villagetname": "தெம்மாப்பட்டு"
  },
  {
    "villagecode": "087",
    "villagename": "Thirukkalappatti         ",
    "villagetname": "திருக்களாப்பட்டி"
  },
  {
    "villagecode": "041",
    "villagename": "Thirukkolakkudi          ",
    "villagetname": "திருக்கோளக்குடி"
  },
  {
    "villagecode": "078",
    "villagename": "Thirukoshtiyur           ",
    "villagetname": "திருக்கோட்டியூர்"
  },
  {
    "villagecode": "057",
    "villagename": "Thiruppathur             ",
    "villagetname": "திருப்பத்தூர்"
  },
  {
    "villagecode": "053",
    "villagename": "Thiruvudaiyarpatti       ",
    "villagetname": "திருவுடையார்பட்டி"
  },
  {
    "villagecode": "037",
    "villagename": "Thuvar                   ",
    "villagetname": "துவார்"
  },
  {
    "villagecode": "061",
    "villagename": "T. Vairavanpatti         ",
    "villagetname": "தி வைரவன்பட்டி"
  },
  {
    "villagecode": "081",
    "villagename": "Vadamavali               ",
    "villagetname": "வடமாவளி"
  },
  {
    "villagecode": "048",
    "villagename": "Vaiyakalathur            ",
    "villagetname": "வையகளத்தூர்"
  },
  {
    "villagecode": "058",
    "villagename": "Vaniyankadu              ",
    "villagetname": "வாணியங்காடு"
  },
  {
    "villagecode": "038",
    "villagename": "Velangudi                ",
    "villagetname": "வேலங்குடி"
  },
  {
    "villagecode": "085",
    "villagename": "Veliyathur               ",
    "villagetname": "வெளியாத்தூர்"
  }
]
