[
  {
    "villagecode": "077",
    "villagename": "Ambalakaranpatti         ",
    "villagetname": "77 அம்பலகாரன்பட்டி                                                                                                           "
  },
  {
    "villagecode": "063",
    "villagename": "Amoor                    ",
    "villagetname": "63 ஆமூர்                                                                                                                     "
  },
  {
    "villagecode": "075",
    "villagename": "Arasappanpatti           ",
    "villagetname": "75 அரசப்பன்பட்டி                                                                                                             "
  },
  {
    "villagecode": "054",
    "villagename": "Arittapatti              ",
    "villagetname": "54 அரிட்டாபட்டி                                                                                                              "
  },
  {
    "villagecode": "023",
    "villagename": "Attappatti               ",
    "villagetname": "23 அட்டப்பட்டி                                                                                                               "
  },
  {
    "villagecode": "031",
    "villagename": "Attukkulam               ",
    "villagetname": "31 ஆட்டுக்குளம்                                                                                                              "
  },
  {
    "villagecode": "053",
    "villagename": "A.Valayapatti            ",
    "villagetname": "53 அ.வலையபட்டி                                                                                                               "
  },
  {
    "villagecode": "050",
    "villagename": "A.Vallalapatti           ",
    "villagetname": "50 அ.வல்லாளபட்டி                                                                                                             "
  },
  {
    "villagecode": "014",
    "villagename": "Ayan Pandangudi          ",
    "villagetname": "14 அயன்பாண்டாங்குடி                                                                                                          "
  },
  {
    "villagecode": "052",
    "villagename": "Ayithampatti             ",
    "villagetname": "52 ஆயித்தம்பட்டி                                                                                                             "
  },
  {
    "villagecode": "012",
    "villagename": "Ayyapatti                ",
    "villagetname": "12 அய்யாபட்டி                                                                                                                "
  },
  {
    "villagecode": "022",
    "villagename": "Boothamangalam           ",
    "villagetname": "22 பூதமங்கலம்                                                                                                                "
  },
  {
    "villagecode": "016",
    "villagename": "Chockalingapuram         ",
    "villagetname": "16 சொக்கலிங்கபுரம்                                                                                                           "
  },
  {
    "villagecode": "006",
    "villagename": "Chokkampatti             ",
    "villagetname": "6 சொக்கம்பட்டி                                                                                                               "
  },
  {
    "villagecode": "026",
    "villagename": "E.Malampatti             ",
    "villagetname": "26 இ.மலம்பட்டி                                                                                                               "
  },
  {
    "villagecode": "041",
    "villagename": "Ettimangalam             ",
    "villagetname": "41 எட்டிமங்கலம்                                                                                                              "
  },
  {
    "villagecode": "015",
    "villagename": "Inam Pandangudi          ",
    "villagetname": "15 இனாம்பாண்டாங்குடி                                                                                                         "
  },
  {
    "villagecode": "056",
    "villagename": "Kalikkulam               ",
    "villagetname": "56 களிக்குளம்                                                                                                                "
  },
  {
    "villagecode": "055",
    "villagename": "Kallampatti              ",
    "villagetname": "55 கல்லம்பட்டி                                                                                                               "
  },
  {
    "villagecode": "046",
    "villagename": "Kambur                   ",
    "villagetname": "46 கம்பூர்                                                                                                                   "
  },
  {
    "villagecode": "017",
    "villagename": "Karungalakkudi           ",
    "villagetname": "17 கருங்காலக்குடி                                                                                                            "
  },
  {
    "villagecode": "037",
    "villagename": "Karuthapuliyampatti      ",
    "villagetname": "37 கருத்தப்புளியம்பட்டி                                                                                                      "
  },
  {
    "villagecode": "020",
    "villagename": "Katchirayanpatti         ",
    "villagetname": "20 கச்சிராயன்பட்டி                                                                                                           "
  },
  {
    "villagecode": "042",
    "villagename": "Kavattayampatti          ",
    "villagetname": "42 கவட்டையம்பட்டி                                                                                                            "
  },
  {
    "villagecode": "029",
    "villagename": "Keelaiyur                ",
    "villagetname": "29 கீழையூர்                                                                                                                  "
  },
  {
    "villagecode": "027",
    "villagename": "Keelavalavu              ",
    "villagetname": "27 கீழவளவு                                                                                                                   "
  },
  {
    "villagecode": "067",
    "villagename": "Keeranur                 ",
    "villagetname": "67 கீரனூர்                                                                                                                   "
  },
  {
    "villagecode": "048",
    "villagename": "Kesampatti               ",
    "villagetname": "48 கேசம்பட்டி                                                                                                                "
  },
  {
    "villagecode": "051",
    "villagename": "Kidarippatti             ",
    "villagetname": "51 கிடாரிப்பட்டி                                                                                                             "
  },
  {
    "villagecode": "062",
    "villagename": "Kilavikulam              ",
    "villagetname": "62 கிழவிகுளம்                                                                                                                "
  },
  {
    "villagecode": "024",
    "villagename": "Kodukkampatti            ",
    "villagetname": "24 கொடுக்கம்பட்டி                                                                                                            "
  },
  {
    "villagecode": "025",
    "villagename": "Kongampatti              ",
    "villagetname": "25 கொங்கம்பட்டி                                                                                                              "
  },
  {
    "villagecode": "073",
    "villagename": "Kottakudi                ",
    "villagetname": "73 கொட்டகுடி                                                                                                                 "
  },
  {
    "villagecode": "013",
    "villagename": "Kottampatti              ",
    "villagetname": "13 கொட்டாம்பட்டி                                                                                                             "
  },
  {
    "villagecode": "010",
    "villagename": "Kunnarampatti            ",
    "villagetname": "10 குன்னாரம்பட்டி                                                                                                            "
  },
  {
    "villagecode": "083",
    "villagename": "Kurichipatti             ",
    "villagetname": "83 குறிச்சிப்பட்டி                                                                                                           "
  },
  {
    "villagecode": "009",
    "villagename": "Manappacheri             ",
    "villagetname": "9 மணப்பச்சேரி                                                                                                                "
  },
  {
    "villagecode": "060",
    "villagename": "Maruthur                 ",
    "villagetname": "60 மருதூர்                                                                                                                   "
  },
  {
    "villagecode": "044",
    "villagename": "Melavalavu               ",
    "villagetname": "44 மேலவளவு                                                                                                                   "
  },
  {
    "villagecode": "090",
    "villagename": "Melur Town               ",
    "villagetname": "38 மேலூர் டவுன்                                                                                                              "
  },
  {
    "villagecode": "065",
    "villagename": "Mukkampatti              ",
    "villagetname": "65 முக்கம்பட்டி                                                                                                              "
  },
  {
    "villagecode": "074",
    "villagename": "Nalukulam                ",
    "villagetname": "74 நாலுகுளம்                                                                                                                 "
  },
  {
    "villagecode": "059",
    "villagename": "Narasingampatti          ",
    "villagetname": "59 நரசிங்கம்பட்டி                                                                                                            "
  },
  {
    "villagecode": "030",
    "villagename": "Navinippatti             ",
    "villagetname": "30 நாவினிப்பட்டி                                                                                                             "
  },
  {
    "villagecode": "003",
    "villagename": "Pallapatti               ",
    "villagetname": "3 பள்ளபட்டி                                                                                                                  "
  },
  {
    "villagecode": "076",
    "villagename": "Panangadi                ",
    "villagetname": "76 பனங்காடி                                                                                                                  "
  },
  {
    "villagecode": "032",
    "villagename": "Pathinettankudi          ",
    "villagetname": "32 பதினெட்டாங்குடி                                                                                                           "
  },
  {
    "villagecode": "045",
    "villagename": "Pattur                   ",
    "villagetname": "45 பட்டூர்                                                                                                                   "
  },
  {
    "villagecode": "072",
    "villagename": "Perungalakkudi           ",
    "villagetname": "72 பெருங்காலக்குடி                                                                                                           "
  },
  {
    "villagecode": "068",
    "villagename": "Poonchuthi               ",
    "villagetname": "68 பூஞ்சுத்தி                                                                                                                "
  },
  {
    "villagecode": "004",
    "villagename": "Pottappatti              ",
    "villagetname": "4 பொட்டப்பட்டி                                                                                                               "
  },
  {
    "villagecode": "040",
    "villagename": "Pudusukkampatti          ",
    "villagetname": "40 புதுச்சுக்காம்பட்டி                                                                                                       "
  },
  {
    "villagecode": "049",
    "villagename": "Pulippatti               ",
    "villagetname": "49 புலிப்பட்டி                                                                                                               "
  },
  {
    "villagecode": "028",
    "villagename": "Saruguvalayapatti        ",
    "villagetname": "28 சருகுவலையபட்டி                                                                                                            "
  },
  {
    "villagecode": "079",
    "villagename": "Sathamangalam            ",
    "villagetname": "79 சாத்தமங்கலம்                                                                                                              "
  },
  {
    "villagecode": "057",
    "villagename": "Sathurmadangan           ",
    "villagetname": "57 சதுர்மடங்கன்                                                                                                              "
  },
  {
    "villagecode": "047",
    "villagename": "Sekkipatti               ",
    "villagetname": "47 சேக்கிபட்டி                                                                                                               "
  },
  {
    "villagecode": "084",
    "villagename": "Semminippatti            ",
    "villagetname": "84 செம்மினிப்பட்டி                                                                                                           "
  },
  {
    "villagecode": "043",
    "villagename": "Sennagarampatti          ",
    "villagetname": "43 சென்னகரம்பட்டி                                                                                                            "
  },
  {
    "villagecode": "002",
    "villagename": "Silambakkonpatti         ",
    "villagetname": "2 சிலம்பக்கோன்பட்டி                                                                                                          "
  },
  {
    "villagecode": "039",
    "villagename": "Soorakkundu              ",
    "villagetname": "39 சூரக்குண்டு                                                                                                               "
  },
  {
    "villagecode": "001",
    "villagename": "Soorappatti              ",
    "villagetname": "1 சூரப்பட்டி                                                                                                                 "
  },
  {
    "villagecode": "064",
    "villagename": "Sorukkilipatti           ",
    "villagetname": "64 சொருக்கிளிப்பட்டி                                                                                                         "
  },
  {
    "villagecode": "018",
    "villagename": "Sukkampatti              ",
    "villagetname": "18 சுக்காம்பட்டி                                                                                                             "
  },
  {
    "villagecode": "080",
    "villagename": "Thaniyamangalam          ",
    "villagetname": "80 தனியாமங்கலம்                                                                                                              "
  },
  {
    "villagecode": "008",
    "villagename": "Tharkakudi               ",
    "villagetname": "8 தற்காகுடி                                                                                                                  "
  },
  {
    "villagecode": "036",
    "villagename": "Therkutheru              ",
    "villagetname": "36 தெற்குத்தெரு                                                                                                              "
  },
  {
    "villagecode": "011",
    "villagename": "Thiruchunai              ",
    "villagetname": "11 திருச்சுனை                                                                                                                "
  },
  {
    "villagecode": "071",
    "villagename": "Thiruvathavur            ",
    "villagetname": "71 திருவாதவூர்                                                                                                               "
  },
  {
    "villagecode": "005",
    "villagename": "Thonthilingapuram        ",
    "villagetname": "5 தொந்திலிங்கபுரம்                                                                                                           "
  },
  {
    "villagecode": "021",
    "villagename": "Thumbaipatti             ",
    "villagetname": "21 தும்பைப்பட்டி                                                                                                             "
  },
  {
    "villagecode": "066",
    "villagename": "Thuvarankulam            ",
    "villagetname": "66 துவரங்குளம்                                                                                                               "
  },
  {
    "villagecode": "070",
    "villagename": "T.Kovilpatti             ",
    "villagetname": "70 டி.கோவில்பட்டி                                                                                                            "
  },
  {
    "villagecode": "034",
    "villagename": "T.Manikkampatti          ",
    "villagetname": "34 மாணிக்கம்பட்டி                                                                                                            "
  },
  {
    "villagecode": "035",
    "villagename": "T.Vellalapatti           ",
    "villagetname": "35 டி. வெள்ளாலபட்டி                                                                                                          "
  },
  {
    "villagecode": "058",
    "villagename": "Uduppakkulam             ",
    "villagetname": "58 உடுப்பக்குளம்                                                                                                             "
  },
  {
    "villagecode": "061",
    "villagename": "Unukal Puliyankulam      ",
    "villagetname": "61 ஊனுகால் புளியங்குளம்                                                                                                      "
  },
  {
    "villagecode": "082",
    "villagename": "Uranganpatti             ",
    "villagetname": "82 உறங்கான்பட்டி                                                                                                             "
  },
  {
    "villagecode": "007",
    "villagename": "Valaicheripatti          ",
    "villagetname": "7 வலைச்சேரிபட்டி                                                                                                             "
  },
  {
    "villagecode": "033",
    "villagename": "Valayankulam             ",
    "villagetname": "33 வலையன்குளம்                                                                                                               "
  },
  {
    "villagecode": "019",
    "villagename": "Vanchi Nagaram           ",
    "villagetname": "19 வஞ்சிநகரம்                                                                                                                "
  },
  {
    "villagecode": "078",
    "villagename": "Vannamparaipatti         ",
    "villagetname": "78 வண்ணாம்பாறைப்பட்டி                                                                                                        "
  },
  {
    "villagecode": "081",
    "villagename": "Vellalur                 ",
    "villagetname": "81 வெள்ளலூர்                                                                                                                 "
  },
  {
    "villagecode": "069",
    "villagename": "Veppadappu               ",
    "villagetname": "69 வேப்படப்பு                                                                                                                "
  }
]
