[
  {
    "villagecode": "005",
    "villagename": " Anjur                   ",
    "villagetname": "005 அஞ்சூர் - அ                                                                                                              "
  },
  {
    "villagecode": "205",
    "villagename": " Anjur (B)               ",
    "villagetname": "005 அஞ்சூர் - ஆ.                                                                                                             "
  },
  {
    "villagecode": "014",
    "villagename": "A. Unjalur               ",
    "villagetname": "014 ஊஞ்சலூர்                                                                                                                 "
  },
  {
    "villagecode": "024",
    "villagename": "Avataiyaparai            ",
    "villagetname": "024 ஆவுடையாபாறை                                                                                                              "
  },
  {
    "villagecode": "019",
    "villagename": "Ayyampalayam             ",
    "villagetname": "019 அய்யம்பாளையம்                                                                                                            "
  },
  {
    "villagecode": "022",
    "villagename": " Chenna Samudram         ",
    "villagetname": "022 சென்னசமுத்திரம் - அ                                                                                                      "
  },
  {
    "villagecode": "222",
    "villagename": " Chenna Samudram (B)     ",
    "villagetname": "022 சென்னசமுத்திரம் - ஆ.                                                                                                     "
  },
  {
    "villagecode": "021",
    "villagename": "Devakiyammapuram         ",
    "villagetname": "021 தேவகியம்மாபுரம்                                                                                                          "
  },
  {
    "villagecode": "020",
    "villagename": "Elunuthimangalam         ",
    "villagetname": "020 எழுநூத்திமங்கலம் - அ                                                                                                     "
  },
  {
    "villagecode": "220",
    "villagename": "Elunuthimangalam (B)     ",
    "villagetname": "020 எழுநூத்திமங்கலம் - ஆ.                                                                                                    "
  },
  {
    "villagecode": "016",
    "villagename": "Ichipalayam              ",
    "villagetname": "016 இச்சிபாளையம் - அ                                                                                                         "
  },
  {
    "villagecode": "216",
    "villagename": "Ichipalayam (B)          ",
    "villagetname": "016 இச்சிபாளையம் - ஆ.                                                                                                        "
  },
  {
    "villagecode": "018",
    "villagename": "Kodumudi                 ",
    "villagetname": "018 கொடுமுடி - அ                                                                                                             "
  },
  {
    "villagecode": "218",
    "villagename": "Kodumudi (B)             ",
    "villagetname": "018 கொடுமுடி - ஆ.                                                                                                            "
  },
  {
    "villagecode": "008",
    "villagename": "Kolathupalayam           ",
    "villagetname": "008 கொளத்துப்பாளையம் - அ                                                                                                     "
  },
  {
    "villagecode": "208",
    "villagename": "Kolathupalayam (B)       ",
    "villagetname": "008 கொளத்துப்பாளையம் - ஆ.                                                                                                    "
  },
  {
    "villagecode": "002",
    "villagename": "Kollankovil              ",
    "villagetname": "002 கொல்லங்கோயில் - அ                                                                                                        "
  },
  {
    "villagecode": "202",
    "villagename": "Kollankovil (B)          ",
    "villagetname": "002 கொல்லங்கோயில் - ஆ.                                                                                                       "
  },
  {
    "villagecode": "001",
    "villagename": "Kongudaiyampalayam       ",
    "villagetname": "001 கொங்குடையாம்பாளையம்                                                                                                      "
  },
  {
    "villagecode": "007",
    "villagename": "Konthalam                ",
    "villagetname": "007 கொந்தளம் - அ                                                                                                             "
  },
  {
    "villagecode": "207",
    "villagename": "Konthalam (B)            ",
    "villagetname": "007 கொந்தளம் -  ஆ.                                                                                                           "
  },
  {
    "villagecode": "003",
    "villagename": "Murukayampalayam         ",
    "villagetname": "003 முருங்கியம்பாளையம்                                                                                                       "
  },
  {
    "villagecode": "023",
    "villagename": "Nagamanayakanpalayam     ",
    "villagetname": "023 நாகமநாய்க்கன்பாளையம்                                                                                                     "
  },
  {
    "villagecode": "012",
    "villagename": "Nanjaikilampadi          ",
    "villagetname": "012 நஞ்சை கிளாம்பாடி                                                                                                         "
  },
  {
    "villagecode": "013",
    "villagename": "Nanjaikolanallipuram     ",
    "villagetname": "013 நஞ்சை கொளாநல்லி                                                                                                          "
  },
  {
    "villagecode": "011",
    "villagename": "Passur                   ",
    "villagetname": "011 பாசூர்                                                                                                                   "
  },
  {
    "villagecode": "010",
    "villagename": "Punchai Kilampadi        ",
    "villagetname": "010 புஞ்சை கிளாம்பாடி - அ                                                                                                    "
  },
  {
    "villagecode": "210",
    "villagename": "Punchai Kilampadi (B)    ",
    "villagetname": "010 புஞ்சை கிளாம்பாடி -  ஆ.                                                                                                  "
  },
  {
    "villagecode": "009",
    "villagename": "Punjaikolanalli          ",
    "villagetname": "009 புஞ்சை கொளாநல்லி                                                                                                         "
  },
  {
    "villagecode": "209",
    "villagename": "Punjaikolanalli (B)      ",
    "villagetname": "009 புஞ்சை கொளாநல்லி - ஆ                                                                                                     "
  },
  {
    "villagecode": "004",
    "villagename": "Sivakiri                 ",
    "villagetname": "004 சிவகிரி - அ                                                                                                              "
  },
  {
    "villagecode": "204",
    "villagename": "Sivakiri (B)             ",
    "villagetname": "004 சிவகிரி -  ஆ.                                                                                                            "
  },
  {
    "villagecode": "404",
    "villagename": "Sivakiri (C)             ",
    "villagetname": "004 சிவகிரி - இ                                                                                                              "
  },
  {
    "villagecode": "017",
    "villagename": "Vadivullmangalam         ",
    "villagetname": "017 வடிவுள்ளமங்கலம்                                                                                                          "
  },
  {
    "villagecode": "006",
    "villagename": "Vallipuram               ",
    "villagetname": "006 வள்ளிபுரம்                                                                                                               "
  },
  {
    "villagecode": "015",
    "villagename": "Venkamboor               ",
    "villagetname": "015 வெங்கம்பூர் - அ                                                                                                          "
  },
  {
    "villagecode": "215",
    "villagename": "Venkamboor (B)           ",
    "villagetname": "015 வெங்கம்பூர் - ஆ.                                                                                                         "
  }
]
