[
  {
    "villagecode": "025",
    "villagename": "25 Elayampalayam         ",
    "villagetname": "25 இளையாம்பாளையம்                                                                                                            "
  },
  {
    "villagecode": "026",
    "villagename": "26 Kumarapalyam          ",
    "villagetname": "26 குமாரபாளையம்                                                                                                              "
  },
  {
    "villagecode": "048",
    "villagename": "48 Kailasampalayam       ",
    "villagetname": "48. கைலாசம்பாளையம்                                                                                                           "
  },
  {
    "villagecode": "054",
    "villagename": "54 Kottapalayam          ",
    "villagetname": "54 கோட்டப்பாளையம்                                                                                                            "
  },
  {
    "villagecode": "058",
    "villagename": "58 Kailasampalayam       ",
    "villagetname": "58.கைலாசம்பாளையம்                                                                                                            "
  },
  {
    "villagecode": "062",
    "villagename": "62 Kovilpalayam          ",
    "villagetname": "62 கோவில்பாளையம்                                                                                                             "
  },
  {
    "villagecode": "063",
    "villagename": "63 Elayampalayam         ",
    "villagetname": "63 எளையாம்பாளையம்                                                                                                            "
  },
  {
    "villagecode": "067",
    "villagename": "67 Koundampalayam        ",
    "villagetname": "67. கவுண்டம்பாளையம்                                                                                                          "
  },
  {
    "villagecode": "080",
    "villagename": "80 Goundampalayam        ",
    "villagetname": "80 கவுண்டம்பாளையம்                                                                                                           "
  },
  {
    "villagecode": "082",
    "villagename": "82 Kottapalayam          ",
    "villagetname": "82 கோட்டபாளையம்                                                                                                              "
  },
  {
    "villagecode": "022",
    "villagename": "A.Erayamangalam          ",
    "villagetname": "அ.இறையமங்கலம்                                                                                                                "
  },
  {
    "villagecode": "098",
    "villagename": "Agaram                   ",
    "villagetname": "அகரம்                                                                                                                        "
  },
  {
    "villagecode": "150",
    "villagename": "Akkalampatty             ",
    "villagetname": "அக்கலாம்பட்டி                                                                                                                "
  },
  {
    "villagecode": "055",
    "villagename": "Anderpatti               ",
    "villagetname": "ஆன்டராபட்டி                                                                                                                  "
  },
  {
    "villagecode": "037",
    "villagename": "Andipalayam              ",
    "villagetname": "ஆண்டிபாளையம்                                                                                                                 "
  },
  {
    "villagecode": "038",
    "villagename": "Animoor                  ",
    "villagetname": "அணிமூர்                                                                                                                      "
  },
  {
    "villagecode": "044",
    "villagename": "Athipalayam              ",
    "villagetname": "அத்திபாளையம்                                                                                                                 "
  },
  {
    "villagecode": "095",
    "villagename": "Avinasipatty             ",
    "villagetname": "அவினாசிபட்டி                                                                                                                 "
  },
  {
    "villagecode": "112",
    "villagename": "Bommanpatti              ",
    "villagetname": "பொம்மம்  பட்டி                                                                                                               "
  },
  {
    "villagecode": "021",
    "villagename": "Chikkanaickenpalayam     ",
    "villagetname": "சிக்கநாயக்கன்பாளையம்                                                                                                         "
  },
  {
    "villagecode": "090",
    "villagename": "Chinnamanali             ",
    "villagetname": "சின்னமணலி                                                                                                                    "
  },
  {
    "villagecode": "056",
    "villagename": "Chinnathambipalayam      ",
    "villagetname": "சின்னத்தம்பிபாளையம்                                                                                                          "
  },
  {
    "villagecode": "041",
    "villagename": "Chittalandur             ",
    "villagetname": "சித்தளந்தூர்                                                                                                                 "
  },
  {
    "villagecode": "031",
    "villagename": "Devanankurichi           ",
    "villagetname": "தேவனாங்குறிச்சி                                                                                                              "
  },
  {
    "villagecode": "104",
    "villagename": "Elanagar                 ",
    "villagetname": "இளநகர்                                                                                                                       "
  },
  {
    "villagecode": "028",
    "villagename": "Emapalli                 ",
    "villagetname": "ஏமப்பள்ளி                                                                                                                    "
  },
  {
    "villagecode": "106",
    "villagename": "Illupuli                 ",
    "villagetname": "இலுப்புலி                                                                                                                    "
  },
  {
    "villagecode": "087",
    "villagename": "Kallupalayam             ",
    "villagetname": "கல்லுபாளையம்                                                                                                                 "
  },
  {
    "villagecode": "079",
    "villagename": "Karumanur                ",
    "villagetname": "கருமனூர்                                                                                                                     "
  },
  {
    "villagecode": "050",
    "villagename": "Karumapuram              ",
    "villagetname": "கருமாபுரம்                                                                                                                   "
  },
  {
    "villagecode": "092",
    "villagename": "Karungalpatty            ",
    "villagetname": "கருங்கல்பட்டி                                                                                                                "
  },
  {
    "villagecode": "052",
    "villagename": "Karuppagoundampalayam    ",
    "villagetname": "கருப்ப கவுண்டம்பாளையம்                                                                                                       "
  },
  {
    "villagecode": "032",
    "villagename": "Karuveppampatti          ",
    "villagetname": "கருவேப்பம்பட்டி                                                                                                              "
  },
  {
    "villagecode": "099",
    "villagename": "Kilapalayam              ",
    "villagetname": "கிளாப்பாளையம்                                                                                                                "
  },
  {
    "villagecode": "107",
    "villagename": "Kokkalai                 ",
    "villagetname": "கோக்கலை                                                                                                                      "
  },
  {
    "villagecode": "081",
    "villagename": "Kolankondai              ",
    "villagetname": "கொளங்கொண்டை                                                                                                                  "
  },
  {
    "villagecode": "097",
    "villagename": "Konnaiyar                ",
    "villagetname": "கொன்னையார்                                                                                                                   "
  },
  {
    "villagecode": "105",
    "villagename": "Koothampoondi            ",
    "villagetname": "கூத்தம்பூண்டி                                                                                                                "
  },
  {
    "villagecode": "101",
    "villagename": "Koothampoondi Agraharam  ",
    "villagetname": "கூத்தம்பூண்டி அக்ரஹாரம்                                                                                                      "
  },
  {
    "villagecode": "070",
    "villagename": "Koothanatham             ",
    "villagetname": "கூத்தாநத்தம்                                                                                                                 "
  },
  {
    "villagecode": "471",
    "villagename": "Kumaramangalam           ",
    "villagetname": "குமரமங்கலம்                                                                                                                  "
  },
  {
    "villagecode": "060",
    "villagename": "Kuppandapalayam          ",
    "villagetname": "குப்பாண்டபாளையம்                                                                                                             "
  },
  {
    "villagecode": "103",
    "villagename": "Lathuvadi                ",
    "villagetname": "லத்துவாடி                                                                                                                    "
  },
  {
    "villagecode": "076",
    "villagename": "Mallasamudram East       ",
    "villagetname": "மல்லசமுத்திரம-கீழ்முகம்                                                                                                      "
  },
  {
    "villagecode": "077",
    "villagename": "Mallasamudram West       ",
    "villagetname": "மல்லசமுத்திரம-மேல்முகம்                                                                                                      "
  },
  {
    "villagecode": "075",
    "villagename": "Mamundi                  ",
    "villagetname": "மாமுண்டி                                                                                                                     "
  },
  {
    "villagecode": "151",
    "villagename": "Manathi                  ",
    "villagetname": "மானத்தி                                                                                                                      "
  },
  {
    "villagecode": "047",
    "villagename": "Mandagapalayam           ",
    "villagetname": "மண்டகபாளையம்                                                                                                                 "
  },
  {
    "villagecode": "073",
    "villagename": "Mangalam                 ",
    "villagetname": "மங்கலம்                                                                                                                      "
  },
  {
    "villagecode": "091",
    "villagename": "Maraparai                ",
    "villagetname": "மரப்பரை                                                                                                                      "
  },
  {
    "villagecode": "109",
    "villagename": "Mavureddipatty           ",
    "villagetname": "மாவுரெட்டிப்பட்டி                                                                                                            "
  },
  {
    "villagecode": "088",
    "villagename": "Mettupalayam             ",
    "villagetname": "மேட்டுப்பாளையம்                                                                                                              "
  },
  {
    "villagecode": "089",
    "villagename": "Minnampalli              ",
    "villagetname": "மின்னாம்பள்ளி                                                                                                                "
  },
  {
    "villagecode": "023",
    "villagename": "Molasi                   ",
    "villagetname": "மொளசி                                                                                                                        "
  },
  {
    "villagecode": "066",
    "villagename": "Molipalli                ",
    "villagetname": "மோளிப்பள்ளி                                                                                                                  "
  },
  {
    "villagecode": "084",
    "villagename": "Morangam                 ",
    "villagetname": "மொரங்கம்                                                                                                                     "
  },
  {
    "villagecode": "086",
    "villagename": "Munjanoor                ",
    "villagetname": "முஞ்சனூர்                                                                                                                    "
  },
  {
    "villagecode": "110",
    "villagename": "Musiri                   ",
    "villagetname": "முசிறி                                                                                                                       "
  },
  {
    "villagecode": "046",
    "villagename": "Muthanampalayam          ",
    "villagetname": "முத்தனம்பாளையம்                                                                                                              "
  },
  {
    "villagecode": "861",
    "villagename": "Nagarpalayam             ",
    "villagetname": "நாகர்பாளையம்                                                                                                                 "
  },
  {
    "villagecode": "065",
    "villagename": "Nallipalayam             ",
    "villagetname": "நல்லிபாளையம்                                                                                                                 "
  },
  {
    "villagecode": "057",
    "villagename": "Neikarapatty             ",
    "villagetname": "நெய்காரபட்டி                                                                                                                 "
  },
  {
    "villagecode": "061",
    "villagename": "Oduvampalayam            ",
    "villagetname": "ஒடுவம்பாளையம்                                                                                                                "
  },
  {
    "villagecode": "083",
    "villagename": "Palamedu                 ",
    "villagetname": "பாலமேடு                                                                                                                      "
  },
  {
    "villagecode": "072",
    "villagename": "Pallakuli                ",
    "villagetname": "பள்ளக்குழி                                                                                                                   "
  },
  {
    "villagecode": "721",
    "villagename": "Pallakuli Agraharam      ",
    "villagetname": "பள்ளக்குழி-அக்ரஹாரம்                                                                                                         "
  },
  {
    "villagecode": "093",
    "villagename": "Paruthipalli             ",
    "villagetname": "பருத்திபள்ளி                                                                                                                 "
  },
  {
    "villagecode": "211",
    "villagename": "Patlur                   ",
    "villagetname": "பட்லூர்                                                                                                                      "
  },
  {
    "villagecode": "901",
    "villagename": "Periyamanali             ",
    "villagetname": "பெரியமணலி                                                                                                                    "
  },
  {
    "villagecode": "069",
    "villagename": "Pillanatham              ",
    "villagetname": "பிள்ளாநத்தம்                                                                                                                 "
  },
  {
    "villagecode": "027",
    "villagename": "Pirithi                  ",
    "villagetname": "பிரிதி                                                                                                                       "
  },
  {
    "villagecode": "045",
    "villagename": "Pokkampalayam            ",
    "villagetname": "போக்கம்  பாளையம்                                                                                                             "
  },
  {
    "villagecode": "042",
    "villagename": "Pudupuliampatti          ",
    "villagetname": "புதுப்புளியம்பட்டி                                                                                                           "
  },
  {
    "villagecode": "100",
    "villagename": "Pullagoundampatty        ",
    "villagetname": "புள்ளாக் கவுண்டம்பட்டி                                                                                                       "
  },
  {
    "villagecode": "102",
    "villagename": "Punjai Pudupalayam       ",
    "villagetname": "புஞ்சைபுதுப்பாளையம்                                                                                                          "
  },
  {
    "villagecode": "111",
    "villagename": "Puthur-East              ",
    "villagetname": "புத்தூர்-கீழ்முகம்                                                                                                           "
  },
  {
    "villagecode": "049",
    "villagename": "Rajapalayam              ",
    "villagetname": "ராஜாபாளையம்                                                                                                                  "
  },
  {
    "villagecode": "094",
    "villagename": "Ramapuram                ",
    "villagetname": "ராமாபுரம்                                                                                                                    "
  },
  {
    "villagecode": "074",
    "villagename": "Sappayapuram             ",
    "villagetname": "சப்பையாபுரம்                                                                                                                 "
  },
  {
    "villagecode": "059",
    "villagename": "Sathinaickenpalayam      ",
    "villagetname": "சத்திநாயக்கன்பாளையம்                                                                                                         "
  },
  {
    "villagecode": "033",
    "villagename": "Seetharampalayam         ",
    "villagetname": "சீத்தாராம்பாளையம்                                                                                                            "
  },
  {
    "villagecode": "078",
    "villagename": "Sembampalayam            ",
    "villagetname": "செம்பாம்பாளையம்                                                                                                              "
  },
  {
    "villagecode": "071",
    "villagename": "Senbagamadevi            ",
    "villagetname": "செம்பகமாதேவி                                                                                                                 "
  },
  {
    "villagecode": "024",
    "villagename": "Sengodampalayam          ",
    "villagetname": "செங்கோடம்  பாளையம்                                                                                                           "
  },
  {
    "villagecode": "221",
    "villagename": "S.Erayamangalam          ",
    "villagetname": "எஸ்.இறையமங்கலம்                                                                                                              "
  },
  {
    "villagecode": "039",
    "villagename": "Sirumolasi               ",
    "villagetname": "சிறுமொளசி                                                                                                                    "
  },
  {
    "villagecode": "085",
    "villagename": "Sundangipalayam          ",
    "villagetname": "சுண்டாங்கிபாளையம்                                                                                                            "
  },
  {
    "villagecode": "051",
    "villagename": "Thirumangalam            ",
    "villagetname": "திருமங்கலம்                                                                                                                  "
  },
  {
    "villagecode": "030",
    "villagename": "Thokkavadi               ",
    "villagetname": "தோக்கவாடி                                                                                                                    "
  },
  {
    "villagecode": "029",
    "villagename": "Thokkavadi-Goundempalayam",
    "villagetname": "தோக்கவாடி-கவுண்டம்பாளையம்                                                                                                    "
  },
  {
    "villagecode": "108",
    "villagename": "Thondipatty              ",
    "villagetname": "தொண்டிப்பட்டி                                                                                                                "
  },
  {
    "villagecode": "036",
    "villagename": "Thottipalayam            ",
    "villagetname": "தொட்டிபாளையம்                                                                                                                "
  },
  {
    "villagecode": "034",
    "villagename": "Tiruchengode             ",
    "villagetname": "திருச்செங்கோடு                                                                                                               "
  },
  {
    "villagecode": "053",
    "villagename": "T.Pudupalayam            ",
    "villagetname": "திருமங்கலம்-புதுப்பாளையம்                                                                                                    "
  },
  {
    "villagecode": "064",
    "villagename": "Unjanai                  ",
    "villagetname": "உஞ்சனை                                                                                                                       "
  },
  {
    "villagecode": "096",
    "villagename": "Vandinatham              ",
    "villagetname": "வண்டிநத்தம்                                                                                                                  "
  },
  {
    "villagecode": "035",
    "villagename": "Varagurampatty           ",
    "villagetname": "வரகூராம்பட்டி                                                                                                                "
  },
  {
    "villagecode": "043",
    "villagename": "Vattapparappu            ",
    "villagetname": "வட்டப்பரப்பு                                                                                                                 "
  },
  {
    "villagecode": "068",
    "villagename": "Vattoor                  ",
    "villagetname": "வட்டூர்                                                                                                                      "
  },
  {
    "villagecode": "040",
    "villagename": "Vettuvampalayam          ",
    "villagetname": "வேட்டுவாம்பாளையம்                                                                                                            "
  }
]
