[
  {
    "villagecode": "004",
    "villagename": "Chettipalayam            ",
    "villagetname": "செட்டிபாளையம்                                                                                                                "
  },
  {
    "villagecode": "002",
    "villagename": "Kanakkampalayam          ",
    "villagetname": "கணக்கம்பாளையம்                                                                                                               "
  },
  {
    "villagecode": "007",
    "villagename": "Mannarai                 ",
    "villagetname": "மண்ணரை                                                                                                                       "
  },
  {
    "villagecode": "003",
    "villagename": "Nerupperichal            ",
    "villagetname": "நெருப்பெரிச்சல்                                                                                                              "
  },
  {
    "villagecode": "001",
    "villagename": "Pongupalayam             ",
    "villagetname": "பொங்குபாளையம்                                                                                                                "
  },
  {
    "villagecode": "006",
    "villagename": "Thottipalayam            ",
    "villagetname": "தொட்டிபாளையம்                                                                                                                "
  },
  {
    "villagecode": "005",
    "villagename": "Velampalayam             ",
    "villagetname": "வேலம்பாளையம்                                                                                                                 "
  }
]
