[
  {
    "villagecode": "018",
    "villagename": "Alakanvayal              ",
    "villagetname": "அழகன்வயல்                                                                                                                    "
  },
  {
    "villagecode": "055",
    "villagename": "Avudaiyarpattinam        ",
    "villagetname": "ஆவுடையார்பட்டிணம்                                                                                                            "
  },
  {
    "villagecode": "009",
    "villagename": "Bramnavayal              ",
    "villagetname": "பிராமணவயல்                                                                                                                   "
  },
  {
    "villagecode": "051",
    "villagename": "Dhandalai                ",
    "villagetname": "தண்டலை                                                                                                                       "
  },
  {
    "villagecode": "025",
    "villagename": "Dharmarajanvayal         ",
    "villagetname": "தர்மராஜன்வயல்                                                                                                                "
  },
  {
    "villagecode": "019",
    "villagename": "Enathi                   ",
    "villagetname": "ஏனாதி                                                                                                                        "
  },
  {
    "villagecode": "036",
    "villagename": "Idaiyathimangalam        ",
    "villagetname": "இடையாத்திமங்கலம்                                                                                                             "
  },
  {
    "villagecode": "003",
    "villagename": "Idaiyathur               ",
    "villagetname": "இடையாத்தூர்                                                                                                                  "
  },
  {
    "villagecode": "001",
    "villagename": "Kadaidaiyathur           ",
    "villagetname": "காடையிடையாத்தூர்                                                                                                             "
  },
  {
    "villagecode": "037",
    "villagename": "Kallakurichi             ",
    "villagetname": "கள்ளக்குறிச்சி                                                                                                               "
  },
  {
    "villagecode": "015",
    "villagename": "Kambarkovil              ",
    "villagetname": "கம்பர்கோவில்                                                                                                                 "
  },
  {
    "villagecode": "062",
    "villagename": "Kanadu                   ",
    "villagetname": "கானாடு                                                                                                                       "
  },
  {
    "villagecode": "034",
    "villagename": "Kandanivayal             ",
    "villagetname": "கண்டனிவயல்                                                                                                                   "
  },
  {
    "villagecode": "059",
    "villagename": "Karakathikkottai         ",
    "villagetname": "கரகத்திக்கோட்டை                                                                                                              "
  },
  {
    "villagecode": "016",
    "villagename": "Karakkottai              ",
    "villagetname": "காரக்கோட்டை                                                                                                                  "
  },
  {
    "villagecode": "047",
    "villagename": "Karkamalam               ",
    "villagetname": "கார்க்கமலம்                                                                                                                  "
  },
  {
    "villagecode": "063",
    "villagename": "Kavanur                  ",
    "villagetname": "காவனூர்                                                                                                                      "
  },
  {
    "villagecode": "068",
    "villagename": "Keelamanjakudi           ",
    "villagetname": "கீழமஞ்சக்குடி                                                                                                                "
  },
  {
    "villagecode": "057",
    "villagename": "Keelapappanur            ",
    "villagetname": "கீழபாப்பனூர்                                                                                                                 "
  },
  {
    "villagecode": "070",
    "villagename": "Kilaravayal              ",
    "villagetname": "கிளாரவயல்                                                                                                                    "
  },
  {
    "villagecode": "067",
    "villagename": "Kodikkulam               ",
    "villagetname": "கொடிக்குளம்                                                                                                                  "
  },
  {
    "villagecode": "002",
    "villagename": "Kokkumoottai             ",
    "villagetname": "கொக்குமுட்டை                                                                                                                 "
  },
  {
    "villagecode": "045",
    "villagename": "Kolenderam               ",
    "villagetname": "கோலேந்திரம்                                                                                                                  "
  },
  {
    "villagecode": "031",
    "villagename": "Kolludidal               ",
    "villagetname": "கொள்ளுதிடல்                                                                                                                  "
  },
  {
    "villagecode": "011",
    "villagename": "Koompallam               ",
    "villagetname": "கூம்பள்ளம்                                                                                                                   "
  },
  {
    "villagecode": "035",
    "villagename": "Koothankudi              ",
    "villagetname": "கூத்தங்குடி                                                                                                                  "
  },
  {
    "villagecode": "008",
    "villagename": "Koothanur                ",
    "villagetname": "கூத்தனுர்                                                                                                                    "
  },
  {
    "villagecode": "010",
    "villagename": "Kopalapuram              ",
    "villagetname": "கோபாலபுரம்                                                                                                                   "
  },
  {
    "villagecode": "046",
    "villagename": "K.Palankulam             ",
    "villagetname": "கோ.பழங்குளம்                                                                                                                 "
  },
  {
    "villagecode": "048",
    "villagename": "Manalur                  ",
    "villagetname": "மணலூர்                                                                                                                       "
  },
  {
    "villagecode": "054",
    "villagename": "Manamelkudi              ",
    "villagetname": "மணமேல்குடி                                                                                                                   "
  },
  {
    "villagecode": "052",
    "villagename": "Mandankudi               ",
    "villagetname": "மாந்தாங்குடி                                                                                                                 "
  },
  {
    "villagecode": "066",
    "villagename": "Manjakudi                ",
    "villagetname": "மஞ்சக்குடி                                                                                                                   "
  },
  {
    "villagecode": "013",
    "villagename": "Mavilankanenthal         ",
    "villagetname": "மாவிளங்கனேந்தல்                                                                                                              "
  },
  {
    "villagecode": "058",
    "villagename": "Melapappanur             ",
    "villagetname": "மேலபாப்பனூர்                                                                                                                 "
  },
  {
    "villagecode": "033",
    "villagename": "Melasdanam               ",
    "villagetname": "மேலஸ்தானம்                                                                                                                   "
  },
  {
    "villagecode": "043",
    "villagename": "Minnamoli                ",
    "villagetname": "மின்னாமொழி                                                                                                                   "
  },
  {
    "villagecode": "065",
    "villagename": "M.O.Regunathapuram       ",
    "villagetname": "மூவலூர்உக்கடைரெகுநாதபுரம்                                                                                                    "
  },
  {
    "villagecode": "053",
    "villagename": "Mumbalai                 ",
    "villagetname": "மும்பாலை                                                                                                                     "
  },
  {
    "villagecode": "007",
    "villagename": "Neervilankulam           ",
    "villagetname": "நீர்விளங்குளம்                                                                                                               "
  },
  {
    "villagecode": "044",
    "villagename": "Neikkuppai               ",
    "villagetname": "நெற்குப்பை                                                                                                                   "
  },
  {
    "villagecode": "049",
    "villagename": "Nelveli                  ",
    "villagetname": "நெல்வேலி                                                                                                                     "
  },
  {
    "villagecode": "022",
    "villagename": "Nemmelivayal             ",
    "villagetname": "நெம்மேலிவயல்                                                                                                                 "
  },
  {
    "villagecode": "026",
    "villagename": "Nilaiyur                 ",
    "villagetname": "நிலையூர்                                                                                                                     "
  },
  {
    "villagecode": "038",
    "villagename": "Ollanur                  ",
    "villagetname": "ஒல்லனூர்                                                                                                                     "
  },
  {
    "villagecode": "039",
    "villagename": "Paanavayal               ",
    "villagetname": "பானாவயல்                                                                                                                     "
  },
  {
    "villagecode": "071",
    "villagename": "Palaiyavettivayal        ",
    "villagetname": "பழையவெட்டிவயல்                                                                                                               "
  },
  {
    "villagecode": "069",
    "villagename": "Periyamadaipachal        ",
    "villagetname": "பெரியமடைப்பாய்ச்சல்                                                                                                          "
  },
  {
    "villagecode": "042",
    "villagename": "Perumaruthur             ",
    "villagetname": "பெருமருதூர்                                                                                                                  "
  },
  {
    "villagecode": "028",
    "villagename": "Pettivayal               ",
    "villagetname": "பேட்டிவயல்                                                                                                                   "
  },
  {
    "villagecode": "032",
    "villagename": "Pillaiyarthidal          ",
    "villagetname": "பிள்ளையார்திடல்                                                                                                              "
  },
  {
    "villagecode": "029",
    "villagename": "Pillankudi               ",
    "villagetname": "பில்லங்குடி                                                                                                                  "
  },
  {
    "villagecode": "017",
    "villagename": "P.K.Pichanenthal         ",
    "villagetname": "பி.கே.பிச்சனேந்தல்                                                                                                           "
  },
  {
    "villagecode": "020",
    "villagename": "Ravuthanvayal            ",
    "villagetname": "ராவுத்தன்வயல்                                                                                                                "
  },
  {
    "villagecode": "060",
    "villagename": "Rettiayalam              ",
    "villagetname": "ரெட்டையாளம்                                                                                                                  "
  },
  {
    "villagecode": "005",
    "villagename": "R.U.Regunathapuram       ",
    "villagetname": "ரெகுநாதபுரம்                                                                                                                 "
  },
  {
    "villagecode": "061",
    "villagename": "Sathiyadi                ",
    "villagetname": "சாத்தியடி                                                                                                                    "
  },
  {
    "villagecode": "072",
    "villagename": "Seiyanam                 ",
    "villagetname": "செய்யானம்                                                                                                                    "
  },
  {
    "villagecode": "040",
    "villagename": "Sellappankottai          ",
    "villagetname": "செல்லப்பன்கோட்டை                                                                                                             "
  },
  {
    "villagecode": "004",
    "villagename": "Silathani                ",
    "villagetname": "சிலத்தானி                                                                                                                    "
  },
  {
    "villagecode": "023",
    "villagename": "Singavanam               ",
    "villagetname": "சிங்கவனம்                                                                                                                    "
  },
  {
    "villagecode": "006",
    "villagename": "Solani                   ",
    "villagetname": "சோலனி                                                                                                                        "
  },
  {
    "villagecode": "021",
    "villagename": "Subramaniyapuram         ",
    "villagetname": "சுப்பிரமணியபுரம்                                                                                                             "
  },
  {
    "villagecode": "027",
    "villagename": "Sudalaivayal             ",
    "villagetname": "சுடலைவயல்                                                                                                                    "
  },
  {
    "villagecode": "024",
    "villagename": "Thalikkottai             ",
    "villagetname": "தளிக்கோட்டை                                                                                                                  "
  },
  {
    "villagecode": "012",
    "villagename": "Thinaiyakkudi            ",
    "villagetname": "திணையாக்குடி                                                                                                                 "
  },
  {
    "villagecode": "014",
    "villagename": "Thirunallivayal          ",
    "villagetname": "திருநெல்லிவயல்                                                                                                               "
  },
  {
    "villagecode": "030",
    "villagename": "V.D.Kopalapuram          ",
    "villagetname": "வினைதீர்த்தகோபாலபுரம்                                                                                                        "
  },
  {
    "villagecode": "050",
    "villagename": "Vellur                   ",
    "villagetname": "வெள்ளுர்                                                                                                                     "
  },
  {
    "villagecode": "041",
    "villagename": "Vellur Siruvarai         ",
    "villagetname": "வெள்ளுர்சிறுவரை                                                                                                              "
  },
  {
    "villagecode": "064",
    "villagename": "Vettivayal               ",
    "villagetname": "வெட்டிவயல்                                                                                                                   "
  },
  {
    "villagecode": "056",
    "villagename": "Vichur                   ",
    "villagetname": "விச்சுர்                                                                                                                     "
  }
]
