[
  {
    "villagecode": "006",
    "villagename": "Allavayal                ",
    "villagetname": "ஆலவயல்                                                                                                                       "
  },
  {
    "villagecode": "005",
    "villagename": "Ammankuruchi             ",
    "villagetname": "அம்மன்குறிச்சி                                                                                                               "
  },
  {
    "villagecode": "037",
    "villagename": "Arasamalai               ",
    "villagetname": "அரசமலை                                                                                                                       "
  },
  {
    "villagecode": "043",
    "villagename": "Avampatty                ",
    "villagetname": "ஆவம்பட்டி                                                                                                                    "
  },
  {
    "villagecode": "033",
    "villagename": "Edaiyathur               ",
    "villagetname": "இடையாத்தூர்                                                                                                                  "
  },
  {
    "villagecode": "004",
    "villagename": "Kallampatti              ",
    "villagetname": "கல்லம்பட்டி                                                                                                                  "
  },
  {
    "villagecode": "008",
    "villagename": "Kandiayanatham           ",
    "villagetname": "கண்டியாநத்தம்                                                                                                                "
  },
  {
    "villagecode": "041",
    "villagename": "Karaiur                  ",
    "villagetname": "காரையூர்                                                                                                                     "
  },
  {
    "villagecode": "011",
    "villagename": "Keelakurichippatty       ",
    "villagetname": "கீழக்குறிச்சிப்பட்டி                                                                                                         "
  },
  {
    "villagecode": "049",
    "villagename": "Keelathaniayam           ",
    "villagetname": "கீழத்தானியம்                                                                                                                 "
  },
  {
    "villagecode": "030",
    "villagename": "Konaiur                  ",
    "villagetname": "கொன்னையூர்                                                                                                                   "
  },
  {
    "villagecode": "056",
    "villagename": "Koodalur                 ",
    "villagetname": "கூடலூர்                                                                                                                      "
  },
  {
    "villagecode": "026",
    "villagename": "Kovanur                  ",
    "villagetname": "கோவனூர்                                                                                                                      "
  },
  {
    "villagecode": "002",
    "villagename": "Maravamadurai            ",
    "villagetname": "மறவாமதுரை                                                                                                                    "
  },
  {
    "villagecode": "035",
    "villagename": "Mathiyani                ",
    "villagetname": "மதியாணி                                                                                                                      "
  },
  {
    "villagecode": "027",
    "villagename": "Mekkinippatti            ",
    "villagetname": "மேக்கினிப்பட்டி                                                                                                              "
  },
  {
    "villagecode": "015",
    "villagename": "Melamelanilai            ",
    "villagetname": "மேலமேல்நிலை                                                                                                                  "
  },
  {
    "villagecode": "046",
    "villagename": "Melathaniayam            ",
    "villagetname": "மேலத்தானியம்                                                                                                                 "
  },
  {
    "villagecode": "014",
    "villagename": "Moolangudi               ",
    "villagetname": "மூலங்குடி                                                                                                                    "
  },
  {
    "villagecode": "042",
    "villagename": "Mullipattai              ",
    "villagetname": "முள்ளிப்பட்டி                                                                                                                "
  },
  {
    "villagecode": "003",
    "villagename": "Nagarapatti              ",
    "villagetname": "நகரப்பட்டி                                                                                                                   "
  },
  {
    "villagecode": "054",
    "villagename": "Nalloor                  ",
    "villagetname": "நல்லூர்                                                                                                                      "
  },
  {
    "villagecode": "031",
    "villagename": "Nathupatti               ",
    "villagetname": "நாத்துப்பட்டி                                                                                                                "
  },
  {
    "villagecode": "038",
    "villagename": "Neively                  ",
    "villagetname": "நெய்வேலி                                                                                                                     "
  },
  {
    "villagecode": "039",
    "villagename": "Nerinjikudi              ",
    "villagetname": "நெரிஞ்சிக்குடி                                                                                                               "
  },
  {
    "villagecode": "001",
    "villagename": "Oliyamangamam            ",
    "villagetname": "ஒலியமங்கலம்                                                                                                                  "
  },
  {
    "villagecode": "013",
    "villagename": "Ponnamaravathi East      ",
    "villagetname": "பொன்னமராவதி கிழக்கு                                                                                                          "
  },
  {
    "villagecode": "009",
    "villagename": "Ponnamaravathi West      ",
    "villagetname": "பொன்னமராவதி மேற்கு                                                                                                           "
  },
  {
    "villagecode": "129",
    "villagename": "R.Palakurichi            ",
    "villagetname": "ஆர்.பாலக்குறிச்சி                                                                                                            "
  },
  {
    "villagecode": "036",
    "villagename": "Sathanur                 ",
    "villagetname": "சாத்தனூர்                                                                                                                    "
  },
  {
    "villagecode": "032",
    "villagename": "Semalapatti              ",
    "villagetname": "செம்மலாப்பட்டி                                                                                                               "
  },
  {
    "villagecode": "029",
    "villagename": "Sempoothi                ",
    "villagetname": "செம்பூதி                                                                                                                     "
  },
  {
    "villagecode": "053",
    "villagename": "Seranoor                 ",
    "villagetname": "சேரனூர்                                                                                                                      "
  },
  {
    "villagecode": "016",
    "villagename": "Sevalur                  ",
    "villagetname": "செவலூர்                                                                                                                      "
  },
  {
    "villagecode": "055",
    "villagename": "Sithur                   ",
    "villagetname": "சித்தூர்                                                                                                                     "
  },
  {
    "villagecode": "028",
    "villagename": "Sundaram                 ",
    "villagetname": "சுந்தரம்                                                                                                                     "
  },
  {
    "villagecode": "047",
    "villagename": "Surappatty               ",
    "villagetname": "சூரப்பட்டி                                                                                                                   "
  },
  {
    "villagecode": "034",
    "villagename": "Theanoor                 ",
    "villagetname": "தேனூர்                                                                                                                       "
  },
  {
    "villagecode": "012",
    "villagename": "Thirukalampur            ",
    "villagetname": "திருக்களம்பூர்                                                                                                               "
  },
  {
    "villagecode": "007",
    "villagename": "Thuthoor                 ",
    "villagetname": "தூத்தூர்                                                                                                                     "
  },
  {
    "villagecode": "045",
    "villagename": "Usilampatty              ",
    "villagetname": "உசிலம்பட்டி                                                                                                                  "
  },
  {
    "villagecode": "048",
    "villagename": "Vadakupatti              ",
    "villagetname": "வடக்குப்பட்டி                                                                                                                "
  },
  {
    "villagecode": "025",
    "villagename": "Valakuruchi              ",
    "villagetname": "வாழக்குறிச்சி                                                                                                                "
  },
  {
    "villagecode": "010",
    "villagename": "Varpattu                 ",
    "villagetname": "வார்ப்பட்டு                                                                                                                  "
  },
  {
    "villagecode": "044",
    "villagename": "Vellayakavundanpatty     ",
    "villagetname": "வெள்ளையக்கவுண்டன்பட்டி                                                                                                       "
  },
  {
    "villagecode": "040",
    "villagename": "Vellukudi I Bit          ",
    "villagetname": "வெள்ளக்குடி 1 பிட்                                                                                                           "
  },
  {
    "villagecode": "052",
    "villagename": "Vellukudy Ii Bit         ",
    "villagetname": "வெள்ளக்குடி 2 பிட்                                                                                                           "
  }
]
