[
  {
    "villagecode": "024",
    "villagename": "Ammachathiram            ",
    "villagetname": "அம்மாசத்திரம்                                                                                                                "
  },
  {
    "villagecode": "067",
    "villagename": "Andakkulam               ",
    "villagetname": "அண்டக்குளம்                                                                                                                  "
  },
  {
    "villagecode": "068",
    "villagename": "Chathinippatti           ",
    "villagetname": "சாத்தினிப்பட்டி                                                                                                              "
  },
  {
    "villagecode": "053",
    "villagename": "Chettipatti              ",
    "villagetname": "செட்டிபட்டி                                                                                                                  "
  },
  {
    "villagecode": "038",
    "villagename": "Chinaiyakkudi            ",
    "villagetname": "சினையக்குடி                                                                                                                  "
  },
  {
    "villagecode": "027",
    "villagename": "Irumpaali                ",
    "villagetname": "இரும்பாளி                                                                                                                    "
  },
  {
    "villagecode": "056",
    "villagename": "Kaattukkottaipatti       ",
    "villagetname": "காட்டுக்கோட்டைப்பட்டி                                                                                                        "
  },
  {
    "villagecode": "039",
    "villagename": "Kadampavayal             ",
    "villagetname": "கடம்பவயல்                                                                                                                    "
  },
  {
    "villagecode": "013",
    "villagename": "Kalamavur                ",
    "villagetname": "களமாவூர்                                                                                                                     "
  },
  {
    "villagecode": "054",
    "villagename": "Kannangudi               ",
    "villagetname": "கண்ணாங்குடி                                                                                                                  "
  },
  {
    "villagecode": "019",
    "villagename": "Keeranur                 ",
    "villagetname": "கீரனூர்                                                                                                                      "
  },
  {
    "villagecode": "049",
    "villagename": "Keezhaiyur               ",
    "villagetname": "கீழையூர்                                                                                                                     "
  },
  {
    "villagecode": "065",
    "villagename": "Killanur                 ",
    "villagetname": "கிள்ளனூர்                                                                                                                    "
  },
  {
    "villagecode": "057",
    "villagename": "Killukkottai             ",
    "villagetname": "கிள்ளுக்கோட்டை                                                                                                               "
  },
  {
    "villagecode": "059",
    "villagename": "Killukulavaippatti       ",
    "villagetname": "கிள்ளுகுளவாய்பட்டி                                                                                                           "
  },
  {
    "villagecode": "023",
    "villagename": "Kulathur                 ",
    "villagetname": "குளத்தூர்                                                                                                                    "
  },
  {
    "villagecode": "001",
    "villagename": "Kumaramangalam           ",
    "villagetname": "குமாரமங்கலம்                                                                                                                 "
  },
  {
    "villagecode": "061",
    "villagename": "Kunnandarkoil            ",
    "villagetname": "குன்னாண்டார்கோவில்                                                                                                           "
  },
  {
    "villagecode": "014",
    "villagename": "Lakshmananpatti          ",
    "villagetname": "லெட்சுமணன்பட்டி                                                                                                              "
  },
  {
    "villagecode": "003",
    "villagename": "Maathur                  ",
    "villagetname": "மாத்தூர்                                                                                                                     "
  },
  {
    "villagecode": "004",
    "villagename": "Mandaiyur                ",
    "villagetname": "மண்டையூர்                                                                                                                    "
  },
  {
    "villagecode": "042",
    "villagename": "Mangathevanpatti         ",
    "villagetname": "மங்கத்தேவன்பட்டி                                                                                                             "
  },
  {
    "villagecode": "045",
    "villagename": "Maruthur                 ",
    "villagetname": "மருதூர்                                                                                                                      "
  },
  {
    "villagecode": "020",
    "villagename": "Melaputhuvayal           ",
    "villagetname": "மேலப்புதுவயல்                                                                                                                "
  },
  {
    "villagecode": "028",
    "villagename": "Melur                    ",
    "villagetname": "மேலூர்                                                                                                                       "
  },
  {
    "villagecode": "015",
    "villagename": "Mettuppatti              ",
    "villagetname": "மேட்டுப்பட்டி                                                                                                                "
  },
  {
    "villagecode": "063",
    "villagename": "Minnathur                ",
    "villagetname": "மின்னாத்தூர்                                                                                                                 "
  },
  {
    "villagecode": "069",
    "villagename": "Moottampatti             ",
    "villagetname": "மூட்டாம்பட்டி                                                                                                                "
  },
  {
    "villagecode": "032",
    "villagename": "Muthukkadu               ",
    "villagetname": "முத்துக்காடு                                                                                                                 "
  },
  {
    "villagecode": "044",
    "villagename": "Naanjur                  ",
    "villagetname": "நாஞ்சூர்                                                                                                                     "
  },
  {
    "villagecode": "025",
    "villagename": "Naarthamalai             ",
    "villagetname": "நார்த்தாமலை                                                                                                                  "
  },
  {
    "villagecode": "037",
    "villagename": "Narangiyanpatti          ",
    "villagetname": "நரங்கியன்பட்டி                                                                                                               "
  },
  {
    "villagecode": "047",
    "villagename": "Odugampatti              ",
    "villagetname": "ஒடுகம்பட்டி                                                                                                                  "
  },
  {
    "villagecode": "022",
    "villagename": "Odukkur                  ",
    "villagetname": "ஒடுக்கூர்                                                                                                                    "
  },
  {
    "villagecode": "018",
    "villagename": "Paalaandanpatti          ",
    "villagetname": "பாலாண்டான்பட்டி                                                                                                              "
  },
  {
    "villagecode": "066",
    "villagename": "Perambur                 ",
    "villagetname": "பெரம்பூர்                                                                                                                    "
  },
  {
    "villagecode": "043",
    "villagename": "Piragathambalpuram       ",
    "villagetname": "பிரகதாம்பாள்புரம்                                                                                                            "
  },
  {
    "villagecode": "030",
    "villagename": "Poongudi                 ",
    "villagetname": "பூங்குடி                                                                                                                     "
  },
  {
    "villagecode": "050",
    "villagename": "Puliyur                  ",
    "villagetname": "புலியூர்                                                                                                                     "
  },
  {
    "villagecode": "060",
    "villagename": "Raakkathanpatti          ",
    "villagetname": "ராக்கத்தாம்பட்டி                                                                                                             "
  },
  {
    "villagecode": "026",
    "villagename": "Sathyamangalam           ",
    "villagetname": "சத்தியமங்கலம்                                                                                                                "
  },
  {
    "villagecode": "035",
    "villagename": "Seemanur                 ",
    "villagetname": "சீமானூர்                                                                                                                     "
  },
  {
    "villagecode": "072",
    "villagename": "Seerangampatti           ",
    "villagetname": "சீரங்கம்பட்டி                                                                                                                "
  },
  {
    "villagecode": "055",
    "villagename": "Sengalur                 ",
    "villagetname": "செங்களூர்                                                                                                                    "
  },
  {
    "villagecode": "002",
    "villagename": "Singathakkurichi         ",
    "villagetname": "சிங்கத்தாக்குறிச்சி                                                                                                          "
  },
  {
    "villagecode": "016",
    "villagename": "Sivagamipuram            ",
    "villagetname": "சிவகாமிபுரம்                                                                                                                 "
  },
  {
    "villagecode": "062",
    "villagename": "Themmavur                ",
    "villagetname": "தெம்மாவுர்                                                                                                                   "
  },
  {
    "villagecode": "071",
    "villagename": "Thennankudi              ",
    "villagetname": "தென்னங்குடி                                                                                                                  "
  },
  {
    "villagecode": "017",
    "villagename": "Thennathiraiyanpatti     ",
    "villagetname": "தென்னதிரையன்பட்டி                                                                                                            "
  },
  {
    "villagecode": "033",
    "villagename": "Thudaiyur                ",
    "villagetname": "துடையூர்                                                                                                                     "
  },
  {
    "villagecode": "073",
    "villagename": "Uchchaani                ",
    "villagetname": "உச்சாணி                                                                                                                      "
  },
  {
    "villagecode": "048",
    "villagename": "Udaiyalippatti           ",
    "villagetname": "உடையாளிப்பட்டி                                                                                                               "
  },
  {
    "villagecode": "058",
    "villagename": "Ulagankaathaanpatti      ",
    "villagetname": "உலகங்காத்தான்பட்டி                                                                                                           "
  },
  {
    "villagecode": "034",
    "villagename": "Uppliyakkudi             ",
    "villagetname": "உப்பிலியக்குடி                                                                                                               "
  },
  {
    "villagecode": "046",
    "villagename": "Vaaliampatti             ",
    "villagetname": "வாலியம்பட்டி                                                                                                                 "
  },
  {
    "villagecode": "021",
    "villagename": "Vadugappatti             ",
    "villagetname": "வடுகப்பட்டி                                                                                                                  "
  },
  {
    "villagecode": "070",
    "villagename": "Vaithur                  ",
    "villagetname": "வைத்தூர்                                                                                                                     "
  },
  {
    "villagecode": "064",
    "villagename": "Vathanakkottai           ",
    "villagetname": "வத்தானக்கோட்டை                                                                                                               "
  },
  {
    "villagecode": "036",
    "villagename": "Vathanakkurichi          ",
    "villagetname": "வத்தனாக்குறிச்சி                                                                                                             "
  },
  {
    "villagecode": "041",
    "villagename": "Vazhamangalam            ",
    "villagetname": "வாழமங்கலம்                                                                                                                   "
  },
  {
    "villagecode": "040",
    "villagename": "Veerakkudi               ",
    "villagetname": "வீரக்குடி                                                                                                                    "
  },
  {
    "villagecode": "029",
    "villagename": "Vellanur                 ",
    "villagetname": "வெள்ளனூர்                                                                                                                    "
  },
  {
    "villagecode": "052",
    "villagename": "Vellappillaiyaarpatti    ",
    "villagetname": "வெள்ளபிள்ளையார் பட்டி                                                                                                        "
  },
  {
    "villagecode": "031",
    "villagename": "Vengaivayal              ",
    "villagetname": "வேங்கைவயல்                                                                                                                   "
  },
  {
    "villagecode": "051",
    "villagename": "Visalur                  ",
    "villagetname": "விசலூர்                                                                                                                      "
  }
]
