[
  {
    "villagecode": "096",
    "villagename": "Adalaikalabairavaupram   ",
    "villagetname": "ஆடலைகாலபைரவபுரம்                                                                                                             "
  },
  {
    "villagecode": "037",
    "villagename": "Alangudi                 ",
    "villagetname": "ஆலங்குடி                                                                                                                     "
  },
  {
    "villagecode": "015",
    "villagename": "Alapiranthan             ",
    "villagetname": "ஆளப்பிறந்தான்                                                                                                                "
  },
  {
    "villagecode": "013",
    "villagename": "Aliyanilai               ",
    "villagetname": "அழியாநிலை                                                                                                                    "
  },
  {
    "villagecode": "050",
    "villagename": "Allaraimelavayal         ",
    "villagetname": "அல்லரைமேலவயல்                                                                                                                "
  },
  {
    "villagecode": "061",
    "villagename": "Amarasimendrapuram       ",
    "villagetname": "அமரசிம்மேந்திரபுரம்                                                                                                          "
  },
  {
    "villagecode": "062",
    "villagename": "Ambalpuram               ",
    "villagetname": "அம்பாள்புரம்                                                                                                                 "
  },
  {
    "villagecode": "086",
    "villagename": "Ammanchaki               ",
    "villagetname": "அம்மன்சாக்கி                                                                                                                 "
  },
  {
    "villagecode": "049",
    "villagename": "Ammanchi                 ",
    "villagetname": "ஆமாஞ்சி                                                                                                                      "
  },
  {
    "villagecode": "035",
    "villagename": "Aranthangi               ",
    "villagetname": "அறந்தாங்கி                                                                                                                   "
  },
  {
    "villagecode": "059",
    "villagename": "Arasarkulam East         ",
    "villagetname": "அரசர்குளம் கிழக்கு                                                                                                           "
  },
  {
    "villagecode": "058",
    "villagename": "Arasarkulam West         ",
    "villagetname": "அரசர்குளம் மேற்கு                                                                                                            "
  },
  {
    "villagecode": "073",
    "villagename": "Ariyamaraikadu           ",
    "villagetname": "அரியாமரைக்காடு                                                                                                               "
  },
  {
    "villagecode": "077",
    "villagename": "Arunachalapuram          ",
    "villagetname": "அருணாசலபுரம்                                                                                                                 "
  },
  {
    "villagecode": "981",
    "villagename": "Athani - North           ",
    "villagetname": "அத்தாணி வடக்கு                                                                                                               "
  },
  {
    "villagecode": "982",
    "villagename": "Athani - South           ",
    "villagetname": "அத்தாணி தெற்கு                                                                                                               "
  },
  {
    "villagecode": "011",
    "villagename": "Avanathankottai          ",
    "villagetname": "ஆவணத்தான்கோட்டை                                                                                                              "
  },
  {
    "villagecode": "029",
    "villagename": "Ayinkudi                 ",
    "villagetname": "ஆயின்குடி                                                                                                                    "
  },
  {
    "villagecode": "026",
    "villagename": "Balakrishna Puram        ",
    "villagetname": "பாலகிருஷ்ணாபுரம்                                                                                                             "
  },
  {
    "villagecode": "089",
    "villagename": "Beraminavayal            ",
    "villagetname": "பிராமணவயல்                                                                                                                   "
  },
  {
    "villagecode": "009",
    "villagename": "Chettikadu               ",
    "villagetname": "செட்டிக்காடு                                                                                                                 "
  },
  {
    "villagecode": "067",
    "villagename": "Chidambarapuram          ",
    "villagetname": "சிதம்பரபுரம்                                                                                                                 "
  },
  {
    "villagecode": "007",
    "villagename": "Chidambaraviduthi        ",
    "villagetname": "சிதம்பரம் விடுதி                                                                                                             "
  },
  {
    "villagecode": "040",
    "villagename": "Dharmarajayanvayal       ",
    "villagetname": "தர்மராஜன்வயல்                                                                                                                "
  },
  {
    "villagecode": "084",
    "villagename": "Eaganivayal              ",
    "villagetname": "ஏகனிவயல்                                                                                                                     "
  },
  {
    "villagecode": "095",
    "villagename": "Eagaperumalur            ",
    "villagetname": "ஏகப்பெருமாளுார்                                                                                                              "
  },
  {
    "villagecode": "038",
    "villagename": "Edaiyar                  ",
    "villagetname": "இடையாறு                                                                                                                      "
  },
  {
    "villagecode": "018",
    "villagename": "Erukalakottai            ",
    "villagetname": "எருக்கலக்கோட்டை                                                                                                              "
  },
  {
    "villagecode": "057",
    "villagename": "Ettiyathali              ",
    "villagetname": "எட்டியத்தலி                                                                                                                  "
  },
  {
    "villagecode": "102",
    "villagename": "Kalakamangalam           ",
    "villagetname": "கலக்கமங்களம்                                                                                                                 "
  },
  {
    "villagecode": "075",
    "villagename": "Kalakudi                 ",
    "villagetname": "களக்குடி                                                                                                                     "
  },
  {
    "villagecode": "041",
    "villagename": "Kammankadu               ",
    "villagetname": "கம்மங்காடு                                                                                                                   "
  },
  {
    "villagecode": "094",
    "villagename": "Kandichankadu            ",
    "villagetname": "கண்டிச்சங்காடு                                                                                                               "
  },
  {
    "villagecode": "097",
    "villagename": "Karaikadu                ",
    "villagetname": "காரைக்காடு                                                                                                                   "
  },
  {
    "villagecode": "078",
    "villagename": "Karavayal                ",
    "villagetname": "காரவயல்                                                                                                                      "
  },
  {
    "villagecode": "052",
    "villagename": "Keelacheri               ",
    "villagetname": "கீழச்சேரி                                                                                                                    "
  },
  {
    "villagecode": "063",
    "villagename": "Keelavijayapuram         ",
    "villagetname": "கீழவிஜயபுரம்                                                                                                                 "
  },
  {
    "villagecode": "085",
    "villagename": "Keelkudi                 ",
    "villagetname": "கீழ்குடி                                                                                                                     "
  },
  {
    "villagecode": "064",
    "villagename": "Kodivayal                ",
    "villagetname": "கொடிவயல்                                                                                                                     "
  },
  {
    "villagecode": "080",
    "villagename": "Koohanur                 ",
    "villagetname": "கூகனூர்                                                                                                                      "
  },
  {
    "villagecode": "014",
    "villagename": "Koongudi                 ",
    "villagetname": "கோங்குடி                                                                                                                     "
  },
  {
    "villagecode": "056",
    "villagename": "Kovilvayal               ",
    "villagetname": "கோவில்வயல்                                                                                                                   "
  },
  {
    "villagecode": "039",
    "villagename": "Kulathur                 ",
    "villagetname": "குளத்தூர்                                                                                                                    "
  },
  {
    "villagecode": "055",
    "villagename": "Kummakkadu               ",
    "villagetname": "கும்மங்காடு                                                                                                                  "
  },
  {
    "villagecode": "051",
    "villagename": "Kundagavayal             ",
    "villagetname": "குண்டகவயல்                                                                                                                   "
  },
  {
    "villagecode": "003",
    "villagename": "Kurumbur                 ",
    "villagetname": "குரும்பூர்                                                                                                                   "
  },
  {
    "villagecode": "088",
    "villagename": "Maivayal                 ",
    "villagetname": "மைவயல்                                                                                                                       "
  },
  {
    "villagecode": "087",
    "villagename": "Manavanallur             ",
    "villagetname": "மாணவநல்லூர்                                                                                                                  "
  },
  {
    "villagecode": "601",
    "villagename": "Mangalanadu North        ",
    "villagetname": "மங்களநாடு வடக்கு                                                                                                             "
  },
  {
    "villagecode": "602",
    "villagename": "Mangalanadu South        ",
    "villagetname": "மஙகளநாடு தெற்கு                                                                                                              "
  },
  {
    "villagecode": "031",
    "villagename": "Mangudi                  ",
    "villagetname": "மாங்குடி                                                                                                                     "
  },
  {
    "villagecode": "081",
    "villagename": "Manivilanvayal           ",
    "villagetname": "மணிவிலான்வயல்                                                                                                                "
  },
  {
    "villagecode": "070",
    "villagename": "Mannakudi                ",
    "villagetname": "மன்னக்குடி                                                                                                                   "
  },
  {
    "villagecode": "001",
    "villagename": "Maramadikii              ",
    "villagetname": "மறமடக்கி                                                                                                                     "
  },
  {
    "villagecode": "032",
    "villagename": "Maruthankudi             ",
    "villagetname": "மருதங்குடி                                                                                                                   "
  },
  {
    "villagecode": "028",
    "villagename": "Mathur                   ",
    "villagetname": "மாத்தூர்                                                                                                                     "
  },
  {
    "villagecode": "054",
    "villagename": "Melapattu                ",
    "villagetname": "மேலப்பட்டு                                                                                                                   "
  },
  {
    "villagecode": "072",
    "villagename": "Memangalam               ",
    "villagetname": "மேமங்களம்                                                                                                                    "
  },
  {
    "villagecode": "024",
    "villagename": "Merpanaikadu             ",
    "villagetname": "மேற்பனைக்காடு                                                                                                                "
  },
  {
    "villagecode": "016",
    "villagename": "Mookudi                  ",
    "villagetname": "மூக்குடி                                                                                                                     "
  },
  {
    "villagecode": "092",
    "villagename": "Munnuthanvayal           ",
    "villagetname": "முன்னூன்தான்வயல்                                                                                                             "
  },
  {
    "villagecode": "076",
    "villagename": "Nagudi                   ",
    "villagetname": "நாகுடி                                                                                                                       "
  },
  {
    "villagecode": "006",
    "villagename": "Narpavalakodi            ",
    "villagetname": "நற்பவளக்குடி                                                                                                                 "
  },
  {
    "villagecode": "021",
    "villagename": "Neivathali               ",
    "villagetname": "நெய்வத்தலி                                                                                                                   "
  },
  {
    "villagecode": "023",
    "villagename": "Neivelynathapuram        ",
    "villagetname": "நெய்வேலிநாதபுரம்                                                                                                             "
  },
  {
    "villagecode": "099",
    "villagename": "Nemelikadu               ",
    "villagetname": "நெம்மேலிக்காடு                                                                                                               "
  },
  {
    "villagecode": "100",
    "villagename": "Oomakavayal              ",
    "villagetname": "ஓமக்கன்வயல்                                                                                                                  "
  },
  {
    "villagecode": "048",
    "villagename": "Oorvani                  ",
    "villagetname": "ஊர்வணி                                                                                                                       "
  },
  {
    "villagecode": "036",
    "villagename": "Pallathivayal            ",
    "villagetname": "பள்ளத்திவயல்                                                                                                                 "
  },
  {
    "villagecode": "091",
    "villagename": "Pangayathankudi          ",
    "villagetname": "பங்கையத்தான்குடி                                                                                                             "
  },
  {
    "villagecode": "047",
    "villagename": "Panjathi                 ",
    "villagetname": "பஞ்சாத்தி                                                                                                                    "
  },
  {
    "villagecode": "002",
    "villagename": "Paravakkottai            ",
    "villagetname": "பரவாக்கோட்டை                                                                                                                 "
  },
  {
    "villagecode": "071",
    "villagename": "Pedaarikadu              ",
    "villagetname": "பிடாரிக்காடு                                                                                                                 "
  },
  {
    "villagecode": "020",
    "villagename": "Periyalur                ",
    "villagetname": "பெரியாளுார்                                                                                                                  "
  },
  {
    "villagecode": "045",
    "villagename": "Perunavalur              ",
    "villagetname": "பெருநாவலூர்                                                                                                                  "
  },
  {
    "villagecode": "083",
    "villagename": "Pooniankundu             ",
    "villagetname": "பூனையன்குண்டு                                                                                                                "
  },
  {
    "villagecode": "019",
    "villagename": "Poovathakudi             ",
    "villagetname": "பூவத்தக்குடி                                                                                                                 "
  },
  {
    "villagecode": "043",
    "villagename": "Puduvakottai             ",
    "villagetname": "புதுவாக்கோட்டை                                                                                                               "
  },
  {
    "villagecode": "017",
    "villagename": "Rajendrapuram            ",
    "villagetname": "ராஜேந்திரபுரம்                                                                                                               "
  },
  {
    "villagecode": "027",
    "villagename": "Ramasamypuram            ",
    "villagetname": "ராமசாமிபுரம்                                                                                                                 "
  },
  {
    "villagecode": "082",
    "villagename": "Rayanvayal               ",
    "villagetname": "ராயன்வயல்                                                                                                                    "
  },
  {
    "villagecode": "034",
    "villagename": "Rethinakkottai           ",
    "villagetname": "ரெத்தினக்கோட்டை                                                                                                              "
  },
  {
    "villagecode": "022",
    "villagename": "Sathanenthal             ",
    "villagetname": "சாத்தனேந்தல்                                                                                                                 "
  },
  {
    "villagecode": "074",
    "villagename": "Seenamangalam            ",
    "villagetname": "சீனமங்களம்                                                                                                                   "
  },
  {
    "villagecode": "005",
    "villagename": "Sengamari                ",
    "villagetname": "செங்கமாரி                                                                                                                    "
  },
  {
    "villagecode": "012",
    "villagename": "Silatur                  ",
    "villagetname": "சிலட்டூர்                                                                                                                    "
  },
  {
    "villagecode": "004",
    "villagename": "Sirunattanvayal          ",
    "villagetname": "சிறுநாட்டான்வயல்                                                                                                             "
  },
  {
    "villagecode": "068",
    "villagename": "Sithakanni               ",
    "villagetname": "சித்தக்கண்ணி                                                                                                                 "
  },
  {
    "villagecode": "069",
    "villagename": "Sithakanni               ",
    "villagetname": "சித்தக்கண்ணி                                                                                                                 "
  },
  {
    "villagecode": "046",
    "villagename": "Sivanthankadu            ",
    "villagetname": "சிவந்தான்காடு                                                                                                                "
  },
  {
    "villagecode": "066",
    "villagename": "Subramaniapuram          ",
    "villagetname": "சுப்பிரமணியபுரம்                                                                                                             "
  },
  {
    "villagecode": "008",
    "villagename": "Thanthani                ",
    "villagetname": "தாந்தாணி                                                                                                                     "
  },
  {
    "villagecode": "079",
    "villagename": "Thedaki                  ",
    "villagetname": "தேடாக்கி                                                                                                                     "
  },
  {
    "villagecode": "010",
    "villagename": "Thirunavalur             ",
    "villagetname": "திருநாளூர்                                                                                                                   "
  },
  {
    "villagecode": "101",
    "villagename": "Thiruvapadi              ",
    "villagetname": "திருவப்பாடி                                                                                                                  "
  },
  {
    "villagecode": "033",
    "villagename": "Thoothakudi              ",
    "villagetname": "துாத்தாக்குடி                                                                                                                "
  },
  {
    "villagecode": "042",
    "villagename": "Ulagaalanthanvayal       ",
    "villagetname": "உலகளந்தான்வயல்                                                                                                               "
  },
  {
    "villagecode": "030",
    "villagename": "Vallavari                ",
    "villagetname": "வல்லவாரி                                                                                                                     "
  },
  {
    "villagecode": "093",
    "villagename": "Vellattumangalam         ",
    "villagetname": "வெள்ளாட்டுமங்களம்                                                                                                            "
  },
  {
    "villagecode": "025",
    "villagename": "Vembankudi               ",
    "villagetname": "வேம்பன்குடி                                                                                                                  "
  },
  {
    "villagecode": "053",
    "villagename": "Vengur                   ",
    "villagetname": "வேங்கூர்                                                                                                                     "
  },
  {
    "villagecode": "044",
    "villagename": "Veramangalam             ",
    "villagetname": "வீரமங்களம்                                                                                                                   "
  },
  {
    "villagecode": "901",
    "villagename": "Vettanur I-Bit           ",
    "villagetname": "வேட்டனூர்  1 பிட்                                                                                                            "
  },
  {
    "villagecode": "902",
    "villagename": "Vettanur Ii-Bit          ",
    "villagetname": "வேட்டனூர் 2 பிட்                                                                                                             "
  },
  {
    "villagecode": "065",
    "villagename": "Vijayapuram              ",
    "villagetname": "விஜயபுரம்                                                                                                                    "
  }
]
