[
  {
    "villagecode": "036",
    "villagename": "Agraharam                ",
    "villagetname": "அக்ரஹாரம்                                                                                                                    "
  },
  {
    "villagecode": "035",
    "villagename": "Ammanankoil              ",
    "villagetname": "அம்மணாங்கோயில்                                                                                                               "
  },
  {
    "villagecode": "006",
    "villagename": "Athurkuppam              ",
    "villagetname": "ஆத்தூர்குப்பம்                                                                                                               "
  },
  {
    "villagecode": "148",
    "villagename": "Bethakkallupalli         ",
    "villagetname": "பெத்தகல்லுப்பள்ளி                                                                                                            "
  },
  {
    "villagecode": "023",
    "villagename": "Bynapalli                ",
    "villagetname": "பையனப்பள்ளி                                                                                                                  "
  },
  {
    "villagecode": "031",
    "villagename": "Chandrapuram             ",
    "villagetname": "சந்திராபுரம்                                                                                                                 "
  },
  {
    "villagecode": "008",
    "villagename": "Chinnamottur             ",
    "villagetname": "சின்னமோட்டூர்                                                                                                                "
  },
  {
    "villagecode": "016",
    "villagename": "Guruvanikunda            ",
    "villagetname": "குருபாணிகுண்டா                                                                                                               "
  },
  {
    "villagecode": "005",
    "villagename": "Kathari                  ",
    "villagetname": "கத்தாரி                                                                                                                      "
  },
  {
    "villagecode": "146",
    "villagename": "Kethandapatti            ",
    "villagetname": "கேத்தாண்டபட்டி                                                                                                               "
  },
  {
    "villagecode": "030",
    "villagename": "Kollankuttai             ",
    "villagetname": "கொல்லங்குட்டை                                                                                                                "
  },
  {
    "villagecode": "001",
    "villagename": "Kothur                   ",
    "villagetname": "கொத்தூர்                                                                                                                     "
  },
  {
    "villagecode": "007",
    "villagename": "Kudiyanakuppam           ",
    "villagetname": "குடியானகுப்பம                                                                                                                "
  },
  {
    "villagecode": "017",
    "villagename": "Mallagunda               ",
    "villagetname": "மல்லகுண்டா                                                                                                                   "
  },
  {
    "villagecode": "025",
    "villagename": "Mallankuppam             ",
    "villagetname": "மல்லங்குப்பம்                                                                                                                "
  },
  {
    "villagecode": "034",
    "villagename": "Mallapalli               ",
    "villagetname": "மல்லபள்ளி                                                                                                                    "
  },
  {
    "villagecode": "037",
    "villagename": "Mookkanur                ",
    "villagetname": "மூக்கனூர்                                                                                                                    "
  },
  {
    "villagecode": "020",
    "villagename": "Natrampalli              ",
    "villagetname": "நாட்றம்பள்ளி                                                                                                                 "
  },
  {
    "villagecode": "003",
    "villagename": "Nayanacheruvu            ",
    "villagetname": "நாயனசெருவு                                                                                                                   "
  },
  {
    "villagecode": "021",
    "villagename": "Pandarapalli             ",
    "villagetname": "பந்தாரபள்ளி                                                                                                                  "
  },
  {
    "villagecode": "033",
    "villagename": "Paniyandapalli           ",
    "villagetname": "பணியாண்டபள்ளி                                                                                                                "
  },
  {
    "villagecode": "022",
    "villagename": "Patchur                  ",
    "villagetname": "பச்சூர்                                                                                                                      "
  },
  {
    "villagecode": "038",
    "villagename": "Puthagaram               ",
    "villagetname": "புத்தகரம்                                                                                                                    "
  },
  {
    "villagecode": "002",
    "villagename": "Sorakayalnatham          ",
    "villagetname": "சொரக்காயல்நத்தம்                                                                                                             "
  },
  {
    "villagecode": "147",
    "villagename": "Thekkupattu              ",
    "villagetname": "தெக்குப்பட்டு                                                                                                                "
  },
  {
    "villagecode": "018",
    "villagename": "Thiriyalam               ",
    "villagetname": "திரியாலம்                                                                                                                    "
  },
  {
    "villagecode": "004",
    "villagename": "Thoppalakunda            ",
    "villagetname": "தோப்பலகுண்டா                                                                                                                 "
  },
  {
    "villagecode": "024",
    "villagename": "Velakkalnatham           ",
    "villagetname": "வெலக்கல்நத்தம்                                                                                                               "
  },
  {
    "villagecode": "019",
    "villagename": "Vettapattu               ",
    "villagetname": "வேட்டப்பட்டு                                                                                                                 "
  },
  {
    "villagecode": "032",
    "villagename": "Virupatchipuram          ",
    "villagetname": "விருபாட்சிபுரம்                                                                                                              "
  }
]
