[
  {
    "villagecode": "037",
    "villagename": "Ambilikkai               ",
    "villagetname": "அம்பிளிக்கை                                                                                                                  "
  },
  {
    "villagecode": "002",
    "villagename": "Appanoothu               ",
    "villagetname": "அப்பனூத்து                                                                                                                   "
  },
  {
    "villagecode": "007",
    "villagename": "Appayampatty             ",
    "villagetname": "அப்பயம்பட்டி                                                                                                                 "
  },
  {
    "villagecode": "004",
    "villagename": "Appipalayam              ",
    "villagetname": "அப்பிபாளையம்                                                                                                                 "
  },
  {
    "villagecode": "028",
    "villagename": "Arasappapaillipatty      ",
    "villagetname": "அரசப்பபிள்ளைபட்டி                                                                                                            "
  },
  {
    "villagecode": "031",
    "villagename": "Athikombai               ",
    "villagetname": "அத்திக்கோம்பை                                                                                                                "
  },
  {
    "villagecode": "017",
    "villagename": "Boduvarpatty             ",
    "villagetname": "போடுவார்பட்டி"
  },
  {
    "villagecode": "022",
    "villagename": "Chatrapatty              ",
    "villagetname": "சத்திரபட்டி                                                                                                                  "
  },
  {
    "villagecode": "045",
    "villagename": "Chinnakkampatty          ",
    "villagetname": "சின்னக்காம்பட்டி                                                                                                             "
  },
  {
    "villagecode": "021",
    "villagename": "Dasaripatty              ",
    "villagetname": "தாசரிபட்டி"
  },
  {
    "villagecode": "013",
    "villagename": "Devathur                 ",
    "villagetname": "தேவத்தூர்                                                                                                                    "
  },
  {
    "villagecode": "020",
    "villagename": "D.Pudukottai             ",
    "villagetname": "தா.புதுக்கோட்டை                                                                                                              "
  },
  {
    "villagecode": "046",
    "villagename": "Ellapatty                ",
    "villagetname": "எல்லப்பட்டி                                                                                                                  "
  },
  {
    "villagecode": "050",
    "villagename": "Idayakottai              ",
    "villagetname": "இடையகோட்டை                                                                                                                   "
  },
  {
    "villagecode": "043",
    "villagename": "I.Vadipatty              ",
    "villagetname": "இ. வாடிப்பட்டி                                                                                                               "
  },
  {
    "villagecode": "055",
    "villagename": "Javathupatty             ",
    "villagetname": "ஜவ்வாதுபட்டி                                                                                                                 "
  },
  {
    "villagecode": "052",
    "villagename": "Johipatty                ",
    "villagetname": "ஜோகிபட்டி                                                                                                                    "
  },
  {
    "villagecode": "033",
    "villagename": "Kalanjipatty             ",
    "villagetname": "காளாஞ்சிபட்டி                                                                                                                "
  },
  {
    "villagecode": "010",
    "villagename": "Kallimandayam            ",
    "villagetname": "கள்ளிமந்தயம்                                                                                                                 "
  },
  {
    "villagecode": "051",
    "villagename": "Kallupatty               ",
    "villagetname": "கல்லுப்பட்டி                                                                                                                 "
  },
  {
    "villagecode": "036",
    "villagename": "Kappiliapatty            ",
    "villagetname": "காப்பிளியபட்டி"
  },
  {
    "villagecode": "009",
    "villagename": "Kariyampatty             ",
    "villagetname": "கரியாம்பட்டி"
  },
  {
    "villagecode": "029",
    "villagename": "Kaveriammapatty          ",
    "villagetname": "காவேரியம்மாபட்டி"
  },
  {
    "villagecode": "057",
    "villagename": "Kethaiyurambu            ",
    "villagetname": "கேதையுறம்பு                                                                                                                  "
  },
  {
    "villagecode": "042",
    "villagename": "K.Keeranur               ",
    "villagetname": "கொண்டரங்கி கீரனூர்                                                                                                           "
  },
  {
    "villagecode": "034",
    "villagename": "Kollapatty               ",
    "villagetname": "கொல்லபட்டி                                                                                                                   "
  },
  {
    "villagecode": "008",
    "villagename": "Koothampoondi            ",
    "villagetname": "கூத்தம்பூண்டி                                                                                                                "
  },
  {
    "villagecode": "012",
    "villagename": "Kothayam                 ",
    "villagetname": "கொத்தயம்                                                                                                                     "
  },
  {
    "villagecode": "044",
    "villagename": "Kuthiluppai              ",
    "villagetname": "குத்திலுப்பை                                                                                                                 "
  },
  {
    "villagecode": "032",
    "villagename": "Lakkayankottai           ",
    "villagetname": "லக்கையன்கோட்டை                                                                                                               "
  },
  {
    "villagecode": "041",
    "villagename": "Mandavadi                ",
    "villagetname": "மண்டவாடி                                                                                                                     "
  },
  {
    "villagecode": "018",
    "villagename": "Manjanaickenpatty        ",
    "villagetname": "மஞ்சநாயக்கன்பட்டி                                                                                                            "
  },
  {
    "villagecode": "048",
    "villagename": "Markkampatty             ",
    "villagetname": "மார்க்கம்பட்டி"
  },
  {
    "villagecode": "047",
    "villagename": "M.Athappampatty          ",
    "villagetname": "மா.அத்தப்பம்பட்டி                                                                                                            "
  },
  {
    "villagecode": "040",
    "villagename": "Navakani                 ",
    "villagetname": "நவகாணி                                                                                                                       "
  },
  {
    "villagecode": "039",
    "villagename": "Odaipatty                ",
    "villagetname": "ஓடைப்பட்டி                                                                                                                   "
  },
  {
    "villagecode": "030",
    "villagename": "Oddanchatram             ",
    "villagetname": "ஒட்டன்சத்திரம்                                                                                                               "
  },
  {
    "villagecode": "005",
    "villagename": "Palappanpatty            ",
    "villagetname": "பாலப்பன்பட்டி                                                                                                                "
  },
  {
    "villagecode": "003",
    "villagename": "Parithiyur               ",
    "villagetname": "பருத்தியூர்                                                                                                                  "
  },
  {
    "villagecode": "025",
    "villagename": "Periakottai              ",
    "villagetname": "பெரியகோட்டை                                                                                                                  "
  },
  {
    "villagecode": "006",
    "villagename": "Poosaripatty             ",
    "villagetname": "பூசாரிபட்டி"
  },
  {
    "villagecode": "011",
    "villagename": "Porulur                  ",
    "villagetname": "பொருளூர்                                                                                                                     "
  },
  {
    "villagecode": "015",
    "villagename": "Pottikkampatty           ",
    "villagetname": "பொட்டிக்காம்பட்டி                                                                                                            "
  },
  {
    "villagecode": "053",
    "villagename": "Puliamarathukottai       ",
    "villagetname": "புளியமரத்துக்கோட்டை                                                                                                          "
  },
  {
    "villagecode": "054",
    "villagename": "Puliyurnatham            ",
    "villagetname": "புலியூர்நத்தம்                                                                                                               "
  },
  {
    "villagecode": "001",
    "villagename": "Pungamuthur              ",
    "villagetname": "புங்கமுத்தூர்                                                                                                                "
  },
  {
    "villagecode": "016",
    "villagename": "Puthur                   ",
    "villagetname": "புதூர்"
  },
  {
    "villagecode": "024",
    "villagename": "Reddiapatty              ",
    "villagetname": "ரெட்டியபட்டி                                                                                                                 "
  },
  {
    "villagecode": "014",
    "villagename": "Sikkamanaickenpatty      ",
    "villagetname": "சிக்கமநாயக்கன்பட்டி                                                                                                          "
  },
  {
    "villagecode": "038",
    "villagename": "Sindalapatty             ",
    "villagetname": "சிந்தலப்பட்டி                                                                                                                "
  },
  {
    "villagecode": "019",
    "villagename": "Sindalavadampatty        ",
    "villagetname": "சிந்தலவாடம்பட்டி                                                                                                             "
  },
  {
    "villagecode": "035",
    "villagename": "Thangachiammapatty       ",
    "villagetname": "தங்கச்சியம்மாபட்டி                                                                                                           "
  },
  {
    "villagecode": "027",
    "villagename": "Vadakadu                 ",
    "villagetname": "வடகாடு                                                                                                                       "
  },
  {
    "villagecode": "049",
    "villagename": "Valayapatty              ",
    "villagetname": "வலையபட்டி                                                                                                                    "
  },
  {
    "villagecode": "023",
    "villagename": "Veeralapatty             ",
    "villagetname": "வீரலப்பட்டி                                                                                                                  "
  },
  {
    "villagecode": "056",
    "villagename": "Verippoor                ",
    "villagetname": "வெரியப்பூர்                                                                                                                  "
  },
  {
    "villagecode": "026",
    "villagename": "Virupatchi               ",
    "villagetname": "விருப்பாட்சி                                                                                                                 "
  }
]
