[
  {
    "villagecode": "062",
    "villagename": "A.Kombai                 ",
    "villagetname": "அ கோம்பை                                                                                                                     "
  },
  {
    "villagecode": "036",
    "villagename": "Ammapatty                ",
    "villagetname": "அம்மாபட்டி                                                                                                                   "
  },
  {
    "villagecode": "061",
    "villagename": "Ayyalur                  ",
    "villagetname": "அய்யலூர்                                                                                                                     "
  },
  {
    "villagecode": "022",
    "villagename": "Boothipuram              ",
    "villagetname": "பூதிபுரம்                                                                                                                    "
  },
  {
    "villagecode": "042",
    "villagename": "E.Chithoor               ",
    "villagetname": "இ சித்தூர்                                                                                                                   "
  },
  {
    "villagecode": "043",
    "villagename": "Eriodu                   ",
    "villagetname": "எரியோடு                                                                                                                      "
  },
  {
    "villagecode": "023",
    "villagename": "Kaithiankottai           ",
    "villagetname": "கைத்தியன்கோட்டை                                                                                                              "
  },
  {
    "villagecode": "017",
    "villagename": "Kalvarpatty              ",
    "villagetname": "கல்வார்பட்டி                                                                                                                 "
  },
  {
    "villagecode": "051",
    "villagename": "Kanapadi                 ",
    "villagetname": "கானப்பாடி                                                                                                                    "
  },
  {
    "villagecode": "059",
    "villagename": "Kollapatty               ",
    "villagetname": "கொல்லபட்டி                                                                                                                   "
  },
  {
    "villagecode": "056",
    "villagename": "Komberipatty             ",
    "villagetname": "கொம்பேர்பட்டி                                                                                                                "
  },
  {
    "villagecode": "024",
    "villagename": "Koovakkapatty            ",
    "villagetname": "கூவக்காபட்டி                                                                                                                 "
  },
  {
    "villagecode": "040",
    "villagename": "Kulathur                 ",
    "villagetname": "குளத்தூர்                                                                                                                    "
  },
  {
    "villagecode": "018",
    "villagename": "Kuttam                   ",
    "villagetname": "குட்டம்                                                                                                                      "
  },
  {
    "villagecode": "038",
    "villagename": "Malvarpatty              ",
    "villagetname": "மல்வார்பட்டி                                                                                                                 "
  },
  {
    "villagecode": "039",
    "villagename": "Marampadi                ",
    "villagetname": "மாரம்பாடி                                                                                                                    "
  },
  {
    "villagecode": "054",
    "villagename": "Morepatty                ",
    "villagetname": "மோர்பட்டி                                                                                                                    "
  },
  {
    "villagecode": "041",
    "villagename": "Nallamanarkottai         ",
    "villagetname": "நல்லமனார்கோட்டை                                                                                                              "
  },
  {
    "villagecode": "021",
    "villagename": "Nathapatty               ",
    "villagetname": "நத்தப்பட்டி                                                                                                                  "
  },
  {
    "villagecode": "047",
    "villagename": "Padiyur                  ",
    "villagetname": "பாடியுர்                                                                                                                     "
  },
  {
    "villagecode": "044",
    "villagename": "PAGANATHAM",
    "villagetname": "பாகாநத்தம்                                                                                                                   "
  },
  {
    "villagecode": "016",
    "villagename": "Palapatty                ",
    "villagetname": "பாலப்பட்டி                                                                                                                   "
  },
  {
    "villagecode": "063",
    "villagename": "Panjamthangi             ",
    "villagetname": "பஞ்சந்தாங்கி                                                                                                                 "
  },
  {
    "villagecode": "046",
    "villagename": "Perumpulli               ",
    "villagetname": "பெரும்புள்ளி                                                                                                                 "
  },
  {
    "villagecode": "055",
    "villagename": "Pilathu                  ",
    "villagetname": "பிலாத்து                                                                                                                     "
  },
  {
    "villagecode": "060",
    "villagename": "Puthur                   ",
    "villagetname": "புத்தூர்                                                                                                                     "
  },
  {
    "villagecode": "049",
    "villagename": "Ramanathapuram           ",
    "villagetname": "ராமநாதபுரம்                                                                                                                  "
  },
  {
    "villagecode": "050",
    "villagename": "Singarakottai            ",
    "villagetname": "சிங்காரக்கோட்டை                                                                                                              "
  },
  {
    "villagecode": "058",
    "villagename": "Sithuvarpatty            ",
    "villagetname": "சித்துவார்பட்டி                                                                                                              "
  },
  {
    "villagecode": "037",
    "villagename": "Sriramapuram             ",
    "villagetname": "ஸ்ரீராமபுரம்                                                                                                                 "
  },
  {
    "villagecode": "057",
    "villagename": "Sukkampatty              ",
    "villagetname": "சுக்காம்பட்டி                                                                                                                "
  },
  {
    "villagecode": "045",
    "villagename": "Thennampatty             ",
    "villagetname": "தென்னம்பட்டி                                                                                                                 "
  },
  {
    "villagecode": "034",
    "villagename": "Usilampatty              ",
    "villagetname": "உசிலம்பட்டி                                                                                                                  "
  },
  {
    "villagecode": "053",
    "villagename": "Vadamadurai              ",
    "villagetname": "வடமதுரை                                                                                                                      "
  },
  {
    "villagecode": "020",
    "villagename": "Vedasandur               ",
    "villagetname": "வேடசந்தூர்                                                                                                                   "
  },
  {
    "villagecode": "052",
    "villagename": "Velayuthampalayam        ",
    "villagetname": "வேலாயுதம்பாளையம்                                                                                                             "
  },
  {
    "villagecode": "035",
    "villagename": "Vellampatty              ",
    "villagetname": "வெல்லம்பட்டி                                                                                                                 "
  },
  {
    "villagecode": "048",
    "villagename": "Velvarkottai             ",
    "villagetname": "வேல்வார்கோட்டை                                                                                                               "
  },
  {
    "villagecode": "019",
    "villagename": "V.Pudukottai             ",
    "villagetname": "வி புதுக்கோட்டை                                                                                                              "
  }
]
