[
  {
    "villagecode": "065",
    "villagename": "Eliyarpatthi                  ",
    "villagetname": "24 எலியார்பத்தி                                                                                                              "
  },
  {
    "villagecode": "060",
    "villagename": "Kombadi                       ",
    "villagetname": "22 கொம்பாடி                                                                                                                  "
  },
  {
    "villagecode": "018",
    "villagename": "K Pudupatti                   ",
    "villagetname": "3 கோ. புதுப்பட்டி                                                                                                            "
  },
  {
    "villagecode": "027",
    "villagename": "Madakkulam                    ",
    "villagetname": "மாடக்குளம்                                                                                                                   "
  },
  {
    "villagecode": "052",
    "villagename": "Melanedungulam                ",
    "villagetname": "11 மேலநெடுங்குளம்                                                                                                            "
  },
  {
    "villagecode": "055",
    "villagename": "Mullakulam                    ",
    "villagetname": "12 முல்லாகுளம்                                                                                                               "
  },
  {
    "villagecode": "062",
    "villagename": "Nedumadurai                   ",
    "villagetname": "23 நெடுமதுரை                                                                                                                 "
  },
  {
    "villagecode": "054",
    "villagename": "Nilayur Bit 1                 ",
    "villagetname": "8 நிலையூர் பிட் 1                                                                                                            "
  },
  {
    "villagecode": "081",
    "villagename": "Nilayur Bit 2                 ",
    "villagetname": "7 நிலையூர் பிட் 2                                                                                                            "
  },
  {
    "villagecode": "059",
    "villagename": "Otthaialangulam               ",
    "villagetname": "21 ஒத்தைஆலங்குளம்                                                                                                            "
  },
  {
    "villagecode": "064",
    "villagename": "Parapatthi                    ",
    "villagetname": "26 பாரபத்தி                                                                                                                  "
  },
  {
    "villagecode": "058",
    "villagename": "Periya Alangulam              ",
    "villagetname": "20 பெரியஆலங்குளம்                                                                                                            "
  },
  {
    "villagecode": "063",
    "villagename": "Periya Kudakkovil             ",
    "villagetname": "25 பெரியகூடக்கோவில்                                                                                                          "
  },
  {
    "villagecode": "051",
    "villagename": "Perungudi                     ",
    "villagetname": "16 பெருங்குடி                                                                                                                "
  },
  {
    "villagecode": "082",
    "villagename": "Pudukulam Bit 2               ",
    "villagetname": "10 புதுக்குளம் பிட் 2                                                                                                        "
  },
  {
    "villagecode": "083",
    "villagename": "Pudukulam Bit 3               ",
    "villagetname": "14 புதுக்குளம் பிட் 3                                                                                                        "
  },
  {
    "villagecode": "017",
    "villagename": "Sakkilipatti                  ",
    "villagetname": "2 சாக்கிலிபட்டி                                                                                                              "
  },
  {
    "villagecode": "057",
    "villagename": "Surakkaulam                   ",
    "villagetname": "15 சூரக்குளம்                                                                                                                "
  },
  {
    "villagecode": "021",
    "villagename": "Thanakkankulam                ",
    "villagetname": "6 தனக்கன்குளம்                                                                                                               "
  },
  {
    "villagecode": "016",
    "villagename": "Thenpalanzhi                  ",
    "villagetname": "1 தென்பழஞ்சி                                                                                                                 "
  },
  {
    "villagecode": "019",
    "villagename": "Thoppur                       ",
    "villagetname": "4 தோப்பூர்                                                                                                                   "
  },
  {
    "villagecode": "061",
    "villagename": "Thottiyapatti                 ",
    "villagetname": "19 தொட்டியபட்டி                                                                                                              "
  },
  {
    "villagecode": "053",
    "villagename": "Tirupparankundram             ",
    "villagetname": "9 திருப்பரங்குன்றம்                                                                                                          "
  },
  {
    "villagecode": "056",
    "villagename": "Valanendal                    ",
    "villagetname": "13 வாலானேந்தல்                                                                                                               "
  },
  {
    "villagecode": "049",
    "villagename": "Valayankulam                  ",
    "villagetname": "17 வலையங்குளம்                                                                                                               "
  },
  {
    "villagecode": "050",
    "villagename": "Valayapatti                   ",
    "villagetname": "18 வலையபட்டி                                                                                                                 "
  },
  {
    "villagecode": "020",
    "villagename": "Vedar Puliyankulam            ",
    "villagetname": "5 வேடர்புளியங்குளம்                                                                                                          "
  }
]
