[
  {
    "villagecode": "034",
    "villagename": "Andanur                  ",
    "villagetname": "அண்டணுார                                                                                                                     "
  },
  {
    "villagecode": "014",
    "villagename": "Aravampatti              ",
    "villagetname": "அரவம்பட்டி                                                                                                                   "
  },
  {
    "villagecode": "011",
    "villagename": "Ariyanipatti             ",
    "villagetname": "அரயாணிப்பட்டி                                                                                                                "
  },
  {
    "villagecode": "030",
    "villagename": "Athangaraividuthi        ",
    "villagetname": "ஆத்தங்கரைவிடுதி                                                                                                              "
  },
  {
    "villagecode": "037",
    "villagename": "Kallakottai              ",
    "villagetname": "கல்லாக்கோட்டை                                                                                                                "
  },
  {
    "villagecode": "027",
    "villagename": "Kattunaval               ",
    "villagetname": "காட்டுநாவல்                                                                                                                  "
  },
  {
    "villagecode": "007",
    "villagename": "Komapuram                ",
    "villagetname": "கோமாபுரம்                                                                                                                    "
  },
  {
    "villagecode": "015",
    "villagename": "Kovilur                  ",
    "villagetname": "கோவிலுார                                                                                                                     "
  },
  {
    "villagecode": "021",
    "villagename": "Kulathur                 ",
    "villagetname": "குளத்துார                                                                                                                    "
  },
  {
    "villagecode": "001",
    "villagename": "Kurumpoondi              ",
    "villagetname": "குரும்புண்டி                                                                                                                 "
  },
  {
    "villagecode": "003",
    "villagename": "Malayappatti             ",
    "villagetname": "மலையப்பட்டி                                                                                                                  "
  },
  {
    "villagecode": "008",
    "villagename": "Manchapattai             ",
    "villagetname": "மஞ்சப்பேட்டை                                                                                                                 "
  },
  {
    "villagecode": "006",
    "villagename": "Manganur                 ",
    "villagetname": "மங்கநுார                                                                                                                     "
  },
  {
    "villagecode": "026",
    "villagename": "Mattanggal               ",
    "villagetname": "மட்டங்கால்                                                                                                                   "
  },
  {
    "villagecode": "012",
    "villagename": "Meikudipatti             ",
    "villagetname": "மெய்குடிப்பட்டி                                                                                                              "
  },
  {
    "villagecode": "019",
    "villagename": "Mudhukulam               ",
    "villagetname": "முதுகுளம்                                                                                                                    "
  },
  {
    "villagecode": "022",
    "villagename": "Nadupatti                ",
    "villagetname": "நடுப்பட்டி                                                                                                                   "
  },
  {
    "villagecode": "023",
    "villagename": "Nampuranpatti            ",
    "villagetname": "நம்புரான்பட்டி                                                                                                               "
  },
  {
    "villagecode": "033",
    "villagename": "Nepughai                 ",
    "villagetname": "நெப்புகை                                                                                                                     "
  },
  {
    "villagecode": "005",
    "villagename": "Noodiyur                 ",
    "villagetname": "நொடியுர                                                                                                                      "
  },
  {
    "villagecode": "016",
    "villagename": "Palayagandarvakottai     ",
    "villagetname": "பழையகந்தரவகோட்டை                                                                                                             "
  },
  {
    "villagecode": "024",
    "villagename": "Periayakottai            ",
    "villagetname": "பெரயகோட்டை                                                                                                                   "
  },
  {
    "villagecode": "017",
    "villagename": "Pesanathur               ",
    "villagetname": "பிசானத்துார                                                                                                                  "
  },
  {
    "villagecode": "010",
    "villagename": "Pudunagar                ",
    "villagetname": "புதுநகர                                                                                                                      "
  },
  {
    "villagecode": "025",
    "villagename": "Pudupatti                ",
    "villagetname": "புதுபட்டி                                                                                                                    "
  },
  {
    "villagecode": "009",
    "villagename": "Punakkulam               ",
    "villagetname": "புனரகுளம்                                                                                                                    "
  },
  {
    "villagecode": "035",
    "villagename": "Sengamviduthi            ",
    "villagetname": "சங்கம்விடுதி                                                                                                                 "
  },
  {
    "villagecode": "020",
    "villagename": "Sevier Kudikadu          ",
    "villagetname": "சேவியர குடிக்காடு                                                                                                            "
  },
  {
    "villagecode": "029",
    "villagename": "Sothupallai              ",
    "villagetname": "சோத்துப்பாளை                                                                                                                 "
  },
  {
    "villagecode": "032",
    "villagename": "Sundampatti              ",
    "villagetname": "சுந்தம்பட்டி                                                                                                                 "
  },
  {
    "villagecode": "002",
    "villagename": "Thachankuruchi           ",
    "villagetname": "தச்சங்குறுச்சி                                                                                                               "
  },
  {
    "villagecode": "031",
    "villagename": "Thuvar                   ",
    "villagetname": "துாவார                                                                                                                       "
  },
  {
    "villagecode": "013",
    "villagename": "Vadugapatti              ",
    "villagetname": "வடுகப்பட்டி                                                                                                                  "
  },
  {
    "villagecode": "028",
    "villagename": "Valavampatti             ",
    "villagetname": "வளவம்பட்டி                                                                                                                   "
  },
  {
    "villagecode": "018",
    "villagename": "Veeradipatti             ",
    "villagetname": "வீரடிபட்டி                                                                                                                   "
  },
  {
    "villagecode": "036",
    "villagename": "Vellalaviduthi           ",
    "villagetname": "வெள்ளாளவிடுதி                                                                                                                "
  },
  {
    "villagecode": "004",
    "villagename": "Veralipatti              ",
    "villagetname": "விராலிபட்டி                                                                                                                  "
  }
]
