[
  {
    "villagecode": "001",
    "villagename": "Aaykkudi",
    "villagetname": "ஆய்க்குடி"
  },
  {
    "villagecode": "019",
    "villagename": "Adangudi",
    "villagetname": "அதங்குடி"
  },
  {
    "villagecode": "025",
    "villagename": "Akaravelukkudi",
    "villagetname": "அகரவேளுக்குடி"
  },
  {
    "villagecode": "032",
    "villagename": "Arichandrapuram",
    "villagetname": "அரிச்சந்திரபுரம்"
  },
  {
    "villagecode": "002",
    "villagename": "Aththicholamangalam",
    "villagetname": "அத்திசோழமங்கலம்"
  },
  {
    "villagecode": "017",
    "villagename": "Aykudi",
    "villagetname": "ஆய்குடி"
  },
  {
    "villagecode": "021",
    "villagename": "Chithambur",
    "villagetname": "சித்தாம்பூர்"
  },
  {
    "villagecode": "051",
    "villagename": "Chithiraiyur",
    "villagetname": "சித்திரையூர்"
  },
  {
    "villagecode": "014",
    "villagename": "Erukkaattur",
    "villagetname": "எருக்காட்டூர்"
  },
  {
    "villagecode": "004",
    "villagename": "Kaavanur",
    "villagetname": "காவனூர்"
  },
  {
    "villagecode": "044",
    "villagename": "Kakkaiyadi",
    "villagetname": "காக்கையாடி"
  },
  {
    "villagecode": "013",
    "villagename": "Kamalapuram              ",
    "villagetname": "கமலாபுரம்"
  },
  {
    "villagecode": "011",
    "villagename": "Kankoduthavanitham",
    "villagetname": "கண்கொடுத்தவணிதம்"
  },
  {
    "villagecode": "030",
    "villagename": "Kelmanali",
    "villagetname": "கீழ்மணலி"
  },
  {
    "villagecode": "045",
    "villagename": "Kiliyanur                ",
    "villagetname": "கிளியனுர்"
  },
  {
    "villagecode": "023",
    "villagename": "Koothanallur",
    "villagetname": "கூத்தாநல்லூர்"
  },
  {
    "villagecode": "036",
    "villagename": "Kothangudi",
    "villagetname": "கொத்தங்குடி"
  },
  {
    "villagecode": "046",
    "villagename": "Kulamanikkam",
    "villagetname": "குலமாணிக்கம்"
  },
  {
    "villagecode": "024",
    "villagename": "Letchumanagudi",
    "villagetname": "லெட்சுமாங்குடி"
  },
  {
    "villagecode": "048",
    "villagename": "Manakkarai               ",
    "villagetname": "மணக்கரை"
  },
  {
    "villagecode": "039",
    "villagename": "Manjanavadi",
    "villagetname": "மஞ்சனவாடி"
  },
  {
    "villagecode": "055",
    "villagename": "Marangudi                ",
    "villagetname": "மாரங்குடி"
  },
  {
    "villagecode": "053",
    "villagename": "Mavattakudi",
    "villagetname": "மாவட்டகுடி"
  },
  {
    "villagecode": "015",
    "villagename": "Melaradhanallur",
    "villagetname": "மேலராதாநல்லூர்"
  },
  {
    "villagecode": "005",
    "villagename": "Melathirumathikkunnam",
    "villagetname": "மேலதிருமதிக்குன்னம்"
  },
  {
    "villagecode": "008",
    "villagename": "Musariyam",
    "villagetname": "முசிரியம்"
  },
  {
    "villagecode": "006",
    "villagename": "Nalil Onru",
    "villagetname": "நாலில் ஒன்று"
  },
  {
    "villagecode": "003",
    "villagename": "Nattuvakkudi             ",
    "villagetname": "நட்டுவாக்குடி"
  },
  {
    "villagecode": "031",
    "villagename": "Ogaipperaiyur",
    "villagetname": "ஒகைப்பேரையூர்"
  },
  {
    "villagecode": "041",
    "villagename": "Ovarchcheri",
    "villagetname": "ஓவர்ச்சேரி"
  },
  {
    "villagecode": "034",
    "villagename": "Palaiyanur",
    "villagetname": "பழையனூர்"
  },
  {
    "villagecode": "050",
    "villagename": "Palakkurichchi",
    "villagetname": "பாலக்குறிச்சி"
  },
  {
    "villagecode": "035",
    "villagename": "Panduthakkudi",
    "villagetname": "பண்டுதக்குடி"
  },
  {
    "villagecode": "012",
    "villagename": "Paruthiyur",
    "villagetname": "பருத்தியூர்"
  },
  {
    "villagecode": "047",
    "villagename": "Periyakothur",
    "villagetname": "பெரியகொத்தூர்"
  },
  {
    "villagecode": "029",
    "villagename": "Ponthalangudi",
    "villagetname": "பூந்தாழங்குடி"
  },
  {
    "villagecode": "049",
    "villagename": "Pullamangalam            ",
    "villagetname": "புள்ளமங்கலம்"
  },
  {
    "villagecode": "028",
    "villagename": "Punavasal                ",
    "villagetname": "புனவாசல்"
  },
  {
    "villagecode": "022",
    "villagename": "Ramanathankovil",
    "villagetname": "ராமநாதன்கோவில்"
  },
  {
    "villagecode": "043",
    "villagename": "Saathanur",
    "villagetname": "சாத்தனூர்"
  },
  {
    "villagecode": "018",
    "villagename": "Sekarai",
    "villagetname": "சேகரை"
  },
  {
    "villagecode": "052",
    "villagename": "Senthangudi",
    "villagetname": "சேந்தங்குடி"
  },
  {
    "villagecode": "054",
    "villagename": "Seruvamani               ",
    "villagetname": "செருவாமணி"
  },
  {
    "villagecode": "026",
    "villagename": "Sithannakkudi",
    "villagetname": "சித்தன்னக்குடி"
  },
  {
    "villagecode": "038",
    "villagename": "Thenkovanur",
    "villagetname": "தென்கோவனூர்"
  },
  {
    "villagecode": "040",
    "villagename": "Thirurameswaram",
    "villagetname": "திருராமேஸ்வரம்"
  },
  {
    "villagecode": "009",
    "villagename": "Thiruvidavasal",
    "villagetname": "திருவிடவாசல்"
  },
  {
    "villagecode": "010",
    "villagename": "Thittanimuttam",
    "villagetname": "திட்டாணிமுட்டம்"
  },
  {
    "villagecode": "037",
    "villagename": "Vadakovanur              ",
    "villagetname": "வடகோவனூர்"
  },
  {
    "villagecode": "033",
    "villagename": "Vadapathimangalam",
    "villagetname": "வடபாதிமங்கலம்"
  },
  {
    "villagecode": "016",
    "villagename": "Vakkaranallur            ",
    "villagetname": "வக்கராநல்லூர்"
  },
  {
    "villagecode": "020",
    "villagename": "Vellakkudi               ",
    "villagetname": "வெள்ளக்குடி"
  },
  {
    "villagecode": "027",
    "villagename": "Vengaramperaiyur",
    "villagetname": "வெங்காரம்பேரையூர்"
  },
  {
    "villagecode": "042",
    "villagename": "Verkudi",
    "villagetname": "வேற்குடி"
  },
  {
    "villagecode": "007",
    "villagename": "Vidayapuram              ",
    "villagetname": "விடயபுரம்"
  }
]
