[
  {
    "villagecode": "013",
    "villagename": "Arungal                  ",
    "villagetname": "அருங்கால்                                                                                                                    "
  },
  {
    "villagecode": "005",
    "villagename": "Guduvancheri             ",
    "villagetname": "கூடுவாஞ்சேரி                                                                                                                 "
  },
  {
    "villagecode": "017",
    "villagename": "Hasanapuram              ",
    "villagetname": "அஸ்தினாபுரம்                                                                                                                 "
  },
  {
    "villagecode": "008",
    "villagename": "Iayancherry              ",
    "villagetname": "அய்யன்சேரி                                                                                                                   "
  },
  {
    "villagecode": "048",
    "villagename": "Kalvai                   ",
    "villagetname": "கல்வாய்                                                                                                                      "
  },
  {
    "villagecode": "015",
    "villagename": "Kannievakkam             ",
    "villagetname": "கன்னி வாக்கம்                                                                                                                "
  },
  {
    "villagecode": "032",
    "villagename": "Karanai                  ",
    "villagetname": "காரணை(32)                                                                                                                    "
  },
  {
    "villagecode": "007",
    "villagename": "Karanai Puducheri        ",
    "villagetname": "காரணை புதுச்சேரி                                                                                                             "
  },
  {
    "villagecode": "027",
    "villagename": "Keezkottaiyoor           ",
    "villagetname": "கீழக்கோட்டையூர்                                                                                                              "
  },
  {
    "villagecode": "003",
    "villagename": "Kelampakkam              ",
    "villagetname": "கிளாம்பாக்கம்                                                                                                                "
  },
  {
    "villagecode": "020",
    "villagename": "Kerappakkam              ",
    "villagetname": "கீரப்பாக்கம்                                                                                                                 "
  },
  {
    "villagecode": "026",
    "villagename": "Kolathur                 ",
    "villagetname": "கொளத்தூர்(26)                                                                                                                "
  },
  {
    "villagecode": "011",
    "villagename": "Kozapakkam               ",
    "villagetname": "கொளப்பாக்கம்                                                                                                                 "
  },
  {
    "villagecode": "019",
    "villagename": "Kumili                   ",
    "villagetname": "குமிழி                                                                                                                       "
  },
  {
    "villagecode": "029",
    "villagename": "Mampakkam                ",
    "villagetname": "மாம்பாக்கம்                                                                                                                  "
  },
  {
    "villagecode": "001",
    "villagename": "Mannivakkam              ",
    "villagetname": "மண்ணிவாக்கம்                                                                                                                 "
  },
  {
    "villagecode": "024",
    "villagename": "Melakkotaiyur            ",
    "villagetname": "மேலக்கோட்டையூர்                                                                                                              "
  },
  {
    "villagecode": "025",
    "villagename": "Murugamangalam           ",
    "villagetname": "முருகமங்கலம்                                                                                                                 "
  },
  {
    "villagecode": "021",
    "villagename": "Nalampakkam              ",
    "villagetname": "நல்லம்பாக்கம்                                                                                                                "
  },
  {
    "villagecode": "006",
    "villagename": "Nanthivaram              ",
    "villagetname": "நந்திவரம்                                                                                                                    "
  },
  {
    "villagecode": "009",
    "villagename": "Nedugundram              ",
    "villagetname": "நெடுங்குன்றம்                                                                                                                "
  },
  {
    "villagecode": "012",
    "villagename": "Oonamanjeri              ",
    "villagetname": "ஊனமாஞ்சேரி                                                                                                                   "
  },
  {
    "villagecode": "004",
    "villagename": "Oorapakkam               ",
    "villagetname": "ஊரப்பாக்கம்                                                                                                                  "
  },
  {
    "villagecode": "018",
    "villagename": "Othivakkam               ",
    "villagetname": "ஒத்திவாக்கம்                                                                                                                 "
  },
  {
    "villagecode": "016",
    "villagename": "Pandur                   ",
    "villagetname": "பாண்டூர்                                                                                                                     "
  },
  {
    "villagecode": "014",
    "villagename": "Perumattunallur          ",
    "villagetname": "பெருமாட்டுநல்லூர்                                                                                                            "
  },
  {
    "villagecode": "030",
    "villagename": "Polachichary             ",
    "villagetname": "போலச்சேரி                                                                                                                    "
  },
  {
    "villagecode": "028",
    "villagename": "Ponmar                   ",
    "villagetname": "பொன்மார்                                                                                                                     "
  },
  {
    "villagecode": "041",
    "villagename": "Pudupakkam               ",
    "villagetname": "புதுப்பாக்கம்                                                                                                                "
  },
  {
    "villagecode": "010",
    "villagename": "Puthur                   ",
    "villagetname": "புத்தூர்                                                                                                                     "
  },
  {
    "villagecode": "022",
    "villagename": "Rathinamangalam          ",
    "villagetname": "ரத்தினமங்கலம்                                                                                                                "
  },
  {
    "villagecode": "038",
    "villagename": "Sirucherri               ",
    "villagetname": "சிறுசேரி                                                                                                                     "
  },
  {
    "villagecode": "039",
    "villagename": "Sonallur                 ",
    "villagetname": "சோனலூர்                                                                                                                      "
  },
  {
    "villagecode": "031",
    "villagename": "Thazhambur               ",
    "villagetname": "தாழம்பூர்                                                                                                                    "
  },
  {
    "villagecode": "002",
    "villagename": "Vandalur                 ",
    "villagetname": "வண்டலூர்                                                                                                                     "
  },
  {
    "villagecode": "023",
    "villagename": "Vangadamangalam          ",
    "villagetname": "வேங்கடமங்கலம்                                                                                                                "
  },
  {
    "villagecode": "040",
    "villagename": "Velichai                 ",
    "villagetname": "வெளிச்சை                                                                                                                     "
  }
]
