[
  {
    "villagecode": "099",
    "villagename": "Anagaputthur             ",
    "villagetname": "அனகாபுத்தூர்                                                                                                                 "
  },
  {
    "villagecode": "488",
    "villagename": "Kowlbazar                ",
    "villagetname": "கவுல்பஜார்                                                                                                                   "
  },
  {
    "villagecode": "490",
    "villagename": "Muvarasampattu           ",
    "villagetname": "மூவரசம்பட்டு                                                                                                                 "
  },
  {
    "villagecode": "098",
    "villagename": "Pozhichalur              ",
    "villagetname": "பொழிச்சலூர்                                                                                                                  "
  },
  {
    "villagecode": "130",
    "villagename": "Thiruneermalai           ",
    "villagetname": "திருநீர்மலை                                                                                                                  "
  },
  {
    "villagecode": "489",
    "villagename": "Thirusulam               ",
    "villagetname": "திருசூலம்                                                                                                                    "
  }
]
