[
  {
    "villagecode": "003",
    "villagename": "Agamalai                 ",
    "villagetname": "அகமலை                                                                                                                        "
  },
  {
    "villagecode": "011",
    "villagename": "Ammapatti                ",
    "villagetname": "அம்மாபட்டி                                                                                                                   "
  },
  {
    "villagecode": "006",
    "villagename": "B. Meenatchipuram        ",
    "villagetname": "பி. மீனாட்சிபுரம்                                                                                                            "
  },
  {
    "villagecode": "002",
    "villagename": "(Bodi) North Hills       ",
    "villagetname": "(போடி) வடக்கு மலை                                                                                                            "
  },
  {
    "villagecode": "008",
    "villagename": "Bodi (Town)              ",
    "villagetname": "போடி                                                                                                                         "
  },
  {
    "villagecode": "009",
    "villagename": "(Bodi) West Hills        ",
    "villagetname": "(போடி) மேற்கு மலை                                                                                                            "
  },
  {
    "villagecode": "004",
    "villagename": "Boothipuram              ",
    "villagetname": "புதிப்புரம்                                                                                                                  "
  },
  {
    "villagecode": "012",
    "villagename": "Dombucherry              ",
    "villagetname": "டொம்புச்சேரி                                                                                                                 "
  },
  {
    "villagecode": "005",
    "villagename": "Kodankipatti             ",
    "villagetname": "கோடாங்கிபட்டி                                                                                                                "
  },
  {
    "villagecode": "014",
    "villagename": "Koolayanur               ",
    "villagetname": "கூளையனூர்                                                                                                                    "
  },
  {
    "villagecode": "001",
    "villagename": "Kottakudi                ",
    "villagetname": "கொட்டகுடி                                                                                                                    "
  },
  {
    "villagecode": "007",
    "villagename": "Melachockanathapuram     ",
    "villagetname": "மேலச்சொக்கநாதபுரம்                                                                                                           "
  },
  {
    "villagecode": "015",
    "villagename": "Rasingapuram             ",
    "villagetname": "ராசிங்காபுரம்                                                                                                                "
  },
  {
    "villagecode": "010",
    "villagename": "Silamalai                ",
    "villagetname": "சிலமலை                                                                                                                       "
  },
  {
    "villagecode": "013",
    "villagename": "Uppukottai               ",
    "villagetname": "உப்புக்கோட்டை                                                                                                                "
  }
]
