[
  {
    "villagecode": "039",
    "villagename": "Aakkanur",
    "villagetname": "ஆக்கனூர"
  },
  {
    "villagecode": "060",
    "villagename": "Aavinangudi",
    "villagetname": "ஆவினங்குடி"
  },
  {
    "villagecode": "066",
    "villagename": "Adhamangalam",
    "villagetname": "ஆதமங்கலம்"
  },
  {
    "villagecode": "069",
    "villagename": "Agaram",
    "villagetname": "எ.அகரம்"
  },
  {
    "villagecode": "036",
    "villagename": "Alampadi",
    "villagetname": "ஆலம்பாடி"
  },
  {
    "villagecode": "012",
    "villagename": "Alathur",
    "villagetname": "ஆலத்தூர"
  },
  {
    "villagecode": "021",
    "villagename": "Arangur",
    "villagetname": "அரங்கூர"
  },
  {
    "villagecode": "089",
    "villagename": "Ariyaravi",
    "villagetname": "அரயராவி"
  },
  {
    "villagecode": "077",
    "villagename": "Arugeri",
    "villagetname": "அருகேர"
  },
  {
    "villagecode": "025",
    "villagename": "Atharanatham",
    "villagetname": "அதரநத்தம்"
  },
  {
    "villagecode": "035",
    "villagename": "Avatti",
    "villagetname": "ஆவட்டி"
  },
  {
    "villagecode": "107",
    "villagename": "Belandhurai",
    "villagetname": "பெலாந்துறை"
  },
  {
    "villagecode": "043",
    "villagename": "Elamangalam",
    "villagetname": "இளமங்கலம்"
  },
  {
    "villagecode": "083",
    "villagename": "Eraiyur",
    "villagetname": "எறையுர"
  },
  {
    "villagecode": "076",
    "villagename": "Erappavur",
    "villagetname": "எரப்பாவுர"
  },
  {
    "villagecode": "057",
    "villagename": "Ezhumathur",
    "villagetname": "எழுமாத்தூர"
  },
  {
    "villagecode": "018",
    "villagename": "Ezhuthur",
    "villagetname": "எழுத்தூர"
  },
  {
    "villagecode": "040",
    "villagename": "Idaicheruhuvai",
    "villagetname": "இடைச்செருவாய்"
  },
  {
    "villagecode": "087",
    "villagename": "Irulampattu",
    "villagetname": "இருளம்பட்டு"
  },
  {
    "villagecode": "041",
    "villagename": "Ivanoor",
    "villagetname": "ஐவனூர"
  },
  {
    "villagecode": "027",
    "villagename": "Kalloor",
    "villagetname": "கல்லூர"
  },
  {
    "villagecode": "037",
    "villagename": "Kanagampadi",
    "villagetname": "கனகம்பாடி"
  },
  {
    "villagecode": "007",
    "villagename": "Kandamandhan",
    "villagetname": "கண்டமத்தான்"
  },
  {
    "villagecode": "104",
    "villagename": "Karaiyur",
    "villagetname": "காரையுர"
  },
  {
    "villagecode": "030",
    "villagename": "Kazhudhoor",
    "villagetname": "கழுதூர"
  },
  {
    "villagecode": "046",
    "villagename": "Keeranoor",
    "villagetname": "கீரனூர"
  },
  {
    "villagecode": "091",
    "villagename": "Keeranur",
    "villagetname": "ஓ.கீரனூர"
  },
  {
    "villagecode": "033",
    "villagename": "Keezhathanur",
    "villagetname": "கீழ் ஆதனூர"
  },
  {
    "villagecode": "042",
    "villagename": "Keezh Cheruvaai",
    "villagetname": "கீழ்ச்செருவாய்"
  },
  {
    "villagecode": "010",
    "villagename": "Keezhkalpundi",
    "villagetname": "கீழகல்புண்டி"
  },
  {
    "villagecode": "101",
    "villagename": "Keezhkathanjeri",
    "villagetname": "குருக்கத்தஞ்சேர"
  },
  {
    "villagecode": "080",
    "villagename": "Keezh Nemili",
    "villagetname": "கீழ்நெமிலி"
  },
  {
    "villagecode": "102",
    "villagename": "Kilimangalam",
    "villagetname": "கிளிமங்கலம்"
  },
  {
    "villagecode": "058",
    "villagename": "Kodangudi",
    "villagetname": "கோடங்குடி"
  },
  {
    "villagecode": "064",
    "villagename": "Kodikalam",
    "villagetname": "கொடிகளம்"
  },
  {
    "villagecode": "081",
    "villagename": "Kollathangkurichi",
    "villagetname": "பெ.கொல்லத்தங்குறிச்சி"
  },
  {
    "villagecode": "095",
    "villagename": "Konur",
    "villagetname": "கோனூர"
  },
  {
    "villagecode": "038",
    "villagename": "Korakkai",
    "villagetname": "கொரக்கை"
  },
  {
    "villagecode": "003",
    "villagename": "Korakkavadi",
    "villagetname": "கொரக்கைவாடி"
  },
  {
    "villagecode": "106",
    "villagename": "Kosapallam",
    "villagetname": "கொசப்பள்ளம்"
  },
  {
    "villagecode": "082",
    "villagename": "Kothattai",
    "villagetname": "கொத்தட்டை"
  },
  {
    "villagecode": "075",
    "villagename": "Kovilur",
    "villagetname": "கோவிலூர"
  },
  {
    "villagecode": "055",
    "villagename": "Kozhiyoor",
    "villagetname": "கோழியுர"
  },
  {
    "villagecode": "063",
    "villagename": "Kudalur",
    "villagetname": "கூடலூர"
  },
  {
    "villagecode": "049",
    "villagename": "Kumarai",
    "villagetname": "குமாரை"
  },
  {
    "villagecode": "002",
    "villagename": "Latchumanapuram",
    "villagetname": "லட்சுமணபுரம்"
  },
  {
    "villagecode": "017",
    "villagename": "Leckur",
    "villagetname": "லக்கூர"
  },
  {
    "villagecode": "071",
    "villagename": "Maduravalli",
    "villagetname": "மதுரவல்லி"
  },
  {
    "villagecode": "088",
    "villagename": "Maligaikottam",
    "villagetname": "மாளிகைகோட்டம்"
  },
  {
    "villagecode": "073",
    "villagename": "Maruthathur",
    "villagetname": "மருதத்தூர"
  },
  {
    "villagecode": "034",
    "villagename": "Mel Aathanur",
    "villagetname": "மேல் ஆதனூர"
  },
  {
    "villagecode": "009",
    "villagename": "Melkalpoondi",
    "villagetname": "மேலகல்புண்டி"
  },
  {
    "villagecode": "079",
    "villagename": "Melnemili",
    "villagetname": "மேல்நெமிலி"
  },
  {
    "villagecode": "072",
    "villagename": "Melur",
    "villagetname": "மேலூர"
  },
  {
    "villagecode": "100",
    "villagename": "Mosattai",
    "villagetname": "மோசட்டை"
  },
  {
    "villagecode": "026",
    "villagename": "M.Podayur",
    "villagetname": "ம.பொடையுர"
  },
  {
    "villagecode": "103",
    "villagename": "Murugankudi",
    "villagetname": "முருகன்குடி"
  },
  {
    "villagecode": "016",
    "villagename": "Nangur",
    "villagetname": "நாங்கூர"
  },
  {
    "villagecode": "093",
    "villagename": "Nanthimangalam",
    "villagetname": "நந்திமங்கலம்"
  },
  {
    "villagecode": "096",
    "villagename": "Narasimmamangalam",
    "villagetname": "நரசிங்கமங்கலம்"
  },
  {
    "villagecode": "067",
    "villagename": "Navaloor",
    "villagetname": "நாவலூர"
  },
  {
    "villagecode": "048",
    "villagename": "Nedungulam",
    "villagetname": "நெடுங்குளம்"
  },
  {
    "villagecode": "061",
    "villagename": "Neivasal",
    "villagetname": "நெய்வாசல்"
  },
  {
    "villagecode": "068",
    "villagename": "Nidhinatham",
    "villagetname": "நிதிநத்தம்"
  },
  {
    "villagecode": "001",
    "villagename": "Panaiyanthur",
    "villagetname": "பனையாந்தூர"
  },
  {
    "villagecode": "020",
    "villagename": "Parangiyam",
    "villagetname": "பெரங்கியம்"
  },
  {
    "villagecode": "028",
    "villagename": "Pasaar",
    "villagetname": "பாசார"
  },
  {
    "villagecode": "005",
    "villagename": "Pattakurichi",
    "villagetname": "பட்டாக்குறிச்சி"
  },
  {
    "villagecode": "056",
    "villagename": "Pattur",
    "villagetname": "பட்டூர"
  },
  {
    "villagecode": "092",
    "villagename": "P. Buvanur",
    "villagetname": "பெ.புவனூர"
  },
  {
    "villagecode": "085",
    "villagename": "Pennadam",
    "villagetname": "பெண்ணாடம்"
  },
  {
    "villagecode": "053",
    "villagename": "Perumulai",
    "villagetname": "பெருமுளை"
  },
  {
    "villagecode": "059",
    "villagename": "Pothiramangalam (East)",
    "villagetname": "போத்திரமங்கலம் (கிழக்கு)"
  },
  {
    "villagecode": "108",
    "villagename": "Pothiramangalam  (West)",
    "villagetname": "போத்திரமங்கலம் (மேற்கு)"
  },
  {
    "villagecode": "084",
    "villagename": "P. Poneri",
    "villagetname": "பெ.பொன்னேர"
  },
  {
    "villagecode": "050",
    "villagename": "Pudukkulam",
    "villagetname": "புதுக்குளம்"
  },
  {
    "villagecode": "008",
    "villagename": "Puligarambalur",
    "villagetname": "புலிகரம்பலூர"
  },
  {
    "villagecode": "045",
    "villagename": "Pulivalam",
    "villagetname": "புலிவலம்"
  },
  {
    "villagecode": "032",
    "villagename": "Pullur",
    "villagetname": "புல்லூர"
  },
  {
    "villagecode": "078",
    "villagename": "Putheri",
    "villagetname": "புத்தேர"
  },
  {
    "villagecode": "019",
    "villagename": "Ramanatham",
    "villagetname": "ராமநத்தம்"
  },
  {
    "villagecode": "070",
    "villagename": "Sayvour",
    "villagetname": "சேவுர"
  },
  {
    "villagecode": "047",
    "villagename": "Sevvari",
    "villagetname": "செவ்வேர"
  },
  {
    "villagecode": "029",
    "villagename": "Sirukaramplur",
    "villagetname": "சிறுகரம்பலூர"
  },
  {
    "villagecode": "074",
    "villagename": "Sirumangalam",
    "villagetname": "சிறுமங்கலம்"
  },
  {
    "villagecode": "052",
    "villagename": "Sirumoolai",
    "villagetname": "சிறுமுளை"
  },
  {
    "villagecode": "011",
    "villagename": "Sithur (V)",
    "villagetname": "வ.சித்தூர"
  },
  {
    "villagecode": "086",
    "villagename": "Soundarya Sola Puram",
    "villagetname": "சௌந்திரசோழபுரம்"
  },
  {
    "villagecode": "023",
    "villagename": "T.Eanthal",
    "villagetname": "டி.ஏந்தல்"
  },
  {
    "villagecode": "015",
    "villagename": "Thacchoor",
    "villagetname": "தச்சூர"
  },
  {
    "villagecode": "097",
    "villagename": "Thazhanallur",
    "villagetname": "தாழநல்லூர"
  },
  {
    "villagecode": "098",
    "villagename": "Theevalur",
    "villagetname": "தீவளுார"
  },
  {
    "villagecode": "090",
    "villagename": "Thirumalai Agaram",
    "villagetname": "திருமலைஅகரம்"
  },
  {
    "villagecode": "062",
    "villagename": "Thiruvattathurai",
    "villagetname": "திருவட்டதுறை"
  },
  {
    "villagecode": "044",
    "villagename": "Thittakudi",
    "villagetname": "திட்டக்குடி"
  },
  {
    "villagecode": "109",
    "villagename": "Tholar (South)",
    "villagetname": "தொளார (தெற்கு)"
  },
  {
    "villagecode": "031",
    "villagename": "Thondankuruchi",
    "villagetname": "தொண்டங்குறிச்சி"
  },
  {
    "villagecode": "013",
    "villagename": "Thozhuthur",
    "villagetname": "தொழுதூர"
  },
  {
    "villagecode": "065",
    "villagename": "Thular(N-S)",
    "villagetname": "தொளார (வடக்கு)"
  },
  {
    "villagecode": "105",
    "villagename": "Thuraiyoor",
    "villagetname": "துறையுர"
  },
  {
    "villagecode": "006",
    "villagename": "Vadakaarampoondi",
    "villagetname": "வடகராம்புண்டி"
  },
  {
    "villagecode": "094",
    "villagename": "Vadakarai",
    "villagetname": "வடகரை"
  },
  {
    "villagecode": "014",
    "villagename": "Vaithiyanathapuram",
    "villagetname": "வைத்தியநாதபுரம்"
  },
  {
    "villagecode": "051",
    "villagename": "Vaiyangudi",
    "villagetname": "வையங்குடி"
  },
  {
    "villagecode": "022",
    "villagename": "Vakaiyoor",
    "villagetname": "வாகையுர"
  },
  {
    "villagecode": "004",
    "villagename": "Vallimarutham",
    "villagetname": "வள்ளிமதுரம்"
  },
  {
    "villagecode": "054",
    "villagename": "Vathistapuram",
    "villagetname": "வதிஷ்டபுரம்"
  },
  {
    "villagecode": "024",
    "villagename": "Venganur",
    "villagetname": "வெங்கனூர"
  },
  {
    "villagecode": "099",
    "villagename": "Venkarampur",
    "villagetname": "வெண்கரும்புர"
  }
]
