[
  {
    "villagecode": "028",
    "villagename": "Alampoondi               ",
    "villagetname": "ஆலம்பூண்டி"
  },
  {
    "villagecode": "133",
    "villagename": "Aliyalmangalam           ",
    "villagetname": "அல்லியாளமங்கலம்"
  },
  {
    "villagecode": "015",
    "villagename": "Aliyapath                ",
    "villagetname": "அலியாபாத்"
  },
  {
    "villagecode": "087",
    "villagename": "Allinagar                ",
    "villagetname": "அல்லிநகர்"
  },
  {
    "villagecode": "046",
    "villagename": "Andapuram                ",
    "villagetname": "அனந்தபுரம்"
  },
  {
    "villagecode": "022",
    "villagename": "Ariyatthur               ",
    "villagetname": "அரியாத்தூர்"
  },
  {
    "villagecode": "140",
    "villagename": "Arumbaloor               ",
    "villagetname": "அரும்பலூர்"
  },
  {
    "villagecode": "039",
    "villagename": "Atthimoor                ",
    "villagetname": "அத்திமூர்"
  },
  {
    "villagecode": "042",
    "villagename": "Atthuvampadi             ",
    "villagetname": "ஆத்துவாம்பாடி"
  },
  {
    "villagecode": "084",
    "villagename": "Edappirai                ",
    "villagetname": "எடப்பிறை"
  },
  {
    "villagecode": "016",
    "villagename": "Enthuvambadi             ",
    "villagetname": "ஏந்துவாம்பாடி"
  },
  {
    "villagecode": "029",
    "villagename": "Ettivadi                 ",
    "villagetname": "எட்டிவாடி"
  },
  {
    "villagecode": "176",
    "villagename": "Eyakolathur              ",
    "villagetname": "ஈயகொளத்தூர்"
  },
  {
    "villagecode": "089",
    "villagename": "Ezuvambadi               ",
    "villagetname": "எழுவாம்பாடி"
  },
  {
    "villagecode": "019",
    "villagename": "Gudaloor                 ",
    "villagetname": "கூடலூர்"
  },
  {
    "villagecode": "014",
    "villagename": "Iluppakunam              ",
    "villagetname": "இலுப்பகுணம்"
  },
  {
    "villagecode": "051",
    "villagename": "Irumbili                 ",
    "villagetname": "இரும்பிலி"
  },
  {
    "villagecode": "179",
    "villagename": "Iruvatteni               ",
    "villagetname": "இருவத்தேரி"
  },
  {
    "villagecode": "184",
    "villagename": "Jambukonampattu          ",
    "villagetname": "ஜம்புகோணம்பட்டு"
  },
  {
    "villagecode": "085",
    "villagename": "Jedatharikuppam          ",
    "villagetname": "ஜடதாரிகுப்பம்"
  },
  {
    "villagecode": "009",
    "villagename": "Kachirannanthal          ",
    "villagetname": "காங்கிரானந்தல்"
  },
  {
    "villagecode": "038",
    "villagename": "Kaliyem                  ",
    "villagetname": "களியம்"
  },
  {
    "villagecode": "048",
    "villagename": "Kalkuppam                ",
    "villagetname": "கல்குப்பம்"
  },
  {
    "villagecode": "052",
    "villagename": "Kalppattu                ",
    "villagetname": "கல்பட்டு"
  },
  {
    "villagecode": "049",
    "villagename": "Kalsamuthiram            ",
    "villagetname": "காளசமுத்திரம்"
  },
  {
    "villagecode": "003",
    "villagename": "Kalvasal                 ",
    "villagetname": "கல்வாசல்"
  },
  {
    "villagecode": "098",
    "villagename": "Kangayanur               ",
    "villagetname": "காங்கேயனூர்"
  },
  {
    "villagecode": "135",
    "villagename": "Karapoondi               ",
    "villagetname": "கரைப்பூண்டி"
  },
  {
    "villagecode": "024",
    "villagename": "Karikkatthur             ",
    "villagetname": "கரிக்காத்தூர்"
  },
  {
    "villagecode": "181",
    "villagename": "Kasthampadi              ",
    "villagetname": "கஸ்தம்பாடி"
  },
  {
    "villagecode": "182",
    "villagename": "Kattipoondi              ",
    "villagetname": "கட்டிப்புண்டி"
  },
  {
    "villagecode": "005",
    "villagename": "Kelur                    ",
    "villagetname": "கேளூர்"
  },
  {
    "villagecode": "025",
    "villagename": "Kilkarikkatthur          ",
    "villagetname": "கீழ்கரிக்காத்தூர்"
  },
  {
    "villagecode": "020",
    "villagename": "Kilppattu                ",
    "villagetname": "கீழ்பட்டு"
  },
  {
    "villagecode": "128",
    "villagename": "Koralpakkam              ",
    "villagetname": "கொரால்பாக்கம்"
  },
  {
    "villagecode": "134",
    "villagename": "Kozhavur                 ",
    "villagetname": "கொழாவூர்"
  },
  {
    "villagecode": "035",
    "villagename": "Kunnathur                ",
    "villagetname": "குண்ணத்தூர்"
  },
  {
    "villagecode": "050",
    "villagename": "Kuppam                   ",
    "villagetname": "குப்பம்"
  },
  {
    "villagecode": "101",
    "villagename": "Kuruvimalai              ",
    "villagetname": "குருவிமலை"
  },
  {
    "villagecode": "183",
    "villagename": "Madavilagam              ",
    "villagetname": "மடவிளாகம்"
  },
  {
    "villagecode": "086",
    "villagename": "Mampattu                 ",
    "villagetname": "மாம்பட்டு"
  },
  {
    "villagecode": "136",
    "villagename": "Mandakolathur            ",
    "villagetname": "மண்டகொளத்தூர்"
  },
  {
    "villagecode": "138",
    "villagename": "Manikkavalli             ",
    "villagetname": "மாணிக்கவள்ளி"
  },
  {
    "villagecode": "137",
    "villagename": "Mattapiriyur             ",
    "villagetname": "மட்டபிறையூர்"
  },
  {
    "villagecode": "146",
    "villagename": "Modaiyur                 ",
    "villagetname": "மொடையூர்"
  },
  {
    "villagecode": "017",
    "villagename": "Mukkurumbai              ",
    "villagetname": "முக்குறும்பை"
  },
  {
    "villagecode": "007",
    "villagename": "Muniyanthangal           ",
    "villagetname": "முனியந்தாங்கல்"
  },
  {
    "villagecode": "033",
    "villagename": "Murgappadi               ",
    "villagetname": "முருகாபாடி"
  },
  {
    "villagecode": "013",
    "villagename": "Naryanamangalam          ",
    "villagetname": "நாராயணமங்கலம்"
  },
  {
    "villagecode": "030",
    "villagename": "Oosur                    ",
    "villagetname": "ஓகூர்"
  },
  {
    "villagecode": "175",
    "villagename": "Othiyenthangal           ",
    "villagetname": "ஒதியந்தாங்கல்"
  },
  {
    "villagecode": "139",
    "villagename": "Ottanagaram              ",
    "villagetname": "ஓடநகரம்"
  },
  {
    "villagecode": "180",
    "villagename": "Ottery                   ",
    "villagetname": "ஓட்டேரி"
  },
  {
    "villagecode": "045",
    "villagename": "Padavedu                 ",
    "villagetname": "படவேடு"
  },
  {
    "villagecode": "092",
    "villagename": "Padiyampattu             ",
    "villagetname": "படியம்பட்டு"
  },
  {
    "villagecode": "174",
    "villagename": "Palvarthuventran         ",
    "villagetname": "பால்வாரத்துவென்றான்"
  },
  {
    "villagecode": "032",
    "villagename": "Pappambadi               ",
    "villagetname": "பாப்பாம்பாடி"
  },
  {
    "villagecode": "012",
    "villagename": "Parvathiagaram           ",
    "villagetname": "பார்வதிஅகரம்"
  },
  {
    "villagecode": "125",
    "villagename": "Pellasur                 ",
    "villagetname": "பெலாசூர்"
  },
  {
    "villagecode": "040",
    "villagename": "Periyagaram              ",
    "villagetname": "பெரியகரம்"
  },
  {
    "villagecode": "088",
    "villagename": "Polur                    ",
    "villagetname": "போளூர்"
  },
  {
    "villagecode": "041",
    "villagename": "Pootharai                ",
    "villagetname": "பொத்தரை"
  },
  {
    "villagecode": "099",
    "villagename": "Puduppalayam             ",
    "villagetname": "புதுப்பாளையம்"
  },
  {
    "villagecode": "177",
    "villagename": "Pulivanadal              ",
    "villagetname": "புலிவானந்தல்"
  },
  {
    "villagecode": "002",
    "villagename": "Pushpagiri               ",
    "villagetname": "புஷ்பகிரி"
  },
  {
    "villagecode": "131",
    "villagename": "Rantham                  ",
    "villagetname": "ராந்தம்"
  },
  {
    "villagecode": "021",
    "villagename": "Rayakkuppam              ",
    "villagetname": "இராயங்குப்பம்"
  },
  {
    "villagecode": "036",
    "villagename": "Rendarippattu            ",
    "villagetname": "ரெண்டேரிப்பட்டு"
  },
  {
    "villagecode": "188",
    "villagename": "Sadupperipalayem         ",
    "villagetname": "சதுப்பேரிபாளையம்"
  },
  {
    "villagecode": "127",
    "villagename": "Sanikkavadi              ",
    "villagetname": "சனிக்கவாடி"
  },
  {
    "villagecode": "008",
    "villagename": "Santhavasal              ",
    "villagetname": "சந்தவாசல்"
  },
  {
    "villagecode": "018",
    "villagename": "Sathuppery               ",
    "villagetname": "சதுப்பேரி"
  },
  {
    "villagecode": "132",
    "villagename": "Semmiyemangalam          ",
    "villagetname": "செம்மியமங்கலம்"
  },
  {
    "villagecode": "034",
    "villagename": "Sengunam                 ",
    "villagetname": "செங்குணம்"
  },
  {
    "villagecode": "011",
    "villagename": "Setharamppattu           ",
    "villagetname": "சேதாரம்பட்டு"
  },
  {
    "villagecode": "004",
    "villagename": "Sithery                  ",
    "villagetname": "சித்தேரி"
  },
  {
    "villagecode": "093",
    "villagename": "Somanthaputhur           ",
    "villagetname": "சோமந்தபுத்தூர்"
  },
  {
    "villagecode": "129",
    "villagename": "Soththukanni             ",
    "villagetname": "சோத்துக்கண்ணி"
  },
  {
    "villagecode": "091",
    "villagename": "Su. Nammiyandal          ",
    "villagetname": "சு.நம்மியந்தல்"
  },
  {
    "villagecode": "006",
    "villagename": "Thappananthal            ",
    "villagetname": "தேப்பனந்தல்"
  },
  {
    "villagecode": "178",
    "villagename": "Thiruvattiyandal         ",
    "villagetname": "திருவாட்டினந்தல்"
  },
  {
    "villagecode": "001",
    "villagename": "Thulava Pushpagiri       ",
    "villagetname": "துளுவபுஷ்பகிரி"
  },
  {
    "villagecode": "043",
    "villagename": "Thurinjikuppam           ",
    "villagetname": "துரிஞ்சிகுப்பம்"
  },
  {
    "villagecode": "037",
    "villagename": "Tindivanam               ",
    "villagetname": "திண்டிவனம்"
  },
  {
    "villagecode": "026",
    "villagename": "Tirumalai                ",
    "villagetname": "திருமலை"
  },
  {
    "villagecode": "090",
    "villagename": "Tirusoor                 ",
    "villagetname": "திருசூர்"
  },
  {
    "villagecode": "027",
    "villagename": "Vadmathimangalam         ",
    "villagetname": "வடமாதிமங்கலம்"
  },
  {
    "villagecode": "023",
    "villagename": "Vambaloor                ",
    "villagetname": "வம்பலூர்"
  },
  {
    "villagecode": "100",
    "villagename": "Vasur                    ",
    "villagetname": "வசூர்"
  },
  {
    "villagecode": "047",
    "villagename": "Vazhiyur                 ",
    "villagetname": "வாழியூர்"
  },
  {
    "villagecode": "010",
    "villagename": "Veliyur                  ",
    "villagetname": "வெள்ளூர்"
  },
  {
    "villagecode": "031",
    "villagename": "Venmani                  ",
    "villagetname": "வெண்மணி"
  },
  {
    "villagecode": "130",
    "villagename": "Vilapakkam               ",
    "villagetname": "விளாப்பாக்கம்"
  },
  {
    "villagecode": "044",
    "villagename": "Villankuppam             ",
    "villagetname": "விளாங்குப்பம்"
  }
]
