[
  {
    "villagecode": "700",
    "villagename": "Ariyanayakipuram         ",
    "villagetname": "அரியநாயகிபுரம்                                                                                                               "
  },
  {
    "villagecode": "790",
    "villagename": "Arungulam                ",
    "villagetname": "அருங்குளம்                                                                                                                   "
  },
  {
    "villagecode": "820",
    "villagename": "A.Subramaniapuram        ",
    "villagetname": "எ சுப்பிரமணியபுரம்                                                                                                           "
  },
  {
    "villagecode": "450",
    "villagename": "Athangarai               ",
    "villagetname": "ஆற்றங்கரை                                                                                                                    "
  },
  {
    "villagecode": "560",
    "villagename": "Ayanbommaiahpuram        ",
    "villagetname": "அயன்பொம்மையாபுரம்                                                                                                            "
  },
  {
    "villagecode": "860",
    "villagename": "Ayansengalpadai          ",
    "villagetname": "அயன்செங்கல்படை                                                                                                               "
  },
  {
    "villagecode": "360",
    "villagename": "Boothalapuram            ",
    "villagetname": "பூதலாபுரம்                                                                                                                   "
  },
  {
    "villagecode": "630",
    "villagename": "Chinnoor                 ",
    "villagetname": "சின்னூர்                                                                                                                     "
  },
  {
    "villagecode": "550",
    "villagename": "Chithavanayakaenpatiy   ",
    "villagetname": "சித்தவநாயக்கன்பட்டி                                                                                                          "
  },
  {
    "villagecode": "640",
    "villagename": "Enamvadamalapuram        ",
    "villagetname": "இனாம் வடமலாபுரம்                                                                                                             "
  },
  {
    "villagecode": "100",
    "villagename": "E.Velayudhapuram         ",
    "villagetname": "இ வேலாயுதபுரம்                                                                                                               "
  },
  {
    "villagecode": "540",
    "villagename": "Guruvarpatti             ",
    "villagetname": "குருவார்பட்டி                                                                                                                "
  },
  {
    "villagecode": "620",
    "villagename": "Kadalkudi                ",
    "villagetname": "காடல்குடி                                                                                                                    "
  },
  {
    "villagecode": "920",
    "villagename": "Kalloorani               ",
    "villagetname": "கல்லூரணி                                                                                                                     "
  },
  {
    "villagecode": "750",
    "villagename": "Kamalapuram              ",
    "villagetname": "கமலாபுரம்                                                                                                                    "
  },
  {
    "villagecode": "330",
    "villagename": "Kandasamipuram           ",
    "villagetname": "கந்தசாமிபுரம்                                                                                                                "
  },
  {
    "villagecode": "102",
    "villagename": "Kannimarkuttam           ",
    "villagetname": "கன்னிமார்குட்டம்                                                                                                             "
  },
  {
    "villagecode": "400",
    "villagename": "Kavaundanpatti           ",
    "villagetname": "கவுண்டன்பட்டி                                                                                                                "
  },
  {
    "villagecode": "370",
    "villagename": "K. Duraisamipuram        ",
    "villagetname": "கே துரைச்சாமிபுரம்                                                                                                           "
  },
  {
    "villagecode": "591",
    "villagename": "Keelavilathikulam-I      ",
    "villagetname": "கீழவிளாத்திகுளம்-1                                                                                                           "
  },
  {
    "villagecode": "592",
    "villagename": "Keelavilathikulam-Ii     ",
    "villagetname": "கீழவிளாத்திகுளம்-2                                                                                                           "
  },
  {
    "villagecode": "810",
    "villagename": "K.Kumareddiapuram        ",
    "villagetname": "கே குமரெட்டையாபுரம்                                                                                                          "
  },
  {
    "villagecode": "760",
    "villagename": "Koothaloorani            ",
    "villagetname": "கூத்தலூரணி                                                                                                                   "
  },
  {
    "villagecode": "730",
    "villagename": "Kottanatham              ",
    "villagetname": "கோட்டநத்தம்                                                                                                                  "
  },
  {
    "villagecode": "110",
    "villagename": "K.Thangammalpuram        ",
    "villagetname": "கே தங்கம்மாள்புரம்                                                                                                           "
  },
  {
    "villagecode": "270",
    "villagename": "Kulakattakurichi         ",
    "villagetname": "குளக்கட்டாக்குறிச்சி                                                                                                         "
  },
  {
    "villagecode": "940",
    "villagename": "Kulathur East            ",
    "villagetname": "குளத்தூர் கிழக்கு                                                                                                            "
  },
  {
    "villagecode": "950",
    "villagename": "Kulathur North           ",
    "villagetname": "குளத்தூர் வடக்கு                                                                                                             "
  },
  {
    "villagecode": "910",
    "villagename": "Kulathur South           ",
    "villagetname": "குளத்தூர் தெற்கு                                                                                                             "
  },
  {
    "villagecode": "410",
    "villagename": "Kumarachithanpatti       ",
    "villagetname": "குமாரசித்தன்பட்டி                                                                                                            "
  },
  {
    "villagecode": "780",
    "villagename": "Kumaragiri               ",
    "villagetname": "எஸ் குமாரகிரி                                                                                                                "
  },
  {
    "villagecode": "310",
    "villagename": "Kumaralingapuram         ",
    "villagetname": "குமாரலிங்கபுரம்                                                                                                              "
  },
  {
    "villagecode": "660",
    "villagename": "Kumarasakkanapuram       ",
    "villagetname": "குமாரசக்கனாபுரம்                                                                                                             "
  },
  {
    "villagecode": "710",
    "villagename": "Kuralayampatti           ",
    "villagetname": "குறளையம்பட்டி                                                                                                                "
  },
  {
    "villagecode": "670",
    "villagename": "Lakshmipuram             ",
    "villagetname": "லெட்சுமிபுரம்                                                                                                                "
  },
  {
    "villagecode": "300",
    "villagename": "Madalapuram              ",
    "villagetname": "மாதலபுரம்                                                                                                                    "
  },
  {
    "villagecode": "650",
    "villagename": "Malliswarapuram          ",
    "villagetname": "மல்லீஸ்வரபுரம்                                                                                                               "
  },
  {
    "villagecode": "104",
    "villagename": "Mandikulam               ",
    "villagetname": "மந்திகுளம்                                                                                                                   "
  },
  {
    "villagecode": "050",
    "villagename": "Maniyakaranpatti         ",
    "villagetname": "மணியக்காரன்பட்டி                                                                                                             "
  },
  {
    "villagecode": "870",
    "villagename": "Marthandampatti          ",
    "villagetname": "மார்த்தாண்டம்பட்டி                                                                                                           "
  },
  {
    "villagecode": "105",
    "villagename": "Matharajapuram           ",
    "villagetname": "மாதராஜபுரம்                                                                                                                  "
  },
  {
    "villagecode": "350",
    "villagename": "Mavilodai                ",
    "villagetname": "மாவிலோடை                                                                                                                     "
  },
  {
    "villagecode": "380",
    "villagename": "Melakallurani            ",
    "villagetname": "மேலக்கல்லூரணி                                                                                                                "
  },
  {
    "villagecode": "101",
    "villagename": "Melmandai                ",
    "villagetname": "மேல்மாந்தை                                                                                                                   "
  },
  {
    "villagecode": "030",
    "villagename": "Mettilpatti              ",
    "villagetname": "மெட்டில்பட்டி                                                                                                                "
  },
  {
    "villagecode": "430",
    "villagename": "M.Kodangippatti          ",
    "villagetname": "எம் கோடாங்கிப்பட்டி                                                                                                          "
  },
  {
    "villagecode": "108",
    "villagename": "M.Kumarasakkanapuram     ",
    "villagetname": "எம் குமாரசக்கனாபுரம்                                                                                                         "
  },
  {
    "villagecode": "111",
    "villagename": "M.Shanmugapuram          ",
    "villagetname": "எம் சண்முகபுரம்                                                                                                              "
  },
  {
    "villagecode": "107",
    "villagename": "M. Subramaniapuram       ",
    "villagetname": "எம் சுப்பிரமணியபுரம்                                                                                                         "
  },
  {
    "villagecode": "680",
    "villagename": "Muthiapuram              ",
    "villagetname": "முத்தையாபுரம்                                                                                                                "
  },
  {
    "villagecode": "040",
    "villagename": "Muthusamipuram           ",
    "villagetname": "முத்துசாமிபுரம்                                                                                                              "
  },
  {
    "villagecode": "290",
    "villagename": "Nadukkattur              ",
    "villagetname": "நடுக்காட்டூர்                                                                                                                "
  },
  {
    "villagecode": "420",
    "villagename": "Nagalapuram              ",
    "villagetname": "நாகலாபுரம்                                                                                                                   "
  },
  {
    "villagecode": "840",
    "villagename": "Namasivayapuram          ",
    "villagetname": "நமசிவாயபுரம்                                                                                                                 "
  },
  {
    "villagecode": "980",
    "villagename": "Nedungulam               ",
    "villagetname": "நெடுங்குளம்                                                                                                                  "
  },
  {
    "villagecode": "340",
    "villagename": "N. Jegaveerapuram        ",
    "villagetname": "என் ஜெகவீரபுரம்                                                                                                              "
  },
  {
    "villagecode": "990",
    "villagename": "Pallakulam               ",
    "villagetname": "பல்லாகுளம்                                                                                                                   "
  },
  {
    "villagecode": "090",
    "villagename": "Pattithevanpatti         ",
    "villagetname": "பட்டிதேவன்பட்டி                                                                                                              "
  },
  {
    "villagecode": "112",
    "villagename": "Periasamipuram           ",
    "villagetname": "பெரியசாமிபுரம்                                                                                                               "
  },
  {
    "villagecode": "320",
    "villagename": "P.Jegaveerapuram         ",
    "villagetname": "பி ஜெகவீரபுரம்                                                                                                               "
  },
  {
    "villagecode": "880",
    "villagename": "Poosanoor                ",
    "villagetname": "பூசனூர்                                                                                                                      "
  },
  {
    "villagecode": "260",
    "villagename": "Pudur                    ",
    "villagetname": "புதூர்                                                                                                                       "
  },
  {
    "villagecode": "960",
    "villagename": "Puliyangulam             ",
    "villagetname": "புளியங்குளம்                                                                                                                 "
  },
  {
    "villagecode": "690",
    "villagename": "Ramachandrapuram         ",
    "villagetname": "இராமச்சந்திராபுரம்                                                                                                           "
  },
  {
    "villagecode": "850",
    "villagename": "Sakkammalpuram           ",
    "villagetname": "சக்கம்மாள்புரம்                                                                                                              "
  },
  {
    "villagecode": "390",
    "villagename": "Sankaralingapuram        ",
    "villagetname": "சங்கரலிங்கபுரம்                                                                                                              "
  },
  {
    "villagecode": "250",
    "villagename": "Sengottai                ",
    "villagetname": "செங்கோட்டை                                                                                                                   "
  },
  {
    "villagecode": "280",
    "villagename": "Sennampatti              ",
    "villagetname": "சென்னம்பட்டி                                                                                                                 "
  },
  {
    "villagecode": "830",
    "villagename": "Sivagnanapuram           ",
    "villagetname": "சிவஞானபுரம்                                                                                                                  "
  },
  {
    "villagecode": "070",
    "villagename": "Sivalarpatti             ",
    "villagetname": "சிவலார்பட்டி                                                                                                                 "
  },
  {
    "villagecode": "113",
    "villagename": "Sivaperunkuntram         ",
    "villagetname": "சிவபெருங்குன்றம்                                                                                                             "
  },
  {
    "villagecode": "109",
    "villagename": "Soorangudi               ",
    "villagetname": "சூரங்குடி                                                                                                                    "
  },
  {
    "villagecode": "600",
    "villagename": "Subbiahpuram             ",
    "villagetname": "சுப்பையாபுரம்                                                                                                                "
  },
  {
    "villagecode": "610",
    "villagename": "Sundarapachiahpuram      ",
    "villagetname": "சுந்தரப்பச்சையாபுரம்                                                                                                         "
  },
  {
    "villagecode": "106",
    "villagename": "Thathaneri               ",
    "villagetname": "தத்தனேரி                                                                                                                     "
  },
  {
    "villagecode": "890",
    "villagename": "T.Subbiahpuram           ",
    "villagetname": "டி சுப்பையாபுரம்                                                                                                             "
  },
  {
    "villagecode": "931",
    "villagename": "Vaippar-I                ",
    "villagetname": "வைப்பார்பகுதி-1                                                                                                              "
  },
  {
    "villagecode": "932",
    "villagename": "Vaippar-Ii               ",
    "villagetname": "வைப்பார்பகுதி-2                                                                                                              "
  },
  {
    "villagecode": "060",
    "villagename": "Vannippatti              ",
    "villagetname": "வன்னிப்பட்டி                                                                                                                 "
  },
  {
    "villagecode": "580",
    "villagename": "Vathalakkarai            ",
    "villagetname": "வாதலக்கரை                                                                                                                    "
  },
  {
    "villagecode": "900",
    "villagename": "Veerapandiapuram         ",
    "villagetname": "வீரபாண்டியபுரம்                                                                                                              "
  },
  {
    "villagecode": "770",
    "villagename": "Velliyammalpuram         ",
    "villagetname": "வெள்ளையம்மாள்புரம்                                                                                                           "
  },
  {
    "villagecode": "114",
    "villagename": "Vembar                   ",
    "villagetname": "வேம்பார்                                                                                                                     "
  },
  {
    "villagecode": "720",
    "villagename": "Vilathikulam             ",
    "villagetname": "விளாத்திகுளம்                                                                                                                "
  },
  {
    "villagecode": "103",
    "villagename": "Virusampatti             ",
    "villagetname": "விருசம்பட்டி                                                                                                                 "
  },
  {
    "villagecode": "240",
    "villagename": "Vowvalthothi             ",
    "villagetname": "வௌவால்தொத்தி                                                                                                                 "
  },
  {
    "villagecode": "970",
    "villagename": "V.Vedappatti             ",
    "villagetname": "வி வேடப்பட்டி                                                                                                                "
  },
  {
    "villagecode": "570",
    "villagename": "Zaminkarisalkulam        ",
    "villagetname": "ஜமீன் கரிசல்குளம்                                                                                                            "
  },
  {
    "villagecode": "740",
    "villagename": "Zaminsengalpadai         ",
    "villagetname": "ஜமீன் செங்கல்படை                                                                                                             "
  }
]
