[
  {
    "villagecode": "097",
    "villagename": "Achalavadi                    ",
    "villagetname": "097 அச்சல்வாடி                                                                                                                                        "
  },
  {
    "villagecode": "133",
    "villagename": "Alambadi                      ",
    "villagetname": "133 ஆலம்பாடி                                                                                                                                          "
  },
  {
    "villagecode": "166",
    "villagename": "Ammapettai                    ",
    "villagetname": "166 அம்மாபேட்டை                                                                                                                                       "
  },
  {
    "villagecode": "137",
    "villagename": "Andiyur                       ",
    "villagetname": "137 ஆண்டியூர்                                                                                                                                         "
  },
  {
    "villagecode": "040",
    "villagename": "Appiyampatty                  ",
    "villagetname": "040 அப்பியம்பட்டி                                                                                                                                     "
  },
  {
    "villagecode": "035",
    "villagename": "Avalampatty                   ",
    "villagetname": "035 ஆவலம்பட்டி                                                                                                                                        "
  },
  {
    "villagecode": "174",
    "villagename": "Avalur                        ",
    "villagetname": "174 ஆவலூர்                                                                                                                                            "
  },
  {
    "villagecode": "062",
    "villagename": "A Velampatti                  ",
    "villagetname": "062 அ வௌாம்பட்டி                                                                                                                                      "
  },
  {
    "villagecode": "152",
    "villagename": "Bairanayakampatty             ",
    "villagetname": "152 பைரநாய்க்கம்பட்டி                                                                                                                                 "
  },
  {
    "villagecode": "032",
    "villagename": "Bodinaickanpatty              ",
    "villagetname": "032 போடிநாயக்கன்பட்டி                                                                                                                                 "
  },
  {
    "villagecode": "127",
    "villagename": "Chandrapuram                  ",
    "villagetname": "127 சந்திராபுரம்                                                                                                                                      "
  },
  {
    "villagecode": "090",
    "villagename": "Chellampatty                  ",
    "villagetname": "090 செல்லம்பட்டி                                                                                                                                      "
  },
  {
    "villagecode": "167",
    "villagename": "Chettikuttai                  ",
    "villagetname": "167 செட்டிக்குட்டை                                                                                                                                    "
  },
  {
    "villagecode": "018",
    "villagename": "Chinnakoundanpatty            ",
    "villagetname": "018 சின்னாக்கவுண்டன்பட்டி                                                                                                                             "
  },
  {
    "villagecode": "129",
    "villagename": "Chinnapannimaduvu             ",
    "villagetname": "129 சின்னபன்னிமடுவு                                                                                                                                   "
  },
  {
    "villagecode": "034",
    "villagename": "Dasirihalli                   ",
    "villagetname": "034 தாசிரிஹள்ளி                                                                                                                                       "
  },
  {
    "villagecode": "031",
    "villagename": "D Kurumbapatty                ",
    "villagetname": "031 டி குரும்பப்பட்டி                                                                                                                                 "
  },
  {
    "villagecode": "095",
    "villagename": "D Nachanampatti               ",
    "villagetname": "095 டி நாச்சனாம்பட்டி                                                                                                                                 "
  },
  {
    "villagecode": "064",
    "villagename": "Doddampatti                   ",
    "villagetname": "064 தொட்டம்பட்டி                                                                                                                                      "
  },
  {
    "villagecode": "016",
    "villagename": "Elavadai                      ",
    "villagetname": "016 எலவடை                                                                                                                                             "
  },
  {
    "villagecode": "105",
    "villagename": "Ellapudayampatty              ",
    "villagetname": "105 எல்லப்புடையாம்பட்டி                                                                                                                               "
  },
  {
    "villagecode": "012",
    "villagename": "Ettipatti                     ",
    "villagetname": "012 எட்டிப்பட்டி                                                                                                                                      "
  },
  {
    "villagecode": "026",
    "villagename": "E Vengiyampatti               ",
    "villagetname": "026 எ வேங்கியாம்பட்டி                                                                                                                                 "
  },
  {
    "villagecode": "082",
    "villagename": "Ganapathipatty                ",
    "villagetname": "082 கணபதிபட்டி                                                                                                                                        "
  },
  {
    "villagecode": "013",
    "villagename": "Gettupatti                    ",
    "villagetname": "013 கெட்டுப்பட்டி                                                                                                                                     "
  },
  {
    "villagecode": "021",
    "villagename": "Gobinathampatti               ",
    "villagetname": "021 கோபிநாதம்பட்டி                                                                                                                                    "
  },
  {
    "villagecode": "142",
    "villagename": "Gudalur                       ",
    "villagetname": "142 கூடலுார்                                                                                                                                          "
  },
  {
    "villagecode": "071",
    "villagename": "H Agraharam                   ",
    "villagetname": "071 அ அக்ரஹாரம்                                                                                                                                       "
  },
  {
    "villagecode": "093",
    "villagename": "Harur                         ",
    "villagetname": "093 அரூர்                                                                                                                                             "
  },
  {
    "villagecode": "085",
    "villagename": "H Ichchambadi                 ",
    "villagetname": "085 அ ஈச்சம்பாடி                                                                                                                                      "
  },
  {
    "villagecode": "096",
    "villagename": "H Kalladipatty                ",
    "villagetname": "096 அ கல்லடிப்பட்டி                                                                                                                                   "
  },
  {
    "villagecode": "108",
    "villagename": "H Maveripatty                 ",
    "villagetname": "108 எச் மாவேரிப்பட்டி                                                                                                                                 "
  },
  {
    "villagecode": "070",
    "villagename": "H Thadampatti                 ",
    "villagetname": "070 அ தாதம்பட்டி                                                                                                                                      "
  },
  {
    "villagecode": "121",
    "villagename": "Ilaiyampatti                  ",
    "villagetname": "121 இளையாம்பட்டி                                                                                                                                      "
  },
  {
    "villagecode": "125",
    "villagename": "Ittalahapatty                 ",
    "villagetname": "125 இட்லகப்பட்டி                                                                                                                                      "
  },
  {
    "villagecode": "144",
    "villagename": "Ittiampatty                   ",
    "villagetname": "144 ஈட்டியம்பட்டி                                                                                                                                     "
  },
  {
    "villagecode": "110",
    "villagename": "I Vengiyampatti               ",
    "villagetname": "110 ஈ வேங்கியாம்பட்டி                                                                                                                                 "
  },
  {
    "villagecode": "168",
    "villagename": "Jadaiyankombai                ",
    "villagetname": "168 ஜடையன்கோம்பை                                                                                                                                      "
  },
  {
    "villagecode": "111",
    "villagename": "Jangalavadi                   ",
    "villagetname": "111 ஜங்கலவாடி                                                                                                                                         "
  },
  {
    "villagecode": "107",
    "villagename": "Kamalampatty                  ",
    "villagetname": "107 கமலம்பட்டி                                                                                                                                        "
  },
  {
    "villagecode": "149",
    "villagename": "Kambalai                      ",
    "villagetname": "149 கம்பாலை                                                                                                                                           "
  },
  {
    "villagecode": "163",
    "villagename": "K Andipatty                   ",
    "villagetname": "163 கே ஆண்டிப்பட்டி                                                                                                                                   "
  },
  {
    "villagecode": "150",
    "villagename": "Karappadi                     ",
    "villagetname": "150 காரப்பாடி                                                                                                                                         "
  },
  {
    "villagecode": "083",
    "villagename": "Karuthampatty                 ",
    "villagetname": "083 கருத்தம்பட்டி                                                                                                                                     "
  },
  {
    "villagecode": "139",
    "villagename": "Kattavadichampatty            ",
    "villagetname": "139 கட்டவடிச்சாம்பட்டி                                                                                                                                "
  },
  {
    "villagecode": "151",
    "villagename": "Kattiripatty                  ",
    "villagetname": "151 கத்திரிப்பட்டி                                                                                                                                    "
  },
  {
    "villagecode": "047",
    "villagename": "Kattur                        ",
    "villagetname": "047 காட்டூர்                                                                                                                                          "
  },
  {
    "villagecode": "092",
    "villagename": "Kavoipatty                    ",
    "villagetname": "092 காவாய்ப்பட்டி                                                                                                                                     "
  },
  {
    "villagecode": "134",
    "villagename": "Keelchengampadi               ",
    "villagetname": "134 கீழ்செங்கம்பாடி                                                                                                                                   "
  },
  {
    "villagecode": "113",
    "villagename": "Kilanur                       ",
    "villagetname": "113 கீழானூர்                                                                                                                                          "
  },
  {
    "villagecode": "104",
    "villagename": "Kilapparai                    ",
    "villagetname": "104 கிளாப்பாரை                                                                                                                                        "
  },
  {
    "villagecode": "077",
    "villagename": "Kilmorappur                   ",
    "villagetname": "077 கீழ்மொரப்பூர்                                                                                                                                     "
  },
  {
    "villagecode": "099",
    "villagename": "Kiraipatty                    ",
    "villagetname": "099 கீரைப்பட்டி                                                                                                                                       "
  },
  {
    "villagecode": "088",
    "villagename": "Kodamandapatty                ",
    "villagetname": "088 கொடமாண்டப்பட்டி                                                                                                                                   "
  },
  {
    "villagecode": "175",
    "villagename": "Koluthambinatham              ",
    "villagetname": "175 கொழுதம்பிநத்தம்                                                                                                                                   "
  },
  {
    "villagecode": "109",
    "villagename": "Konampatty                    ",
    "villagetname": "109 கோணம்பட்டி                                                                                                                                        "
  },
  {
    "villagecode": "030",
    "villagename": "Kondampatti                   ",
    "villagetname": "030 கொண்டம்பட்டி                                                                                                                                      "
  },
  {
    "villagecode": "116",
    "villagename": "Kondampatty                   ",
    "villagetname": "116 கொண்டம்பட்டி                                                                                                                                      "
  },
  {
    "villagecode": "120",
    "villagename": "Kongavembu                    ",
    "villagetname": "120 கொங்கவேம்பு                                                                                                                                       "
  },
  {
    "villagecode": "025",
    "villagename": "Kosapatty                     ",
    "villagetname": "025 கொசப்பட்டி                                                                                                                                        "
  },
  {
    "villagecode": "114",
    "villagename": "Kothanampatty                 ",
    "villagetname": "114 கொத்தனாம்பட்டி                                                                                                                                    "
  },
  {
    "villagecode": "161",
    "villagename": "Kottapatty                    ",
    "villagetname": "161 கோட்டப்பட்டி                                                                                                                                      "
  },
  {
    "villagecode": "046",
    "villagename": "Kottarapatty                  ",
    "villagetname": "046 கோட்டாரப்பட்டி                                                                                                                                    "
  },
  {
    "villagecode": "098",
    "villagename": "Kudumiyampatty                ",
    "villagetname": "098 குடுமியாம்பட்டி                                                                                                                                   "
  },
  {
    "villagecode": "123",
    "villagename": "Kumarampatty                  ",
    "villagetname": "123 குமரம்பட்டி                                                                                                                                       "
  },
  {
    "villagecode": "056",
    "villagename": "Kuttapatty                    ",
    "villagetname": "056 குட்டப்பட்டி                                                                                                                                      "
  },
  {
    "villagecode": "087",
    "villagename": "Kuttipatty                    ",
    "villagetname": "087 குட்டிப்பட்டி                                                                                                                                     "
  },
  {
    "villagecode": "117",
    "villagename": "K Vetrapatti                  ",
    "villagetname": "117 கே வேட்ரபட்டி                                                                                                                                     "
  },
  {
    "villagecode": "094",
    "villagename": "Lingapuram                    ",
    "villagetname": "094 லிங்காபுரம்                                                                                                                                       "
  },
  {
    "villagecode": "169",
    "villagename": "Malathangi                    ",
    "villagetname": "169 மலதாங்கி                                                                                                                                          "
  },
  {
    "villagecode": "146",
    "villagename": "Mambadi                       ",
    "villagetname": "146 மாம்பாடி                                                                                                                                          "
  },
  {
    "villagecode": "124",
    "villagename": "Mampatty                      ",
    "villagetname": "124 மாம்பட்டி                                                                                                                                         "
  },
  {
    "villagecode": "156",
    "villagename": "Mandikulampatty               ",
    "villagetname": "156 மந்திகுளாம்பட்டி                                                                                                                                  "
  },
  {
    "villagecode": "023",
    "villagename": "M Andipatty                   ",
    "villagetname": "023 எம் ஆண்டிப்பட்டி                                                                                                                                  "
  },
  {
    "villagecode": "164",
    "villagename": "Mangalapatty                  ",
    "villagetname": "164 மங்களப்பட்டி                                                                                                                                      "
  },
  {
    "villagecode": "059",
    "villagename": "Marudipatti                   ",
    "villagetname": "059 மருதிப்பட்டி                                                                                                                                      "
  },
  {
    "villagecode": "128",
    "villagename": "Mattiyampatti                 ",
    "villagetname": "128 மத்தியம்பட்டி                                                                                                                                     "
  },
  {
    "villagecode": "115",
    "villagename": "Melanur                       ",
    "villagetname": "115 மேலானூர்                                                                                                                                          "
  },
  {
    "villagecode": "136",
    "villagename": "Melsengambadi                 ",
    "villagetname": "136 மேல்செங்கம்பாடி                                                                                                                                   "
  },
  {
    "villagecode": "066",
    "villagename": "Mettupatti                    ",
    "villagetname": "066 மேட்டுப்பட்டி                                                                                                                                     "
  },
  {
    "villagecode": "060",
    "villagename": "Mettuvalasai                  ",
    "villagetname": "060 மேட்டுவலசை                                                                                                                                        "
  },
  {
    "villagecode": "054",
    "villagename": "M Kalladipatty                ",
    "villagetname": "054 எம் கல்லடிப்பட்டி                                                                                                                                 "
  },
  {
    "villagecode": "068",
    "villagename": "Mobiripatti                   ",
    "villagetname": "068 மோபிரிப்பட்டி                                                                                                                                     "
  },
  {
    "villagecode": "135",
    "villagename": "Mondukuli                     ",
    "villagetname": "135 மொண்டுகுளி                                                                                                                                        "
  },
  {
    "villagecode": "042",
    "villagename": "Mookkanurpatti                ",
    "villagetname": "042 மூக்கனுார்பட்டி                                                                                                                                   "
  },
  {
    "villagecode": "037",
    "villagename": "Morappur                      ",
    "villagetname": "037 மொரப்பூர்                                                                                                                                         "
  },
  {
    "villagecode": "041",
    "villagename": "Morasappatti                  ",
    "villagetname": "041 மொரசப்பட்டி                                                                                                                                       "
  },
  {
    "villagecode": "053",
    "villagename": "Mottayampatti                 ",
    "villagetname": "053 மொட்டையம்பட்டி                                                                                                                                    "
  },
  {
    "villagecode": "055",
    "villagename": "M Pallipatti                  ",
    "villagetname": "055 எம் பள்ளிப்பட்டி                                                                                                                                  "
  },
  {
    "villagecode": "061",
    "villagename": "Mungilpatti                   ",
    "villagetname": "061 மூங்கில்பட்டி                                                                                                                                     "
  },
  {
    "villagecode": "058",
    "villagename": "M Velampatti                  ",
    "villagetname": "058 எம் வௌாம்பட்டி                                                                                                                                    "
  },
  {
    "villagecode": "052",
    "villagename": "M Vetrapatti                  ",
    "villagetname": "052 எம் வேட்ரப்பட்டி                                                                                                                                  "
  },
  {
    "villagecode": "036",
    "villagename": "Nadupatti                     ",
    "villagetname": "036 நடுப்பட்டி                                                                                                                                        "
  },
  {
    "villagecode": "160",
    "villagename": "Narippalli                    ",
    "villagetname": "160 நரிப்பள்ளி                                                                                                                                        "
  },
  {
    "villagecode": "126",
    "villagename": "Nariyampatti                  ",
    "villagetname": "126 நரியம்பட்டி                                                                                                                                       "
  },
  {
    "villagecode": "017",
    "villagename": "Navalai                       ",
    "villagetname": "017 நவலை                                                                                                                                              "
  },
  {
    "villagecode": "027",
    "villagename": "Nayinakavundanpatti           ",
    "villagetname": "027 நயினாகவுண்டன்பட்டி                                                                                                                                "
  },
  {
    "villagecode": "072",
    "villagename": "Neruppandakuppam              ",
    "villagetname": "072 நெருப்பாண்டகுப்பம்                                                                                                                                "
  },
  {
    "villagecode": "028",
    "villagename": "Obilinayakkanpatti            ",
    "villagetname": "028 ஓபிலிநாய்க்கன்பட்டி                                                                                                                               "
  },
  {
    "villagecode": "065",
    "villagename": "Pachchanampatti               ",
    "villagetname": "065 பச்சனாம்பட்டி                                                                                                                                     "
  },
  {
    "villagecode": "015",
    "villagename": "Palaiyam                      ",
    "villagetname": "015 பாளையம்                                                                                                                                           "
  },
  {
    "villagecode": "141",
    "villagename": "Palayam                       ",
    "villagetname": "141 பாளையம்                                                                                                                                           "
  },
  {
    "villagecode": "039",
    "villagename": "Panamarathupatti              ",
    "villagetname": "039 பனமரத்துப்பட்டி                                                                                                                                   "
  },
  {
    "villagecode": "122",
    "villagename": "Papinayakkanvalasai           ",
    "villagetname": "122 பாபிநாயக்கன்வலசை                                                                                                                                  "
  },
  {
    "villagecode": "080",
    "villagename": "Paraiyapatti                  ",
    "villagetname": "080 பறையப்பட்டி                                                                                                                                       "
  },
  {
    "villagecode": "130",
    "villagename": "Perayapannimaduvu             ",
    "villagetname": "130 பெரியபன்னிமடுவு                                                                                                                                   "
  },
  {
    "villagecode": "155",
    "villagename": "Periyapatti                   ",
    "villagetname": "155 பெரியப்பட்டி                                                                                                                                      "
  },
  {
    "villagecode": "081",
    "villagename": "P Kurumbapatty                ",
    "villagetname": "081 பி குரும்பப்பட்டி                                                                                                                                 "
  },
  {
    "villagecode": "019",
    "villagename": "Polayampalli                  ",
    "villagetname": "019 போளையம்பள்ளி                                                                                                                                      "
  },
  {
    "villagecode": "148",
    "villagename": "Ponneri                       ",
    "villagetname": "148 பொன்னேரி                                                                                                                                          "
  },
  {
    "villagecode": "140",
    "villagename": "Poyyappatti                   ",
    "villagetname": "140 பொய்யப்பட்டி                                                                                                                                      "
  },
  {
    "villagecode": "145",
    "villagename": "Pudinattam                    ",
    "villagetname": "145 பூதிநத்தம்                                                                                                                                        "
  },
  {
    "villagecode": "103",
    "villagename": "Pudur                         ",
    "villagetname": "103 புதூர்                                                                                                                                            "
  },
  {
    "villagecode": "038",
    "villagename": "Rasalampatti                  ",
    "villagetname": "038 ராசலம்பட்டி                                                                                                                                       "
  },
  {
    "villagecode": "033",
    "villagename": "Reddippatti                   ",
    "villagetname": "033 ரெட்டிப்பட்டி                                                                                                                                     "
  },
  {
    "villagecode": "157",
    "villagename": "Runganavalasai                ",
    "villagetname": "157 ரங்கன்வலசை                                                                                                                                        "
  },
  {
    "villagecode": "118",
    "villagename": "Sakkilipatti                  ",
    "villagetname": "118 சக்கிலிப்பட்டி                                                                                                                                    "
  },
  {
    "villagecode": "102",
    "villagename": "Samanattam                    ",
    "villagetname": "102 சாமநத்தம்                                                                                                                                         "
  },
  {
    "villagecode": "014",
    "villagename": "Samandahalli                  ",
    "villagetname": "014 சாமண்டஹள்ளி                                                                                                                                       "
  },
  {
    "villagecode": "043",
    "villagename": "Sandappatti                   ",
    "villagetname": "043 சந்தப்பட்டி                                                                                                                                       "
  },
  {
    "villagecode": "177",
    "villagename": "Selambai                      ",
    "villagetname": "177 செலம்பை                                                                                                                                           "
  },
  {
    "villagecode": "162",
    "villagename": "Sengandippatti                ",
    "villagetname": "162 செங்காண்டிப்பட்டி                                                                                                                                 "
  },
  {
    "villagecode": "029",
    "villagename": "Sennampatti                   ",
    "villagetname": "029 சென்னம்பட்டி                                                                                                                                      "
  },
  {
    "villagecode": "153",
    "villagename": "Senrayampatti                 ",
    "villagetname": "153 சென்ராயம்பட்டி                                                                                                                                    "
  },
  {
    "villagecode": "049",
    "villagename": "Setrapatti                    ",
    "villagetname": "049 செட்ரப்பட்டி                                                                                                                                      "
  },
  {
    "villagecode": "158",
    "villagename": "Sikkalur                      ",
    "villagetname": "158 சிக்கலூர்                                                                                                                                         "
  },
  {
    "villagecode": "091",
    "villagename": "Sikkampatti                   ",
    "villagetname": "091 சிக்கம்பட்டி                                                                                                                                      "
  },
  {
    "villagecode": "057",
    "villagename": "Singirippatti                 ",
    "villagetname": "057 சிங்கிரிப்பட்டி                                                                                                                                   "
  },
  {
    "villagecode": "172",
    "villagename": "Sittilingi                    ",
    "villagetname": "172 சிட்டிலிங்கி                                                                                                                                      "
  },
  {
    "villagecode": "048",
    "villagename": "S Nachanampatti               ",
    "villagetname": "048 எஸ் நாச்சனாம்பட்டி                                                                                                                                "
  },
  {
    "villagecode": "069",
    "villagename": "Soriyampatti                  ",
    "villagetname": "069 சோரியம்பட்டி                                                                                                                                      "
  },
  {
    "villagecode": "170",
    "villagename": "S Thadampatti                 ",
    "villagetname": "170 எஸ் தாதம்பட்டி                                                                                                                                    "
  },
  {
    "villagecode": "050",
    "villagename": "Sundangipatti                 ",
    "villagetname": "050 சுண்டாங்கிபட்டி                                                                                                                                   "
  },
  {
    "villagecode": "165",
    "villagename": "Suranattam                    ",
    "villagetname": "165 சூரநத்தம்                                                                                                                                         "
  },
  {
    "villagecode": "044",
    "villagename": "Surappatti                    ",
    "villagetname": "044 சூரப்பட்டி                                                                                                                                        "
  },
  {
    "villagecode": "101",
    "villagename": "Tadaravalasai                 ",
    "villagetname": "101 தாதரவலசை                                                                                                                                          "
  },
  {
    "villagecode": "079",
    "villagename": "Tamaleripatti                 ",
    "villagetname": "079 தாமலேரிப்பட்டி                                                                                                                                    "
  },
  {
    "villagecode": "076",
    "villagename": "Tamarakoliyampatti            ",
    "villagetname": "076 தாமரகோளியம்பட்டி                                                                                                                                  "
  },
  {
    "villagecode": "051",
    "villagename": "Tambichettipatti              ",
    "villagetname": "051 தம்பிசெட்டிப்பட்டி                                                                                                                                "
  },
  {
    "villagecode": "063",
    "villagename": "Tandekuppam                   ",
    "villagetname": "063 தாண்டேகுப்பம்                                                                                                                                     "
  },
  {
    "villagecode": "173",
    "villagename": "Tarisal                       ",
    "villagetname": "173 தரிசல்                                                                                                                                            "
  },
  {
    "villagecode": "176",
    "villagename": "Tekkanampatti                 ",
    "villagetname": "176 தேக்கணாம்பட்டி                                                                                                                                    "
  },
  {
    "villagecode": "106",
    "villagename": "Thadampatti                   ",
    "villagetname": "106 தாதம்பட்டி                                                                                                                                        "
  },
  {
    "villagecode": "131",
    "villagename": "Thambal                       ",
    "villagetname": "131 தாம்பல்                                                                                                                                           "
  },
  {
    "villagecode": "154",
    "villagename": "Thanippadi                    ",
    "villagetname": "154 தாணிப்பாடி                                                                                                                                        "
  },
  {
    "villagecode": "138",
    "villagename": "Theerthamalai                 ",
    "villagetname": "138 தீர்த்தமலை                                                                                                                                        "
  },
  {
    "villagecode": "078",
    "villagename": "Thippampatti                  ",
    "villagetname": "078 திப்பம்பட்டி                                                                                                                                      "
  },
  {
    "villagecode": "024",
    "villagename": "Thoppampatti                  ",
    "villagetname": "024 தொப்பம்பட்டி                                                                                                                                      "
  },
  {
    "villagecode": "073",
    "villagename": "Thuranampatti                 ",
    "villagetname": "073 தூரணம்பட்டி                                                                                                                                       "
  },
  {
    "villagecode": "119",
    "villagename": "Vadappatti                    ",
    "villagetname": "119 வாதாப்பட்டி                                                                                                                                       "
  },
  {
    "villagecode": "075",
    "villagename": "Vadugapatti                   ",
    "villagetname": "075 வடுகப்பட்டி                                                                                                                                       "
  },
  {
    "villagecode": "112",
    "villagename": "Valaduppu                     ",
    "villagetname": "112 வாலடுப்பு                                                                                                                                         "
  },
  {
    "villagecode": "045",
    "villagename": "Vanakkambadi                  ",
    "villagetname": "045 வணக்கம்பாடி                                                                                                                                       "
  },
  {
    "villagecode": "067",
    "villagename": "Varunathirtham                ",
    "villagetname": "067 வருணதீர்த்தம்                                                                                                                                     "
  },
  {
    "villagecode": "132",
    "villagename": "Vedakattamaduvu               ",
    "villagetname": "132 வேடகட்டமடுவு                                                                                                                                      "
  },
  {
    "villagecode": "159",
    "villagename": "Vedapatti                     ",
    "villagetname": "159 வேடப்பட்டி                                                                                                                                        "
  },
  {
    "villagecode": "171",
    "villagename": "Velanur                       ",
    "villagetname": "171 வேலானுார்                                                                                                                                         "
  },
  {
    "villagecode": "100",
    "villagename": "Velimadurai                   ",
    "villagetname": "100 வெளிமதுரை                                                                                                                                         "
  },
  {
    "villagecode": "147",
    "villagename": "Veppampatti                   ",
    "villagetname": "147 வேப்பம்பட்டி                                                                                                                                      "
  },
  {
    "villagecode": "089",
    "villagename": "Veppanatham                   ",
    "villagetname": "089 வேப்பநத்தம்                                                                                                                                       "
  },
  {
    "villagecode": "022",
    "villagename": "Veppasennampatti              ",
    "villagetname": "022 வேப்பசென்னம்பட்டி                                                                                                                                 "
  },
  {
    "villagecode": "143",
    "villagename": "Virappanayakanpatti           ",
    "villagetname": "143 வீரப்பநாய்க்கன்பட்டி                                                                                                                              "
  },
  {
    "villagecode": "086",
    "villagename": "V Kurumbapatty                ",
    "villagetname": "086 வி குரும்பப்பட்டி                                                                                                                                 "
  },
  {
    "villagecode": "084",
    "villagename": "V Mattiyampatti               ",
    "villagetname": "084 வி மத்தியம்பட்டி                                                                                                                                  "
  },
  {
    "villagecode": "074",
    "villagename": "V Maveripatty                 ",
    "villagetname": "074 வி மாவேரிப்பட்டி                                                                                                                                  "
  }
]
