[
  {
    "villagecode": "076",
    "villagename": "Aiylur                   ",
    "villagetname": "அயிலூர்"
  },
  {
    "villagecode": "114",
    "villagename": "Alangili                 ",
    "villagetname": "ஆலங்கிழி                                                                                                                     "
  },
  {
    "villagecode": "084",
    "villagename": "Ammapalayam              ",
    "villagetname": "அம்மாபாளையம்                                                                                                                 "
  },
  {
    "villagecode": "631",
    "villagename": "Aranarai(N)              ",
    "villagetname": "அரனாரை (வடக்கு)                                                                                                              "
  },
  {
    "villagecode": "632",
    "villagename": "Aranarai(S)              ",
    "villagetname": "அரனாரை (தெற்கு)                                                                                                              "
  },
  {
    "villagecode": "083",
    "villagename": "Chatramanai              ",
    "villagetname": "சத்திரமனை                                                                                                                    "
  },
  {
    "villagecode": "065",
    "villagename": "Elambalur                ",
    "villagetname": "எளம்பலூர்"
  },
  {
    "villagecode": "057",
    "villagename": "Esanai                   ",
    "villagetname": "எசனை                                                                                                                         "
  },
  {
    "villagecode": "085",
    "villagename": "Kalarampatti             ",
    "villagetname": "களரம்பட்டி                                                                                                                   "
  },
  {
    "villagecode": "771",
    "villagename": "Kalpadi (N)              ",
    "villagetname": "கல்பாடி (வடக்கு)                                                                                                             "
  },
  {
    "villagecode": "772",
    "villagename": "Kalpadi(S)               ",
    "villagetname": "கல்பாடி (தெற்கு)                                                                                                             "
  },
  {
    "villagecode": "058",
    "villagename": "Keelakarai               ",
    "villagetname": "கீழக்கரை                                                                                                                     "
  },
  {
    "villagecode": "611",
    "villagename": "Kurumbalur(N)            ",
    "villagetname": "குரும்பலூர்(வடக்கு)"
  },
  {
    "villagecode": "612",
    "villagename": "Kurumbalur(S)            ",
    "villagetname": "குரும்பலூர்(தெற்கு)"
  },
  {
    "villagecode": "602",
    "villagename": "Ladapuram(E)             ",
    "villagetname": "லாடபுரம் (கிழக்கு)                                                                                                           "
  },
  {
    "villagecode": "601",
    "villagename": "Ladapuram(W)             ",
    "villagetname": "லாடபுரம் (மேற்கு)                                                                                                            "
  },
  {
    "villagecode": "592",
    "villagename": "Melapuliyur(E)           ",
    "villagetname": "மேலப்புலியூர் (கிழக்கு)                                                                                                      "
  },
  {
    "villagecode": "591",
    "villagename": "Melapuliyur(W)           ",
    "villagetname": "மேலப்புலியூர் (மேற்கு)                                                                                                       "
  },
  {
    "villagecode": "079",
    "villagename": "Nochiyam                 ",
    "villagetname": "நொச்சியம்                                                                                                                    "
  },
  {
    "villagecode": "641",
    "villagename": "Perambalur(N)            ",
    "villagetname": "பெரம்பலூர் (வடக்கு)"
  },
  {
    "villagecode": "642",
    "villagename": "Perambalur(S)            ",
    "villagetname": "பெரம்பலூர் (தெற்கு)"
  },
  {
    "villagecode": "092",
    "villagename": "Pommanapadi              ",
    "villagetname": "பொம்மனப்பாடி                                                                                                                 "
  },
  {
    "villagecode": "080",
    "villagename": "Pudu Naduvalur           ",
    "villagetname": "புது நடுவலூர்"
  },
  {
    "villagecode": "066",
    "villagename": "Sengunam                 ",
    "villagetname": "செங்குனம்                                                                                                                    "
  },
  {
    "villagecode": "081",
    "villagename": "Siruvachur               ",
    "villagetname": "சிருவாச்சூர்"
  },
  {
    "villagecode": "078",
    "villagename": "Thurai Mangalam          ",
    "villagetname": "தொரமங்கலம்                                                                                                                   "
  },
  {
    "villagecode": "082",
    "villagename": "Velur                    ",
    "villagetname": "வேலூர்"
  }
]
