[
  {
    "villagecode": "020",
    "villagename": "Achamapuram              ",
    "villagetname": "அச்சமாபுரம்                                                                                                                  "
  },
  {
    "villagecode": "15B",
    "villagename": "Andankoil (East)         ",
    "villagetname": "ஆண்டாங்கோவில் (கிழக்கு)                                                                                                      "
  },
  {
    "villagecode": "15A",
    "villagename": "Andankoil (West)         ",
    "villagetname": "ஆண்டாங்கோவில் (மேற்கு)                                                                                                       "
  },
  {
    "villagecode": "027",
    "villagename": "Appipalayam              ",
    "villagetname": "அப்பிபாளையம்                                                                                                                 "
  },
  {
    "villagecode": "014",
    "villagename": "Athur                    ",
    "villagetname": "ஆத்தூர்                                                                                                                      "
  },
  {
    "villagecode": "009",
    "villagename": "Kadambankurichi(Dry)     ",
    "villagetname": "புஞ்சைகடம்பங்குறிச்சி                                                                                                        "
  },
  {
    "villagecode": "008",
    "villagename": "Kadamban Kurichi (Nanjai)",
    "villagetname": "நஞ்சைகடம்பங்குறிச்சி                                                                                                         "
  },
  {
    "villagecode": "017",
    "villagename": "Kadaparai                ",
    "villagetname": "காதப்பாறை                                                                                                                    "
  },
  {
    "villagecode": "026",
    "villagename": "Karuppampalayam          ",
    "villagetname": "கருப்பம்பாளையம்                                                                                                              "
  },
  {
    "villagecode": "022",
    "villagename": "Koyampalli               ",
    "villagetname": "கோயம்பள்ளி                                                                                                                   "
  },
  {
    "villagecode": "012",
    "villagename": "Kuppuchipalayam          ",
    "villagetname": "குப்புச்சிபாளையம்                                                                                                            "
  },
  {
    "villagecode": "013",
    "villagename": "Manmangalam              ",
    "villagetname": "மண்மங்கலம்                                                                                                                   "
  },
  {
    "villagecode": "018",
    "villagename": "Minnampalli              ",
    "villagetname": "மின்னாம்பள்ளி                                                                                                                "
  },
  {
    "villagecode": "010",
    "villagename": "Nanniyur                 ",
    "villagetname": "நன்னியூர்                                                                                                                    "
  },
  {
    "villagecode": "19A",
    "villagename": "Nerur (North)            ",
    "villagetname": "நெருர் (வடக்கு)                                                                                                              "
  },
  {
    "villagecode": "19B",
    "villagename": "Nerur South              ",
    "villagetname": "நெருர் (தெற்கு)                                                                                                              "
  },
  {
    "villagecode": "028",
    "villagename": "Pallapalayam             ",
    "villagetname": "பள்ளபாளையம்                                                                                                                  "
  },
  {
    "villagecode": "023",
    "villagename": "Panchamadevi             ",
    "villagetname": "பஞ்சமாதேவி                                                                                                                   "
  },
  {
    "villagecode": "021",
    "villagename": "Somur                    ",
    "villagetname": "சோமூர்                                                                                                                       "
  },
  {
    "villagecode": "029",
    "villagename": "Thallapatti              ",
    "villagetname": "தாளப்பட்டி                                                                                                                   "
  },
  {
    "villagecode": "011",
    "villagename": "Vangal                   ",
    "villagetname": "வாங்கல்                                                                                                                      "
  }
]
