[
  {
    "villagecode": "060",
    "villagename": "Aalathur                 ",
    "villagetname": "ஆலத்தூர்                                                                                                                     "
  },
  {
    "villagecode": "056",
    "villagename": "Chiniyampalayam          ",
    "villagetname": "சின்னியம்பாளையம்                                                                                                             "
  },
  {
    "villagecode": "033",
    "villagename": "Earaniyamangalam         ",
    "villagetname": "இரண்யமங்கலம்                                                                                                                 "
  },
  {
    "villagecode": "034",
    "villagename": "Gudalur                  ",
    "villagetname": "கூடலூர்                                                                                                                      "
  },
  {
    "villagecode": "036",
    "villagename": "Inungoor                 ",
    "villagetname": "இனுங்கூர்                                                                                                                    "
  },
  {
    "villagecode": "5_1",
    "villagename": "Kadambarkovil            ",
    "villagetname": "கடம்பர்கோவில்                                                                                                                "
  },
  {
    "villagecode": "046",
    "villagename": "Kalladai                 ",
    "villagetname": "கல்லடை                                                                                                                       "
  },
  {
    "villagecode": "045",
    "villagename": "Kallai                   ",
    "villagetname": "கள்ளை                                                                                                                        "
  },
  {
    "villagecode": "050",
    "villagename": "Kaluhoor                 ",
    "villagetname": "கழுகூர்                                                                                                                      "
  },
  {
    "villagecode": "008",
    "villagename": "Karuvapanaikanpettai     ",
    "villagetname": "கருவேப்பநாயக்கன்பேட்டை                                                                                                       "
  },
  {
    "villagecode": "004",
    "villagename": "Kulithalai               ",
    "villagetname": "குளித்தலை                                                                                                                    "
  },
  {
    "villagecode": "001",
    "villagename": "Kumaramangalam           ",
    "villagetname": "குமாரமங்கலம்                                                                                                                 "
  },
  {
    "villagecode": "006",
    "villagename": "Manathattai              ",
    "villagetname": "மணத்தட்டை                                                                                                                    "
  },
  {
    "villagecode": "2_1",
    "villagename": "Marudoor(N) I            ",
    "villagetname": "மருதூர் வடக்கு - 1                                                                                                           "
  },
  {
    "villagecode": "2_2",
    "villagename": "Marudoor(N) Ii           ",
    "villagetname": "மருதூர் வடக்கு - 2                                                                                                           "
  },
  {
    "villagecode": "2_3",
    "villagename": "Marudoor(S) I            ",
    "villagetname": "மருதூர் தெற்கு - 1                                                                                                           "
  },
  {
    "villagecode": "2_4",
    "villagename": "Marudoor(S) Ii           ",
    "villagetname": "மருதூர் தெற்கு - 2                                                                                                           "
  },
  {
    "villagecode": "039",
    "villagename": "Muthalaipatti            ",
    "villagetname": "முதலைபட்டி                                                                                                                   "
  },
  {
    "villagecode": "054",
    "villagename": "Nahanoor                 ",
    "villagetname": "நாகனூர்                                                                                                                      "
  },
  {
    "villagecode": "035",
    "villagename": "Nallur                   ",
    "villagetname": "நல்லூர்                                                                                                                      "
  },
  {
    "villagecode": "381",
    "villagename": "Nangavaram(N)I           ",
    "villagetname": "நங்கவரம் வடக்கு - 1                                                                                                          "
  },
  {
    "villagecode": "382",
    "villagename": "Nangavaram(N)Ii          ",
    "villagetname": "நங்கவரம் வடக்கு - 2                                                                                                          "
  },
  {
    "villagecode": "383",
    "villagename": "Nangavaram(S)I           ",
    "villagetname": "நங்கவரம் தெற்கு - 1                                                                                                          "
  },
  {
    "villagecode": "384",
    "villagename": "Nangavaram(S)Ii          ",
    "villagetname": "நங்கவரம் தெற்கு - 2                                                                                                          "
  },
  {
    "villagecode": "401",
    "villagename": "Neithalur(N)             ",
    "villagetname": "நெய்தலூர் வடக்கு                                                                                                             "
  },
  {
    "villagecode": "402",
    "villagename": "Neithalur(S)             ",
    "villagetname": "நெய்தலூர் தெற்கு                                                                                                             "
  },
  {
    "villagecode": "048",
    "villagename": "Pathiripatti             ",
    "villagetname": "பாதிரிபட்டி                                                                                                                  "
  },
  {
    "villagecode": "047",
    "villagename": "Pillur                   ",
    "villagetname": "பில்லூர்                                                                                                                     "
  },
  {
    "villagecode": "055",
    "villagename": "Porundaloor              ",
    "villagetname": "பொருந்தலூர்                                                                                                                  "
  },
  {
    "villagecode": "037",
    "villagename": "Poyamani                 ",
    "villagetname": "பொய்யாமணி                                                                                                                    "
  },
  {
    "villagecode": "042",
    "villagename": "Puluderi                 ",
    "villagetname": "புழுதேரி                                                                                                                     "
  },
  {
    "villagecode": "044",
    "villagename": "Puthur                   ",
    "villagetname": "புத்தூர்                                                                                                                     "
  },
  {
    "villagecode": "041",
    "villagename": "Rachandarthirumalai      ",
    "villagetname": "இராச்சாண்டார்திருமலை                                                                                                         "
  },
  {
    "villagecode": "3_1",
    "villagename": "Rajendram(N)             ",
    "villagetname": "இராஜேந்திரம் வடக்கு                                                                                                          "
  },
  {
    "villagecode": "3_2",
    "villagename": "Rajendram(S)             ",
    "villagetname": "இராஜேந்திரம் தெற்கு                                                                                                          "
  },
  {
    "villagecode": "061",
    "villagename": "Sathiyamangalam          ",
    "villagetname": "சத்தியமங்கலம்                                                                                                                "
  },
  {
    "villagecode": "058",
    "villagename": "Sepalapatti              ",
    "villagetname": "சேப்பளாபட்டி                                                                                                                 "
  },
  {
    "villagecode": "057",
    "villagename": "Suriyanur                ",
    "villagetname": "சூரியனூர்                                                                                                                    "
  },
  {
    "villagecode": "059",
    "villagename": "Thalinji                 ",
    "villagetname": "தளிஞ்சி                                                                                                                      "
  },
  {
    "villagecode": "049",
    "villagename": "Thohamalli               ",
    "villagetname": "தோகமலை                                                                                                                       "
  },
  {
    "villagecode": "062",
    "villagename": "Uthupatti                ",
    "villagetname": "ஊத்துபட்டி                                                                                                                   "
  },
  {
    "villagecode": "043",
    "villagename": "Vadaseri                 ",
    "villagetname": "வடசேரி                                                                                                                       "
  },
  {
    "villagecode": "5_2",
    "villagename": "Vaiganalur(N)            ",
    "villagetname": "வைகநல்லூர் வடக்கு                                                                                                            "
  },
  {
    "villagecode": "5_3",
    "villagename": "Vaiganalur(S)            ",
    "villagetname": "வைகநல்லூர் தெற்கு                                                                                                            "
  },
  {
    "villagecode": "007",
    "villagename": "Vathiyam                 ",
    "villagetname": "வதியம்                                                                                                                       "
  }
]
