[
  {
    "villagecode": "030",
    "villagename": "Ajjanahalli              ",
    "villagetname": "030 அஜ்ஜனஹள்ளி                                                                                                               "
  },
  {
    "villagecode": "917",
    "villagename": "Alepuram                 ",
    "villagetname": "917 அளேபுரம்                                                                                                                 "
  },
  {
    "villagecode": "009",
    "villagename": "Andarahalli              ",
    "villagetname": "009 ஆண்டாரஹள்ளி                                                                                                              "
  },
  {
    "villagecode": "013",
    "villagename": "Anjehalli                ",
    "villagetname": "013 அஞ்சேஹள்ளி                                                                                                               "
  },
  {
    "villagecode": "025",
    "villagename": "Arakasanahalli           ",
    "villagetname": "025 அரகசனஹள்ளி                                                                                                               "
  },
  {
    "villagecode": "037",
    "villagename": "Batharahalli             ",
    "villagetname": "037 பத்ரஹள்ளி                                                                                                                "
  },
  {
    "villagecode": "026",
    "villagename": "Chinnampalli             ",
    "villagetname": "026 சின்னம்பள்ளி                                                                                                             "
  },
  {
    "villagecode": "028",
    "villagename": "Donnakuttahalli          ",
    "villagetname": "028 தொண்ணகுட்டஹள்ளி                                                                                                          "
  },
  {
    "villagecode": "034",
    "villagename": "D.Solapatty              ",
    "villagetname": "034 டி.சோளப்பாடி                                                                                                             "
  },
  {
    "villagecode": "023",
    "villagename": "Kadamadai                ",
    "villagetname": "023 கடமடை                                                                                                                    "
  },
  {
    "villagecode": "027",
    "villagename": "Kalappampadi             ",
    "villagetname": "027 கலப்பம்பாடி                                                                                                              "
  },
  {
    "villagecode": "010",
    "villagename": "Karibaiyanahalli         ",
    "villagetname": "010 கரபய்யனஹள்ளி                                                                                                             "
  },
  {
    "villagecode": "014",
    "villagename": "Kattinayakanahalli       ",
    "villagetname": "014  கட்டிநாயக்கனஹள்ளி                                                                                                       "
  },
  {
    "villagecode": "029",
    "villagename": "Kodihalli                ",
    "villagetname": "029 கோடிஹள்ளி                                                                                                                "
  },
  {
    "villagecode": "039",
    "villagename": "Kondehalli               ",
    "villagetname": "039 கெண்டேனஹள்ளி                                                                                                             "
  },
  {
    "villagecode": "022",
    "villagename": "Kookutamaruthahalli      ",
    "villagetname": "022 கூகடமருதஹள்ளி                                                                                                            "
  },
  {
    "villagecode": "017",
    "villagename": "Koothapadi               ",
    "villagetname": "017 கூத்தப்பாடி                                                                                                              "
  },
  {
    "villagecode": "005",
    "villagename": "Madehalli                ",
    "villagetname": "005 மாதேஅள்ளி                                                                                                                "
  },
  {
    "villagecode": "035",
    "villagename": "Manguruchi               ",
    "villagetname": "035 மாங்குறிச்சி                                                                                                             "
  },
  {
    "villagecode": "036",
    "villagename": "Manjarahalli             ",
    "villagetname": "036 மஞ்சாரஹள்ளி                                                                                                              "
  },
  {
    "villagecode": "021",
    "villagename": "Manjinayakanahalli       ",
    "villagetname": "021 மஞ்சிநாயக்கனஹள்ளி                                                                                                        "
  },
  {
    "villagecode": "032",
    "villagename": "Nagamarai                ",
    "villagetname": "032 நாகமரை                                                                                                                   "
  },
  {
    "villagecode": "008",
    "villagename": "Pallipaty                ",
    "villagetname": "008 பள்ளிப்பட்டி                                                                                                             "
  },
  {
    "villagecode": "003",
    "villagename": "Panaikulam               ",
    "villagetname": "003 பனைகுளம்                                                                                                                 "
  },
  {
    "villagecode": "015",
    "villagename": "Paruvathanahalli         ",
    "villagetname": "015 பருவதனஹள்ளி                                                                                                              "
  },
  {
    "villagecode": "004",
    "villagename": "Pauparapatty             ",
    "villagetname": "004 பாப்பாரப்பட்டி                                                                                                           "
  },
  {
    "villagecode": "016",
    "villagename": "Pennagaram               ",
    "villagetname": "016 பென்னாகரம்                                                                                                               "
  },
  {
    "villagecode": "038",
    "villagename": "Perumbalai               ",
    "villagetname": "038 பெரும்பாலை                                                                                                               "
  },
  {
    "villagecode": "020",
    "villagename": "Peyalmari                ",
    "villagetname": "020 பேயால்மேர                                                                                                                "
  },
  {
    "villagecode": "002",
    "villagename": "Pikili                   ",
    "villagetname": "002 பிக்கிலி                                                                                                                 "
  },
  {
    "villagecode": "006",
    "villagename": "Pnnapagoundanahalli      ",
    "villagetname": "006 ஒன்னப்பக்கவுண்டனஅள்ளி                                                                                                    "
  },
  {
    "villagecode": "024",
    "villagename": "Pudupatty                ",
    "villagetname": "024 புதுப்பட்டி                                                                                                              "
  },
  {
    "villagecode": "033",
    "villagename": "Ramakondahalli           ",
    "villagetname": "033 ராமகொண்டஹள்ளி                                                                                                            "
  },
  {
    "villagecode": "913",
    "villagename": "Rangapuram               ",
    "villagetname": "913 ரங்காபுரம்                                                                                                               "
  },
  {
    "villagecode": "019",
    "villagename": "Sathiyanathapuram        ",
    "villagetname": "019 சத்தியநாதபுரம்                                                                                                           "
  },
  {
    "villagecode": "018",
    "villagename": "Senganur                 ",
    "villagetname": "018 செங்கனூர                                                                                                                 "
  },
  {
    "villagecode": "928",
    "villagename": "Sidumanahalli            ",
    "villagetname": "928 சிடுமனஅள்ளி                                                                                                              "
  },
  {
    "villagecode": "012",
    "villagename": "Sigaralahalli            ",
    "villagetname": "012 சிகறலஹள்ளி                                                                                                               "
  },
  {
    "villagecode": "031",
    "villagename": "Sunjalnatham             ",
    "villagetname": "031 சுஞ்சலநத்தம்                                                                                                             "
  },
  {
    "villagecode": "931",
    "villagename": "Thinnabellur             ",
    "villagetname": "931 தின்னபெல்லூர்                                                                                                            "
  },
  {
    "villagecode": "011",
    "villagename": "Thithiyopanahalli        ",
    "villagetname": "011 தித்தியோபனஹள்ளி                                                                                                          "
  },
  {
    "villagecode": "001",
    "villagename": "Vattuvanahalli           ",
    "villagetname": "001 வட்டுவனஅள்ளி                                                                                                             "
  },
  {
    "villagecode": "007",
    "villagename": "Velampatty               ",
    "villagetname": "007 வேலம்பட்டி                                                                                                               "
  }
]
