[
  {
    "villagecode": "043",
    "villagename": "Arisipalayam.            ",
    "villagetname": "அரிசிபாளையம்                                                                                                                 "
  },
  {
    "villagecode": "046",
    "villagename": "Chettypalayam.           ",
    "villagetname": "செட்டிபாளையம்                                                                                                                "
  },
  {
    "villagecode": "034",
    "villagename": "Ettimadai.               ",
    "villagetname": "எட்டிமடை                                                                                                                     "
  },
  {
    "villagecode": "039",
    "villagename": "Karunchamigoundenpalayam.",
    "villagetname": "கருஞ்சாமிக்கவுண்டம்பாளையம்                                                                                                   "
  },
  {
    "villagecode": "025",
    "villagename": "Kurichy.                 ",
    "villagetname": "குறிச்சி                                                                                                                     "
  },
  {
    "villagecode": "033",
    "villagename": "Madukarai.               ",
    "villagetname": "மதுக்கரை                                                                                                                     "
  },
  {
    "villagecode": "031",
    "villagename": "Malumichampatty.         ",
    "villagetname": "மலுமிச்சம்பட்டி                                                                                                              "
  },
  {
    "villagecode": "035",
    "villagename": "Mavuthampathy.           ",
    "villagetname": "மாவுத்தம்பதி                                                                                                                 "
  },
  {
    "villagecode": "044",
    "villagename": "Myleripalayam.           ",
    "villagetname": "மைலேறிபாளையம்                                                                                                                "
  },
  {
    "villagecode": "041",
    "villagename": "Nachipalayam.            ",
    "villagetname": "நாச்சிபாளையம்                                                                                                                "
  },
  {
    "villagecode": "047",
    "villagename": "Oorattukuppai.           ",
    "villagetname": "ஓராட்டுக்குப்பை                                                                                                              "
  },
  {
    "villagecode": "045",
    "villagename": "Othakalmandapam.         ",
    "villagetname": "ஒத்தக்கால்மண்டபம்                                                                                                            "
  },
  {
    "villagecode": "038",
    "villagename": "Palathurai.              ",
    "villagetname": "பாலத்துறை                                                                                                                    "
  },
  {
    "villagecode": "036",
    "villagename": "Pichanur.                ",
    "villagetname": "பிச்சனூர்                                                                                                                    "
  },
  {
    "villagecode": "032",
    "villagename": "Seerapalayam.            ",
    "villagetname": "சீரபாளையம்                                                                                                                   "
  },
  {
    "villagecode": "040",
    "villagename": "Thammagoundanpalayam.    ",
    "villagetname": "தம்மாக்கவுண்டம்பாளையம்                                                                                                       "
  },
  {
    "villagecode": "048",
    "villagename": "Thirumalayampalayam (N)  ",
    "villagetname": "திருமலையம்பாளையம் வ                                                                                                          "
  },
  {
    "villagecode": "037",
    "villagename": "Thirumalayampalayam (S)  ",
    "villagetname": "திருமலையம்பாளையம் தெ                                                                                                         "
  },
  {
    "villagecode": "042",
    "villagename": "Vazhukuparai.            ",
    "villagetname": "வழுக்குப்பாறை                                                                                                                "
  },
  {
    "villagecode": "030",
    "villagename": "Vellalur.                ",
    "villagetname": "வெள்ளலூர்                                                                                                                    "
  }
]
