[
  {
    "villagecode": "019",
    "villagename": "Aarkampoondi             ",
    "villagetname": "ஆர்கம்பூண்டி                                                                                                                 "
  },
  {
    "villagecode": "061",
    "villagename": "Aathipattu               ",
    "villagetname": "ஆத்திபட்டு                                                                                                                   "
  },
  {
    "villagecode": "167",
    "villagename": "Annamangalam             ",
    "villagetname": "அன்னமங்கலம்"
  },
  {
    "villagecode": "034",
    "villagename": "Avalurpettai             ",
    "villagetname": "அவலூர்பேட்டை                                                                                                                 "
  },
  {
    "villagecode": "008",
    "villagename": "Chinnanolambai           ",
    "villagetname": "சின்னநொளம்பை"
  },
  {
    "villagecode": "169",
    "villagename": "Devanoor                 ",
    "villagetname": "தேவனூர்                                                                                                                      "
  },
  {
    "villagecode": "012",
    "villagename": "Devanthavadi             ",
    "villagetname": "தேவந்தாவடி                                                                                                                   "
  },
  {
    "villagecode": "001",
    "villagename": "Edapattu                 ",
    "villagetname": "எதப்பட்டு                                                                                                                    "
  },
  {
    "villagecode": "049",
    "villagename": "Embalam                  ",
    "villagetname": "ஏம்பலம்                                                                                                                      "
  },
  {
    "villagecode": "048",
    "villagename": "Eyakunam",
    "villagetname": "ஈயகுணம்                                                                                                                      "
  },
  {
    "villagecode": "006",
    "villagename": "Eyyal                    ",
    "villagetname": "எய்யில்                                                                                                                      "
  },
  {
    "villagecode": "180",
    "villagename": "Gengapuram",
    "villagetname": "கெங்கபுரம்                                                                                                                   "
  },
  {
    "villagecode": "166",
    "villagename": "Kadali                   ",
    "villagetname": "கடலி                                                                                                                         "
  },
  {
    "villagecode": "033",
    "villagename": "Kadappananthal",
    "villagetname": "கடப்பனந்தல்"
  },
  {
    "villagecode": "013",
    "villagename": "Kaividanthangal          ",
    "villagetname": "கைவிடந்தாங்கல்                                                                                                               "
  },
  {
    "villagecode": "060",
    "villagename": "Kalathampattu            ",
    "villagetname": "கலத்தம்பட்டு                                                                                                                 "
  },
  {
    "villagecode": "011",
    "villagename": "Kammanthangal            ",
    "villagetname": "கம்மந்தாங்கல்"
  },
  {
    "villagecode": "044",
    "villagename": "Kannalam                 ",
    "villagetname": "கன்னலம்"
  },
  {
    "villagecode": "028",
    "villagename": "Kappalampadi             ",
    "villagetname": "கப்ளாம்பாடி"
  },
  {
    "villagecode": "017",
    "villagename": "Kizhavampoondi",
    "villagetname": "கிழவம்பூண்டி                                                                                                                 "
  },
  {
    "villagecode": "175",
    "villagename": "Kizhsevalampadi          ",
    "villagetname": "கீழ்செவலாம்பாடி                                                                                                              "
  },
  {
    "villagecode": "031",
    "villagename": "Kodampadi                ",
    "villagetname": "கொடம்பாடி                                                                                                                    "
  },
  {
    "villagecode": "041",
    "villagename": "Kodukankuppam            ",
    "villagetname": "கொடுக்கன்குப்பன்                                                                                                             "
  },
  {
    "villagecode": "018",
    "villagename": "Kooduvampoondi           ",
    "villagetname": "கூடுவாம்பூண்டி                                                                                                               "
  },
  {
    "villagecode": "025",
    "villagename": "Kottaipoondi             ",
    "villagetname": "கோட்டப்பூண்டி                                                                                                                "
  },
  {
    "villagecode": "035",
    "villagename": "Kovilpuraiyur            ",
    "villagetname": "கோவில்புரையூர்                                                                                                               "
  },
  {
    "villagecode": "062",
    "villagename": "Kozhapalur",
    "villagetname": "கொழப்பலூர்                                                                                                                   "
  },
  {
    "villagecode": "036",
    "villagename": "Kunthalampattu",
    "villagetname": "குந்தலம்பட்டு                                                                                                                "
  },
  {
    "villagecode": "056",
    "villagename": "Mananthal                ",
    "villagetname": "மானந்தல்                                                                                                                     "
  },
  {
    "villagecode": "015",
    "villagename": "Marakonam                ",
    "villagetname": "மரக்கோணம்                                                                                                                    "
  },
  {
    "villagecode": "185",
    "villagename": "Mavananthal              ",
    "villagetname": "மாவனந்தல்                                                                                                                    "
  },
  {
    "villagecode": "164",
    "villagename": "Melacheri",
    "villagetname": "மேலச்சேரி"
  },
  {
    "villagecode": "057",
    "villagename": "Mel Arunkunam            ",
    "villagetname": "மேல் அருங்குணம்                                                                                                              "
  },
  {
    "villagecode": "171",
    "villagename": "Mel Karanai              ",
    "villagetname": "மேல்காரணை                                                                                                                    "
  },
  {
    "villagecode": "040",
    "villagename": "Melmalaiyanoor           ",
    "villagetname": "மேல்மலையனூர்                                                                                                                 "
  },
  {
    "villagecode": "046",
    "villagename": "Melmampattu              ",
    "villagetname": "மேல்மாம்பட்டு                                                                                                                "
  },
  {
    "villagecode": "051",
    "villagename": "Melmannoor               ",
    "villagetname": "மேல்மண்ணூர்                                                                                                                  "
  },
  {
    "villagecode": "016",
    "villagename": "Mel Nemili               ",
    "villagetname": "மேல் நெமிலி                                                                                                                  "
  },
  {
    "villagecode": "054",
    "villagename": "Melpudupattu             ",
    "villagetname": "மேல்புதுப்பட்டு                                                                                                              "
  },
  {
    "villagecode": "005",
    "villagename": "Melsevalampadi           ",
    "villagetname": "மேல்செவலாம்பாடி                                                                                                              "
  },
  {
    "villagecode": "002",
    "villagename": "Melvailamur",
    "villagetname": "மேல் வைலாமூர்                                                                                                                "
  },
  {
    "villagecode": "014",
    "villagename": "Modipattu                ",
    "villagetname": "மோடிபட்டு                                                                                                                    "
  },
  {
    "villagecode": "004",
    "villagename": "Nanthipuram              ",
    "villagetname": "நந்திபுரம்                                                                                                                   "
  },
  {
    "villagecode": "027",
    "villagename": "Naranamangalam           ",
    "villagetname": "நாரணமங்கலம்                                                                                                                  "
  },
  {
    "villagecode": "037",
    "villagename": "Nochalur                 ",
    "villagetname": "நொச்சலூர்                                                                                                                    "
  },
  {
    "villagecode": "172",
    "villagename": "Pappanthangal            ",
    "villagetname": "பாப்பந்தாங்கல்                                                                                                               "
  },
  {
    "villagecode": "030",
    "villagename": "Paraiyampattu",
    "villagetname": "பரையம்பட்டு                                                                                                                  "
  },
  {
    "villagecode": "023",
    "villagename": "Paraiyanthangal          ",
    "villagetname": "பறையந்தாங்கல்                                                                                                                "
  },
  {
    "villagecode": "007",
    "villagename": "Paruthipuram             ",
    "villagetname": "பரிதிபுரம்"
  },
  {
    "villagecode": "021",
    "villagename": "Pazhampoondi             ",
    "villagetname": "பழம்பூண்டி                                                                                                                   "
  },
  {
    "villagecode": "009",
    "villagename": "Perianolambai            ",
    "villagetname": "பெரியநொளம்பை"
  },
  {
    "villagecode": "174",
    "villagename": "Peruvaloor               ",
    "villagetname": "பெருவளூர்"
  },
  {
    "villagecode": "010",
    "villagename": "Pinnanur                 ",
    "villagetname": "பின்னனூர்                                                                                                                    "
  },
  {
    "villagecode": "165",
    "villagename": "Porkunam",
    "villagetname": "பொற்குணம்                                                                                                                    "
  },
  {
    "villagecode": "182",
    "villagename": "Samathankuppam           ",
    "villagetname": "சமத்தங்குப்பம்                                                                                                               "
  },
  {
    "villagecode": "024",
    "villagename": "Sankili Kuppam           ",
    "villagetname": "சங்கிலிகுப்பம்                                                                                                               "
  },
  {
    "villagecode": "022",
    "villagename": "Sathampadi               ",
    "villagetname": "சாத்தாம்பாடி                                                                                                                 "
  },
  {
    "villagecode": "183",
    "villagename": "Sathananthal",
    "villagetname": "சாத்தனந்தல்                                                                                                                  "
  },
  {
    "villagecode": "045",
    "villagename": "Sathaputhur              ",
    "villagetname": "சாத்தப்புத்தூர்                                                                                                              "
  },
  {
    "villagecode": "055",
    "villagename": "Seeayapoondi             ",
    "villagetname": "சீயப்பூண்டி"
  },
  {
    "villagecode": "052",
    "villagename": "Sevelapurai (North)",
    "villagetname": "செவலபுரை வடக்கு                                                                                                              "
  },
  {
    "villagecode": "993",
    "villagename": "Sevelapurai (South)",
    "villagetname": "செவலபுரைதெற்கு                                                                                                               "
  },
  {
    "villagecode": "020",
    "villagename": "Sinthagampoondi          ",
    "villagetname": "சிந்தகம்பூண்டி                                                                                                               "
  },
  {
    "villagecode": "038",
    "villagename": "Sinthipattu",
    "villagetname": "சிந்திபட்டு                                                                                                                  "
  },
  {
    "villagecode": "042",
    "villagename": "Siruthalaipoondi         ",
    "villagetname": "சிறுதலைபூண்டி                                                                                                                "
  },
  {
    "villagecode": "181",
    "villagename": "Sitheri                  ",
    "villagetname": "சித்தேரி                                                                                                                     "
  },
  {
    "villagecode": "173",
    "villagename": "Sokkabalam               ",
    "villagetname": "சொக்கபலம்"
  },
  {
    "villagecode": "059",
    "villagename": "Sokkananthal",
    "villagetname": "சொக்கனந்தல்                                                                                                                  "
  },
  {
    "villagecode": "039",
    "villagename": "Thayanur                 ",
    "villagetname": "தாயனூர்                                                                                                                      "
  },
  {
    "villagecode": "029",
    "villagename": "Thazhankunam             ",
    "villagetname": "தாழங்குணம்                                                                                                                   "
  },
  {
    "villagecode": "058",
    "villagename": "Thenpalai                ",
    "villagetname": "தென்பாலை                                                                                                                     "
  },
  {
    "villagecode": "003",
    "villagename": "Thepirampattu            ",
    "villagetname": "தேப்பிராம்பட்டு                                                                                                              "
  },
  {
    "villagecode": "047",
    "villagename": "Thorapadi                ",
    "villagetname": "தொரப்பாடி                                                                                                                    "
  },
  {
    "villagecode": "050",
    "villagename": "Thuringipoondi           ",
    "villagetname": "துறிஞ்சிபூண்டி                                                                                                               "
  },
  {
    "villagecode": "026",
    "villagename": "Unnamananthal",
    "villagetname": "உண்ணாமநந்தல்                                                                                                                 "
  },
  {
    "villagecode": "053",
    "villagename": "Vadapalai                ",
    "villagetname": "வடபாலை                                                                                                                       "
  },
  {
    "villagecode": "170",
    "villagename": "Vadavetti                ",
    "villagetname": "வடவெட்டி                                                                                                                     "
  },
  {
    "villagecode": "032",
    "villagename": "Vadukapoondi",
    "villagetname": "வடுகபூண்டி                                                                                                                   "
  },
  {
    "villagecode": "043",
    "villagename": "Vallathi                 ",
    "villagetname": "வளத்தி                                                                                                                       "
  },
  {
    "villagecode": "187",
    "villagename": "Vanakkampadi             ",
    "villagetname": "வணக்கம்பாடி                                                                                                                  "
  }
]
