[
  {
    "villagecode": "052",
    "villagename": "Akkarainegamam           ",
    "villagetname": "052  அக்கரைநெகமம்                                                                                                            "
  },
  {
    "villagecode": "050",
    "villagename": "Akkaraithathapalli       ",
    "villagetname": "050  அக்கரைதத்தப்பள்ளி                                                                                                       "
  },
  {
    "villagecode": "060",
    "villagename": "Allathukkombai           ",
    "villagetname": "060  ஆலத்துக்கோம்பை                                                                                                          "
  },
  {
    "villagecode": "064",
    "villagename": "Arasur                   ",
    "villagetname": "064  அரசூர்                                                                                                                  "
  },
  {
    "villagecode": "057",
    "villagename": "Ariyappampalayam         ",
    "villagetname": "057  அரியப்பம்பாளையம்                                                                                                        "
  },
  {
    "villagecode": "044",
    "villagename": "Ayyampalayam             ",
    "villagetname": "044  அய்யம்பாளையம்                                                                                                           "
  },
  {
    "villagecode": "042",
    "villagename": "Dhottampalayam           ",
    "villagetname": "042  தொட்டாம்பாளையம்                                                                                                         "
  },
  {
    "villagecode": "022",
    "villagename": "Gundri                   ",
    "villagetname": "022  குன்றி                                                                                                                  "
  },
  {
    "villagecode": "023",
    "villagename": "Guthiyalathur            ",
    "villagetname": "023  குதியாளத்தூர்                                                                                                           "
  },
  {
    "villagecode": "033",
    "villagename": "Ikkarainegamam           ",
    "villagetname": "033  இக்கரைநெகமம்                                                                                                            "
  },
  {
    "villagecode": "038",
    "villagename": "Ikkarai Thathapalli      ",
    "villagetname": "038  இக்கரைதத்தப்பள்ளி                                                                                                       "
  },
  {
    "villagecode": "063",
    "villagename": "Indiampalayam            ",
    "villagetname": "063  இண்டியம்பாளையம்                                                                                                         "
  },
  {
    "villagecode": "049",
    "villagename": "Karidhoddampalayam       ",
    "villagetname": "049  கரிதொட்டம்பாளையம்                                                                                                       "
  },
  {
    "villagecode": "024",
    "villagename": "Kembanaickanpalayam      ",
    "villagetname": "024  கெம்பநாயக்கன்பாளையம்                                                                                                    "
  },
  {
    "villagecode": "059",
    "villagename": "Komarapalayam            ",
    "villagetname": "059  கொமாரபாளையம்                                                                                                            "
  },
  {
    "villagecode": "053",
    "villagename": "Konamoolai               ",
    "villagetname": "053  கோணமூலை                                                                                                                 "
  },
  {
    "villagecode": "027",
    "villagename": "Kondappanaickanpalayam   ",
    "villagetname": "027  கொண்டப்பநாயக்கன்பாளையம்                                                                                                 "
  },
  {
    "villagecode": "021",
    "villagename": "Koothampalayam           ",
    "villagetname": "021  கூத்தம்பாளையம்                                                                                                          "
  },
  {
    "villagecode": "039",
    "villagename": "Kothamangalam            ",
    "villagetname": "039  கொத்தமங்கலம்                                                                                                            "
  },
  {
    "villagecode": "048",
    "villagename": "Kurumbapalayam           ",
    "villagetname": "048  குரும்பபாளையம்                                                                                                          "
  },
  {
    "villagecode": "062",
    "villagename": "Maakanangombai           ",
    "villagetname": "062  மாக்கினங்கோம்பை                                                                                                         "
  },
  {
    "villagecode": "069",
    "villagename": "Maarayipalayam           ",
    "villagetname": "069  மாராயிபாளையம்                                                                                                           "
  },
  {
    "villagecode": "070",
    "villagename": "Maathampalayam           ",
    "villagetname": "070  மாதம்பாளையம்                                                                                                            "
  },
  {
    "villagecode": "028",
    "villagename": "Malayadipudhur           ",
    "villagetname": "028  மலையடிபுதூர்                                                                                                            "
  },
  {
    "villagecode": "041",
    "villagename": "Mudukkanthurai           ",
    "villagetname": "041  முடுக்கன்துரை                                                                                                           "
  },
  {
    "villagecode": "068",
    "villagename": "Nallur                   ",
    "villagetname": "068  நல்லூர்                                                                                                                 "
  },
  {
    "villagecode": "034",
    "villagename": "Paguthampalayam          ",
    "villagetname": "034  பகுத்தம்பாளையம்                                                                                                         "
  },
  {
    "villagecode": "046",
    "villagename": "Panayampalli             ",
    "villagetname": "046  பனையம்பள்ளி                                                                                                             "
  },
  {
    "villagecode": "035",
    "villagename": "Pattavarthi Ayyampalayam ",
    "villagetname": "035  பட்டவர்த்திஅய்யம்பாளையம்                                                                                                "
  },
  {
    "villagecode": "056",
    "villagename": "Pazhayakalaiyanur        ",
    "villagetname": "056  பழையகலையனூர்                                                                                                            "
  },
  {
    "villagecode": "045",
    "villagename": "Periyakallipatti         ",
    "villagetname": "045  பெரியகள்ளிப்பட்டி                                                                                                       "
  },
  {
    "villagecode": "051",
    "villagename": "Poosaripalayam           ",
    "villagetname": "051  பூசாரிபாளையம்                                                                                                           "
  },
  {
    "villagecode": "067",
    "villagename": "Pungampalli              ",
    "villagetname": "067  புங்கம்பள்ளி                                                                                                            "
  },
  {
    "villagecode": "040",
    "villagename": "Pungar                   ",
    "villagetname": "040  புங்கார்                                                                                                                "
  },
  {
    "villagecode": "071",
    "villagename": "Punjai Puliampatti       ",
    "villagetname": "071  புஞ்சை புளியம்பட்டி                                                                                                     "
  },
  {
    "villagecode": "055",
    "villagename": "Puthukalaiyanur          ",
    "villagetname": "055  புதுக்கலையனூர்                                                                                                          "
  },
  {
    "villagecode": "037",
    "villagename": "Puthupeerkadavu          ",
    "villagetname": "037  புதுப்பீர்கடவு                                                                                                          "
  },
  {
    "villagecode": "036",
    "villagename": "Rajannagar               ",
    "villagetname": "036  ராஜன்நகர்                                                                                                               "
  },
  {
    "villagecode": "061",
    "villagename": "Sathumugai               ",
    "villagetname": "061  சதுமுகை                                                                                                                 "
  },
  {
    "villagecode": "025",
    "villagename": "Sellipalayam             ",
    "villagetname": "025  செல்லிபாளையம்                                                                                                           "
  },
  {
    "villagecode": "054",
    "villagename": "Senbagapudur             ",
    "villagetname": "054  செண்பகபுதூர்  அ                                                                                                         "
  },
  {
    "villagecode": "254",
    "villagename": "Senbagapudur (B)         ",
    "villagetname": "054  செண்பகபுதூர்  ஆ.                                                                                                        "
  },
  {
    "villagecode": "032",
    "villagename": "Sikkarasampalayam        ",
    "villagetname": "032  சிக்கரசம்பாளையம்                                                                                                        "
  },
  {
    "villagecode": "047",
    "villagename": "Sungakaranpalayam        ",
    "villagetname": "047  சுங்ககாரன்பாளையம்                                                                                                       "
  },
  {
    "villagecode": "074",
    "villagename": "Thachuperumapalayam      ",
    "villagetname": "074  தச்சுபெருமாள்பாளையம்                                                                                                    "
  },
  {
    "villagecode": "026",
    "villagename": "Thasaripalayam           ",
    "villagetname": "026  தாசரிபாளையம்                                                                                                            "
  },
  {
    "villagecode": "020",
    "villagename": "Thingalur-A              ",
    "villagetname": "020  திங்களுர் அ                                                                                                             "
  },
  {
    "villagecode": "220",
    "villagename": "Thingalur (B)            ",
    "villagetname": "020  திங்களுர்   ஆ.                                                                                                          "
  },
  {
    "villagecode": "043",
    "villagename": "Thoppampalayam           ",
    "villagetname": "043  தொப்பம்பாளையம்                                                                                                          "
  },
  {
    "villagecode": "065",
    "villagename": "Ukkaram A                ",
    "villagetname": "065  உக்கரம் அ                                                                                                               "
  },
  {
    "villagecode": "265",
    "villagename": "Ukkaram (B)              ",
    "villagetname": "065  உக்கரம்   ஆ.                                                                                                            "
  },
  {
    "villagecode": "465",
    "villagename": "Ukkaram (C)",
    "villagetname": "065  உக்கரம்   இ.                                                                                                            "
  },
  {
    "villagecode": "066",
    "villagename": "Vinnappalli              ",
    "villagetname": "066  விண்ணப்பள்ளி                                                                                                            "
  }
]
