[
  {
    "villagecode": "006",
    "villagename": "Elathur                  ",
    "villagetname": "இலத்தூர்                                                                                                                     "
  },
  {
    "villagecode": "009",
    "villagename": "Kanakkapillaivalasi      ",
    "villagetname": "கணக்குப்பிள்ளைவலசை                                                                                                           "
  },
  {
    "villagecode": "018",
    "villagename": "Karkudi                  ",
    "villagetname": "கற்குடி                                                                                                                      "
  },
  {
    "villagecode": "011",
    "villagename": "Kunnakudy                ",
    "villagetname": "குன்னக்குடி                                                                                                                  "
  },
  {
    "villagecode": "001",
    "villagename": "Mekkarai                 ",
    "villagetname": "மேக்கரை                                                                                                                      "
  },
  {
    "villagecode": "014",
    "villagename": "Nagalkadu                ",
    "villagetname": "நாகல்காடு                                                                                                                    "
  },
  {
    "villagecode": "005",
    "villagename": "Neduvayal                ",
    "villagetname": "நெடுவயல்                                                                                                                     "
  },
  {
    "villagecode": "007",
    "villagename": "Panpoli                  ",
    "villagetname": "பண்பொழி                                                                                                                      "
  },
  {
    "villagecode": "010",
    "villagename": "Periyapillaivalasi       ",
    "villagetname": "பெரியபிள்ளைவலசை                                                                                                              "
  },
  {
    "villagecode": "012",
    "villagename": "Piranoor                 ",
    "villagetname": "பிரானூர்                                                                                                                     "
  },
  {
    "villagecode": "016",
    "villagename": "Pudur                    ",
    "villagetname": "புதூர்                                                                                                                       "
  },
  {
    "villagecode": "017",
    "villagename": "Puliyarai                ",
    "villagetname": "புளியரை                                                                                                                      "
  },
  {
    "villagecode": "152",
    "villagename": "Shencottai Keelur        ",
    "villagetname": "செங்கோட்டை கீழுர்                                                                                                            "
  },
  {
    "villagecode": "153",
    "villagename": "Shencottai Melur         ",
    "villagetname": "செங்கோட்டை மேலூர்                                                                                                            "
  },
  {
    "villagecode": "008",
    "villagename": "Thenpothai               ",
    "villagetname": "தேன்பொத்தை                                                                                                                   "
  },
  {
    "villagecode": "003",
    "villagename": "Vadakarai Keelpidagai    ",
    "villagetname": "வடகரைகீழ்பிடாகை                                                                                                              "
  },
  {
    "villagecode": "002",
    "villagename": "Vadakarai Melpidagai     ",
    "villagetname": "வடகரைமேல்பிடாகை                                                                                                              "
  },
  {
    "villagecode": "013",
    "villagename": "Vallam                   ",
    "villagetname": "வல்லம்                                                                                                                       "
  }
]
