[
  {
    "villagecode": "034",
    "villagename": "Aathipadi                ",
    "villagetname": "ஆத்திப்பாடி"
  },
  {
    "villagecode": "042",
    "villagename": "Agarampallipattu         ",
    "villagetname": "அகரம்பள்ளிப்பட்டு"
  },
  {
    "villagecode": "031",
    "villagename": "Akkaraipatti             ",
    "villagetname": "அக்கரைப்பட்டி"
  },
  {
    "villagecode": "012",
    "villagename": "Allappanur               ",
    "villagetname": "அல்லப்பனூர்              "
  },
  {
    "villagecode": "039",
    "villagename": "Appunaickenpalayem       ",
    "villagetname": "அப்புநாயக்கன்பாளையம்"
  },
  {
    "villagecode": "033",
    "villagename": "Bemarapatti              ",
    "villagetname": "பீமரப்பட்டி"
  },
  {
    "villagecode": "037",
    "villagename": "Bonthai                  ",
    "villagetname": "போந்தை                  "
  },
  {
    "villagecode": "023",
    "villagename": "Chinniyampettai          ",
    "villagetname": "சின்னியம்பேட்டை          "
  },
  {
    "villagecode": "063",
    "villagename": "Edakkal                  ",
    "villagetname": "எடக்கல்                  "
  },
  {
    "villagecode": "011",
    "villagename": "Edathanur                ",
    "villagetname": "எடத்தனூர்                "
  },
  {
    "villagecode": "036",
    "villagename": "Jambodi                  ",
    "villagetname": "ஜம்போடை                 "
  },
  {
    "villagecode": "054",
    "villagename": "Kampattu                 ",
    "villagetname": "காம்பட்டு"
  },
  {
    "villagecode": "004",
    "villagename": "Kanakkandal              ",
    "villagetname": "கண்ணக்கந்தல்             "
  },
  {
    "villagecode": "044",
    "villagename": "Ka. Unnamalaipalayam     ",
    "villagetname": "க.உண்ணாமலைபாளையம்        "
  },
  {
    "villagecode": "026",
    "villagename": "Kilpachchar              ",
    "villagetname": "கீழ்பாச்சார்             "
  },
  {
    "villagecode": "009",
    "villagename": "Kilravanthavadi          ",
    "villagetname": "கீழ்ராவந்தவாடி"
  },
  {
    "villagecode": "052",
    "villagename": "Kilsiruppakam            ",
    "villagetname": "கீழ்சிறுப்பாக்கம்"
  },
  {
    "villagecode": "049",
    "villagename": "Kilvanakkampadi          ",
    "villagetname": "கீழ்வணக்கம்பாடி"
  },
  {
    "villagecode": "017",
    "villagename": "Kolamanjanur             ",
    "villagetname": "கொளமஞ்சனூர்             "
  },
  {
    "villagecode": "046",
    "villagename": "Kottaiyur                ",
    "villagetname": "கொட்டையூர்              "
  },
  {
    "villagecode": "001",
    "villagename": "Kozhunthampattu          ",
    "villagetname": "கொழுந்தம்பட்டு"
  },
  {
    "villagecode": "060",
    "villagename": "Kungilinaththam          ",
    "villagetname": "குங்கிலியநத்தம்"
  },
  {
    "villagecode": "025",
    "villagename": "Malaiyanurchekkadi       ",
    "villagetname": "மலையனூர்செக்கடி"
  },
  {
    "villagecode": "018",
    "villagename": "Malamanjanur             ",
    "villagetname": "மலமஞ்சனூர்               "
  },
  {
    "villagecode": "059",
    "villagename": "Mazhuvampattu            ",
    "villagetname": "மழுவம்பட்டு"
  },
  {
    "villagecode": "002",
    "villagename": "Melkaripur               ",
    "villagetname": "மேல்கரிப்பூர்            "
  },
  {
    "villagecode": "030",
    "villagename": "Melmalachi               ",
    "villagetname": "மேல்மலச்சி               "
  },
  {
    "villagecode": "029",
    "villagename": "Melmuththanur            ",
    "villagetname": "மேல்முத்தானூர்"
  },
  {
    "villagecode": "027",
    "villagename": "Melpachchar              ",
    "villagetname": "மேல்பாச்சார்             "
  },
  {
    "villagecode": "051",
    "villagename": "Melsiruppakam            ",
    "villagetname": "மேல்சிறுப்பாக்கம்"
  },
  {
    "villagecode": "028",
    "villagename": "Mothakkal                ",
    "villagetname": "மோத்தக்கல்              "
  },
  {
    "villagecode": "038",
    "villagename": "Narayankuppam            ",
    "villagetname": "நாராயணகுப்பம்"
  },
  {
    "villagecode": "003",
    "villagename": "Nedunkavadi              ",
    "villagetname": "நெடுங்காவாடி"
  },
  {
    "villagecode": "016",
    "villagename": "Olakalapadi              ",
    "villagetname": "ஒலகலப்பாடி"
  },
  {
    "villagecode": "061",
    "villagename": "Perayempattu             ",
    "villagetname": "பேராயம்பட்டு"
  },
  {
    "villagecode": "040",
    "villagename": "Perunkulathur            ",
    "villagetname": "பெருங்குளத்தூர்"
  },
  {
    "villagecode": "062",
    "villagename": "Perunthuraipattu         ",
    "villagetname": "பெருந்துறைப்பட்டு"
  },
  {
    "villagecode": "035",
    "villagename": "Pudhurchekkadi           ",
    "villagetname": "புதூர்செக்கடி"
  },
  {
    "villagecode": "014",
    "villagename": "Puththurchekkadi         ",
    "villagetname": "புத்தூர்செக்கடி"
  },
  {
    "villagecode": "048",
    "villagename": "Radhapuram               ",
    "villagetname": "ராதாபுரம்"
  },
  {
    "villagecode": "013",
    "villagename": "Rayandapuram             ",
    "villagetname": "ராயண்டபுரம்"
  },
  {
    "villagecode": "024",
    "villagename": "Reddiyapalayam           ",
    "villagetname": "ரெட்டியாப்பாளையம்"
  },
  {
    "villagecode": "043",
    "villagename": "Sadakuppam               ",
    "villagetname": "சதகுப்பம்"
  },
  {
    "villagecode": "007",
    "villagename": "Sathanoor                ",
    "villagetname": "சாத்தனூர்                "
  },
  {
    "villagecode": "021",
    "villagename": "Se. Andapattu            ",
    "villagetname": "செ.ஆண்டாப்பட்டு"
  },
  {
    "villagecode": "055",
    "villagename": "Se. Gudaloor             ",
    "villagetname": "செ.கூடலூர்"
  },
  {
    "villagecode": "032",
    "villagename": "Semamampatti             ",
    "villagetname": "செம்மம்பட்டி"
  },
  {
    "villagecode": "050",
    "villagename": "Seranthangal             ",
    "villagetname": "சேரந்தாங்கல்             "
  },
  {
    "villagecode": "057",
    "villagename": "Serpapattu               ",
    "villagetname": "சேர்ப்பாப்பட்டு"
  },
  {
    "villagecode": "008",
    "villagename": "Thandarampattu           ",
    "villagetname": "தண்டராம்பட்டு"
  },
  {
    "villagecode": "022",
    "villagename": "Thanipadi                ",
    "villagetname": "தானிப்பாடி"
  },
  {
    "villagecode": "047",
    "villagename": "Thenkarimbalur           ",
    "villagetname": "தென்கரிம்பலூர்           "
  },
  {
    "villagecode": "010",
    "villagename": "Thenmudiyanur            ",
    "villagetname": "தென்முடியனூர்"
  },
  {
    "villagecode": "015",
    "villagename": "Thiruvadathanur          ",
    "villagetname": "திருவடத்தனூர்"
  },
  {
    "villagecode": "041",
    "villagename": "Thondamanur              ",
    "villagetname": "தொண்டமானூர்             "
  },
  {
    "villagecode": "005",
    "villagename": "Thradapattu              ",
    "villagetname": "தரடாப்பட்டு"
  },
  {
    "villagecode": "020",
    "villagename": "T. Veloor                ",
    "villagetname": "டி.வேலூர்"
  },
  {
    "villagecode": "056",
    "villagename": "Vakkilapattu             ",
    "villagetname": "வாக்கிலாப்பட்டு"
  },
  {
    "villagecode": "058",
    "villagename": "Vanapuram                ",
    "villagetname": "வாணாபுரம்"
  },
  {
    "villagecode": "053",
    "villagename": "Varagoor                 ",
    "villagetname": "வரகூர்"
  },
  {
    "villagecode": "045",
    "villagename": "Vazhavachchanur          ",
    "villagetname": "வாழவச்சனூர்              "
  },
  {
    "villagecode": "006",
    "villagename": "Veeranam                 ",
    "villagetname": "வீரணம்                   "
  },
  {
    "villagecode": "019",
    "villagename": "Veppurchekkadi           ",
    "villagetname": "வேப்பூர்செக்கடி"
  }
]
