[
  {
    "villagecode": "021",
    "villagename": "Alakumalai               ",
    "villagetname": "அலகுமலை                                                                                                                      "
  },
  {
    "villagecode": "009",
    "villagename": "Andipalayam              ",
    "villagetname": "ஆண்டிபாளையம்                                                                                                                 "
  },
  {
    "villagecode": "011",
    "villagename": "Iduvoi                   ",
    "villagetname": "இடுவாய்                                                                                                                      "
  },
  {
    "villagecode": "022",
    "villagename": "Kandiyankovil            ",
    "villagetname": "கண்டியன்கோவில்                                                                                                               "
  },
  {
    "villagecode": "010",
    "villagename": "Mangalam                 ",
    "villagetname": "மங்கலம்                                                                                                                      "
  },
  {
    "villagecode": "015",
    "villagename": "Mudalipalayam            ",
    "villagetname": "முதலிபாளையம்                                                                                                                 "
  },
  {
    "villagecode": "013",
    "villagename": "Muthanampalayam          ",
    "villagetname": "முத்தணம்பாளையம்                                                                                                              "
  },
  {
    "villagecode": "016",
    "villagename": "Nachipalayam             ",
    "villagetname": "நாச்சிபாளையம்                                                                                                                "
  },
  {
    "villagecode": "014",
    "villagename": "Nallur                   ",
    "villagetname": "நல்லூர்                                                                                                                      "
  },
  {
    "villagecode": "020",
    "villagename": "North Avinashipalayam    ",
    "villagetname": "வடக்கு அவிநாசிபாளையம்                                                                                                        "
  },
  {
    "villagecode": "017",
    "villagename": "Peruntholuvu             ",
    "villagetname": "பெருந்தொழுவு                                                                                                                 "
  },
  {
    "villagecode": "023",
    "villagename": "South Avinashipalayam    ",
    "villagetname": "தெற்கு அவிநாசிபாளையம்                                                                                                        "
  },
  {
    "villagecode": "018",
    "villagename": "Thonkuttipalayam         ",
    "villagetname": "தொங்குட்டிபாளையம்                                                                                                            "
  },
  {
    "villagecode": "008",
    "villagename": "Tiruppur                 ",
    "villagetname": "திருப்பூர்                                                                                                                   "
  },
  {
    "villagecode": "019",
    "villagename": "Ugayanur                 ",
    "villagetname": "உகாயனூர்                                                                                                                     "
  },
  {
    "villagecode": "012",
    "villagename": "Veerapandi               ",
    "villagetname": "வீரபாண்டி                                                                                                                    "
  }
]
