[
  {
    "villagecode": "090",
    "villagename": "Aiyyur                   ",
    "villagetname": "அய்யூர்                                                                                                                      "
  },
  {
    "villagecode": "100",
    "villagename": "Andimadam                ",
    "villagetname": "ஆண்டிமடம்                                                                                                                    "
  },
  {
    "villagecode": "191",
    "villagename": "Anikuthichan (N)         ",
    "villagetname": "அணிகுதிச்சான் (வ)                                                                                                            "
  },
  {
    "villagecode": "192",
    "villagename": "Anikuthichan (S)         ",
    "villagetname": "அணிகுதிச்சான் (தெ)                                                                                                           "
  },
  {
    "villagecode": "020",
    "villagename": "Athukurichi              ",
    "villagetname": "ஆத்துக்குறிச்சி                                                                                                              "
  },
  {
    "villagecode": "060",
    "villagename": "Azhagapuram              ",
    "villagetname": "அழகாபுரம்                                                                                                                    "
  },
  {
    "villagecode": "260",
    "villagename": "Dhevanur                 ",
    "villagetname": "தேவனூர்                                                                                                                      "
  },
  {
    "villagecode": "080",
    "villagename": "Edayakurichi",
    "villagetname": "இடையக்குறிச்சி                                                                                                               "
  },
  {
    "villagecode": "272",
    "villagename": "Ilaiyur (E)              ",
    "villagetname": "இலையூர் (கி)                                                                                                                 "
  },
  {
    "villagecode": "271",
    "villagename": "Ilaiyur (W)              ",
    "villagetname": "இலையூர் (மே)                                                                                                                 "
  },
  {
    "villagecode": "211",
    "villagename": "Kattathur (N)            ",
    "villagetname": "காட்டாத்தூர் (வ)                                                                                                             "
  },
  {
    "villagecode": "212",
    "villagename": "Kattathur (S)            ",
    "villagetname": "காட்டாத்தூர் (தெ)                                                                                                            "
  },
  {
    "villagecode": "230",
    "villagename": "Kodukkur                 ",
    "villagetname": "கொடுக்கூர்                                                                                                                   "
  },
  {
    "villagecode": "201",
    "villagename": "Koovathur (N)            ",
    "villagetname": "கூவத்தூர் (வ)                                                                                                                "
  },
  {
    "villagecode": "202",
    "villagename": "Koovathur (S)            ",
    "villagetname": "கூவத்தூர் (தெ)                                                                                                               "
  },
  {
    "villagecode": "220",
    "villagename": "Kuvagam                  ",
    "villagetname": "குவாகம்                                                                                                                      "
  },
  {
    "villagecode": "240",
    "villagename": "Maruthur                 ",
    "villagetname": "மருதூர்                                                                                                                      "
  },
  {
    "villagecode": "280",
    "villagename": "Melur                    ",
    "villagetname": "மேலூர்                                                                                                                       "
  },
  {
    "villagecode": "010",
    "villagename": "Olaiyur                  ",
    "villagetname": "ஓலையூர்                                                                                                                      "
  },
  {
    "villagecode": "130",
    "villagename": "Periyakrishnapuram       ",
    "villagetname": "பெரியகிருஷ்ணாபுரம்                                                                                                           "
  },
  {
    "villagecode": "040",
    "villagename": "Rangiyam                 ",
    "villagetname": "ராங்கியம்                                                                                                                    "
  },
  {
    "villagecode": "071",
    "villagename": "Silambur (N)             ",
    "villagetname": "சிலம்பூர் (வ)                                                                                                                "
  },
  {
    "villagecode": "072",
    "villagename": "Silambur (S)             ",
    "villagetname": "சிலம்பூர் (தெ)                                                                                                               "
  },
  {
    "villagecode": "050",
    "villagename": "Siluvaicheri             ",
    "villagetname": "சிலுவைச்சேரி                                                                                                                 "
  },
  {
    "villagecode": "030",
    "villagename": "Sriraman                 ",
    "villagetname": "ஸ்ரீராமன்                                                                                                                    "
  },
  {
    "villagecode": "140",
    "villagename": "Thirukalapur             ",
    "villagetname": "திருக்களப்பூர்                                                                                                               "
  },
  {
    "villagecode": "120",
    "villagename": "Varadharajanpettai       ",
    "villagetname": "வரதராஜன்பேட்டை                                                                                                               "
  },
  {
    "villagecode": "250",
    "villagename": "Variyankaval             ",
    "villagetname": "வாரியங்காவல்                                                                                                                 "
  },
  {
    "villagecode": "111",
    "villagename": "Vilanthai (N)            ",
    "villagetname": "விளந்தை (வ)                                                                                                                  "
  },
  {
    "villagecode": "112",
    "villagename": "Vilanthai (S)            ",
    "villagetname": "விளந்தை (தெ)                                                                                                                 "
  }
]
