[
  {
    "villagecode": "330",
    "villagename": "Agaramsegoor             ",
    "villagetname": "அகரம்சிகூர்                                                                                                                  "
  },
  {
    "villagecode": "120",
    "villagename": "Anti Kurumbalur          ",
    "villagetname": "ஆண்டிக்குரும்பூர்                                                                                                            "
  },
  {
    "villagecode": "480",
    "villagename": "Asur                     ",
    "villagetname": "அசூர்                                                                                                                        "
  },
  {
    "villagecode": "321",
    "villagename": "Athiyur(N)               ",
    "villagetname": "அத்தியூர் (வ)                                                                                                                "
  },
  {
    "villagecode": "322",
    "villagename": "Athiyur(S)               ",
    "villagetname": "அத்தியூர் (தெ)                                                                                                               "
  },
  {
    "villagecode": "472",
    "villagename": "Elumur(E)                ",
    "villagetname": "எழுமூர் (கி)                                                                                                                 "
  },
  {
    "villagecode": "471",
    "villagename": "Elumur(W)                ",
    "villagetname": "எழுமூர் (மே)                                                                                                                 "
  },
  {
    "villagecode": "391",
    "villagename": "Kadur(N)                 ",
    "villagetname": "காடூர் (வ)                                                                                                                   "
  },
  {
    "villagecode": "392",
    "villagename": "Kadur(S)                 ",
    "villagetname": "காடூர் (தெ)                                                                                                                  "
  },
  {
    "villagecode": "350",
    "villagename": "Kelaperambalur           ",
    "villagetname": "கீழப்பெரம்பலுார்                                                                                                             "
  },
  {
    "villagecode": "531",
    "villagename": "Kelapuliyur(N)           ",
    "villagetname": "கீழப்புலியூர் (வ)                                                                                                            "
  },
  {
    "villagecode": "532",
    "villagename": "Kelapuliyur(S)           ",
    "villagetname": "கீழப்புலியூர் (தெ)                                                                                                           "
  },
  {
    "villagecode": "311",
    "villagename": "Killumathur(N)           ",
    "villagetname": "கிழுமத்தூர் (வ)                                                                                                              "
  },
  {
    "villagecode": "312",
    "villagename": "Kilumathur(S)            ",
    "villagetname": "கிழுமத்தூர் (தெ)                                                                                                             "
  },
  {
    "villagecode": "160",
    "villagename": "Kulapadi                 ",
    "villagetname": "குளப்பாடி                                                                                                                    "
  },
  {
    "villagecode": "490",
    "villagename": "Kunnam                   ",
    "villagetname": "குன்னம்                                                                                                                      "
  },
  {
    "villagecode": "150",
    "villagename": "Malavarayanallur         ",
    "villagetname": "மழவராயநல்லூர்                                                                                                                "
  },
  {
    "villagecode": "442",
    "villagename": "Nannai(E)                ",
    "villagetname": "நன்னை (கி)                                                                                                                   "
  },
  {
    "villagecode": "441",
    "villagename": "Nannai(W)                ",
    "villagetname": "நன்னை (மே)                                                                                                                   "
  },
  {
    "villagecode": "302",
    "villagename": "Ogalur(E)                ",
    "villagetname": "ஒகளூர் (கி)                                                                                                                  "
  },
  {
    "villagecode": "301",
    "villagename": "Ogalur(W)                ",
    "villagetname": "ஒகளூர் (மே)                                                                                                                  "
  },
  {
    "villagecode": "372",
    "villagename": "Olaipadi(E)              ",
    "villagetname": "ஓலைப்பாடி (கி)                                                                                                               "
  },
  {
    "villagecode": "371",
    "villagename": "Olaipadi(W)              ",
    "villagetname": "ஓலைப்பாடி (மே)                                                                                                               "
  },
  {
    "villagecode": "510",
    "villagename": "Othiyam                  ",
    "villagetname": "ஒதியம்                                                                                                                       "
  },
  {
    "villagecode": "432",
    "villagename": "Paravai(E)               ",
    "villagetname": "பரவாய் (கி)                                                                                                                  "
  },
  {
    "villagecode": "431",
    "villagename": "Paravai(W)               ",
    "villagetname": "பரவாய் (மே)                                                                                                                  "
  },
  {
    "villagecode": "281",
    "villagename": "Pennakonam(N)            ",
    "villagetname": "பென்னகோணம் (வ)                                                                                                               "
  },
  {
    "villagecode": "282",
    "villagename": "Pennakonam(S)            ",
    "villagetname": "பென்னகோணம் (தெ)                                                                                                              "
  },
  {
    "villagecode": "681",
    "villagename": "Perali(N)                ",
    "villagetname": "பேரளி (வ)                                                                                                                    "
  },
  {
    "villagecode": "682",
    "villagename": "Perali(S)                ",
    "villagetname": "பேரளி (தெ)                                                                                                                   "
  },
  {
    "villagecode": "500",
    "villagename": "Periyammapalayam         ",
    "villagetname": "பெரியம்மாபாளையம்                                                                                                             "
  },
  {
    "villagecode": "402",
    "villagename": "Periyavenmani(E)         ",
    "villagetname": "பெரியவெண்மணி (கி)"
  },
  {
    "villagecode": "401",
    "villagename": "Periyavenmani(W)         ",
    "villagetname": "பெரியவெண்மணி (மே) "
  },
  {
    "villagecode": "451",
    "villagename": "Perumathur(N)            ",
    "villagetname": "பெருமத்தூர் (வ)                                                                                                              "
  },
  {
    "villagecode": "452",
    "villagename": "Perumathur(S)            ",
    "villagetname": "பெருமத்தூர் (தெ)                                                                                                             "
  },
  {
    "villagecode": "420",
    "villagename": "Puduvettakudi            ",
    "villagetname": "புதுவேட்டக்குடி                                                                                                              "
  },
  {
    "villagecode": "110",
    "villagename": "S. Adu Thurai            ",
    "villagetname": "ஆடுதுறை                                                                                                                      "
  },
  {
    "villagecode": "460",
    "villagename": "Sirumathur               ",
    "villagetname": "சிறுமத்தூர்                                                                                                                  "
  },
  {
    "villagecode": "522",
    "villagename": "Sithali(E)               ",
    "villagetname": "சித்தளி (கி)                                                                                                                 "
  },
  {
    "villagecode": "521",
    "villagename": "Sithali(W)               ",
    "villagetname": "சித்தளி (மே)                                                                                                                 "
  },
  {
    "villagecode": "270",
    "villagename": "Thirumanthurai           ",
    "villagetname": "திருமாந்துரை                                                                                                                 "
  },
  {
    "villagecode": "381",
    "villagename": "Thungapuram(N)           ",
    "villagetname": "துங்கபுரம் (வ)                                                                                                               "
  },
  {
    "villagecode": "382",
    "villagename": "Thungapuram(S)           ",
    "villagetname": "துங்கபுரம் (தெ)                                                                                                              "
  },
  {
    "villagecode": "290",
    "villagename": "Vadakkalur               ",
    "villagetname": "வடக்கலுார்                                                                                                                   "
  },
  {
    "villagecode": "410",
    "villagename": "Varagur                  ",
    "villagetname": "வரகூர்                                                                                                                       "
  },
  {
    "villagecode": "340",
    "villagename": "Vasistapuram             ",
    "villagetname": "வசிஷ்டபுரம்                                                                                                                  "
  },
  {
    "villagecode": "360",
    "villagename": "Vayalapadi               ",
    "villagetname": "வயலப்பாடி                                                                                                                    "
  }
]
