[
  {
    "villagecode": "040",
    "villagename": "Achamangalam             ",
    "villagetname": "அச்சமங்கலம்                                                                                                                  "
  },
  {
    "villagecode": "051",
    "villagename": "Adiyur                   ",
    "villagetname": "ஆதியுர்                                                                                                                      "
  },
  {
    "villagecode": "083",
    "villagename": "A.K.Mottur               ",
    "villagetname": "ஏ.கே.மோட்டூர்                                                                                                                "
  },
  {
    "villagecode": "107",
    "villagename": "Andiappanur              ",
    "villagetname": "ஆண்டியப்பனூர்                                                                                                                "
  },
  {
    "villagecode": "059",
    "villagename": "Avalnaickenpatti         ",
    "villagetname": "ஆவல்நாயக்கன்பட்டி                                                                                                            "
  },
  {
    "villagecode": "058",
    "villagename": "Badanavadi               ",
    "villagetname": "பதனவாடி                                                                                                                      "
  },
  {
    "villagecode": "046",
    "villagename": "Bommikuppam              ",
    "villagetname": "பொம்மிகுப்பம்                                                                                                                "
  },
  {
    "villagecode": "012",
    "villagename": "Chakkarakuppam           ",
    "villagetname": "சக்கரகுப்பம்                                                                                                                 "
  },
  {
    "villagecode": "026",
    "villagename": "Chinnakandili            ",
    "villagetname": "சின்னகந்திலி                                                                                                                 "
  },
  {
    "villagecode": "071",
    "villagename": "Chinnakannalapatti       ",
    "villagetname": "சின்னகண்ணாலப்பட்டி                                                                                                           "
  },
  {
    "villagecode": "075",
    "villagename": "Chinnarampatti           ",
    "villagetname": "சின்னாரம்பட்டி                                                                                                               "
  },
  {
    "villagecode": "066",
    "villagename": "Chokkanampatti           ",
    "villagetname": "சொக்கனாம்பட்டி                                                                                                               "
  },
  {
    "villagecode": "013",
    "villagename": "Elagirihills             ",
    "villagetname": "ஏலகிரிமலை                                                                                                                    "
  },
  {
    "villagecode": "015",
    "villagename": "Elagiri Village          ",
    "villagetname": "ஏலகிரி கிராமம்                                                                                                               "
  },
  {
    "villagecode": "074",
    "villagename": "Elavampatti              ",
    "villagetname": "இலவம்பட்டி                                                                                                                   "
  },
  {
    "villagecode": "069",
    "villagename": "Errampatti               ",
    "villagetname": "எர்ரம்பட்டி                                                                                                                  "
  },
  {
    "villagecode": "067",
    "villagename": "Genginaickenpatti        ",
    "villagetname": "கெங்கிநாயக்கன்பட்டி                                                                                                          "
  },
  {
    "villagecode": "027",
    "villagename": "Gummidikkanpatti         ",
    "villagetname": "கும்மிடிகாம்பட்டி                                                                                                            "
  },
  {
    "villagecode": "108",
    "villagename": "Irunapattu               ",
    "villagetname": "இருனாம்பட்டு                                                                                                                 "
  },
  {
    "villagecode": "011",
    "villagename": "Jolarpet                 ",
    "villagetname": "ஜோலார்பேட்டை                                                                                                                 "
  },
  {
    "villagecode": "047",
    "villagename": "Kadirampatti             ",
    "villagetname": "கதிரம்பட்டி                                                                                                                  "
  },
  {
    "villagecode": "039",
    "villagename": "Kadirimangalam           ",
    "villagetname": "கதிரிமங்கலம்                                                                                                                 "
  },
  {
    "villagecode": "068",
    "villagename": "Kakkangarai              ",
    "villagetname": "காக்கங்கரை                                                                                                                   "
  },
  {
    "villagecode": "028",
    "villagename": "Kandili                  ",
    "villagetname": "கந்திலி                                                                                                                      "
  },
  {
    "villagecode": "064",
    "villagename": "Karungalipatti           ",
    "villagetname": "கருங்காலிபட்டி                                                                                                               "
  },
  {
    "villagecode": "054",
    "villagename": "Kasinaickenpatti         ",
    "villagetname": "கசிநாயக்கன்பட்டி                                                                                                             "
  },
  {
    "villagecode": "016",
    "villagename": "Katteri                  ",
    "villagetname": "கட்டேரி                                                                                                                      "
  },
  {
    "villagecode": "048",
    "villagename": "Konerikuppam             ",
    "villagetname": "கோனேரிகுப்பம்                                                                                                                "
  },
  {
    "villagecode": "045",
    "villagename": "Koodapattu               ",
    "villagetname": "கூடப்பட்டு                                                                                                                   "
  },
  {
    "villagecode": "076",
    "villagename": "Koratti                  ",
    "villagetname": "கொரட்டி                                                                                                                      "
  },
  {
    "villagecode": "060",
    "villagename": "Krishnapuram             ",
    "villagetname": "கிருஷ்ணாபுரம்                                                                                                                "
  },
  {
    "villagecode": "073",
    "villagename": "Kunichi                  ",
    "villagetname": "குனிச்சி                                                                                                                     "
  },
  {
    "villagecode": "110",
    "villagename": "Kurisilapattu            ",
    "villagetname": "குரிசிலாப்பட்டு                                                                                                              "
  },
  {
    "villagecode": "081",
    "villagename": "Kurumberi                ",
    "villagetname": "குரும்பேரி                                                                                                                   "
  },
  {
    "villagecode": "055",
    "villagename": "Lakkinayakkanpatti       ",
    "villagetname": "இளக்கிநாயக்கன்பட்டி                                                                                                          "
  },
  {
    "villagecode": "043",
    "villagename": "Madapalli                ",
    "villagetname": "மாடப்பள்ளி                                                                                                                   "
  },
  {
    "villagecode": "025",
    "villagename": "Mandalanayanagunda       ",
    "villagetname": "மண்டலநாயணகுண்டா                                                                                                              "
  },
  {
    "villagecode": "009",
    "villagename": "Mandalavadi              ",
    "villagetname": "மண்டலவாடி                                                                                                                    "
  },
  {
    "villagecode": "104",
    "villagename": "Marimanikuppam           ",
    "villagetname": "மரிமாணிகுப்பம்                                                                                                               "
  },
  {
    "villagecode": "082",
    "villagename": "Matrapalli               ",
    "villagetname": "மட்றப்பள்ளி                                                                                                                  "
  },
  {
    "villagecode": "052",
    "villagename": "Mulagarampatti           ",
    "villagetname": "மொளகரம்பட்டி                                                                                                                 "
  },
  {
    "villagecode": "106",
    "villagename": "Nachiyarkuppam           ",
    "villagetname": "நாச்சியார்குப்பம்                                                                                                            "
  },
  {
    "villagecode": "065",
    "villagename": "Naravindampatti          ",
    "villagetname": "நரவிந்தம்பட்டி                                                                                                               "
  },
  {
    "villagecode": "057",
    "villagename": "Nariyaneri               ",
    "villagetname": "நரியனேரி                                                                                                                     "
  },
  {
    "villagecode": "063",
    "villagename": "Natham                   ",
    "villagetname": "நத்தம்                                                                                                                       "
  },
  {
    "villagecode": "086",
    "villagename": "Nellivasalnadu           ",
    "villagetname": "நெல்லிவாசல்நாடு                                                                                                              "
  },
  {
    "villagecode": "041",
    "villagename": "Pachal                   ",
    "villagetname": "பாச்சல்                                                                                                                      "
  },
  {
    "villagecode": "014",
    "villagename": "Palnangkuppam            ",
    "villagetname": "பால்னாங்குப்பம்                                                                                                              "
  },
  {
    "villagecode": "079",
    "villagename": "Perampattu               ",
    "villagetname": "பேராம்பட்டு                                                                                                                  "
  },
  {
    "villagecode": "056",
    "villagename": "Periyagaram              ",
    "villagetname": "பெரியகரம்                                                                                                                    "
  },
  {
    "villagecode": "070",
    "villagename": "Periyakannalapatti       ",
    "villagetname": "பெரியகண்ணாலப்பட்டி                                                                                                           "
  },
  {
    "villagecode": "109",
    "villagename": "Perumapattuu             ",
    "villagetname": "பெருமாப்பட்டு                                                                                                                "
  },
  {
    "villagecode": "010",
    "villagename": "Ponneri                  ",
    "villagetname": "பொன்னேரி                                                                                                                     "
  },
  {
    "villagecode": "105",
    "villagename": "Poonkulam                ",
    "villagetname": "பூங்குளம்                                                                                                                    "
  },
  {
    "villagecode": "062",
    "villagename": "Pudupatti                ",
    "villagetname": "புதுப்பட்டி                                                                                                                  "
  },
  {
    "villagecode": "085",
    "villagename": "Pudurnadu                ",
    "villagetname": "புதூர்நாடு                                                                                                                   "
  },
  {
    "villagecode": "084",
    "villagename": "Pungampattunadu          ",
    "villagetname": "புங்கம்பட்டுநாடு                                                                                                             "
  },
  {
    "villagecode": "050",
    "villagename": "Rachamangalam            ",
    "villagetname": "ராச்சமங்கலம்                                                                                                                 "
  },
  {
    "villagecode": "072",
    "villagename": "Sevvathur                ",
    "villagetname": "செவ்வாத்தூர்                                                                                                                 "
  },
  {
    "villagecode": "080",
    "villagename": "Simmanapudur             ",
    "villagetname": "சிம்மணபுதூர்                                                                                                                 "
  },
  {
    "villagecode": "053",
    "villagename": "S.Pallipattu             ",
    "villagetname": "எஸ்.பள்ளிபட்டு                                                                                                               "
  },
  {
    "villagecode": "061",
    "villagename": "Sundarampalli            ",
    "villagetname": "சுந்தரம்பள்ளி                                                                                                                "
  },
  {
    "villagecode": "017",
    "villagename": "Thamalerimuthur          ",
    "villagetname": "தாமலேரிமுத்தூர்                                                                                                              "
  },
  {
    "villagecode": "044",
    "villagename": "Thathavalli              ",
    "villagetname": "தாதவள்ளி                                                                                                                     "
  },
  {
    "villagecode": "029",
    "villagename": "Thokkiyam                ",
    "villagetname": "தோக்கியம்                                                                                                                    "
  },
  {
    "villagecode": "042",
    "villagename": "Tirupathur Village",
    "villagetname": "திருப்பத்தூர் கிராமம்                                                                                                        "
  },
  {
    "villagecode": "077",
    "villagename": "Uthayamuthur             ",
    "villagetname": "உடையாமுத்தூர்                                                                                                                "
  },
  {
    "villagecode": "049",
    "villagename": "Vengalapuram             ",
    "villagetname": "வெங்களாபுரம்                                                                                                                 "
  },
  {
    "villagecode": "078",
    "villagename": "Vishamangalam            ",
    "villagetname": "விஷமங்கலம்                                                                                                                   "
  }
]
