[
  {
    "villagecode": "171",
    "villagename": "Abinimangalam            ",
    "villagetname": "அபினிமங்கலம்                                                                                                                 "
  },
  {
    "villagecode": "024",
    "villagename": "Alagapuri                ",
    "villagetname": "அழகாபுரி                                                                                                                     "
  },
  {
    "villagecode": "020",
    "villagename": "Alathudaiyanpati         ",
    "villagetname": "ஆலத்துடையான்பட்டி                                                                                                            "
  },
  {
    "villagecode": "046",
    "villagename": "Ammapatti                ",
    "villagetname": "அம்மாபட்டி                                                                                                                   "
  },
  {
    "villagecode": "058",
    "villagename": "Athanoor                 ",
    "villagetname": "ஆதனூர்                                                                                                                       "
  },
  {
    "villagecode": "192",
    "villagename": "Balakrishnampatti East   ",
    "villagetname": "பாலகிருஷ்ணம்பட்டி (கிழக்கு)                                                                                                  "
  },
  {
    "villagecode": "191",
    "villagename": "Balakrishnampatti West   ",
    "villagetname": "பாலகிருஷ்ணம்பட்டி (மேற்கு)                                                                                                   "
  },
  {
    "villagecode": "049",
    "villagename": "Chokanathapuram          ",
    "villagetname": "சொக்கநாதபுரம்                                                                                                                "
  },
  {
    "villagecode": "028",
    "villagename": "E.Fatherpettai           ",
    "villagetname": "எ.பாதர்பேட்டை                                                                                                                "
  },
  {
    "villagecode": "261",
    "villagename": "Eragudi North            ",
    "villagetname": "எரகுடி (வடக்கு)                                                                                                              "
  },
  {
    "villagecode": "262",
    "villagename": "Eragudi South            ",
    "villagetname": "எரகுடி (தெற்கு)                                                                                                              "
  },
  {
    "villagecode": "051",
    "villagename": "Kalingamudaiyanpatti     ",
    "villagetname": "கலிங்கமுடையான்பட்டி                                                                                                          "
  },
  {
    "villagecode": "016",
    "villagename": "Kallathukombai           ",
    "villagetname": "கல்லாத்துகோம்பை                                                                                                              "
  },
  {
    "villagecode": "027",
    "villagename": "Kamachipuram             ",
    "villagetname": "காமாட்சிபுரம்                                                                                                                "
  },
  {
    "villagecode": "057",
    "villagename": "Kannanoor                ",
    "villagetname": "கண்ணனூர்                                                                                                                     "
  },
  {
    "villagecode": "012",
    "villagename": "Karapudaiyanpatti        ",
    "villagetname": "காரப்புடையான்பட்டி                                                                                                           "
  },
  {
    "villagecode": "037",
    "villagename": "Keerampoor               ",
    "villagetname": "கீரம்பூர்                                                                                                                    "
  },
  {
    "villagecode": "050",
    "villagename": "Kollapatti               ",
    "villagetname": "கொல்லபட்டி                                                                                                                   "
  },
  {
    "villagecode": "034",
    "villagename": "Kombai                   ",
    "villagetname": "கோம்பை                                                                                                                       "
  },
  {
    "villagecode": "006",
    "villagename": "Koppamapuri              ",
    "villagetname": "கொப்பமாபுரி                                                                                                                  "
  },
  {
    "villagecode": "005",
    "villagename": "Koppampatti              ",
    "villagetname": "கொப்பம்பட்டி                                                                                                                 "
  },
  {
    "villagecode": "052",
    "villagename": "Kottaiyur                ",
    "villagetname": "கொட்டையூர்                                                                                                                   "
  },
  {
    "villagecode": "152",
    "villagename": "Kottapalayam East        ",
    "villagetname": "கோட்டபாளையம் (கிழக்கு)                                                                                                       "
  },
  {
    "villagecode": "151",
    "villagename": "Kottapalaym West         ",
    "villagetname": "கோட்டபாளையம் (மேற்கு)                                                                                                        "
  },
  {
    "villagecode": "170",
    "villagename": "Kottathur                ",
    "villagetname": "கோட்டாத்தூர்                                                                                                                 "
  },
  {
    "villagecode": "038",
    "villagename": "Maruvathoor              ",
    "villagetname": "மருவத்தூர்                                                                                                                   "
  },
  {
    "villagecode": "039",
    "villagename": "Murugur                  ",
    "villagetname": "முருகூர்                                                                                                                     "
  },
  {
    "villagecode": "043",
    "villagename": "Muthiyamalpalauam        ",
    "villagetname": "முத்தியம்பாளையம்                                                                                                             "
  },
  {
    "villagecode": "044",
    "villagename": "Naduvaloor               ",
    "villagetname": "நடுவலூர்                                                                                                                     "
  },
  {
    "villagecode": "042",
    "villagename": "Nagalapuram              ",
    "villagetname": "நாகலாபுரம்                                                                                                                   "
  },
  {
    "villagecode": "017",
    "villagename": "Nallamathikombai         ",
    "villagetname": "நல்லமாத்திகோம்பை                                                                                                             "
  },
  {
    "villagecode": "029",
    "villagename": "Okkarai                  ",
    "villagetname": "ஒக்கரை                                                                                                                       "
  },
  {
    "villagecode": "009",
    "villagename": "Osarpalli                ",
    "villagetname": "ஓசரப்பள்ளி                                                                                                                   "
  },
  {
    "villagecode": "211",
    "villagename": "Pachaperumalpatti North  ",
    "villagetname": "பச்சப்பெருமாள்பட்டி (வடக்கு)                                                                                                 "
  },
  {
    "villagecode": "212",
    "villagename": "Pachaperumalpatti South  ",
    "villagetname": "பச்சப்பெருமாள்பட்டி (தெற்கு)                                                                                                 "
  },
  {
    "villagecode": "045",
    "villagename": "Pagalavadi               ",
    "villagetname": "பகளவாடி                                                                                                                      "
  },
  {
    "villagecode": "014",
    "villagename": "Pasallikombai            ",
    "villagetname": "பசலிக்கோம்பை                                                                                                                 "
  },
  {
    "villagecode": "022",
    "villagename": "Ponkalayakombai          ",
    "villagetname": "பொக்கலாயகோம்பை                                                                                                               "
  },
  {
    "villagecode": "056",
    "villagename": "Ponnusangampattti        ",
    "villagetname": "பொன்னுசங்கம்பட்டி                                                                                                            "
  },
  {
    "villagecode": "018",
    "villagename": "Pulincholaikombai        ",
    "villagetname": "புளியஞ்சோலை கோம்பை                                                                                                           "
  },
  {
    "villagecode": "172",
    "villagename": "Puthanampatty            ",
    "villagetname": "புத்தனாம்பட்டி                                                                                                               "
  },
  {
    "villagecode": "023",
    "villagename": "Ruthirasakombai          ",
    "villagetname": "ருத்திராட்ச கோம்பை                                                                                                           "
  },
  {
    "villagecode": "003",
    "villagename": "Sangampatti Kombai       ",
    "villagetname": "சங்கம்பட்டிகோம்பை                                                                                                            "
  },
  {
    "villagecode": "004",
    "villagename": "Sankampatti Kombai -2    ",
    "villagetname": "சங்கம்பட்டிகோம்பை -2                                                                                                         "
  },
  {
    "villagecode": "054",
    "villagename": "Seenapanallur            ",
    "villagetname": "சேனப்பநல்லூர்                                                                                                                "
  },
  {
    "villagecode": "036",
    "villagename": "Senkattupati             ",
    "villagetname": "செங்காட்டுப்பட்டி                                                                                                            "
  },
  {
    "villagecode": "301",
    "villagename": "Sikathampoor North       ",
    "villagetname": "சிக்காத்தம்பூர் வடக்கு                                                                                                       "
  },
  {
    "villagecode": "302",
    "villagename": "Sikathampoor South       ",
    "villagetname": "சிக்காத்தம்பூர் தெற்கு                                                                                                       "
  },
  {
    "villagecode": "047",
    "villagename": "Singalanthapuram         ",
    "villagetname": "சிங்களாந்தபுரம்                                                                                                              "
  },
  {
    "villagecode": "031",
    "villagename": "Sirunatham               ",
    "villagetname": "சிறுநத்தம்                                                                                                                   "
  },
  {
    "villagecode": "025",
    "villagename": "Sirunavaloor             ",
    "villagetname": "சிறுநாவலூர்                                                                                                                  "
  },
  {
    "villagecode": "007",
    "villagename": "Sobanapuram              ",
    "villagetname": "சோபனபுரம்                                                                                                                    "
  },
  {
    "villagecode": "002",
    "villagename": "Sukalampatti             ",
    "villagetname": "சுக்கலாம்பட்டி                                                                                                               "
  },
  {
    "villagecode": "001",
    "villagename": "Thalugai                 ",
    "villagetname": "தளுகை                                                                                                                        "
  },
  {
    "villagecode": "008",
    "villagename": "Thenparanadu             ",
    "villagetname": "தென்பரநாடு                                                                                                                   "
  },
  {
    "villagecode": "041",
    "villagename": "Thuraiyur                ",
    "villagetname": "துறையூர்                                                                                                                     "
  },
  {
    "villagecode": "032",
    "villagename": "T.Renganathapuram        ",
    "villagetname": "து.ரெங்கநாதபுரம்                                                                                                             "
  },
  {
    "villagecode": "111",
    "villagename": "Uppliyapuram North       ",
    "villagetname": "உப்பிலியாபுரம் (வடக்கு)                                                                                                      "
  },
  {
    "villagecode": "112",
    "villagename": "Uppliyapuram South       ",
    "villagetname": "உப்பிலியாபுரம் (தெற்கு)                                                                                                      "
  },
  {
    "villagecode": "048",
    "villagename": "Vadakkuveli              ",
    "villagetname": "வடக்குவெளி                                                                                                                   "
  },
  {
    "villagecode": "013",
    "villagename": "Vairichettipalayam       ",
    "villagetname": "வைரிச்செட்டிபாளையம்                                                                                                          "
  },
  {
    "villagecode": "033",
    "villagename": "Vannadu                  ",
    "villagetname": "வண்ணாடு                                                                                                                      "
  },
  {
    "villagecode": "055",
    "villagename": "Veeramachanpatti         ",
    "villagetname": "வீரமச்சான்பட்டி                                                                                                              "
  },
  {
    "villagecode": "035",
    "villagename": "Venkadathanoor           ",
    "villagetname": "வேங்கடத்தானூர்                                                                                                               "
  },
  {
    "villagecode": "010",
    "villagename": "Venkatasalapuram         ",
    "villagetname": "வெங்கடாசலபுரம்                                                                                                               "
  },
  {
    "villagecode": "040",
    "villagename": "Venkateasapuram          ",
    "villagetname": "வெங்கடசேபுரம்                                                                                                                "
  },
  {
    "villagecode": "053",
    "villagename": "Visalakshiammalsamuthiram",
    "villagetname": "விசலாட்சியம்மாள் சமுத்திரம்                                                                                                  "
  }
]
