[
  {
    "villagecode": "024",
    "villagename": "Achukattu                ",
    "villagetname": "அச்சுக்கட்டு                                                                                                                 "
  },
  {
    "villagecode": "152",
    "villagename": "Alapakkam                ",
    "villagetname": "ஆலப்பாக்கம்                                                                                                                  "
  },
  {
    "villagecode": "033",
    "villagename": "Alavantharmedu           ",
    "villagetname": "ஆளவந்தார் மேடு                                                                                                               "
  },
  {
    "villagecode": "046",
    "villagename": "Anchoor                  ",
    "villagetname": "அஞ்சூர்                                                                                                                      "
  },
  {
    "villagecode": "067",
    "villagename": "Arapanancherai           ",
    "villagetname": "அரப்பனஞ்சேரி                                                                                                                 "
  },
  {
    "villagecode": "146",
    "villagename": "Ariyampakkam             ",
    "villagetname": "ஆரியம்பாக்கம்                                                                                                                "
  },
  {
    "villagecode": "018",
    "villagename": "Ariyaperumpakkam         ",
    "villagetname": "ஆரியபெரும்பாக்கம்                                                                                                            "
  },
  {
    "villagecode": "149",
    "villagename": "Athivakkam               ",
    "villagetname": "அத்திவாக்கம்                                                                                                                 "
  },
  {
    "villagecode": "113",
    "villagename": "Attupputhur              ",
    "villagetname": "ஆட்டுப்புத்தூர்                                                                                                              "
  },
  {
    "villagecode": "051",
    "villagename": "Chinnaiyankulam          ",
    "villagetname": "சின்னையங்குளம்                                                                                                               "
  },
  {
    "villagecode": "061",
    "villagename": "Chitharimadu             ",
    "villagetname": "சித்தேரிமேடு                                                                                                                 "
  },
  {
    "villagecode": "120",
    "villagename": "Cietty                   ",
    "villagetname": "சீயட்டி                                                                                                                      "
  },
  {
    "villagecode": "118",
    "villagename": "Ciruvallur               ",
    "villagetname": "சிறுவள்ளுார்                                                                                                                 "
  },
  {
    "villagecode": "001",
    "villagename": "Damal  -  A              ",
    "villagetname": "தாமல் - அ                                                                                                                    "
  },
  {
    "villagecode": "190",
    "villagename": "Damal -  B               ",
    "villagetname": "தாமல் - ஆ                                                                                                                    "
  },
  {
    "villagecode": "191",
    "villagename": "Damal -  C               ",
    "villagetname": "தாமல் - இ                                                                                                                    "
  },
  {
    "villagecode": "198",
    "villagename": "Eanathur - B             ",
    "villagetname": "ஏனாத்தூர் - ஆ                                                                                                                "
  },
  {
    "villagecode": "123",
    "villagename": "Eanchampakkam            ",
    "villagetname": "ஈஞ்சம்பாக்கம்                                                                                                                "
  },
  {
    "villagecode": "210",
    "villagename": "Earivakkam (73)          ",
    "villagetname": "ஏரிவாக்கம்  (73)                                                                                                             "
  },
  {
    "villagecode": "097",
    "villagename": "Enathur - A              ",
    "villagetname": "ஏனாத்தூர் - அ                                                                                                                "
  },
  {
    "villagecode": "114",
    "villagename": "Illupapattu              ",
    "villagetname": "இலுப்பப்பட்டு                                                                                                                "
  },
  {
    "villagecode": "035",
    "villagename": "Iyangarkulam             ",
    "villagetname": "அய்யங்கார்குளம்                                                                                                              "
  },
  {
    "villagecode": "093",
    "villagename": "Kaliyanoor               ",
    "villagetname": "களியனூர்                                                                                                                     "
  },
  {
    "villagecode": "211",
    "villagename": "Kallakambanpattadai (74) ",
    "villagetname": "கள்ளகம்பன் பட்டடை   (74)                                                                                                     "
  },
  {
    "villagecode": "038",
    "villagename": "Kamukampallam            ",
    "villagetname": "கமுகம்பள்ளம்                                                                                                                 "
  },
  {
    "villagecode": "138",
    "villagename": "Kanakambakkam            ",
    "villagetname": "கனகம்பாக்கம்                                                                                                                 "
  },
  {
    "villagecode": "121",
    "villagename": "Karai                    ",
    "villagetname": "காரை                                                                                                                         "
  },
  {
    "villagecode": "212",
    "villagename": "Karapettai               ",
    "villagetname": "காரைப்பேட்டை                                                                                                                 "
  },
  {
    "villagecode": "058",
    "villagename": "Karupadithattai          ",
    "villagetname": "கருப்படிதட்டடை                                                                                                               "
  },
  {
    "villagecode": "102",
    "villagename": "Karur                    ",
    "villagetname": "கரூர்                                                                                                                        "
  },
  {
    "villagecode": "021",
    "villagename": "Keelambi                 ",
    "villagetname": "கீழம்பி                                                                                                                      "
  },
  {
    "villagecode": "002",
    "villagename": "Kilar                    ",
    "villagetname": "கிளார்                                                                                                                       "
  },
  {
    "villagecode": "027",
    "villagename": "Kilkathirpur             ",
    "villagetname": "கீழ்கதிர்பூர்                                                                                                                "
  },
  {
    "villagecode": "062",
    "villagename": "Konerikuppam   - A       ",
    "villagetname": "கோனேரிக்குப்பம்   - அ                                                                                                        "
  },
  {
    "villagecode": "015",
    "villagename": "Kooram - A               ",
    "villagetname": "கூரம் - அ                                                                                                                    "
  },
  {
    "villagecode": "193",
    "villagename": "Kooram - B               ",
    "villagetname": "கூரம் - ஆ                                                                                                                    "
  },
  {
    "villagecode": "057",
    "villagename": "Kottakaval               ",
    "villagetname": "கோட்டக்காவல்                                                                                                                 "
  },
  {
    "villagecode": "135",
    "villagename": "Kottavakkam              ",
    "villagetname": "கொட்டவாக்கம்                                                                                                                 "
  },
  {
    "villagecode": "129",
    "villagename": "Kovindavadi - A          ",
    "villagetname": "கோவிந்தவாடி - அ                                                                                                              "
  },
  {
    "villagecode": "199",
    "villagename": "Kovindavadi - B          ",
    "villagetname": "கோவிந்தவாடி - ஆ                                                                                                              "
  },
  {
    "villagecode": "034",
    "villagename": "Kozhivakkam              ",
    "villagetname": "கோளிவாக்கம்                                                                                                                  "
  },
  {
    "villagecode": "115",
    "villagename": "Kuthirambakkam           ",
    "villagetname": "கூத்திரம்பாக்கம்                                                                                                             "
  },
  {
    "villagecode": "116",
    "villagename": "Madapuram                ",
    "villagetname": "மடப்புரம்                                                                                                                    "
  },
  {
    "villagecode": "029",
    "villagename": "Mangalpadi               ",
    "villagetname": "மங்கல்பாடி                                                                                                                   "
  },
  {
    "villagecode": "134",
    "villagename": "Maniyatchi               ",
    "villagetname": "மணியாச்சி                                                                                                                    "
  },
  {
    "villagecode": "104",
    "villagename": "Marutham                 ",
    "villagetname": "மருதம்                                                                                                                       "
  },
  {
    "villagecode": "020",
    "villagename": "Melambi                  ",
    "villagetname": "மேலம்பி                                                                                                                      "
  },
  {
    "villagecode": "014",
    "villagename": "Melbangaram              ",
    "villagetname": "மேல்பங்காரம்                                                                                                                 "
  },
  {
    "villagecode": "028",
    "villagename": "Melkathirpur             ",
    "villagetname": "மேல்கதிர்பூர்                                                                                                                "
  },
  {
    "villagecode": "008",
    "villagename": "Mel Ottivakkam           ",
    "villagetname": "மேல்ஓட்டிவாக்கம்                                                                                                             "
  },
  {
    "villagecode": "030",
    "villagename": "Mettukuppam              ",
    "villagetname": "மேட்டுக்குப்பம்                                                                                                              "
  },
  {
    "villagecode": "132",
    "villagename": "Moola Pattu              ",
    "villagetname": "மூலப்பட்டு                                                                                                                   "
  },
  {
    "villagecode": "150",
    "villagename": "Mumalpattu               ",
    "villagetname": "மும்மல்பட்டு                                                                                                                 "
  },
  {
    "villagecode": "096",
    "villagename": "Murugan Thangal          ",
    "villagetname": "முருகன்தாங்கல்                                                                                                               "
  },
  {
    "villagecode": "003",
    "villagename": "Musaravakkam - A         ",
    "villagetname": "முசரவாக்கம் - அ                                                                                                              "
  },
  {
    "villagecode": "192",
    "villagename": "Musaravakkam - B         ",
    "villagetname": "முசரவாக்கம் - ஆ                                                                                                              "
  },
  {
    "villagecode": "005",
    "villagename": "Muthavedu                ",
    "villagetname": "முத்தவேடு                                                                                                                    "
  },
  {
    "villagecode": "010",
    "villagename": "Muttavakkam              ",
    "villagetname": "முட்டவாக்கம்                                                                                                                 "
  },
  {
    "villagecode": "032",
    "villagename": "Narapakkam               ",
    "villagetname": "நரப்பாக்கம்                                                                                                                  "
  },
  {
    "villagecode": "071",
    "villagename": "Nasarath Pettai          ",
    "villagetname": "நசரத்பேட்டை                                                                                                                  "
  },
  {
    "villagecode": "066",
    "villagename": "Nathapettai              ",
    "villagetname": "நத்தப்பேட்டை                                                                                                                 "
  },
  {
    "villagecode": "147",
    "villagename": "Neervalur                ",
    "villagetname": "நீர்வளுார்                                                                                                                   "
  },
  {
    "villagecode": "064",
    "villagename": "Nellur                   ",
    "villagetname": "நல்லூர்                                                                                                                      "
  },
  {
    "villagecode": "143",
    "villagename": "Nellvai                  ",
    "villagetname": "நெல்வாய்                                                                                                                     "
  },
  {
    "villagecode": "023",
    "villagename": "Netteri                  ",
    "villagetname": "நெட்டேரி                                                                                                                     "
  },
  {
    "villagecode": "128",
    "villagename": "Ooveri                   ",
    "villagetname": "ஊவேரி                                                                                                                        "
  },
  {
    "villagecode": "052",
    "villagename": "Orrikai                  ",
    "villagetname": "ஓரிக்கை                                                                                                                      "
  },
  {
    "villagecode": "095",
    "villagename": "Ozzhiyur                 ",
    "villagetname": "ஒழையூர்                                                                                                                      "
  },
  {
    "villagecode": "130",
    "villagename": "Padunelli                ",
    "villagetname": "படுநெல்லி                                                                                                                    "
  },
  {
    "villagecode": "137",
    "villagename": "Pallampakkam             ",
    "villagetname": "பள்ளம்பாக்கம்                                                                                                                "
  },
  {
    "villagecode": "060",
    "villagename": "Papankuzhi               ",
    "villagetname": "பாப்பாங்குழி                                                                                                                 "
  },
  {
    "villagecode": "142",
    "villagename": "Paranthur - A            ",
    "villagetname": "பரந்தூர் - அ                                                                                                                 "
  },
  {
    "villagecode": "202",
    "villagename": "Paranthur - B            ",
    "villagetname": "பரந்தூர் - ஆ                                                                                                                 "
  },
  {
    "villagecode": "126",
    "villagename": "Periyakarumpur           ",
    "villagetname": "பெரியகரும்பூர்                                                                                                               "
  },
  {
    "villagecode": "069",
    "villagename": "Periyathottam  - A       ",
    "villagetname": "பெரியதோட்டம்  - அ                                                                                                            "
  },
  {
    "villagecode": "004",
    "villagename": "Perumbakkam              ",
    "villagetname": "பெரும்பாக்கம்                                                                                                                "
  },
  {
    "villagecode": "006",
    "villagename": "Pitchavadi               ",
    "villagetname": "பிச்சவாடி                                                                                                                    "
  },
  {
    "villagecode": "117",
    "villagename": "Podavoor                 ",
    "villagetname": "பொடவூர்                                                                                                                      "
  },
  {
    "villagecode": "136",
    "villagename": "Ponthavakkam             ",
    "villagetname": "போந்தவாக்கம்                                                                                                                 "
  },
  {
    "villagecode": "127",
    "villagename": "Pudupakkam               ",
    "villagetname": "புதுப்பாக்கம்                                                                                                                "
  },
  {
    "villagecode": "131",
    "villagename": "Pullalur  -  A           ",
    "villagetname": "புள்ளலூர் - அ                                                                                                                "
  },
  {
    "villagecode": "200",
    "villagename": "Pullalur - B             ",
    "villagetname": "புள்ளலூர் - ஆ                                                                                                                "
  },
  {
    "villagecode": "036",
    "villagename": "Punchaiarrsanthangal     ",
    "villagetname": "புஞ்சரசந்தாங்கல்                                                                                                             "
  },
  {
    "villagecode": "119",
    "villagename": "Pundithangal             ",
    "villagetname": "பூண்டித்தாங்கல்                                                                                                              "
  },
  {
    "villagecode": "140",
    "villagename": "Purisai                  ",
    "villagetname": "புரிசை                                                                                                                       "
  },
  {
    "villagecode": "133",
    "villagename": "Putheri   (133)          ",
    "villagetname": "புத்தேரி   (133)                                                                                                             "
  },
  {
    "villagecode": "026",
    "villagename": "Putheri   (26)           ",
    "villagetname": "புத்தேரி  (26)                                                                                                               "
  },
  {
    "villagecode": "031",
    "villagename": "Sadathangal              ",
    "villagetname": "சடந்தாங்கல்                                                                                                                  "
  },
  {
    "villagecode": "101",
    "villagename": "Sekankulam               ",
    "villagetname": "சேக்காங்குளம்                                                                                                                "
  },
  {
    "villagecode": "098",
    "villagename": "Semanthangal             ",
    "villagetname": "சேமந்தாங்கல்                                                                                                                 "
  },
  {
    "villagecode": "016",
    "villagename": "Sembarambakkam           ",
    "villagetname": "செம்பரம்பாக்கம்                                                                                                              "
  },
  {
    "villagecode": "054",
    "villagename": "Sevilimadu - A           ",
    "villagetname": "செவிலிமேடு - அ                                                                                                               "
  },
  {
    "villagecode": "195",
    "villagename": "Sevilimedu - B           ",
    "villagetname": "செவிலிமேடு - ஆ                                                                                                               "
  },
  {
    "villagecode": "112",
    "villagename": "Singadivakkam            ",
    "villagetname": "சிங்காடிவாக்கம்                                                                                                              "
  },
  {
    "villagecode": "022",
    "villagename": "Sirukaveripakkam         ",
    "villagetname": "சிறுகாவேரிப்பாக்கம்                                                                                                          "
  },
  {
    "villagecode": "019",
    "villagename": "Sirunaiperukal           ",
    "villagetname": "சிறுனைபெருகல்                                                                                                                "
  },
  {
    "villagecode": "122",
    "villagename": "Siruvakkam               ",
    "villagetname": "சிறுவாக்கம்                                                                                                                  "
  },
  {
    "villagecode": "148",
    "villagename": "Siruvedal                ",
    "villagetname": "சிறுவேடல்                                                                                                                    "
  },
  {
    "villagecode": "100",
    "villagename": "Sittiampakkam            ",
    "villagetname": "சிட்டியம்பாக்கம்                                                                                                             "
  },
  {
    "villagecode": "153",
    "villagename": "Surameni Kuppam          ",
    "villagetname": "சூரமேனிகுப்பம்                                                                                                               "
  },
  {
    "villagecode": "139",
    "villagename": "Thandalam   (139)        ",
    "villagetname": "தண்டலம்  (139)                                                                                                               "
  },
  {
    "villagecode": "144",
    "villagename": "Thandalam   (140)        ",
    "villagetname": "தண்டலம்  (140)                                                                                                               "
  },
  {
    "villagecode": "070",
    "villagename": "Thattitoppu              ",
    "villagetname": "தாட்டித்தோப்பு                                                                                                               "
  },
  {
    "villagecode": "011",
    "villagename": "Thayapakkam              ",
    "villagetname": "தைப்பாக்கம்                                                                                                                  "
  },
  {
    "villagecode": "049",
    "villagename": "Thenampakkam             ",
    "villagetname": "தேனம்பாக்கம்                                                                                                                 "
  },
  {
    "villagecode": "059",
    "villagename": "Thimmasamuthiram         ",
    "villagetname": "திம்மசமுத்திரம்                                                                                                              "
  },
  {
    "villagecode": "063",
    "villagename": "Thirumalpadi Thangal     ",
    "villagetname": "திருமால்பாடி தாங்கல்                                                                                                         "
  },
  {
    "villagecode": "151",
    "villagename": "Thirumalpattu            ",
    "villagetname": "திருமால்பட்டு                                                                                                                "
  },
  {
    "villagecode": "068",
    "villagename": "Thiruveethipallm         ",
    "villagetname": "திருவீதிபள்ளம்                                                                                                               "
  },
  {
    "villagecode": "145",
    "villagename": "Thodur                   ",
    "villagetname": "தொடூர்                                                                                                                       "
  },
  {
    "villagecode": "017",
    "villagename": "Thulungamthandalam       ",
    "villagetname": "துலங்கும்தண்டலம்                                                                                                             "
  },
  {
    "villagecode": "009",
    "villagename": "Tirupukuzhi              ",
    "villagetname": "திருப்புக்குழி                                                                                                               "
  },
  {
    "villagecode": "012",
    "villagename": "Uzhakkolpattu            ",
    "villagetname": "உழக்கோல்பட்டு                                                                                                                "
  },
  {
    "villagecode": "065",
    "villagename": "Vaiyavur                 ",
    "villagetname": "வையாவூர்                                                                                                                     "
  },
  {
    "villagecode": "037",
    "villagename": "Valathottam              ",
    "villagetname": "வளத்தோட்டம்                                                                                                                  "
  },
  {
    "villagecode": "201",
    "villagename": "Valathur - B             ",
    "villagetname": "வளத்தூர் - ஆ                                                                                                                 "
  },
  {
    "villagecode": "141",
    "villagename": "Vallathur - A            ",
    "villagetname": "வளத்தூர் - அ                                                                                                                 "
  },
  {
    "villagecode": "013",
    "villagename": "Vathiyur                 ",
    "villagetname": "வதியூர்                                                                                                                      "
  },
  {
    "villagecode": "099",
    "villagename": "Vedal   (99)             ",
    "villagetname": "வேடல் (99)                                                                                                                   "
  },
  {
    "villagecode": "050",
    "villagename": "Veerambadi               ",
    "villagetname": "வீரம்பாடி                                                                                                                    "
  },
  {
    "villagecode": "053",
    "villagename": "Velingapattatai          ",
    "villagetname": "வேளிங்கபட்டரை                                                                                                                "
  },
  {
    "villagecode": "125",
    "villagename": "Velliyur                 ",
    "villagetname": "வேளியூர்                                                                                                                     "
  },
  {
    "villagecode": "055",
    "villagename": "Vippedu                  ",
    "villagetname": "விப்பேடு                                                                                                                     "
  },
  {
    "villagecode": "124",
    "villagename": "Vishakandi Kuppam        ",
    "villagetname": "விஷக்கண்டிகுப்பம்                                                                                                            "
  },
  {
    "villagecode": "056",
    "villagename": "Vishnu Kanchi - A        ",
    "villagetname": "விஷ்ணுகாஞ்சி - அ                                                                                                             "
  },
  {
    "villagecode": "007",
    "villagename": "Vissar                   ",
    "villagetname": "விஷார்                                                                                                                       "
  }
]
