[
  {
    "villagecode": "049",
    "villagename": "Achampatti               ",
    "villagetname": "49 அச்சம்பட்டி                                                                                                               "
  },
  {
    "villagecode": "041",
    "villagename": "Alagapuri                ",
    "villagetname": "41 அழகாபுரி                                                                                                                  "
  },
  {
    "villagecode": "042",
    "villagename": "Alanganallur             ",
    "villagetname": "42 அலங்காநல்லூர்                                                                                                             "
  },
  {
    "villagecode": "036",
    "villagename": "Amaradakki               ",
    "villagetname": "36 அமரடக்கி                                                                                                                  "
  },
  {
    "villagecode": "052",
    "villagename": "Athanur                  ",
    "villagetname": "52 ஆதனூர்                                                                                                                    "
  },
  {
    "villagecode": "014",
    "villagename": "Ayan Kuruvithurai        ",
    "villagetname": "14 அயன்குருவித்துறை                                                                                                          "
  },
  {
    "villagecode": "018",
    "villagename": "Ayan Thenkarai           ",
    "villagetname": "18 அயன்தென்கரை                                                                                                               "
  },
  {
    "villagecode": "006",
    "villagename": "Ayyur                    ",
    "villagetname": "54 அய்யூர்                                                                                                                   "
  },
  {
    "villagecode": "010",
    "villagename": "Bodinayakanpatti         ",
    "villagetname": "10 போடிநாயக்கன்பட்டி                                                                                                         "
  },
  {
    "villagecode": "005",
    "villagename": "Chinnamanaickanpatti     ",
    "villagetname": "5 சின்னமநாயக்கன்பட்டி                                                                                                        "
  },
  {
    "villagecode": "100",
    "villagename": "Devaseri                 ",
    "villagetname": "55 தேவசேரி                                                                                                                   "
  },
  {
    "villagecode": "056",
    "villagename": "Errampatti               ",
    "villagetname": "58 எர்ரம்பட்டி                                                                                                               "
  },
  {
    "villagecode": "048",
    "villagename": "Ilavankulam              ",
    "villagetname": "48 இலவன்குளம்                                                                                                                "
  },
  {
    "villagecode": "012",
    "villagename": "Irumbadi                 ",
    "villagetname": "12 இரும்பாடி                                                                                                                 "
  },
  {
    "villagecode": "020",
    "villagename": "Kachirairuppu            ",
    "villagetname": "20 கச்சிராயிருப்பு                                                                                                           "
  },
  {
    "villagecode": "044",
    "villagename": "Kallanai                 ",
    "villagetname": "44 கல்லணை                                                                                                                    "
  },
  {
    "villagecode": "035",
    "villagename": "Kallivelippatti          ",
    "villagetname": "35 கள்ளிவேலிபட்டி                                                                                                            "
  },
  {
    "villagecode": "013",
    "villagename": "Karuppatti               ",
    "villagetname": "13 கருப்பட்டி                                                                                                                "
  },
  {
    "villagecode": "003",
    "villagename": "Katchaikatti             ",
    "villagetname": "3 கச்சைகட்டி                                                                                                                 "
  },
  {
    "villagecode": "008",
    "villagename": "Kattakulam               ",
    "villagetname": "8 கட்டக்குளம்                                                                                                                "
  },
  {
    "villagecode": "040",
    "villagename": "Keelakarai               ",
    "villagetname": "40 கீழக்கரை                                                                                                                  "
  },
  {
    "villagecode": "057",
    "villagename": "Keelasinnampatti         ",
    "villagetname": "59 கீழசின்னனம்பட்டி                                                                                                          "
  },
  {
    "villagecode": "064",
    "villagename": "Kodangippatti            ",
    "villagetname": "66 கோடாங்கிப்பட்டி                                                                                                           "
  },
  {
    "villagecode": "072",
    "villagename": "Konappatti               ",
    "villagetname": "74 கோணப்பட்டி                                                                                                                "
  },
  {
    "villagecode": "033",
    "villagename": "Kondayampatti            ",
    "villagetname": "33 கொண்டையம்பட்டி                                                                                                            "
  },
  {
    "villagecode": "932",
    "villagename": "Kovil Kuruvithurai       ",
    "villagetname": "15 கோவில்குருவித்துறை                                                                                                        "
  },
  {
    "villagecode": "054",
    "villagename": "Kovilpatti               ",
    "villagetname": "56 அ.கோவில்பட்டி                                                                                                             "
  },
  {
    "villagecode": "007",
    "villagename": "Kovil Thenkarai          ",
    "villagetname": "21 கோவில்தென்கரை                                                                                                             "
  },
  {
    "villagecode": "069",
    "villagename": "Krishnapuram             ",
    "villagetname": "71 கிருஷ்ணாபுரம்                                                                                                             "
  },
  {
    "villagecode": "001",
    "villagename": "Kulasekarankottai        ",
    "villagetname": "1 குலசேகரன்கோட்டை                                                                                                            "
  },
  {
    "villagecode": "045",
    "villagename": "Kumaram                  ",
    "villagetname": "45 குமாரம்                                                                                                                   "
  },
  {
    "villagecode": "039",
    "villagename": "Kuttimeikkipatti         ",
    "villagetname": "39 குட்டிமேய்க்கிப்பட்டி                                                                                                     "
  },
  {
    "villagecode": "060",
    "villagename": "Manickampatti            ",
    "villagetname": "62 மாணிக்கம்பட்டி                                                                                                            "
  },
  {
    "villagecode": "046",
    "villagename": "Maniyanchi               ",
    "villagetname": "46 மணியஞ்சி                                                                                                                  "
  },
  {
    "villagecode": "016",
    "villagename": "Mannadimangalam          ",
    "villagetname": "16 மன்னாடிமங்கலம்                                                                                                            "
  },
  {
    "villagecode": "019",
    "villagename": "Melakkal                 ",
    "villagetname": "19 மேலக்கால்                                                                                                                 "
  },
  {
    "villagecode": "066",
    "villagename": "Mettupatti               ",
    "villagetname": "68 மேட்டுப்பட்டி                                                                                                             "
  },
  {
    "villagecode": "059",
    "villagename": "Muduvarpatti             ",
    "villagetname": "61 முடுவார்பட்டி                                                                                                             "
  },
  {
    "villagecode": "017",
    "villagename": "Mullipallam              ",
    "villagetname": "17 முள்ளிப்பள்ளம்                                                                                                            "
  },
  {
    "villagecode": "011",
    "villagename": "Nachikulam               ",
    "villagetname": "11 நாச்சிகுளம்                                                                                                               "
  },
  {
    "villagecode": "029",
    "villagename": "Nagari                   ",
    "villagetname": "29 நகரி                                                                                                                      "
  },
  {
    "villagecode": "027",
    "villagename": "Nedunkulam               ",
    "villagetname": "27 நெடுங்குளம்                                                                                                               "
  },
  {
    "villagecode": "009",
    "villagename": "Neerathan                ",
    "villagetname": "9 நீரேத்தான்                                                                                                                 "
  },
  {
    "villagecode": "070",
    "villagename": "Palamedu                 ",
    "villagetname": "72 பாலமேடு                                                                                                                   "
  },
  {
    "villagecode": "050",
    "villagename": "Pannaikudi               ",
    "villagetname": "50 பண்ணைக்குடி                                                                                                               "
  },
  {
    "villagecode": "063",
    "villagename": "Paraippatti              ",
    "villagetname": "65 பாறைப்பட்டி                                                                                                               "
  },
  {
    "villagecode": "043",
    "villagename": "Parali                   ",
    "villagetname": "43 பரளி                                                                                                                      "
  },
  {
    "villagecode": "038",
    "villagename": "Periya Ilanthaikulam     ",
    "villagetname": "38 பெரியஇலந்தைக்குளம்                                                                                                        "
  },
  {
    "villagecode": "022",
    "villagename": "Pettai                   ",
    "villagetname": "22 பேட்டை                                                                                                                    "
  },
  {
    "villagecode": "068",
    "villagename": "Rajakkalpatti            ",
    "villagetname": "70 ராஜாக்காள்பட்டி                                                                                                           "
  },
  {
    "villagecode": "074",
    "villagename": "Ramagowndanpatti         ",
    "villagetname": "76 இராமக்கவுண்டன்பட்டி                                                                                                       "
  },
  {
    "villagecode": "034",
    "villagename": "Sambakkulam              ",
    "villagetname": "34 சம்பக்குளம்                                                                                                               "
  },
  {
    "villagecode": "062",
    "villagename": "Saranthangi              ",
    "villagetname": "64 சரந்தாங்கி                                                                                                                "
  },
  {
    "villagecode": "067",
    "villagename": "Sathiravellalapatti      ",
    "villagetname": "69 சத்திரவெள்ளாளப்பட்டி                                                                                                      "
  },
  {
    "villagecode": "071",
    "villagename": "Sempatti                 ",
    "villagetname": "73 செம்பட்டி                                                                                                                 "
  },
  {
    "villagecode": "065",
    "villagename": "Senthamangalam           ",
    "villagetname": "67 சேந்தமங்கலம்                                                                                                              "
  },
  {
    "villagecode": "023",
    "villagename": "Sholavandan              ",
    "villagetname": "23 சோழவந்தான்                                                                                                                "
  },
  {
    "villagecode": "037",
    "villagename": "Sinna Ilanthaikulam      ",
    "villagetname": "37 சின்னஇலந்தைக்குளம்                                                                                                        "
  },
  {
    "villagecode": "031",
    "villagename": "Sithalankudi             ",
    "villagetname": "31 சித்தாலங்குடி                                                                                                             "
  },
  {
    "villagecode": "024",
    "villagename": "Solaikurichi             ",
    "villagetname": "24 சோலைக்குறிச்சி                                                                                                            "
  },
  {
    "villagecode": "058",
    "villagename": "Sukkampatti              ",
    "villagetname": "60 சுக்காம்பட்டி                                                                                                             "
  },
  {
    "villagecode": "108",
    "villagename": "T.Andipatti              ",
    "villagetname": "6 டி.ஆண்டிப்பட்டி                                                                                                            "
  },
  {
    "villagecode": "047",
    "villagename": "Thandalai                ",
    "villagetname": "47 தண்டலை                                                                                                                    "
  },
  {
    "villagecode": "032",
    "villagename": "Thanichiyam              ",
    "villagetname": "32 தனிச்சியம்                                                                                                                "
  },
  {
    "villagecode": "004",
    "villagename": "Thathampatti             ",
    "villagetname": "4 தாதம்பட்டி                                                                                                                 "
  },
  {
    "villagecode": "030",
    "villagename": "Thattankulam             ",
    "villagetname": "30 தட்டான்குளம்                                                                                                              "
  },
  {
    "villagecode": "073",
    "villagename": "Thethur                  ",
    "villagetname": "75 தெத்தூர்                                                                                                                  "
  },
  {
    "villagecode": "026",
    "villagename": "Thirumalnatham           ",
    "villagetname": "26 திருமால்நத்தம்                                                                                                            "
  },
  {
    "villagecode": "028",
    "villagename": "Thiruvalavayanallur      ",
    "villagetname": "28 திருவாலவாயநல்லூர்                                                                                                         "
  },
  {
    "villagecode": "025",
    "villagename": "Thiruvedagam             ",
    "villagetname": "25 திருவேடகம்                                                                                                                "
  },
  {
    "villagecode": "109",
    "villagename": "Thumbichampatti          ",
    "villagetname": "7 தும்பிச்சம்பட்டி                                                                                                           "
  },
  {
    "villagecode": "053",
    "villagename": "Urseri                   ",
    "villagetname": "53 ஊர்சேரி                                                                                                                   "
  },
  {
    "villagecode": "055",
    "villagename": "Vaikasipatti             ",
    "villagetname": "57 வைகாசிப்பட்டி                                                                                                             "
  },
  {
    "villagecode": "075",
    "villagename": "Valayapatti              ",
    "villagetname": "77 வலையபட்டி                                                                                                                 "
  },
  {
    "villagecode": "051",
    "villagename": "Vavida Maruthur          ",
    "villagetname": "51 வாவிடமருதூர்                                                                                                              "
  },
  {
    "villagecode": "061",
    "villagename": "Vellayampatti            ",
    "villagetname": "63 வெள்ளையம்பட்டி                                                                                                            "
  },
  {
    "villagecode": "002",
    "villagename": "Viralipatti              ",
    "villagetname": "2 விராலிப்பட்டி                                                                                                              "
  }
]
