[
  {
    "villagecode": "001",
    "villagename": "Cherumulli 1             ",
    "villagetname": "செறுமுள்ளி 1                                                                                                                 "
  },
  {
    "villagecode": "009",
    "villagename": "Cherumulli 2             ",
    "villagetname": "செறுமுள்ளி 2                                                                                                                 "
  },
  {
    "villagecode": "020",
    "villagename": "Cherumulli 2 Ca          ",
    "villagetname": "செறுமுள்ளி 2 சி.ஏ                                                                                                            "
  },
  {
    "villagecode": "005",
    "villagename": " Devala 1                ",
    "villagetname": "தேவாலா 1                                                                                                                     "
  },
  {
    "villagecode": "016",
    "villagename": "Devala 1 - Ca            ",
    "villagetname": "தேவாலா 1 - சி.ஏ                                                                                                              "
  },
  {
    "villagecode": "012",
    "villagename": "Devala 2                 ",
    "villagetname": "தேவாலா 2                                                                                                                     "
  },
  {
    "villagecode": "017",
    "villagename": "Devala 2 - Ca            ",
    "villagetname": "தேவாலா 2 - சிஏ                                                                                                               "
  },
  {
    "villagecode": "006",
    "villagename": "Gudalur 1                ",
    "villagetname": "கூடலூர் 1                                                                                                                    "
  },
  {
    "villagecode": "014",
    "villagename": "Gudalur 1- Ca            ",
    "villagetname": "கூடலூர் 1 - சி.ஏ                                                                                                             "
  },
  {
    "villagecode": "022",
    "villagename": "Gudalur 1 - Gr           ",
    "villagetname": "கூடலூர் 1 ஜிஆர்                                                                                                              "
  },
  {
    "villagecode": "011",
    "villagename": "Gudalur 2                ",
    "villagetname": "கூடலூர் 2                                                                                                                    "
  },
  {
    "villagecode": "015",
    "villagename": "Gudalur 2 - Ca           ",
    "villagetname": "கூடலூர் 2 - சிஏ                                                                                                              "
  },
  {
    "villagecode": "013",
    "villagename": "Gudalur - 2 Gr           ",
    "villagetname": "கூடலூர் - 2 ஜி.ஆர்.                                                                                                          "
  },
  {
    "villagecode": "003",
    "villagename": "Mudumalai                ",
    "villagetname": "முதுமலை                                                                                                                      "
  },
  {
    "villagecode": "004",
    "villagename": "Nellakotta               ",
    "villagetname": "நெலாகோட்டை                                                                                                                   "
  },
  {
    "villagecode": "023",
    "villagename": "Ovalley 1                ",
    "villagetname": "ஒவேலி 1                                                                                                                      "
  },
  {
    "villagecode": "024",
    "villagename": "Ovalley 2                ",
    "villagetname": "ஒவேலி 2                                                                                                                      "
  },
  {
    "villagecode": "007",
    "villagename": "Padanthorai 1            ",
    "villagetname": "பாடந்தொரை 1                                                                                                                  "
  },
  {
    "villagecode": "018",
    "villagename": "Padanthorai 1 -Ca        ",
    "villagetname": "பாடந்தொரை 1 - சி.ஏ                                                                                                           "
  },
  {
    "villagecode": "010",
    "villagename": "Padanthorai 2            ",
    "villagetname": "பாடந்தொரை 2                                                                                                                  "
  },
  {
    "villagecode": "019",
    "villagename": "Padanthorai 2 - Ca       ",
    "villagetname": "பாடந்தொரை 2 - சிஏ                                                                                                            "
  },
  {
    "villagecode": "002",
    "villagename": "Sreemadurai              ",
    "villagetname": "ஸ்ரீமதுரை                                                                                                                    "
  },
  {
    "villagecode": "021",
    "villagename": "Sreemadurai - Ca         ",
    "villagetname": "ஸ்ரீமதுரை - சி.ஏ                                                                                                             "
  }
]
