[
  {
    "villagecode": "032",
    "villagename": "Achimangalam             ",
    "villagetname": "ஆட்சிமங்கலம்                                                                                                                 "
  },
  {
    "villagecode": "043",
    "villagename": "Baganatham               ",
    "villagetname": "பாகநத்தம்                                                                                                                    "
  },
  {
    "villagecode": "024",
    "villagename": "Balambalpuram            ",
    "villagetname": "பாலாம்பாள்புரம்                                                                                                              "
  },
  {
    "villagecode": "040",
    "villagename": "Eamoor                   ",
    "villagetname": "ஏமூர்                                                                                                                        "
  },
  {
    "villagecode": "046",
    "villagename": "Jegadabi                 ",
    "villagetname": "ஜெகதாபி                                                                                                                      "
  },
  {
    "villagecode": "031",
    "villagename": "Kakkavadi                ",
    "villagetname": "காக்காவாடி                                                                                                                   "
  },
  {
    "villagecode": "016",
    "villagename": "Karur                    ",
    "villagetname": "கரூர்                                                                                                                        "
  },
  {
    "villagecode": "044",
    "villagename": "K.Pitchampatti           ",
    "villagetname": "க.பிச்சம்பட்டி                                                                                                               "
  },
  {
    "villagecode": "025",
    "villagename": "L.N.Samudram             ",
    "villagetname": "எல்.என்.சமுத்திரம்                                                                                                           "
  },
  {
    "villagecode": "041",
    "villagename": "Manavadi                 ",
    "villagetname": "மணவாடி                                                                                                                       "
  },
  {
    "villagecode": "037",
    "villagename": "Melapalayam              ",
    "villagetname": "மேலப்பாளையம்                                                                                                                 "
  },
  {
    "villagecode": "042",
    "villagename": "Mookanakurichi           ",
    "villagetname": "மூக்கணாங்குறிச்சி                                                                                                            "
  },
  {
    "villagecode": "038",
    "villagename": "Puliyur                  ",
    "villagetname": "புலியூர்                                                                                                                     "
  },
  {
    "villagecode": "030",
    "villagename": "Puthampur                ",
    "villagetname": "புத்தாம்பூர்                                                                                                                 "
  },
  {
    "villagecode": "035",
    "villagename": "Sanapiratti              ",
    "villagetname": "சணப்பிரட்டி                                                                                                                  "
  },
  {
    "villagecode": "036",
    "villagename": "Thanthoni                ",
    "villagetname": "தாந்தோணி                                                                                                                     "
  },
  {
    "villagecode": "034",
    "villagename": "Thirumanilayur           ",
    "villagetname": "திருமாநிலையூர்                                                                                                               "
  },
  {
    "villagecode": "033",
    "villagename": "Thoranakalpatti          ",
    "villagetname": "தோரணக்கல்பட்டி                                                                                                               "
  },
  {
    "villagecode": "39A",
    "villagename": "Uppidamangalam-East      ",
    "villagetname": "உப்பிடமங்கலம் (கிழக்கு)                                                                                                      "
  },
  {
    "villagecode": "39B",
    "villagename": "Uppidamangalam-West      ",
    "villagetname": "உப்பிடமங்கலம் (மேற்கு)                                                                                                       "
  },
  {
    "villagecode": "45B",
    "villagename": "Veliannai (North)        ",
    "villagetname": "வெள்ளியணை (வடக்கு)                                                                                                           "
  },
  {
    "villagecode": "45A",
    "villagename": "Veliannai (South)        ",
    "villagetname": "வெள்ளியணை (தெற்கு)                                                                                                           "
  }
]
