[
  {
    "villagecode": "092",
    "villagename": "Aaviyur                  ",
    "villagetname": "ஆவியூர்                                                                                                                      "
  },
  {
    "villagecode": "021",
    "villagename": "Agasthiyarmoolai",
    "villagetname": "அகஸ்தியார்மூலை                                                                                                               "
  },
  {
    "villagecode": "098",
    "villagename": "Alur                     ",
    "villagetname": "ஆலூர்                                                                                                                        "
  },
  {
    "villagecode": "046",
    "villagename": "Ariyur                   ",
    "villagetname": "அரியூர்                                                                                                                      "
  },
  {
    "villagecode": "051",
    "villagename": "Arumpakkam               ",
    "villagetname": "அரும்பாக்கம்                                                                                                                 "
  },
  {
    "villagecode": "027",
    "villagename": "Aruthangudi              ",
    "villagetname": "அருதங்குடி                                                                                                                   "
  },
  {
    "villagecode": "180",
    "villagename": "Athandamaruthur",
    "villagetname": "அத்தண்டமருதூர்                                                                                                               "
  },
  {
    "villagecode": "093",
    "villagename": "Deviagaram               ",
    "villagetname": "தேவியகரம்                                                                                                                    "
  },
  {
    "villagecode": "030",
    "villagename": "Deviyanthal              ",
    "villagetname": "தேவியந்தல்                                                                                                                   "
  },
  {
    "villagecode": "026",
    "villagename": "Edaiyur                  ",
    "villagetname": "எடையூர்                                                                                                                      "
  },
  {
    "villagecode": "183",
    "villagename": "Elrampattu               ",
    "villagetname": "எல்ராம்பட்டு                                                                                                                 "
  },
  {
    "villagecode": "095",
    "villagename": "Eravalam                 ",
    "villagetname": "எரவலம்                                                                                                                       "
  },
  {
    "villagecode": "029",
    "villagename": "Erumpalamkurichi         ",
    "villagetname": "இரும்பலக்குறிச்சி"
  },
  {
    "villagecode": "012",
    "villagename": "Ja. Sithamoor            ",
    "villagetname": "ஜா.சித்தாமுர்                                                                                                                "
  },
  {
    "villagecode": "045",
    "villagename": "Kadiyar                  ",
    "villagetname": "காடியார்                                                                                                                     "
  },
  {
    "villagecode": "054",
    "villagename": "Kanakananthal            ",
    "villagetname": "கனகநந்தல்                                                                                                                    "
  },
  {
    "villagecode": "057",
    "villagename": "Karadi                   ",
    "villagetname": "கரடி                                                                                                                         "
  },
  {
    "villagecode": "094",
    "villagename": "Katchikku Vatchan        ",
    "villagetname": "கச்சிக்குவச்சான்"
  },
  {
    "villagecode": "105",
    "villagename": "Kattupaiyur              ",
    "villagetname": "காட்டுப்பையூர்                                                                                                               "
  },
  {
    "villagecode": "017",
    "villagename": "Kazhumalam",
    "villagetname": "கழுமலம்                                                                                                                      "
  },
  {
    "villagecode": "056",
    "villagename": "Keeranur",
    "villagetname": "கீரனூர்"
  },
  {
    "villagecode": "061",
    "villagename": "Keezhaiyur",
    "villagetname": "கீழையூர்                                                                                                                     "
  },
  {
    "villagecode": "052",
    "villagename": "Keezhthalanur",
    "villagetname": "கீழ்த்தாழனூர்"
  },
  {
    "villagecode": "184",
    "villagename": "Kodiyur                  ",
    "villagetname": "கொடியூர்                                                                                                                     "
  },
  {
    "villagecode": "033",
    "villagename": "Kolapparai               ",
    "villagetname": "கோளப்பாறை                                                                                                                    "
  },
  {
    "villagecode": "037",
    "villagename": "Komalur                  ",
    "villagetname": "கோமாலூர்"
  },
  {
    "villagecode": "040",
    "villagename": "Konakkalavadi            ",
    "villagetname": "கொணக்கலவாடி                                                                                                                  "
  },
  {
    "villagecode": "014",
    "villagename": "Koovanur                 ",
    "villagetname": "கூவனூர்                                                                                                                      "
  },
  {
    "villagecode": "018",
    "villagename": "Kottakam                 ",
    "villagetname": "கோட்டகம்                                                                                                                     "
  },
  {
    "villagecode": "070",
    "villagename": "Kozhundirampattu",
    "villagetname": "கொழுந்திராம்பட்டு                                                                                                            "
  },
  {
    "villagecode": "178",
    "villagename": "Kulappakkam (Aaviyur)    ",
    "villagetname": "குளப்பாக்கம்(ஆவியூர்)"
  },
  {
    "villagecode": "058",
    "villagename": "Kulatheepamangalam       ",
    "villagetname": "குலதீபமங்கலம்                                                                                                                "
  },
  {
    "villagecode": "190",
    "villagename": "Kunnathur",
    "villagetname": "குன்னத்தூர்"
  },
  {
    "villagecode": "028",
    "villagename": "Madampoonidi             ",
    "villagetname": "மாடாம்பூண்டி                                                                                                                 "
  },
  {
    "villagecode": "015",
    "villagename": "Melaripattu              ",
    "villagetname": "மிலாரிப்பட்டு                                                                                                                "
  },
  {
    "villagecode": "053",
    "villagename": "Melathalanur",
    "villagetname": "மேலதாழனூர்"
  },
  {
    "villagecode": "044",
    "villagename": "Memalur",
    "villagetname": "மேமாளூர்                                                                                                                     "
  },
  {
    "villagecode": "099",
    "villagename": "Mohalar                  ",
    "villagetname": "மொகலார்                                                                                                                      "
  },
  {
    "villagecode": "022",
    "villagename": "Mudiyanoor               ",
    "villagetname": "முடியனூர்                                                                                                                    "
  },
  {
    "villagecode": "182",
    "villagename": "Muthalur                 ",
    "villagetname": "முதலூர்                                                                                                                      "
  },
  {
    "villagecode": "031",
    "villagename": "Nariyanthal              ",
    "villagetname": "நரியந்தல்                                                                                                                    "
  },
  {
    "villagecode": "047",
    "villagename": "Nedumudaiyan             ",
    "villagetname": "நெடுமுடையான்                                                                                                                 "
  },
  {
    "villagecode": "069",
    "villagename": "Nedungampattu",
    "villagetname": "நெடுங்கம்பட்டு                                                                                                               "
  },
  {
    "villagecode": "034",
    "villagename": "Padiyanthal              ",
    "villagetname": "பாடியந்தல்                                                                                                                   "
  },
  {
    "villagecode": "038",
    "villagename": "Panapadi                 ",
    "villagetname": "பனப்பாடி                                                                                                                     "
  },
  {
    "villagecode": "032",
    "villagename": "Paradapattu              ",
    "villagetname": "பரடாப்பட்டு                                                                                                                  "
  },
  {
    "villagecode": "097",
    "villagename": "Pazhangur                ",
    "villagetname": "பழங்கூர்                                                                                                                     "
  },
  {
    "villagecode": "104",
    "villagename": "Perianoor                ",
    "villagetname": "பெரியனூர்                                                                                                                    "
  },
  {
    "villagecode": "035",
    "villagename": "Po.Meyyur",
    "villagetname": "பொ.மெய்யூர்                                                                                                                  "
  },
  {
    "villagecode": "036",
    "villagename": "Ponniyanthal             ",
    "villagetname": "பொன்னியந்தல்                                                                                                                 "
  },
  {
    "villagecode": "023",
    "villagename": "Poomari                  ",
    "villagetname": "பூமாரி                                                                                                                       "
  },
  {
    "villagecode": "067",
    "villagename": "Putthagaram              ",
    "villagetname": "புத்தகரம்                                                                                                                    "
  },
  {
    "villagecode": "068",
    "villagename": "Sadaikatti               ",
    "villagetname": "சடைக்கட்டி                                                                                                                   "
  },
  {
    "villagecode": "013",
    "villagename": "Sangiyam                 ",
    "villagetname": "சாங்கியம்                                                                                                                    "
  },
  {
    "villagecode": "043",
    "villagename": "Senganangkollai",
    "villagetname": "செங்கணாங்கொல்லை"
  },
  {
    "villagecode": "048",
    "villagename": "Sivanarthankal           ",
    "villagetname": "சிவனார்தாங்கல்                                                                                                               "
  },
  {
    "villagecode": "019",
    "villagename": "Sorayapattu              ",
    "villagetname": "சொரையப்பட்டு                                                                                                                 "
  },
  {
    "villagecode": "041",
    "villagename": "Sozhavandipuram          ",
    "villagetname": "சோழவாண்டிபுரம்                                                                                                               "
  },
  {
    "villagecode": "071",
    "villagename": "T.Athipakkam",
    "villagetname": "டி.அத்திப்பாக்கம்"
  },
  {
    "villagecode": "016",
    "villagename": "Thagadi                  ",
    "villagetname": "தகடி                                                                                                                         "
  },
  {
    "villagecode": "049",
    "villagename": "Thanakananthal           ",
    "villagetname": "தனகநந்தல்                                                                                                                    "
  },
  {
    "villagecode": "039",
    "villagename": "Thathanur",
    "villagetname": "தத்தனூர்                                                                                                                     "
  },
  {
    "villagecode": "042",
    "villagename": "Thimmachur",
    "villagetname": "திம்மச்சூர்                                                                                                                  "
  },
  {
    "villagecode": "055",
    "villagename": "Thirukoilur (North)      ",
    "villagetname": "திருக்கோயிலூர் வடக்கு                                                                                                        "
  },
  {
    "villagecode": "991",
    "villagename": "Thirukoilur (South)      ",
    "villagetname": "திருக்கோயிலூர் தெற்கு                                                                                                        "
  },
  {
    "villagecode": "025",
    "villagename": "Thirupalapanthal         ",
    "villagetname": "திருப்பாலபந்தல்                                                                                                              "
  },
  {
    "villagecode": "024",
    "villagename": "Thurinjipattu            ",
    "villagetname": "துரிஞ்சிப்பட்டு                                                                                                              "
  },
  {
    "villagecode": "103",
    "villagename": "Vadamalaiyanur           ",
    "villagetname": "வடமலையனூர்                                                                                                                   "
  },
  {
    "villagecode": "181",
    "villagename": "Vadamarudhur             ",
    "villagetname": "வடமருதூர்                                                                                                                    "
  },
  {
    "villagecode": "179",
    "villagename": "Vadukku Nemali",
    "villagetname": "வடக்கு நெமிலி                                                                                                                "
  },
  {
    "villagecode": "185",
    "villagename": "Veeranampattu",
    "villagetname": "வீரணாம்பட்டு                                                                                                                 "
  },
  {
    "villagecode": "096",
    "villagename": "Vengur                   ",
    "villagetname": "வேங்கூர்                                                                                                                     "
  },
  {
    "villagecode": "050",
    "villagename": "Venmar",
    "villagetname": "வெண்மார்"
  },
  {
    "villagecode": "020",
    "villagename": "Vilanthai",
    "villagetname": "விளந்தை                                                                                                                      "
  },
  {
    "villagecode": "102",
    "villagename": "Villivalam               ",
    "villagetname": "வில்லிவலம்                                                                                                                   "
  }
]
