[
  {
    "villagecode": "058",
    "villagename": "Agaram                   ",
    "villagetname": "அகரம்                                                                                                                        "
  },
  {
    "villagecode": "061",
    "villagename": "Arasangudi               ",
    "villagetname": "அரசங்குடி                                                                                                                    "
  },
  {
    "villagecode": "066",
    "villagename": "Asoor                    ",
    "villagetname": "அசூர்                                                                                                                        "
  },
  {
    "villagecode": "044",
    "villagename": "Choolamadevi             ",
    "villagetname": "சோழமாதேவி                                                                                                                    "
  },
  {
    "villagecode": "057",
    "villagename": "Elagudi                  ",
    "villagetname": "எல்லகுடி                                                                                                                     "
  },
  {
    "villagecode": "080",
    "villagename": "Elanthapati              ",
    "villagetname": "எலந்தப்பட்டி                                                                                                                 "
  },
  {
    "villagecode": "801",
    "villagename": "Kanthaloor               ",
    "villagetname": "காந்தலுார்                                                                                                                   "
  },
  {
    "villagecode": "046",
    "villagename": "Keelakalkandarkottai     ",
    "villagetname": "கீழக்கல்கண்டார்கோட்டை                                                                                                        "
  },
  {
    "villagecode": "045",
    "villagename": "Keelakurichi             ",
    "villagetname": "கீுழக்குறிச்சி                                                                                                               "
  },
  {
    "villagecode": "054",
    "villagename": "Keelamullagudi           ",
    "villagetname": "கீழமுல்லக்குடி                                                                                                               "
  },
  {
    "villagecode": "062",
    "villagename": "Killiyur                 ",
    "villagetname": "கிளியூர்                                                                                                                     "
  },
  {
    "villagecode": "060",
    "villagename": "Koothappar               ",
    "villagetname": "கூத்தப்பர்                                                                                                                   "
  },
  {
    "villagecode": "601",
    "villagename": "Krishnasamuthiram        ",
    "villagetname": "கிருஸ்ணசமுத்தரம்                                                                                                             "
  },
  {
    "villagecode": "077",
    "villagename": "Kumbakudi Velan          ",
    "villagetname": "கும்பகுடி வேலாயுதங்குடி                                                                                                      "
  },
  {
    "villagecode": "043",
    "villagename": "Kundoor                  ",
    "villagetname": "குண்டூர்                                                                                                                     "
  },
  {
    "villagecode": "053",
    "villagename": "Kuvalagudi               ",
    "villagetname": "குவளகுடி                                                                                                                     "
  },
  {
    "villagecode": "083",
    "villagename": "Natarajapuram            ",
    "villagetname": "நடராஜபுரம்                                                                                                                   "
  },
  {
    "villagecode": "078",
    "villagename": "Navalpattu               ",
    "villagetname": "நவல்பட்டு                                                                                                                    "
  },
  {
    "villagecode": "067",
    "villagename": "Palanganakudi            ",
    "villagetname": "பழங்கனாங்குடி                                                                                                                "
  },
  {
    "villagecode": "051",
    "villagename": "Panayakurichi            ",
    "villagetname": "பனையகுறிச்சி                                                                                                                 "
  },
  {
    "villagecode": "056",
    "villagename": "Pappakurichi             ",
    "villagetname": "பாப்பாகுறிச்சி                                                                                                               "
  },
  {
    "villagecode": "063",
    "villagename": "Pathalapettai            ",
    "villagetname": "பத்தாளப்பேட்டை                                                                                                               "
  },
  {
    "villagecode": "079",
    "villagename": "Poolangudi               ",
    "villagetname": "பூலாங்குடி                                                                                                                   "
  },
  {
    "villagecode": "602",
    "villagename": "Semankulam               ",
    "villagetname": "செம்மங்குளம்                                                                                                                 "
  },
  {
    "villagecode": "076",
    "villagename": "Sooriyur                 ",
    "villagetname": "சூரியூர்                                                                                                                     "
  },
  {
    "villagecode": "085",
    "villagename": "Theneripatti             ",
    "villagetname": "தேனேரிப்பட்டி                                                                                                                "
  },
  {
    "villagecode": "064",
    "villagename": "Thirunedunkulam          ",
    "villagetname": "திருநெடுங்குளம்                                                                                                              "
  },
  {
    "villagecode": "059",
    "villagename": "Thiruverambuir           ",
    "villagetname": "திருவரம்பூர்                                                                                                                 "
  },
  {
    "villagecode": "084",
    "villagename": "Thuvagudi                ",
    "villagetname": "துவாக்குடி                                                                                                                   "
  },
  {
    "villagecode": "065",
    "villagename": "Valavanthankottai        ",
    "villagetname": "வாளவந்தான்கோட்டை                                                                                                             "
  },
  {
    "villagecode": "055",
    "villagename": "Vengur                   ",
    "villagetname": "வேங்கூர்                                                                                                                     "
  }
]
