[
  {
    "villagecode": "014",
    "villagename": "Agaram                   ",
    "villagetname": "அகரம்                                                                                                                        "
  },
  {
    "villagecode": "012",
    "villagename": "Agraharam                ",
    "villagetname": "அக்ரஹாரம்                                                                                                                    "
  },
  {
    "villagecode": "050",
    "villagename": "Alleri                   ",
    "villagetname": "அல்லேரி                                                                                                                      "
  },
  {
    "villagecode": "066",
    "villagename": "Anaicut                  ",
    "villagetname": "அணைக்கட்டு                                                                                                                   "
  },
  {
    "villagecode": "053",
    "villagename": "Appukkal                 ",
    "villagetname": "அப்புக்கல்                                                                                                                   "
  },
  {
    "villagecode": "019",
    "villagename": "Arimalai                 ",
    "villagetname": "அரிமலை                                                                                                                       "
  },
  {
    "villagecode": "015",
    "villagename": "Arjathi                  ",
    "villagetname": "ஆர்ஜாதி                                                                                                                      "
  },
  {
    "villagecode": "026",
    "villagename": "Asanampattu              ",
    "villagetname": "ஆசனாம்பட்டு                                                                                                                  "
  },
  {
    "villagecode": "032",
    "villagename": "Athikuppam               ",
    "villagetname": "அத்திகுப்பம்                                                                                                                 "
  },
  {
    "villagecode": "070",
    "villagename": "Athiyur                  ",
    "villagetname": "அத்தியூர்                                                                                                                    "
  },
  {
    "villagecode": "081",
    "villagename": "Boodhur                  ",
    "villagetname": "புதூர்                                                                                                                       "
  },
  {
    "villagecode": "002",
    "villagename": "Bramanamangalam          ",
    "villagetname": "பிராமணமங்கலம்                                                                                                                "
  },
  {
    "villagecode": "021",
    "villagename": "Chinnapallikuppam        ",
    "villagetname": "சின்னபள்ளிகுப்பம்                                                                                                            "
  },
  {
    "villagecode": "009",
    "villagename": "Devichetty Kuppam        ",
    "villagetname": "தேவிசெட்டிகுப்பம்                                                                                                            "
  },
  {
    "villagecode": "068",
    "villagename": "Elavambadi               ",
    "villagetname": "இலவம்பாடி                                                                                                                    "
  },
  {
    "villagecode": "048",
    "villagename": "Elluparai                ",
    "villagetname": "எள்ளுபாறை                                                                                                                    "
  },
  {
    "villagecode": "060",
    "villagename": "Erayankadu               ",
    "villagetname": "இறையங்காடு                                                                                                                   "
  },
  {
    "villagecode": "067",
    "villagename": "Genganallur              ",
    "villagetname": "கெங்கநல்லூர்                                                                                                                 "
  },
  {
    "villagecode": "003",
    "villagename": "Govindampadi             ",
    "villagetname": "கோவிந்தம்பாடி                                                                                                                "
  },
  {
    "villagecode": "036",
    "villagename": "Guruvarajapalayam        ",
    "villagetname": "குருவராஜபாளையம்                                                                                                              "
  },
  {
    "villagecode": "049",
    "villagename": "Jardankollai             ",
    "villagetname": "ஜார்தான்கொல்லை                                                                                                               "
  },
  {
    "villagecode": "059",
    "villagename": "Kalanipakkam             ",
    "villagetname": "கழனிப்பாக்கம்                                                                                                                "
  },
  {
    "villagecode": "027",
    "villagename": "Kallaparai               ",
    "villagetname": "கல்லப்பாறை                                                                                                                   "
  },
  {
    "villagecode": "058",
    "villagename": "Kandhaneri               ",
    "villagetname": "கந்தனேரி                                                                                                                     "
  },
  {
    "villagecode": "008",
    "villagename": "Karadikudi               ",
    "villagetname": "கரடிகுடி                                                                                                                     "
  },
  {
    "villagecode": "011",
    "villagename": "Karungali                ",
    "villagetname": "கருங்காலி                                                                                                                    "
  },
  {
    "villagecode": "042",
    "villagename": "Katharikuppam            ",
    "villagetname": "கத்தாரிகுப்பம்                                                                                                               "
  },
  {
    "villagecode": "057",
    "villagename": "Keelachur                ",
    "villagetname": "கீழாச்சூர்                                                                                                                   "
  },
  {
    "villagecode": "039",
    "villagename": "Keelkothur               ",
    "villagetname": "கீழ்கொத்தூர்                                                                                                                 "
  },
  {
    "villagecode": "004",
    "villagename": "Keelkrishnapuram         ",
    "villagetname": "கீழ்கிருஷ்ணாபுரம்                                                                                                            "
  },
  {
    "villagecode": "041",
    "villagename": "Kengasanikuppam          ",
    "villagetname": "கெங்கசாணிகுப்பம்                                                                                                             "
  },
  {
    "villagecode": "006",
    "villagename": "Kommalankuttai           ",
    "villagetname": "கொம்மளாங்குட்டை                                                                                                              "
  },
  {
    "villagecode": "096",
    "villagename": "Kuppam                   ",
    "villagetname": "குப்பம்                                                                                                                      "
  },
  {
    "villagecode": "020",
    "villagename": "Kuppampalayam            ",
    "villagetname": "குப்பம்பாளையம்                                                                                                               "
  },
  {
    "villagecode": "035",
    "villagename": "Kuppampattu              ",
    "villagetname": "குப்பம்பட்டு                                                                                                                 "
  },
  {
    "villagecode": "031",
    "villagename": "Madayappattu             ",
    "villagetname": "மடையப்பட்டு                                                                                                                  "
  },
  {
    "villagecode": "010",
    "villagename": "Mahmadupurm              ",
    "villagetname": "மகமதுபுரம்                                                                                                                   "
  },
  {
    "villagecode": "028",
    "villagename": "Melarasampattu           ",
    "villagetname": "மேல் அரசம்பட்டு                                                                                                              "
  },
  {
    "villagecode": "024",
    "villagename": "Melpallipattu            ",
    "villagetname": "மேல்பள்ளிபட்டு                                                                                                               "
  },
  {
    "villagecode": "043",
    "villagename": "Mulluvadi                ",
    "villagetname": "முள்ளுவாடி                                                                                                                   "
  },
  {
    "villagecode": "097",
    "villagename": "Murukkeri                ",
    "villagetname": "முருக்கேரி                                                                                                                   "
  },
  {
    "villagecode": "018",
    "villagename": "Nedumipalayam            ",
    "villagetname": "நெடுமீபாளையம்                                                                                                                "
  },
  {
    "villagecode": "033",
    "villagename": "Nemanthapuram            ",
    "villagetname": "நேமந்தபுரம்                                                                                                                  "
  },
  {
    "villagecode": "034",
    "villagename": "Odugathur                ",
    "villagetname": "ஒடுகத்தூர்                                                                                                                   "
  },
  {
    "villagecode": "062",
    "villagename": "Okkanapuram              ",
    "villagetname": "ஒக்கனாபுரம்                                                                                                                  "
  },
  {
    "villagecode": "052",
    "villagename": "Oongappadi               ",
    "villagetname": "ஓங்கப்பாடி                                                                                                                   "
  },
  {
    "villagecode": "007",
    "villagename": "Othiyathur               ",
    "villagetname": "ஒதியத்தூர்                                                                                                                   "
  },
  {
    "villagecode": "022",
    "villagename": "Pakkam                   ",
    "villagetname": "பாக்கம்                                                                                                                      "
  },
  {
    "villagecode": "023",
    "villagename": "Pakkampalam              ",
    "villagetname": "பாக்கம்பாளையம்                                                                                                               "
  },
  {
    "villagecode": "016",
    "villagename": "Palapadi                 ",
    "villagetname": "பாலப்பாடி                                                                                                                    "
  },
  {
    "villagecode": "056",
    "villagename": "Pallikonda               ",
    "villagetname": "பள்ளிகொண்டா                                                                                                                  "
  },
  {
    "villagecode": "045",
    "villagename": "Peenjamanthai            ",
    "villagetname": "பீஞ்சமந்தை                                                                                                                   "
  },
  {
    "villagecode": "047",
    "villagename": "Pelampattu               ",
    "villagetname": "பெலாம்பட்டு                                                                                                                  "
  },
  {
    "villagecode": "044",
    "villagename": "Periapanaparai           ",
    "villagetname": "பெரியபணப்பாறை                                                                                                                "
  },
  {
    "villagecode": "038",
    "villagename": "Pinnathurai              ",
    "villagetname": "பின்னத்துறை                                                                                                                  "
  },
  {
    "villagecode": "086",
    "villagename": "Poigai                   ",
    "villagetname": "பொய்கை                                                                                                                       "
  },
  {
    "villagecode": "046",
    "villagename": "Pudukuppam               ",
    "villagetname": "புதுகுப்பம்                                                                                                                  "
  },
  {
    "villagecode": "069",
    "villagename": "Pulimedu                 ",
    "villagetname": "புலிமேடு                                                                                                                     "
  },
  {
    "villagecode": "084",
    "villagename": "Puththur                 ",
    "villagetname": "புத்தூர்                                                                                                                     "
  },
  {
    "villagecode": "017",
    "villagename": "Ramanayanikuppam         ",
    "villagetname": "ராமநாயணிகுப்பம்                                                                                                              "
  },
  {
    "villagecode": "085",
    "villagename": "Sathiyamangalam          ",
    "villagetname": "சத்தியமங்கலம்                                                                                                                "
  },
  {
    "villagecode": "082",
    "villagename": "Sekkanur                 ",
    "villagetname": "சேக்கனூர்                                                                                                                    "
  },
  {
    "villagecode": "095",
    "villagename": "Sembedu                  ",
    "villagetname": "செம்பேடு                                                                                                                     "
  },
  {
    "villagecode": "040",
    "villagename": "Serpadi                  ",
    "villagetname": "சேர்பாடி                                                                                                                     "
  },
  {
    "villagecode": "063",
    "villagename": "Sethuvalai               ",
    "villagetname": "செதுவாலை                                                                                                                     "
  },
  {
    "villagecode": "083",
    "villagename": "Thellur                  ",
    "villagetname": "தெள்ளுர்                                                                                                                     "
  },
  {
    "villagecode": "025",
    "villagename": "Thenputhupattu           ",
    "villagetname": "தென்புதுபட்டு                                                                                                                "
  },
  {
    "villagecode": "005",
    "villagename": "Thippasamutram           ",
    "villagetname": "திப்பசமுத்திரம்                                                                                                              "
  },
  {
    "villagecode": "013",
    "villagename": "Tholapalli               ",
    "villagetname": "தோளப்பள்ளி                                                                                                                   "
  },
  {
    "villagecode": "029",
    "villagename": "Umaiyampattu             ",
    "villagetname": "உமையம்பட்டு                                                                                                                  "
  },
  {
    "villagecode": "080",
    "villagename": "Ussoor                   ",
    "villagetname": "ஊசூர்                                                                                                                        "
  },
  {
    "villagecode": "064",
    "villagename": "Vallandaramam            ",
    "villagetname": "வல்லண்டராமம்                                                                                                                 "
  },
  {
    "villagecode": "054",
    "villagename": "Vaniyambadi              ",
    "villagetname": "வாணியம்பாடி                                                                                                                  "
  },
  {
    "villagecode": "030",
    "villagename": "Vannanthangal            ",
    "villagetname": "வண்ணான்தாங்கல்                                                                                                               "
  },
  {
    "villagecode": "051",
    "villagename": "Varadalampattu           ",
    "villagetname": "வரதலம்பட்டு                                                                                                                  "
  },
  {
    "villagecode": "065",
    "villagename": "Vasanthanadai            ",
    "villagetname": "வசந்தநடை                                                                                                                     "
  },
  {
    "villagecode": "037",
    "villagename": "Veppankuppam             ",
    "villagetname": "வேப்பங்குப்பம்                                                                                                               "
  },
  {
    "villagecode": "001",
    "villagename": "Vettuvanam               ",
    "villagetname": "வெட்டுவானம்                                                                                                                  "
  },
  {
    "villagecode": "061",
    "villagename": "Virinchipuram            ",
    "villagetname": "விரிஞ்சிபுரம்                                                                                                                "
  },
  {
    "villagecode": "055",
    "villagename": "Vunai                    ",
    "villagetname": "ஊணை                                                                                                                          "
  }
]
