[
  {
    "villagecode": "003",
    "villagename": "Alampadi                 ",
    "villagetname": "ஆலம்பாடி                                                                                                                     "
  },
  {
    "villagecode": "012",
    "villagename": "Chinnaluppai             ",
    "villagetname": "சின்னலுப்பை                                                                                                                  "
  },
  {
    "villagecode": "005",
    "villagename": "D.Goodalur               ",
    "villagetname": "டி.கூடலூர்                                                                                                                   "
  },
  {
    "villagecode": "011",
    "villagename": "Karikali                 ",
    "villagetname": "கரிக்காலி                                                                                                                    "
  },
  {
    "villagecode": "008",
    "villagename": "Karungal                 ",
    "villagetname": "கருங்கல்                                                                                                                     "
  },
  {
    "villagecode": "015",
    "villagename": "Koombur                  ",
    "villagetname": "கூம்பூர்                                                                                                                     "
  },
  {
    "villagecode": "004",
    "villagename": "Kottanatham              ",
    "villagetname": "கோட்டநத்தம்                                                                                                                  "
  },
  {
    "villagecode": "025",
    "villagename": "Kudappam                 ",
    "villagetname": "குடப்பம்                                                                                                                     "
  },
  {
    "villagecode": "026",
    "villagename": "Kulathupatty             ",
    "villagetname": "குளத்துப்பட்டி                                                                                                               "
  },
  {
    "villagecode": "006",
    "villagename": "Landakottai              ",
    "villagetname": "லந்தக்கோட்டை                                                                                                                 "
  },
  {
    "villagecode": "014",
    "villagename": "Mallapuram               ",
    "villagetname": "மல்லபுரம்                                                                                                                    "
  },
  {
    "villagecode": "032",
    "villagename": "Nagaiyakottai            ",
    "villagetname": "நாகையகோட்டை                                                                                                                  "
  },
  {
    "villagecode": "030",
    "villagename": "Nallur                   ",
    "villagetname": "நல்லூர்                                                                                                                      "
  },
  {
    "villagecode": "009",
    "villagename": "Palayam                  ",
    "villagetname": "பாளையம்                                                                                                                      "
  },
  {
    "villagecode": "031",
    "villagename": "R.Kombai                 ",
    "villagetname": "ஆர் கோம்பை                                                                                                                   "
  },
  {
    "villagecode": "028",
    "villagename": "R.Pudukottai             ",
    "villagetname": "ஆர் புதுக்கோட்டை                                                                                                             "
  },
  {
    "villagecode": "002",
    "villagename": "R.Vellodu                ",
    "villagetname": "ஆர்.வெள்ளோடு                                                                                                                 "
  },
  {
    "villagecode": "007",
    "villagename": "Theendakal               ",
    "villagetname": "தீண்டாக்கல்                                                                                                                  "
  },
  {
    "villagecode": "001",
    "villagename": "Thirukooranam            ",
    "villagetname": "திருக்கூரணம்                                                                                                                 "
  },
  {
    "villagecode": "010",
    "villagename": "Tholipatty               ",
    "villagetname": "தோளிபட்டி                                                                                                                    "
  },
  {
    "villagecode": "013",
    "villagename": "Ulliakottai              ",
    "villagetname": "உல்லியக்கோட்டை                                                                                                               "
  },
  {
    "villagecode": "029",
    "villagename": "Vadugampadi              ",
    "villagetname": "வடுகம்பாடி                                                                                                                   "
  },
  {
    "villagecode": "027",
    "villagename": "Vanikarai                ",
    "villagetname": "வாணிக்கரை                                                                                                                    "
  },
  {
    "villagecode": "033",
    "villagename": "Vembur                   ",
    "villagetname": "வெம்பூர்                                                                                                                     "
  }
]
