[
  {
    "villagecode": "048",
    "villagename": "Aadhanur",
    "villagetname": "ஆதனூர்"
  },
  {
    "villagecode": "053",
    "villagename": "Ahasthiyam Palli",
    "villagetname": "அகஸ்தியம்பள்ளி"
  },
  {
    "villagecode": "024",
    "villagename": "Andahathurai",
    "villagetname": "அண்டகத்துறை"
  },
  {
    "villagecode": "039",
    "villagename": "Ayakaranpulam 1 St Sethi",
    "villagetname": "ஆயக்காரன்புலம் 1-ஆம்சேத்தி"
  },
  {
    "villagecode": "041",
    "villagename": "Ayakaranpulam 2 Nd Sethi",
    "villagetname": "ஆயக்காரன்புலம் 2-ஆம்சேத்தி"
  },
  {
    "villagecode": "045",
    "villagename": "Ayakaranpulam 3 Rd Sethi",
    "villagetname": "ஆயக்காரன்புலம் 3-ஆம்சேத்தி"
  },
  {
    "villagecode": "044",
    "villagename": "Ayakaranpulam 4 Th Sethi",
    "villagetname": "ஆயக்காரன்புலம் 4-ஆம்சேத்தி"
  },
  {
    "villagecode": "004",
    "villagename": "Kaadanthethi",
    "villagetname": "காடந்தேத்தி"
  },
  {
    "villagecode": "047",
    "villagename": "Kadinavayal",
    "villagetname": "கடினவயல்"
  },
  {
    "villagecode": "016",
    "villagename": "Kallimedu",
    "villagetname": "கள்ளிமேடு"
  },
  {
    "villagecode": "049",
    "villagename": "Karuppampulam",
    "villagetname": "கருப்பம்புலம்"
  },
  {
    "villagecode": "029",
    "villagename": "Kathiripulam",
    "villagetname": "கத்திரிப்புலம்"
  },
  {
    "villagecode": "054",
    "villagename": "Kodiakadu",
    "villagetname": "கோடியக்காடு"
  },
  {
    "villagecode": "541",
    "villagename": "Kodiayakarai",
    "villagetname": "கோடியக்கரை"
  },
  {
    "villagecode": "010",
    "villagename": "Kovilpaththu",
    "villagetname": "கோவில்பத்து"
  },
  {
    "villagecode": "040",
    "villagename": "Kuravappulam",
    "villagetname": "குரவப்புலம்"
  },
  {
    "villagecode": "023",
    "villagename": "Maharajapuram Kilpathi",
    "villagetname": "மகாராஜபுரம் கீழ்பாதி"
  },
  {
    "villagecode": "524",
    "villagename": "Maharajapuram Kizhakku",
    "villagetname": "மகாராஜபுரம் கிழக்கு"
  },
  {
    "villagecode": "022",
    "villagename": "Maharajapuram Melpathi",
    "villagetname": "மகாராசபுரம் மேல்பாதி"
  },
  {
    "villagecode": "031",
    "villagename": "Marudhur North",
    "villagetname": "மருதூர் வடக்கு"
  },
  {
    "villagecode": "038",
    "villagename": "Marudhur South",
    "villagetname": "மருதூர் தெற்கு"
  },
  {
    "villagecode": "025",
    "villagename": "Moolakarai",
    "villagetname": "மூலக்கரை"
  },
  {
    "villagecode": "028",
    "villagename": "Nahakudaiyan",
    "villagetname": "நாககுடையான்"
  },
  {
    "villagecode": "012",
    "villagename": "Naluvedapathi",
    "villagetname": "நாலுவேதபதி"
  },
  {
    "villagecode": "531",
    "villagename": "Neivilakku",
    "villagetname": "நெய்விளக்கு"
  },
  {
    "villagecode": "042",
    "villagename": "Panjanadhikulam East",
    "villagetname": "பஞ்சநதிக்குளம் கிழக்கு"
  },
  {
    "villagecode": "043",
    "villagename": "Panjanadhikulam Nadusethi",
    "villagetname": "பஞ்சநதிக்குளம் நடுசேத்தி"
  },
  {
    "villagecode": "037",
    "villagename": "Panjanadhikulam West",
    "villagetname": "பஞ்சநதிக்குளம் மேற்கு"
  },
  {
    "villagecode": "046",
    "villagename": "Pannal",
    "villagetname": "பன்னாள்"
  },
  {
    "villagecode": "051",
    "villagename": "Periakuthahai",
    "villagetname": "பெரியகுத்தகை"
  },
  {
    "villagecode": "005",
    "villagename": "Pirinjimoolai",
    "villagetname": "பிரிஞ்சிமூலை"
  },
  {
    "villagecode": "242",
    "villagename": "Prandhiyankarai",
    "villagetname": "பிராந்தியங்கரை"
  },
  {
    "villagecode": "013",
    "villagename": "Putpavanam",
    "villagetname": "புட்பவனம்"
  },
  {
    "villagecode": "015",
    "villagename": "Sembodai",
    "villagetname": "செம்போடை"
  },
  {
    "villagecode": "030",
    "villagename": "Senbaharayanallur",
    "villagetname": "செண்பகராயநல்லூர்"
  },
  {
    "villagecode": "027",
    "villagename": "Settipulam",
    "villagetname": "செட்டிப்புலம்"
  },
  {
    "villagecode": "032",
    "villagename": "Thakattur Pethachikadu",
    "villagetname": "தகட்டூர் பெத்தாச்சிக்காடு"
  },
  {
    "villagecode": "321",
    "villagename": "Thakattur Subramaniyakadu",
    "villagetname": "தகட்டூர் சுப்ரமணியன்காடு"
  },
  {
    "villagecode": "008",
    "villagename": "Thalanayar 1 St Sethi",
    "villagetname": "தலைஞாயிறு முதல் சேத்தி"
  },
  {
    "villagecode": "009",
    "villagename": "Thalanayar 2 Nd Sethi",
    "villagetname": "தலைஞாயிறு இரண்டாம் சேத்தி"
  },
  {
    "villagecode": "018",
    "villagename": "Thalanayar 3 Rd Sethi",
    "villagetname": "தலைஞாயிறு மூன்றாம் சேத்தி"
  },
  {
    "villagecode": "017",
    "villagename": "Thalanayar 4 Th Sethi",
    "villagetname": "தலைஞாயிறு நான்காம் சேத்தி"
  },
  {
    "villagecode": "019",
    "villagename": "Thalanayar 5 Th Sethi",
    "villagetname": "தலைஞாயிறு ஜந்தாம் சேத்தி"
  },
  {
    "villagecode": "007",
    "villagename": "Thalanayar Agraharam",
    "villagetname": "தலைஞாயிறு அஹ்ரகாரம்"
  },
  {
    "villagecode": "033",
    "villagename": "Thanikottaham",
    "villagetname": "தாணிக்கோட்டகம்"
  },
  {
    "villagecode": "036",
    "villagename": "Thennadar",
    "villagetname": "தென்னடார்"
  },
  {
    "villagecode": "014",
    "villagename": "Thethakudi North",
    "villagetname": "தேத்தாகுடி வடக்கு"
  },
  {
    "villagecode": "050",
    "villagename": "Thethakudi South",
    "villagetname": "தேத்தாக்குடி தெற்கு"
  },
  {
    "villagecode": "006",
    "villagename": "Thirumaalam",
    "villagetname": "திருமாளம்"
  },
  {
    "villagecode": "522",
    "villagename": "Thopputhurai",
    "villagetname": "தோப்புத்துறை"
  },
  {
    "villagecode": "020",
    "villagename": "Thulasapuram",
    "villagetname": "துளசாபுரம்"
  },
  {
    "villagecode": "021",
    "villagename": "Umbalacheri",
    "villagetname": "உம்பளச்சேரி"
  },
  {
    "villagecode": "026",
    "villagename": "Vadamazhai",
    "villagetname": "வடமழை"
  },
  {
    "villagecode": "034",
    "villagename": "Vanduvancheri",
    "villagetname": "வண்டுவாஞ்சேரி"
  },
  {
    "villagecode": "052",
    "villagename": "Vedaranyam Part - 1",
    "villagetname": "வேதாரண்யம் பாகம் -1"
  },
  {
    "villagecode": "533",
    "villagename": "Vedaranyam Part - 2",
    "villagetname": "வேதாரண்யம் பாகம் -2"
  },
  {
    "villagecode": "999",
    "villagename": "Vedaranyam Pattinam",
    "villagetname": "வேதாரண்யம் பட்டினம்"
  },
  {
    "villagecode": "241",
    "villagename": "Vedaranyapuram",
    "villagetname": "வேதாரண்யபுரம்"
  },
  {
    "villagecode": "011",
    "villagename": "Vellapallam",
    "villagetname": "வெள்ளப்பள்ளம்"
  },
  {
    "villagecode": "035",
    "villagename": "Voimedu East",
    "villagetname": "வாய்மேடு கிழக்கு"
  },
  {
    "villagecode": "135",
    "villagename": "Voimedu West",
    "villagetname": "வாய்மேடு மேற்கு"
  }
]
