[
  {
    "villagecode": "006",
    "villagename": "Alagiapandipuram         ",
    "villagetname": "அழகிய பாண்டியபுரம்                                                                                                           "
  },
  {
    "villagecode": "094",
    "villagename": "Atchampatti",
    "villagetname": "அச்சம்பட்டி"
  },
  {
    "villagecode": "009",
    "villagename": "Chazhianallur            ",
    "villagetname": "செழியநல்லூர்                                                                                                                 "
  },
  {
    "villagecode": "011",
    "villagename": "Chitharchathiram         ",
    "villagetname": "சித்தார்சத்திரம்                                                                                                             "
  },
  {
    "villagecode": "030",
    "villagename": "Ettanlulam               ",
    "villagetname": "எட்டான்குளம்                                                                                                                 "
  },
  {
    "villagecode": "004",
    "villagename": "Kalakkudi                ",
    "villagetname": "களக்குடி                                                                                                                     "
  },
  {
    "villagecode": "029",
    "villagename": "Kanarpatti               ",
    "villagetname": "கானார்பட்டி                                                                                                                  "
  },
  {
    "villagecode": "007",
    "villagename": "Kattarangulam            ",
    "villagetname": "கட்டாரங்குளம்                                                                                                                "
  },
  {
    "villagecode": "003",
    "villagename": "Kurichikulam             ",
    "villagetname": "குறிச்சிகுளம்                                                                                                                "
  },
  {
    "villagecode": "034",
    "villagename": "Madavakurichi            ",
    "villagetname": "மதவக்குறிச்சி                                                                                                                "
  },
  {
    "villagecode": "031",
    "villagename": "Manoor                   ",
    "villagetname": "மானூர்                                                                                                                       "
  },
  {
    "villagecode": "032",
    "villagename": "Mavadi                   ",
    "villagetname": "மாவடி                                                                                                                        "
  },
  {
    "villagecode": "099",
    "villagename": "Mela Ilanthaikulam",
    "villagetname": "மேல இலந்தைகுளம்"
  },
  {
    "villagecode": "093",
    "villagename": "Moovirunthali",
    "villagetname": "மூவிருந்தாளி"
  },
  {
    "villagecode": "033",
    "villagename": "Nanchankulam             ",
    "villagetname": "நாஞ்சான் குளம்                                                                                                               "
  },
  {
    "villagecode": "095",
    "villagename": "Narikudi",
    "villagetname": "நரிக்குடி"
  },
  {
    "villagecode": "028",
    "villagename": "Pallikottai              ",
    "villagetname": "பல்லிக்கோட்டை                                                                                                                "
  },
  {
    "villagecode": "008",
    "villagename": "Pillaiyarkulam           ",
    "villagetname": "பிள்ளையார்குளம்                                                                                                              "
  },
  {
    "villagecode": "010",
    "villagename": "Pirancheri               ",
    "villagetname": "பிராஞ்சேரி                                                                                                                   "
  },
  {
    "villagecode": "044",
    "villagename": "Sethurayanpudur          ",
    "villagetname": "சேதுராயன்புதூர்                                                                                                              "
  },
  {
    "villagecode": "098",
    "villagename": "Sundangurichi",
    "villagetname": "சுண்டங்குறிச்சி"
  },
  {
    "villagecode": "092",
    "villagename": "Thadiyampatti",
    "villagetname": "தடியம்பட்டி"
  },
  {
    "villagecode": "026",
    "villagename": "Thalaiyuthu              ",
    "villagetname": "தாழையூத்து                                                                                                                   "
  },
  {
    "villagecode": "027",
    "villagename": "Thenkalam                ",
    "villagetname": "தென்கலம்                                                                                                                     "
  },
  {
    "villagecode": "002",
    "villagename": "Therkkupatti             ",
    "villagetname": "தெற்குப்பட்டி                                                                                                                "
  },
  {
    "villagecode": "097",
    "villagename": "Thevarkulam",
    "villagetname": "தேவர்குளம்"
  },
  {
    "villagecode": "043",
    "villagename": "Thulukarpatti            ",
    "villagetname": "துலுக்கர்பட்டி                                                                                                               "
  },
  {
    "villagecode": "001",
    "villagename": "Ukkirankottai            ",
    "villagetname": "உக்கிரன்கோட்டை                                                                                                               "
  },
  {
    "villagecode": "005",
    "villagename": "Vagaikulam               ",
    "villagetname": "வாகை குளம்-மா                                                                                                                "
  },
  {
    "villagecode": "042",
    "villagename": "Vallavankottai           ",
    "villagetname": "வல்லவன்  கோட்டை                                                                                                              "
  },
  {
    "villagecode": "096",
    "villagename": "Vannikonenthal",
    "villagetname": "வன்னிக்கோனேந்தல்"
  },
  {
    "villagecode": "091",
    "villagename": "Vellappaneri",
    "villagetname": "வெள்ளப்பனேரி"
  }
]
