[
  {
    "villagecode": "112",
    "villagename": "Aalathur                 ",
    "villagetname": "ஆலத்தூர்                                                                                                                     "
  },
  {
    "villagecode": "115",
    "villagename": "Adaiankuppam             ",
    "villagetname": "எடையான்குப்பம்                                                                                                               "
  },
  {
    "villagecode": "148",
    "villagename": "Agaram                   ",
    "villagetname": "அகரம் (148)                                                                                                                  "
  },
  {
    "villagecode": "099",
    "villagename": "Agaram                   ",
    "villagetname": "அகரம்                                                                                                                        "
  },
  {
    "villagecode": "147",
    "villagename": "Amaiyanpattu             ",
    "villagetname": "ஆமையான்பட்டு                                                                                                                 "
  },
  {
    "villagecode": "202",
    "villagename": "Amirthapallam            ",
    "villagetname": "அமிர்தம்பள்ளம்                                                                                                               "
  },
  {
    "villagecode": "127",
    "villagename": "Amur                     ",
    "villagetname": "ஆமூர்                                                                                                                        "
  },
  {
    "villagecode": "094",
    "villagename": "Anumanthapuram           ",
    "villagetname": "அனுமந்தபுரம்                                                                                                                 "
  },
  {
    "villagecode": "145",
    "villagename": "Arukundram               ",
    "villagetname": "அருங்குன்றம்                                                                                                                 "
  },
  {
    "villagecode": "128",
    "villagename": "Atcharavakkam            ",
    "villagetname": "அச்சரவாக்கம்                                                                                                                 "
  },
  {
    "villagecode": "125",
    "villagename": "Athigamanallur           ",
    "villagetname": "அதிகமாநல்லூர்                                                                                                                "
  },
  {
    "villagecode": "123",
    "villagename": "Chettaipattu Ramiyan     ",
    "villagetname": "செட்டிபட்டுராமையான்குப்பம்                                                                                                   "
  },
  {
    "villagecode": "200",
    "villagename": "Chinnairumbedu           ",
    "villagetname": "சின்னஇரும்பேடு                                                                                                               "
  },
  {
    "villagecode": "204",
    "villagename": "Chinnavippedu            ",
    "villagetname": "சின்னவிப்பேடு                                                                                                                "
  },
  {
    "villagecode": "150",
    "villagename": "Dhachenavarathi          ",
    "villagetname": "தட்சணாவர்த்தி                                                                                                                "
  },
  {
    "villagecode": "034",
    "villagename": "Eagattur                 ",
    "villagetname": "ஏகாட்டுர்                                                                                                                    "
  },
  {
    "villagecode": "130",
    "villagename": "Edakundram               ",
    "villagetname": "எடர்குன்றம்                                                                                                                  "
  },
  {
    "villagecode": "102",
    "villagename": "Illaloor                 ",
    "villagetname": "இள்ளலூர்                                                                                                                     "
  },
  {
    "villagecode": "154",
    "villagename": "Kaarani                  ",
    "villagetname": "காரணை(154)                                                                                                                   "
  },
  {
    "villagecode": "042",
    "villagename": "Kalampakkam              ",
    "villagetname": "கேளம்பாக்கம்                                                                                                                 "
  },
  {
    "villagecode": "106",
    "villagename": "Kalavakkam               ",
    "villagetname": "காலவாக்கம்                                                                                                                   "
  },
  {
    "villagecode": "035",
    "villagename": "Kanathdurredikupam       ",
    "villagetname": "கானாத்தூர் ரெட்டிகுப்பம்                                                                                                     "
  },
  {
    "villagecode": "104",
    "villagename": "Kannakkapattu            ",
    "villagetname": "கண்ணகப்பட்டு                                                                                                                 "
  },
  {
    "villagecode": "111",
    "villagename": "Karugkuzipallam          ",
    "villagetname": "கருங்குழிப்பள்ளம்                                                                                                            "
  },
  {
    "villagecode": "132",
    "villagename": "Karumpakkam              ",
    "villagetname": "கரும்பாக்கம்                                                                                                                 "
  },
  {
    "villagecode": "199",
    "villagename": "Kattakazhani             ",
    "villagetname": "கட்டக்கழனி                                                                                                                   "
  },
  {
    "villagecode": "117",
    "villagename": "Kattour                  ",
    "villagetname": "காட்டூர்                                                                                                                     "
  },
  {
    "villagecode": "047",
    "villagename": "Kayaar                   ",
    "villagetname": "காயார்                                                                                                                       "
  },
  {
    "villagecode": "142",
    "villagename": "Kazhanippakkam           ",
    "villagetname": "கழனிப்பாக்கம்                                                                                                                "
  },
  {
    "villagecode": "037",
    "villagename": "Kazhipathur              ",
    "villagetname": "கழிப்பட்டூர்                                                                                                                 "
  },
  {
    "villagecode": "118",
    "villagename": "Kizhur                   ",
    "villagetname": "கீழூர்                                                                                                                       "
  },
  {
    "villagecode": "098",
    "villagename": "Kondange                 ",
    "villagetname": "கொண்டங்கி                                                                                                                    "
  },
  {
    "villagecode": "210",
    "villagename": "Konerikuppam             ",
    "villagetname": "கோனேரிகுப்பம்                                                                                                                "
  },
  {
    "villagecode": "121",
    "villagename": "Kottamadu                ",
    "villagetname": "கொட்டமேடு                                                                                                                    "
  },
  {
    "villagecode": "044",
    "villagename": "Kovalam                  ",
    "villagetname": "கோவளம்                                                                                                                       "
  },
  {
    "villagecode": "108",
    "villagename": "Krishnan Karanai         ",
    "villagetname": "கிருஷ்ணன் காரணை                                                                                                              "
  },
  {
    "villagecode": "152",
    "villagename": "Kunnampattu              ",
    "villagetname": "குன்னப்பட்டு                                                                                                                 "
  },
  {
    "villagecode": "116",
    "villagename": "Madayath Thur            ",
    "villagetname": "மடையத்தூர்                                                                                                                   "
  },
  {
    "villagecode": "129",
    "villagename": "Mailai                   ",
    "villagetname": "மைலை                                                                                                                         "
  },
  {
    "villagecode": "139",
    "villagename": "Manamathi                ",
    "villagetname": "மானாமதி                                                                                                                      "
  },
  {
    "villagecode": "146",
    "villagename": "Mannavedu Devadhanam     ",
    "villagetname": "மன்னவேடு தேவதானம்                                                                                                            "
  },
  {
    "villagecode": "097",
    "villagename": "Marutheri                ",
    "villagetname": "மருதேரி                                                                                                                      "
  },
  {
    "villagecode": "141",
    "villagename": "Mel Kanakampettu         ",
    "villagetname": "மேல் கனகம்பட்டு                                                                                                              "
  },
  {
    "villagecode": "119",
    "villagename": "Mellayoor                ",
    "villagetname": "மேலையூர்                                                                                                                     "
  },
  {
    "villagecode": "135",
    "villagename": "Mullipakkam              ",
    "villagetname": "முள்ளிப்பாக்கம்                                                                                                              "
  },
  {
    "villagecode": "036",
    "villagename": "Muttukadu                ",
    "villagetname": "முட்டுக்காடு                                                                                                                 "
  },
  {
    "villagecode": "033",
    "villagename": "Navaloor                 ",
    "villagetname": "நாவலூர்                                                                                                                      "
  },
  {
    "villagecode": "100",
    "villagename": "Nellikuppam              ",
    "villagetname": "நெல்லிகுப்பம்                                                                                                                "
  },
  {
    "villagecode": "107",
    "villagename": "Nemmeli                  ",
    "villagetname": "நெம்மேலி                                                                                                                     "
  },
  {
    "villagecode": "198",
    "villagename": "Orakadam                 ",
    "villagetname": "ஒரகடம்                                                                                                                       "
  },
  {
    "villagecode": "206",
    "villagename": "Orathur                  ",
    "villagetname": "ஒரத்துர்                                                                                                                     "
  },
  {
    "villagecode": "138",
    "villagename": "Otteri                   ",
    "villagetname": "ஓட்டேரி                                                                                                                      "
  },
  {
    "villagecode": "043",
    "villagename": "Padoor                   ",
    "villagetname": "படூர்                                                                                                                        "
  },
  {
    "villagecode": "155",
    "villagename": "Paiyanur                 ",
    "villagetname": "பையனூர்                                                                                                                      "
  },
  {
    "villagecode": "151",
    "villagename": "Panchanthiruthi          ",
    "villagetname": "பஞ்சந்திருத்தி                                                                                                               "
  },
  {
    "villagecode": "109",
    "villagename": "Pattipullam              ",
    "villagetname": "பட்டிபுலம்                                                                                                                   "
  },
  {
    "villagecode": "201",
    "villagename": "Periyairumbedu           ",
    "villagetname": "பெரியஇரும்பேடு                                                                                                               "
  },
  {
    "villagecode": "205",
    "villagename": "Periyavippedu            ",
    "villagetname": "பெரியவிப்பேடு                                                                                                                "
  },
  {
    "villagecode": "093",
    "villagename": "Perunthandalam           ",
    "villagetname": "பெருந்தண்டலம்                                                                                                                "
  },
  {
    "villagecode": "133",
    "villagename": "Pooelumbai               ",
    "villagetname": "பூயிலுப்பை                                                                                                                   "
  },
  {
    "villagecode": "136",
    "villagename": "Poondi                   ",
    "villagetname": "புண்டி                                                                                                                       "
  },
  {
    "villagecode": "126",
    "villagename": "Porundavakkam            ",
    "villagetname": "பொருந்தவாக்கம்                                                                                                               "
  },
  {
    "villagecode": "137",
    "villagename": "Rayamangalam             ",
    "villagetname": "ராயமங்கலம்                                                                                                                   "
  },
  {
    "villagecode": "211",
    "villagename": "Rettikuppam              ",
    "villagetname": "ரெட்டிகுப்பம்                                                                                                                "
  },
  {
    "villagecode": "134",
    "villagename": "Royalpattu               ",
    "villagetname": "ராயல்பட்டு                                                                                                                   "
  },
  {
    "villagecode": "110",
    "villagename": "Saluvan Kuppam           ",
    "villagetname": "சாலுவான்குப்பம்                                                                                                              "
  },
  {
    "villagecode": "149",
    "villagename": "Santhanampattu           ",
    "villagetname": "சந்தானம்பட்டு                                                                                                                "
  },
  {
    "villagecode": "122",
    "villagename": "Sempakkam                ",
    "villagetname": "செம்பாக்கம்                                                                                                                  "
  },
  {
    "villagecode": "103",
    "villagename": "Senkadu                  ",
    "villagetname": "செங்காடு                                                                                                                     "
  },
  {
    "villagecode": "096",
    "villagename": "Sirukundrem              ",
    "villagetname": "சிறுங்குன்றம்                                                                                                                "
  },
  {
    "villagecode": "124",
    "villagename": "Sirutavur                ",
    "villagetname": "சிறுதாவுர்                                                                                                                   "
  },
  {
    "villagecode": "046",
    "villagename": "Thaiyur-A                ",
    "villagetname": "தையூர் அ                                                                                                                     "
  },
  {
    "villagecode": "346",
    "villagename": "Thaiyur - B              ",
    "villagetname": "தையுர் - ஆ                                                                                                                   "
  },
  {
    "villagecode": "114",
    "villagename": "Thandalam                ",
    "villagetname": "தண்டலம்                                                                                                                      "
  },
  {
    "villagecode": "203",
    "villagename": "Thandarai                ",
    "villagetname": "தண்டரை                                                                                                                       "
  },
  {
    "villagecode": "095",
    "villagename": "Thasarikuppam            ",
    "villagetname": "தாசரிகுப்பம்                                                                                                                 "
  },
  {
    "villagecode": "140",
    "villagename": "Thirunilai               ",
    "villagetname": "திருநிலை                                                                                                                     "
  },
  {
    "villagecode": "105",
    "villagename": "Thirupporur              ",
    "villagetname": "திருப்போரூர்                                                                                                                 "
  },
  {
    "villagecode": "045",
    "villagename": "Thiruvedanthi            ",
    "villagetname": "திருவிடந்தை                                                                                                                  "
  },
  {
    "villagecode": "209",
    "villagename": "Valarkuram               ",
    "villagetname": "வளர்குன்றம்                                                                                                                  "
  },
  {
    "villagecode": "153",
    "villagename": "Valavanthangal           ",
    "villagetname": "வளவன்தாங்கல்                                                                                                                 "
  },
  {
    "villagecode": "113",
    "villagename": "Vankanari                ",
    "villagetname": "வெங்களேரி                                                                                                                    "
  },
  {
    "villagecode": "131",
    "villagename": "Veeralapakkam            ",
    "villagetname": "விரால்பாக்கம்                                                                                                                "
  },
  {
    "villagecode": "120",
    "villagename": "Veingur                  ",
    "villagetname": "வெங்கூர்                                                                                                                     "
  },
  {
    "villagecode": "101",
    "villagename": "Venpadu                  ",
    "villagetname": "வெண்பேடு                                                                                                                     "
  }
]
