[
  {
    "villagecode": "047",
    "villagename": "Aamanakkunatham          ",
    "villagetname": "ஆமணக்குநத்தம்                                                                                                                "
  },
  {
    "villagecode": "025",
    "villagename": "Aladipatti               ",
    "villagetname": "ஆலடிப்பட்டி                                                                                                                  "
  },
  {
    "villagecode": "045",
    "villagename": "Ampaladevanatham         ",
    "villagetname": "அம்பலதேவநத்தம்                                                                                                               "
  },
  {
    "villagecode": "043",
    "villagename": "Aruppukottai             ",
    "villagetname": "அருப்புக்கோட்டை                                                                                                              "
  },
  {
    "villagecode": "040",
    "villagename": "Athipatti                ",
    "villagetname": "ஆத்திபட்டி                                                                                                                   "
  },
  {
    "villagecode": "030",
    "villagename": "Eraisinnampatti          ",
    "villagetname": "இறைசின்னம்பட்டி                                                                                                              "
  },
  {
    "villagecode": "006",
    "villagename": "Gopalapuram              ",
    "villagetname": "கோபாலபுரம்                                                                                                                   "
  },
  {
    "villagecode": "021",
    "villagename": "Gurunaikkulam            ",
    "villagetname": "குருணைக்குளம்                                                                                                                "
  },
  {
    "villagecode": "033",
    "villagename": "Kalaiyarkarisalkulam     ",
    "villagetname": "காளையார்கரிசல்குளம்                                                                                                          "
  },
  {
    "villagecode": "082",
    "villagename": "Kallakari                ",
    "villagetname": "கள்ளக்காரி                                                                                                                   "
  },
  {
    "villagecode": "003",
    "villagename": "Kallumarpatti            ",
    "villagetname": "கல்லுமார்பட்டி                                                                                                               "
  },
  {
    "villagecode": "037",
    "villagename": "Kallurani                ",
    "villagetname": "கல்லூரணி                                                                                                                     "
  },
  {
    "villagecode": "031",
    "villagename": "Kalyansundrapuram        ",
    "villagetname": "கல்யாணசுந்தரபுரம்                                                                                                            "
  },
  {
    "villagecode": "073",
    "villagename": "Kanakki                  ",
    "villagetname": "கணக்கி                                                                                                                       "
  },
  {
    "villagecode": "042",
    "villagename": "Kanjanayakkanpatti       ",
    "villagetname": "கஞ்சநாயக்கன்பட்டி                                                                                                            "
  },
  {
    "villagecode": "022",
    "villagename": "Karuppukattiyenthal      ",
    "villagetname": "கருப்புக்கட்டியேந்தல்                                                                                                        "
  },
  {
    "villagecode": "041",
    "villagename": "Kattakanjampatti         ",
    "villagetname": "கட்டக்கஞ்சம்பட்டி                                                                                                            "
  },
  {
    "villagecode": "008",
    "villagename": "Kattangudi               ",
    "villagetname": "கட்டங்குடி                                                                                                                   "
  },
  {
    "villagecode": "083",
    "villagename": "Keelgudi                 ",
    "villagetname": "கீழ்குடி                                                                                                                     "
  },
  {
    "villagecode": "023",
    "villagename": "Konganakkurichi          ",
    "villagetname": "கொங்கணக்குறிச்சி                                                                                                             "
  },
  {
    "villagecode": "046",
    "villagename": "Koothiparai              ",
    "villagetname": "கூத்திப்பாறை                                                                                                                 "
  },
  {
    "villagecode": "007",
    "villagename": "Kovilankulam             ",
    "villagetname": "கோவிலாங்குளம்                                                                                                                "
  },
  {
    "villagecode": "072",
    "villagename": "K.Settikulam             ",
    "villagetname": "கா. செட்டிக்குளம்                                                                                                            "
  },
  {
    "villagecode": "019",
    "villagename": "Kulasekaranallur         ",
    "villagetname": "குலசேகரநல்லூர்                                                                                                               "
  },
  {
    "villagecode": "038",
    "villagename": "Kullampatti              ",
    "villagetname": "குல்லம்பட்டி                                                                                                                 "
  },
  {
    "villagecode": "004",
    "villagename": "Kullursanthai            ",
    "villagetname": "குல்லூர்சந்தை                                                                                                                "
  },
  {
    "villagecode": "009",
    "villagename": "Kurinjan Kulam           ",
    "villagetname": "குறிஞ்சான்குளம்                                                                                                              "
  },
  {
    "villagecode": "053",
    "villagename": "Kurunthamadam            ",
    "villagetname": "குருந்தமடம்                                                                                                                  "
  },
  {
    "villagecode": "064",
    "villagename": "Mandapasalai             ",
    "villagetname": "மண்டபசாலை                                                                                                                    "
  },
  {
    "villagecode": "020",
    "villagename": "Mangulam                 ",
    "villagetname": "மாங்குளம்                                                                                                                    "
  },
  {
    "villagecode": "063",
    "villagename": "Maravar Perungudi        ",
    "villagetname": "மறவர்பெருங்குடி                                                                                                              "
  },
  {
    "villagecode": "074",
    "villagename": "Melaiyur                 ",
    "villagetname": "மேலையூர்                                                                                                                     "
  },
  {
    "villagecode": "018",
    "villagename": "Melakandamangalam        ",
    "villagetname": "மேலக்கண்டமங்கலம்                                                                                                             "
  },
  {
    "villagecode": "015",
    "villagename": "Mettuthottian Kulam      ",
    "villagetname": "மேட்டுதொட்டியான்குளம்                                                                                                        "
  },
  {
    "villagecode": "035",
    "villagename": "Muthuramalingapuram      ",
    "villagetname": "முத்துராமலிங்கபுரம்                                                                                                          "
  },
  {
    "villagecode": "036",
    "villagename": "Narthampatti             ",
    "villagetname": "நார்த்தம்பட்டி                                                                                                               "
  },
  {
    "villagecode": "005",
    "villagename": "Palavanatham             ",
    "villagetname": "பாலவநத்தம்                                                                                                                   "
  },
  {
    "villagecode": "011",
    "villagename": "Palayampatti             ",
    "villagetname": "பாலையம்பட்டி                                                                                                                 "
  },
  {
    "villagecode": "058",
    "villagename": "P.Andipatti              ",
    "villagetname": "பி.ஆண்டிபட்டி                                                                                                                "
  },
  {
    "villagecode": "059",
    "villagename": "Panthalgudi              ",
    "villagetname": "பந்தல்குடி                                                                                                                   "
  },
  {
    "villagecode": "078",
    "villagename": "Paralachi                ",
    "villagetname": "பரளச்சி                                                                                                                      "
  },
  {
    "villagecode": "027",
    "villagename": "Parattanatham            ",
    "villagetname": "பரட்டநத்தம்                                                                                                                  "
  },
  {
    "villagecode": "012",
    "villagename": "Periyapuliyampatti  (W)  ",
    "villagetname": "பெரியபுளியம்பட்டி (மே)                                                                                                       "
  },
  {
    "villagecode": "034",
    "villagename": "Pommakkottai             ",
    "villagetname": "பொம்மக்கோட்டை                                                                                                                "
  },
  {
    "villagecode": "080",
    "villagename": "Poolangal                ",
    "villagetname": "பூலாங்கால்                                                                                                                   "
  },
  {
    "villagecode": "054",
    "villagename": "Potampatti               ",
    "villagetname": "போடம்பட்டி                                                                                                                   "
  },
  {
    "villagecode": "010",
    "villagename": "Poyyankulam              ",
    "villagetname": "பொய்யான்குளம்                                                                                                                "
  },
  {
    "villagecode": "017",
    "villagename": "Puliyuran                ",
    "villagetname": "புலியூரான்                                                                                                                   "
  },
  {
    "villagecode": "075",
    "villagename": "Pullanayakkanpatti       ",
    "villagetname": "புல்லாநாயக்கன்பட்டி                                                                                                          "
  },
  {
    "villagecode": "081",
    "villagename": "Purasalur                ",
    "villagetname": "புரசலூர்                                                                                                                     "
  },
  {
    "villagecode": "071",
    "villagename": "Rajagopalapuram          ",
    "villagetname": "இராஜகோபாலபுரம்                                                                                                               "
  },
  {
    "villagecode": "048",
    "villagename": "Ramapuram                ",
    "villagetname": "ராமாபுரம்                                                                                                                    "
  },
  {
    "villagecode": "032",
    "villagename": "R.Kallumadam             ",
    "villagetname": "ஆர்.கல்லுமடம்                                                                                                                "
  },
  {
    "villagecode": "068",
    "villagename": "Salukkuvarpatti          ",
    "villagetname": "சலுக்குவார்பட்டி                                                                                                             "
  },
  {
    "villagecode": "039",
    "villagename": "Savvaspuram              ",
    "villagetname": "சவ்வாஸ்புரம்                                                                                                                 "
  },
  {
    "villagecode": "016",
    "villagename": "Sempetti                 ",
    "villagetname": "செம்பட்டி                                                                                                                    "
  },
  {
    "villagecode": "079",
    "villagename": "Sengulam                 ",
    "villagetname": "செங்குளம்                                                                                                                    "
  },
  {
    "villagecode": "052",
    "villagename": "Settikurichi             ",
    "villagetname": "செட்டிக்குறிச்சி                                                                                                             "
  },
  {
    "villagecode": "056",
    "villagename": "Settipatti               ",
    "villagetname": "செட்டிபட்டி                                                                                                                  "
  },
  {
    "villagecode": "065",
    "villagename": "Silukkapatti             ",
    "villagetname": "சிலுக்கபட்டி                                                                                                                 "
  },
  {
    "villagecode": "050",
    "villagename": "Sukkilanatham            ",
    "villagetname": "சுக்கிலநத்தம்                                                                                                                "
  },
  {
    "villagecode": "002",
    "villagename": "Sulakkarai               ",
    "villagetname": "சூலக்கரை                                                                                                                     "
  },
  {
    "villagecode": "024",
    "villagename": "Sundakkottai             ",
    "villagetname": "சுண்டக்கோட்டை                                                                                                                "
  },
  {
    "villagecode": "069",
    "villagename": "Suthamadam               ",
    "villagetname": "சுத்தமடம்                                                                                                                    "
  },
  {
    "villagecode": "028",
    "villagename": "Thammanayakkanpatti      ",
    "villagetname": "தம்மநாயக்கன்பட்டி                                                                                                            "
  },
  {
    "villagecode": "077",
    "villagename": "Therkkunatham            ",
    "villagetname": "தெற்குநத்தம்                                                                                                                 "
  },
  {
    "villagecode": "067",
    "villagename": "Thirumalaipuram          ",
    "villagetname": "திருமலைபுரம்                                                                                                                 "
  },
  {
    "villagecode": "051",
    "villagename": "Thiruvirunthalpuram      ",
    "villagetname": "திருவிருந்தாள்புரம்                                                                                                          "
  },
  {
    "villagecode": "070",
    "villagename": "Thoppulakarai            ",
    "villagetname": "தொப்புலாக்கரை                                                                                                                "
  },
  {
    "villagecode": "057",
    "villagename": "Thummakkundu             ",
    "villagetname": "தும்மக்குண்டு                                                                                                                "
  },
  {
    "villagecode": "066",
    "villagename": "Thummusinnampatti        ",
    "villagetname": "தும்முசின்னம்பட்டி                                                                                                           "
  },
  {
    "villagecode": "061",
    "villagename": "T.Koppusithampatti       ",
    "villagetname": "டி. கொப்புசித்தம்பட்டி                                                                                                       "
  },
  {
    "villagecode": "049",
    "villagename": "T.Meenatchipuram         ",
    "villagetname": "டி.மீனாட்சிபுரம்                                                                                                             "
  },
  {
    "villagecode": "076",
    "villagename": "Vadakkunatham            ",
    "villagetname": "வடக்குநத்தம்                                                                                                                 "
  },
  {
    "villagecode": "044",
    "villagename": "Vallavandhupuram         ",
    "villagetname": "வாழவந்தபுரம்                                                                                                                 "
  },
  {
    "villagecode": "055",
    "villagename": "Vathuvarpatti            ",
    "villagetname": "வதுவார்பட்டி                                                                                                                 "
  },
  {
    "villagecode": "029",
    "villagename": "Vedanatham               ",
    "villagetname": "வேடநத்தம்                                                                                                                    "
  },
  {
    "villagecode": "060",
    "villagename": "Velayuthapuram           ",
    "villagetname": "வேலாயுதபுரம்                                                                                                                 "
  },
  {
    "villagecode": "026",
    "villagename": "Veppilaicheri            ",
    "villagetname": "வேப்பிலைச்சேரி                                                                                                               "
  },
  {
    "villagecode": "001",
    "villagename": "Villipathiri             ",
    "villagetname": "வில்லிபத்திரி                                                                                                                "
  },
  {
    "villagecode": "062",
    "villagename": "V.Koppusithampatti       ",
    "villagetname": "வி.கொப்புசித்தம்பட்டி                                                                                                        "
  }
]
