[
  {
    "villagecode": "040",
    "villagename": "Aambothi.                ",
    "villagetname": "ஆம்போதி                                                                                                                      "
  },
  {
    "villagecode": "007",
    "villagename": "Agraharasamakulam.       ",
    "villagetname": "அக்ரஹாரசாமகுளம்                                                                                                              "
  },
  {
    "villagecode": "038",
    "villagename": "Akkari Sengapally.       ",
    "villagetname": "அக்கரை செங்கப்பள்ளி                                                                                                          "
  },
  {
    "villagecode": "044",
    "villagename": "Allapalayam.             ",
    "villagetname": "அல்லப்பாளையம்                                                                                                                "
  },
  {
    "villagecode": "046",
    "villagename": "Annur.                   ",
    "villagetname": "அன்னூர்                                                                                                                      "
  },
  {
    "villagecode": "042",
    "villagename": "Annur Mettupalayam.      ",
    "villagetname": "அன்னூர் மேட்டுப்பாளையம்                                                                                                      "
  },
  {
    "villagecode": "035",
    "villagename": "Bogalur.                 ",
    "villagetname": "பொகலூர்                                                                                                                      "
  },
  {
    "villagecode": "016",
    "villagename": "Idikarai.                ",
    "villagetname": "இடிகரை                                                                                                                       "
  },
  {
    "villagecode": "010",
    "villagename": "Kallipalayam.            ",
    "villagetname": "கள்ளிப்பாளையம்                                                                                                               "
  },
  {
    "villagecode": "045",
    "villagename": "Kanjampally..            ",
    "villagetname": "கஞ்சப்பள்ளி                                                                                                                  "
  },
  {
    "villagecode": "039",
    "villagename": "Kanuvakarai.             ",
    "villagetname": "கணுவக்கரை                                                                                                                    "
  },
  {
    "villagecode": "057",
    "villagename": "Karegoundenpalayam.      ",
    "villagetname": "காரேகவுண்டம்பாளையம                                                                                                           "
  },
  {
    "villagecode": "048",
    "villagename": "Kariyampalayam.          ",
    "villagetname": "கரியாம்பாளையம்                                                                                                               "
  },
  {
    "villagecode": "052",
    "villagename": "Kattampatty.             ",
    "villagetname": "காட்டம்பட்டி                                                                                                                 "
  },
  {
    "villagecode": "015",
    "villagename": "Keeranatham.             ",
    "villagetname": "கீரணத்தம்                                                                                                                    "
  },
  {
    "villagecode": "008",
    "villagename": "Kondayampalayam.         ",
    "villagetname": "கொண்டையம்பாளையம்                                                                                                             "
  },
  {
    "villagecode": "053",
    "villagename": "Kunnathur.               ",
    "villagetname": "குன்னத்தூர்                                                                                                                  "
  },
  {
    "villagecode": "037",
    "villagename": "Kuppanur.                ",
    "villagetname": "குப்பனூர்                                                                                                                    "
  },
  {
    "villagecode": "051",
    "villagename": "Kuppepalayam.            ",
    "villagetname": "குப்பேபாளையம்                                                                                                                "
  },
  {
    "villagecode": "054",
    "villagename": "Masagoundenchettipalayam",
    "villagetname": "மசக்கவுண்டன்செட்டிபாளையம்"
  },
  {
    "villagecode": "056",
    "villagename": "Naranapuram.             ",
    "villagetname": "நாரணாபுரம்                                                                                                                   "
  },
  {
    "villagecode": "036",
    "villagename": "Odderpalayam.            ",
    "villagetname": "ஒட்டர்பாளையம்                                                                                                                "
  },
  {
    "villagecode": "055",
    "villagename": "Pachapalayam.            ",
    "villagetname": "பச்சாபாளையம்                                                                                                                 "
  },
  {
    "villagecode": "043",
    "villagename": "Pasoor.                  ",
    "villagetname": "பசூர்                                                                                                                        "
  },
  {
    "villagecode": "047",
    "villagename": "Pillayapampalayam.       ",
    "villagetname": "பிள்ளையப்பம்பாளையம்                                                                                                          "
  },
  {
    "villagecode": "009",
    "villagename": "Sarkar Samakulam.        ",
    "villagetname": "சர்க்கார்சாமக்குளம்                                                                                                          "
  },
  {
    "villagecode": "041",
    "villagename": "Vadakkalur.              ",
    "villagetname": "வடக்கலூர்                                                                                                                    "
  },
  {
    "villagecode": "050",
    "villagename": "Vadavalli.               ",
    "villagetname": "வடவள்ளி                                                                                                                      "
  },
  {
    "villagecode": "006",
    "villagename": "Vellamadai.              ",
    "villagetname": "வெள்ளமடை                                                                                                                     "
  },
  {
    "villagecode": "011",
    "villagename": "Vellanaipatty.           ",
    "villagetname": "வெள்ளாணைப்பட்டி                                                                                                              "
  }
]
