[
  {
    "villagecode": "056",
    "villagename": "Adamangalam              ",
    "villagetname": "ஆதமங்கலம்"
  },
  {
    "villagecode": "123",
    "villagename": "Alangaramangalam         ",
    "villagetname": "அலங்காரமங்கலம்"
  },
  {
    "villagecode": "126",
    "villagename": "Anaivadi                 ",
    "villagetname": "ஆணைவாடி"
  },
  {
    "villagecode": "115",
    "villagename": "Aniyalai                 ",
    "villagetname": "அணியாலை"
  },
  {
    "villagecode": "075",
    "villagename": "Arunagirimangalam        ",
    "villagetname": "அருணகிரிமங்கலம்"
  },
  {
    "villagecode": "057",
    "villagename": "Devarayanpalayam         ",
    "villagetname": "தேவராயன்பாளையம்"
  },
  {
    "villagecode": "106",
    "villagename": "Elathur                  ",
    "villagetname": "எலத்தூர்"
  },
  {
    "villagecode": "078",
    "villagename": "Ernamangalam             ",
    "villagetname": "எர்ணாமங்கலம்"
  },
  {
    "villagecode": "116",
    "villagename": "Genganallur              ",
    "villagetname": "கெங்கநல்லூர்"
  },
  {
    "villagecode": "055",
    "villagename": "Gengavaram               ",
    "villagetname": "கெங்கவரம்"
  },
  {
    "villagecode": "095",
    "villagename": "Kachcherimangalam        ",
    "villagetname": "கச்சேரிமங்கலம்"
  },
  {
    "villagecode": "072",
    "villagename": "Kadaladi                 ",
    "villagetname": "கடலாடி"
  },
  {
    "villagecode": "103",
    "villagename": "Kalasappakkam            ",
    "villagetname": "கலசபாக்கம்"
  },
  {
    "villagecode": "113",
    "villagename": "Kaloor                   ",
    "villagetname": "காலூர்"
  },
  {
    "villagecode": "124",
    "villagename": "Kampattu                 ",
    "villagetname": "காம்பட்டு"
  },
  {
    "villagecode": "058",
    "villagename": "Kandappalayam            ",
    "villagetname": "காந்தபாளையம்"
  },
  {
    "villagecode": "097",
    "villagename": "Kappalur                 ",
    "villagetname": "காப்பலூர்"
  },
  {
    "villagecode": "082",
    "villagename": "Ketavarampalayem         ",
    "villagetname": "கேட்டவரம்பாளையம்"
  },
  {
    "villagecode": "083",
    "villagename": "Kidampalayem             ",
    "villagetname": "கிடாம்பாளையம்"
  },
  {
    "villagecode": "108",
    "villagename": "Kilpotharai              ",
    "villagetname": "கீழ்பொத்தரை"
  },
  {
    "villagecode": "063",
    "villagename": "Kilppalur                ",
    "villagetname": "கீழ்பாலூர்"
  },
  {
    "villagecode": "117",
    "villagename": "Ladavaram                ",
    "villagetname": "லாடவரம்"
  },
  {
    "villagecode": "065",
    "villagename": "Mattavettu               ",
    "villagetname": "மட்டவெட்டு"
  },
  {
    "villagecode": "079",
    "villagename": "Melarani                 ",
    "villagetname": "மேலாரணி"
  },
  {
    "villagecode": "064",
    "villagename": "Melppalur                ",
    "villagetname": "மேல்பாலூர்"
  },
  {
    "villagecode": "061",
    "villagename": "Melsozhankuppam          ",
    "villagetname": "மேல்சோழங்குப்பம்"
  },
  {
    "villagecode": "094",
    "villagename": "Melvilvarayanallru       ",
    "villagetname": "மேல்வில்வராயநல்லூர்"
  },
  {
    "villagecode": "073",
    "villagename": "Nallanpillaipetral       ",
    "villagetname": "நல்லான்பிள்ளைபெற்றாள்"
  },
  {
    "villagecode": "120",
    "villagename": "Padagam                  ",
    "villagetname": "பாடகம்"
  },
  {
    "villagecode": "119",
    "villagename": "Padiyemputhur            ",
    "villagetname": "படியம்புத்தூர்"
  },
  {
    "villagecode": "077",
    "villagename": "Panampattu               ",
    "villagetname": "பாணாம்பட்டு"
  },
  {
    "villagecode": "114",
    "villagename": "Pathiyavadi              ",
    "villagetname": "பத்தியவாடி"
  },
  {
    "villagecode": "110",
    "villagename": "Pazhankoil               ",
    "villagetname": "பழங்கோயில்"
  },
  {
    "villagecode": "111",
    "villagename": "Pillur                   ",
    "villagetname": "பில்லூர்"
  },
  {
    "villagecode": "105",
    "villagename": "Pirayamppatu             ",
    "villagetname": "பிராயம்பட்டு"
  },
  {
    "villagecode": "104",
    "villagename": "Poondi                   ",
    "villagetname": "பூண்டி"
  },
  {
    "villagecode": "059",
    "villagename": "Seenanthal               ",
    "villagetname": "சீனந்தல்"
  },
  {
    "villagecode": "118",
    "villagename": "Seetampattu              ",
    "villagetname": "சீட்டாம்பட்டு"
  },
  {
    "villagecode": "080",
    "villagename": "Sengapuththeri           ",
    "villagetname": "சேங்கப்புத்தேரி"
  },
  {
    "villagecode": "074",
    "villagename": "Senkalmagadevi           ",
    "villagetname": "கெங்கலமகாதேவி"
  },
  {
    "villagecode": "081",
    "villagename": "Siruvaloor               ",
    "villagetname": "சிறுவள்ளூர்"
  },
  {
    "villagecode": "107",
    "villagename": "Sozhavaram               ",
    "villagetname": "சோழவரம்"
  },
  {
    "villagecode": "076",
    "villagename": "Thenmathimangalam        ",
    "villagetname": "தென்மாதிமங்கலம்"
  },
  {
    "villagecode": "109",
    "villagename": "Thennakaram              ",
    "villagetname": "தென்னகரம்"
  },
  {
    "villagecode": "112",
    "villagename": "Thenpallipattu           ",
    "villagetname": "தென்பள்ளிபட்டு"
  },
  {
    "villagecode": "060",
    "villagename": "Vadakarainammiyandal     ",
    "villagetname": "வடகரைநம்மியந்தல்"
  },
  {
    "villagecode": "096",
    "villagename": "Vallyanur                ",
    "villagetname": "வன்னியனூர்"
  },
  {
    "villagecode": "062",
    "villagename": "Veeralur                 ",
    "villagetname": "வீரளூர்"
  },
  {
    "villagecode": "102",
    "villagename": "Vinnuvampattu            ",
    "villagetname": "விண்ணுவாம்பட்டு"
  }
]
