[
  {
    "villagecode": "038",
    "villagename": "Aalangudi                ",
    "villagetname": "ஆலங்குடி"
  },
  {
    "villagecode": "058",
    "villagename": "Aanaikuppam",
    "villagetname": "ஆனைக்குப்பம்"
  },
  {
    "villagecode": "042",
    "villagename": "Achchuthamangalam",
    "villagetname": "அச்சுதமங்கலம்"
  },
  {
    "villagecode": "040",
    "villagename": "Adambaar",
    "villagetname": "அதம்பார்"
  },
  {
    "villagecode": "072",
    "villagename": "Adambar  40-1",
    "villagetname": "அதம்பார் 40-1"
  },
  {
    "villagecode": "029",
    "villagename": "Agarathirumaalam",
    "villagetname": "அகரத்திருமாளம்"
  },
  {
    "villagecode": "004",
    "villagename": "Annathanapuram",
    "villagetname": "அன்னதானபுரம்"
  },
  {
    "villagecode": "032",
    "villagename": "Ayyampettai              ",
    "villagetname": "அய்யம்பேட்டை"
  },
  {
    "villagecode": "031",
    "villagename": "Kadagakkudi",
    "villagetname": "கடகக்குடி"
  },
  {
    "villagecode": "010",
    "villagename": "Kadagam                  ",
    "villagetname": "கடகம்"
  },
  {
    "villagecode": "015",
    "villagename": "Kaduvangudi              ",
    "villagetname": "கடுவங்குடி"
  },
  {
    "villagecode": "005",
    "villagename": "Kaliyaakudi",
    "villagetname": "காளியாகுடி"
  },
  {
    "villagecode": "050",
    "villagename": "Kelkkudi",
    "villagetname": "கீழ்க்குடி"
  },
  {
    "villagecode": "002",
    "villagename": "Keranur",
    "villagetname": "கீரனூர்"
  },
  {
    "villagecode": "022",
    "villagename": "Kollaapuram",
    "villagetname": "கொல்லாபுரம்"
  },
  {
    "villagecode": "071",
    "villagename": "Kollumnagudi 1-1         ",
    "villagetname": "கொல்லுமாங்குடி 1-1"
  },
  {
    "villagecode": "003",
    "villagename": "Koothanur 3",
    "villagetname": "கூத்தனூர் 3"
  },
  {
    "villagecode": "034",
    "villagename": "Koothanur 34",
    "villagetname": "கூத்தனூர் 34"
  },
  {
    "villagecode": "035",
    "villagename": "Kothavaasal",
    "villagetname": "கொத்தவாசல்"
  },
  {
    "villagecode": "019",
    "villagename": "Kottur                   ",
    "villagetname": "கொட்டூர்"
  },
  {
    "villagecode": "028",
    "villagename": "Kovilthirumaalam",
    "villagetname": "கோவில்திருமாளம்"
  },
  {
    "villagecode": "023",
    "villagename": "Kumarakkudi              ",
    "villagetname": "குமாரக்குடி"
  },
  {
    "villagecode": "021",
    "villagename": "Kurungulam               ",
    "villagetname": "குருங்குளம்"
  },
  {
    "villagecode": "063",
    "villagename": "Kuvalaikkaal",
    "villagetname": "குவளைக்கால்"
  },
  {
    "villagecode": "061",
    "villagename": "Magilancheri",
    "villagetname": "மகிழஞ்சேரி"
  },
  {
    "villagecode": "030",
    "villagename": "Maharajapuram",
    "villagetname": "மகாராஜபுரம்"
  },
  {
    "villagecode": "045",
    "villagename": "Manavalampettai          ",
    "villagetname": "மணவாளம்பேட்டை"
  },
  {
    "villagecode": "033",
    "villagename": "Maruthavaancheri",
    "villagetname": "மருதவாஞ்சேரி"
  },
  {
    "villagecode": "024",
    "villagename": "Menaangudi",
    "villagetname": "மேனாங்குடி"
  },
  {
    "villagecode": "059",
    "villagename": "Moolamangalam",
    "villagetname": "மூலமங்கலம்"
  },
  {
    "villagecode": "064",
    "villagename": "Moolangudi",
    "villagetname": "மூலங்குடி"
  },
  {
    "villagecode": "065",
    "villagename": "Moongilkkudi",
    "villagetname": "மூங்கில்குடி"
  },
  {
    "villagecode": "037",
    "villagename": "Mudikondaan",
    "villagetname": "முடிகொண்டான்"
  },
  {
    "villagecode": "007",
    "villagename": "Mukundanur",
    "villagetname": "முகுந்தனூர்"
  },
  {
    "villagecode": "067",
    "villagename": "Naagakkudi",
    "villagetname": "நாகக்குடி"
  },
  {
    "villagecode": "044",
    "villagename": "Nallamaangudi",
    "villagetname": "நல்லமாங்குடி"
  },
  {
    "villagecode": "049",
    "villagename": "Nannilam                 ",
    "villagetname": "நன்னிலம்"
  },
  {
    "villagecode": "006",
    "villagename": "Nedungulam               ",
    "villagetname": "நெடுங்குளம்"
  },
  {
    "villagecode": "068",
    "villagename": "Nelakkudi",
    "villagetname": "நீலக்குடி"
  },
  {
    "villagecode": "039",
    "villagename": "Nemmeli",
    "villagetname": "நெம்மேலி"
  },
  {
    "villagecode": "014",
    "villagename": "Panangattaangudi",
    "villagetname": "பனங்காட்டாங்குடி"
  },
  {
    "villagecode": "060",
    "villagename": "Panangudi                ",
    "villagetname": "பனங்குடி"
  },
  {
    "villagecode": "020",
    "villagename": "Pandaravaadai",
    "villagetname": "பண்டாரவாடை"
  },
  {
    "villagecode": "053",
    "villagename": "Paruthiyur",
    "villagetname": "பருத்தியூர்"
  },
  {
    "villagecode": "012",
    "villagename": "Pavattakkudi",
    "villagetname": "பாவட்டக்குடி"
  },
  {
    "villagecode": "018",
    "villagename": "Peralam                  ",
    "villagetname": "பேரளம்"
  },
  {
    "villagecode": "069",
    "villagename": "Perumpugalur             ",
    "villagetname": "பெரும்புகளூர்"
  },
  {
    "villagecode": "001",
    "villagename": "Pillur                   ",
    "villagetname": "பில்லூர்"
  },
  {
    "villagecode": "016",
    "villagename": "Polakkudi",
    "villagetname": "போழக்குடி"
  },
  {
    "villagecode": "055",
    "villagename": "Poongulam",
    "villagetname": "பூங்குளம்"
  },
  {
    "villagecode": "026",
    "villagename": "Rettakkudi",
    "villagetname": "ரெட்டக்குடி"
  },
  {
    "villagecode": "056",
    "villagename": "Sallipperi",
    "villagetname": "சலிப்பேரி"
  },
  {
    "villagecode": "047",
    "villagename": "Sannanallur              ",
    "villagetname": "சன்னாநல்லூர்"
  },
  {
    "villagecode": "027",
    "villagename": "Sembiyanallur            ",
    "villagetname": "செம்பியநல்லூர்"
  },
  {
    "villagecode": "052",
    "villagename": "Senganur",
    "villagetname": "சேங்கனூர்"
  },
  {
    "villagecode": "036",
    "villagename": "Seruvaalur",
    "villagetname": "செருவளூர்"
  },
  {
    "villagecode": "013",
    "villagename": "Sirupuliyur              ",
    "villagetname": "சிறுபுலியூர்"
  },
  {
    "villagecode": "051",
    "villagename": "Srivanajiyam",
    "villagetname": "ஸ்ரீவாஞ்சியம்"
  },
  {
    "villagecode": "066",
    "villagename": "Surakkudi",
    "villagetname": "சுரக்குடி"
  },
  {
    "villagecode": "011",
    "villagename": "Thalaiyur",
    "villagetname": "தலையூர்"
  },
  {
    "villagecode": "057",
    "villagename": "Thattathimoolai",
    "villagetname": "தட்டாத்திமூலை"
  },
  {
    "villagecode": "048",
    "villagename": "Thirukkandeswaram",
    "villagetname": "திருக்கண்டீஸ்வரம்"
  },
  {
    "villagecode": "008",
    "villagename": "Thirukkottaram",
    "villagetname": "திருக்கொட்டாரம்"
  },
  {
    "villagecode": "017",
    "villagename": "Thirumiachchur",
    "villagetname": "திருமியச்சூர்"
  },
  {
    "villagecode": "073",
    "villagename": "Thiruppalli Mukkodal 70-1",
    "villagetname": "திருப்பள்ளிமுக்கூடல் 70-1"
  },
  {
    "villagecode": "046",
    "villagename": "Thothukkudi",
    "villagetname": "தூத்துக்குடி"
  },
  {
    "villagecode": "025",
    "villagename": "Ubhayavedanthapuram",
    "villagetname": "உபயவேதாந்தபுரம்"
  },
  {
    "villagecode": "041",
    "villagename": "Vaalkkai",
    "villagetname": "வாழ்க்கை"
  },
  {
    "villagecode": "043",
    "villagename": "Vadakudi",
    "villagetname": "வடகுடி"
  },
  {
    "villagecode": "070",
    "villagename": "Vandaampalai",
    "villagetname": "வண்டாம்பாலை"
  },
  {
    "villagecode": "009",
    "villagename": "Velangudi",
    "villagetname": "வேலங்குடி"
  },
  {
    "villagecode": "054",
    "villagename": "Vethividangan",
    "villagetname": "வீதிவிடங்கன்"
  },
  {
    "villagecode": "062",
    "villagename": "Visalur                  ",
    "villagetname": "விசலூர்"
  }
]
