[
  {
    "villagecode": "001",
    "villagename": "Arulavadi                ",
    "villagetname": "001  அருளவாடி                                                                                                                "
  },
  {
    "villagecode": "013",
    "villagename": "Chikkakajanur            ",
    "villagetname": "013  சிக்ககாஜனூர்                                                                                                            "
  },
  {
    "villagecode": "009",
    "villagename": "Eranahalli               ",
    "villagetname": "009  எரகனஹள்ளி                                                                                                               "
  },
  {
    "villagecode": "019",
    "villagename": "Haasanur                 ",
    "villagetname": "019  ஆசனூர்                                                                                                                  "
  },
  {
    "villagecode": "016",
    "villagename": "Ikkalur                  ",
    "villagetname": "016  இக்கலூர்                                                                                                                "
  },
  {
    "villagecode": "011",
    "villagename": "Karalavadi               ",
    "villagetname": "011  கரளவாடி                                                                                                                 "
  },
  {
    "villagecode": "007",
    "villagename": "Kettavaadi               ",
    "villagetname": "007  கெட்டவாடி                                                                                                               "
  },
  {
    "villagecode": "006",
    "villagename": "Konganahalli             ",
    "villagetname": "006  கொங்கஹள்ளி                                                                                                              "
  },
  {
    "villagecode": "003",
    "villagename": "Maathahalli              ",
    "villagetname": "003  மாதஹள்ளி                                                                                                                "
  },
  {
    "villagecode": "002",
    "villagename": "Mallankuzhi              ",
    "villagetname": "002  மல்லன்குழி                                                                                                              "
  },
  {
    "villagecode": "015",
    "villagename": "Marur                    ",
    "villagetname": "015  மரூர்                                                                                                                   "
  },
  {
    "villagecode": "017",
    "villagename": "Neithalapuram            ",
    "villagetname": "017  நெய்தாளபுரம்                                                                                                            "
  },
  {
    "villagecode": "004",
    "villagename": "Paiyanapuram             ",
    "villagetname": "004  பையன்னபுரம்                                                                                                             "
  },
  {
    "villagecode": "005",
    "villagename": "Panagahalli              ",
    "villagetname": "005  பனகஹள்ளி                                                                                                                "
  },
  {
    "villagecode": "018",
    "villagename": "Thalamalai               ",
    "villagetname": "018  தலைமலை                                                                                                                  "
  },
  {
    "villagecode": "014",
    "villagename": "Thalavadi                ",
    "villagetname": "014  தாளவாடி                                                                                                                 "
  },
  {
    "villagecode": "010",
    "villagename": "Thiginaarai              ",
    "villagetname": "010  திகினாரை                                                                                                                "
  },
  {
    "villagecode": "012",
    "villagename": "Thottakajanur            ",
    "villagetname": "012  தொட்டகாஜனூர்                                                                                                            "
  },
  {
    "villagecode": "008",
    "villagename": "Thottamudhukarai         ",
    "villagetname": "008  தொட்டமுதுகரை                                                                                                            "
  }
]
