[
  {
    "villagecode": "121",
    "villagename": "Achamangalam",
    "villagetname": "அச்சமங்கலம்                                                                                                                  "
  },
  {
    "villagecode": "120",
    "villagename": "Balianayanpalli",
    "villagetname": "பாலிநாயனப்பள்ளி                                                                                                              "
  },
  {
    "villagecode": "133",
    "villagename": "Bargur",
    "villagetname": "பர்கூர்                                                                                                                      "
  },
  {
    "villagecode": "141",
    "villagename": "Batlapalli",
    "villagetname": "பட்லப்பள்ளி                                                                                                                  "
  },
  {
    "villagecode": "032",
    "villagename": "Bommepalli",
    "villagetname": "பொம்மேப்பள்ளி                                                                                                                "
  },
  {
    "villagecode": "122",
    "villagename": "B.R.G. Madepalli",
    "villagetname": "பீ.ஆர்.ஜி.மாதேப்பள்ளி                                                                                                        "
  },
  {
    "villagecode": "117",
    "villagename": "Chendarappalli",
    "villagetname": "செந்தாரப்பள்ளி                                                                                                               "
  },
  {
    "villagecode": "131",
    "villagename": "Chinnamattarapalli",
    "villagetname": "சின்னமட்டாரப்பள்ளி                                                                                                           "
  },
  {
    "villagecode": "128",
    "villagename": "Chinnathimminayanapalli",
    "villagetname": "சின்னதிம்மிநாயனப்பள்ளி                                                                                                       "
  },
  {
    "villagecode": "130",
    "villagename": "Guruvinayanapalli",
    "villagetname": "குருவிநாயனப்பள்ளி                                                                                                            "
  },
  {
    "villagecode": "142",
    "villagename": "Guttur",
    "villagetname": "குட்டூர்                                                                                                                     "
  },
  {
    "villagecode": "115",
    "villagename": "Ikondamkothapalli",
    "villagetname": "ஐகொந்தம்கொத்தப்பள்ளி                                                                                                         "
  },
  {
    "villagecode": "138",
    "villagename": "Jegadevipalayam",
    "villagetname": "ஜெகதேவிபாளையம்                                                                                                               "
  },
  {
    "villagecode": "029",
    "villagename": "Kannandahalli",
    "villagetname": "கண்ணன்டஹள்ளி                                                                                                                 "
  },
  {
    "villagecode": "137",
    "villagename": "Kondappanayanapalli",
    "villagetname": "கொண்டப்பநாயனப்பள்ளி                                                                                                          "
  },
  {
    "villagecode": "116",
    "villagename": "Majidgollahalli",
    "villagetname": "மஜித்கொல்லஹள்ளி                                                                                                              "
  },
  {
    "villagecode": "136",
    "villagename": "Mallappadi",
    "villagetname": "மல்லப்பாடி                                                                                                                   "
  },
  {
    "villagecode": "114",
    "villagename": "Modikuppam",
    "villagetname": "மோடிகுப்பம்                                                                                                                  "
  },
  {
    "villagecode": "031",
    "villagename": "Nagampatti",
    "villagetname": "நாகம்பட்டி                                                                                                                   "
  },
  {
    "villagecode": "134",
    "villagename": "Oppathavadi",
    "villagetname": "ஒப்பத்தவாடி                                                                                                                  "
  },
  {
    "villagecode": "119",
    "villagename": "Orappam",
    "villagetname": "ஒரப்பம்                                                                                                                      "
  },
  {
    "villagecode": "123",
    "villagename": "Palepalli",
    "villagetname": "பாலேப்பள்ளி                                                                                                                  "
  },
  {
    "villagecode": "140",
    "villagename": "Pasinayanapalli",
    "villagetname": "பாசிநாயனப்பள்ளி                                                                                                              "
  },
  {
    "villagecode": "030",
    "villagename": "Pichuchukondanahalli",
    "villagetname": "பிச்சுகொண்டனஹள்ளி                                                                                                            "
  },
  {
    "villagecode": "139",
    "villagename": "Puligunta",
    "villagetname": "புலிகுண்டா                                                                                                                   "
  },
  {
    "villagecode": "132",
    "villagename": "Salinayanipalli",
    "villagetname": "சாலிநாயனப்பள்ளி                                                                                                              "
  },
  {
    "villagecode": "033",
    "villagename": "Sevvampatti",
    "villagetname": "சிவம்பட்டி                                                                                                                   "
  },
  {
    "villagecode": "135",
    "villagename": "Sigaralapalli",
    "villagetname": "சிகரலப்பள்ளி                                                                                                                 "
  },
  {
    "villagecode": "118",
    "villagename": "Sulamalai",
    "villagetname": "சூலாமலை                                                                                                                      "
  },
  {
    "villagecode": "129",
    "villagename": "Varattanapalli",
    "villagetname": "வரட்டணப்பள்ளி                                                                                                                "
  }
]
