[
  {
    "villagecode": "059",
    "villagename": "Aalagramam West          ",
    "villagetname": "ஆலகிராமம் மேற்கு                                                                                                             "
  },
  {
    "villagecode": "069",
    "villagename": "Aathikuppam              ",
    "villagetname": "ஆத்திக்குப்பம்                                                                                                               "
  },
  {
    "villagecode": "005",
    "villagename": "Aathipakkam              ",
    "villagetname": "ஆத்திப்பாக்கம்                                                                                                               "
  },
  {
    "villagecode": "109",
    "villagename": "Aathur                   ",
    "villagetname": "ஆத்தூர்                                                                                                                      "
  },
  {
    "villagecode": "016",
    "villagename": "Akur",
    "villagetname": "அகூர்                                                                                                                        "
  },
  {
    "villagecode": "996",
    "villagename": "Alagramam East",
    "villagetname": "ஆலகிராமம் கிழக்கு                                                                                                            "
  },
  {
    "villagecode": "026",
    "villagename": "Ammanampakkam            ",
    "villagetname": "அம்மனம்பாக்கம்                                                                                                               "
  },
  {
    "villagecode": "170",
    "villagename": "Andapattu                ",
    "villagetname": "அண்டப்பட்டு                                                                                                                  "
  },
  {
    "villagecode": "070",
    "villagename": "Angkanikuppam            ",
    "villagetname": "அங்காணிக்குப்பம்                                                                                                             "
  },
  {
    "villagecode": "176",
    "villagename": "Annampakkam              ",
    "villagetname": "அன்னம்பாக்கம்                                                                                                                "
  },
  {
    "villagecode": "082",
    "villagename": "Annamputhur              ",
    "villagetname": "அன்னம்புத்தூர்                                                                                                               "
  },
  {
    "villagecode": "091",
    "villagename": "Ariyangkuppam            ",
    "villagetname": "அரியாங்குப்பம்                                                                                                               "
  },
  {
    "villagecode": "043",
    "villagename": "Asur",
    "villagetname": "ஆசூர்                                                                                                                        "
  },
  {
    "villagecode": "173",
    "villagename": "Atchippakam              ",
    "villagetname": "ஆட்சிப்பாக்கம்                                                                                                               "
  },
  {
    "villagecode": "054",
    "villagename": "Avaiyarkuppam",
    "villagetname": "௮வ்வையார்குப்பம்"
  },
  {
    "villagecode": "098",
    "villagename": "Avanampattu              ",
    "villagetname": "ஆவனம்பட்டு                                                                                                                   "
  },
  {
    "villagecode": "161",
    "villagename": "Avanippur                ",
    "villagetname": "ஆவனிப்பூர்"
  },
  {
    "villagecode": "162",
    "villagename": "Chenalur                 ",
    "villagetname": "சேனலூர்                                                                                                                      "
  },
  {
    "villagecode": "085",
    "villagename": "Chinnanerkunam           ",
    "villagetname": "சின்னநெற்குணம்                                                                                                               "
  },
  {
    "villagecode": "087",
    "villagename": "Chinna Valavanur         ",
    "villagetname": "சின்ன வளவனூர்                                                                                                                "
  },
  {
    "villagecode": "067",
    "villagename": "Chithani",
    "villagetname": "சித்தணி                                                                                                                      "
  },
  {
    "villagecode": "015",
    "villagename": "Deevanur",
    "villagetname": "தீவனூர்                                                                                                                      "
  },
  {
    "villagecode": "022",
    "villagename": "Dhadapuram               ",
    "villagetname": "தாதாபுரம்                                                                                                                    "
  },
  {
    "villagecode": "141",
    "villagename": "Eechery                  ",
    "villagetname": "ஈச்சேரி                                                                                                                      "
  },
  {
    "villagecode": "013",
    "villagename": "Elamangalam",
    "villagetname": "இளமங்கலம்                                                                                                                    "
  },
  {
    "villagecode": "106",
    "villagename": "Elavalapakkam            ",
    "villagetname": "எலவளப்பாக்கம்                                                                                                                "
  },
  {
    "villagecode": "108",
    "villagename": "Endiyur                  ",
    "villagetname": "எண்டியூர்                                                                                                                    "
  },
  {
    "villagecode": "171",
    "villagename": "Eppakkam                 ",
    "villagetname": "ஏப்பாக்கம்                                                                                                                   "
  },
  {
    "villagecode": "101",
    "villagename": "Eraiyanur                ",
    "villagetname": "எறையானூர்"
  },
  {
    "villagecode": "122",
    "villagename": "Evalur                   ",
    "villagetname": "ஏவளுர்                                                                                                                       "
  },
  {
    "villagecode": "068",
    "villagename": "Ezhaay",
    "villagetname": "எழாய்                                                                                                                        "
  },
  {
    "villagecode": "071",
    "villagename": "Ganapathipattu           ",
    "villagetname": "கணபதிப்பட்டு                                                                                                                 "
  },
  {
    "villagecode": "050",
    "villagename": "Jakampettai              ",
    "villagetname": "ஜக்காம்பேட்டை"
  },
  {
    "villagecode": "944",
    "villagename": "Janakipttai              ",
    "villagetname": "ஜானகிப்பேட்டை                                                                                                                "
  },
  {
    "villagecode": "181",
    "villagename": "Kadavampakkam",
    "villagetname": "கடவம்பாக்கம்                                                                                                                 "
  },
  {
    "villagecode": "089",
    "villagename": "Kallakolathur            ",
    "villagetname": "கள்ளகொளத்தூர்                                                                                                                "
  },
  {
    "villagecode": "018",
    "villagename": "Kalpakkam                ",
    "villagetname": "கல்பாக்கம்                                                                                                                   "
  },
  {
    "villagecode": "177",
    "villagename": "Kampoor                  ",
    "villagetname": "கம்பூர்                                                                                                                      "
  },
  {
    "villagecode": "074",
    "villagename": "Kanniyam",
    "villagetname": "கண்ணியம்                                                                                                                     "
  },
  {
    "villagecode": "130",
    "villagename": "Karikkampattu",
    "villagetname": "கரிக்கம்பட்டு                                                                                                                "
  },
  {
    "villagecode": "100",
    "villagename": "Karnavur",
    "villagetname": "கர்ணாவூர்"
  },
  {
    "villagecode": "169",
    "villagename": "Karuppur                 ",
    "villagetname": "கருப்பூர்                                                                                                                    "
  },
  {
    "villagecode": "032",
    "villagename": "Karuvampakkam",
    "villagetname": "கருவம்பாக்கம்                                                                                                                "
  },
  {
    "villagecode": "143",
    "villagename": "Kattalai",
    "villagetname": "கட்டளை                                                                                                                       "
  },
  {
    "villagecode": "179",
    "villagename": "Kattupunchai             ",
    "villagetname": "காட்டுபுஞ்சை                                                                                                                 "
  },
  {
    "villagecode": "039",
    "villagename": "Kattusiviri              ",
    "villagetname": "காட்டுசிவிரி                                                                                                                 "
  },
  {
    "villagecode": "164",
    "villagename": "Keel Pootheri            ",
    "villagetname": "கீழ்புதேரி                                                                                                                   "
  },
  {
    "villagecode": "135",
    "villagename": "Keezhathanur",
    "villagetname": "கீழ்ஆதனூர்                                                                                                                   "
  },
  {
    "villagecode": "097",
    "villagename": "Keezhedayalam",
    "villagetname": "கீழ்எடையாளம்                                                                                                                 "
  },
  {
    "villagecode": "140",
    "villagename": "Keezhkoodalur",
    "villagetname": "கீழ்கூடலூர்                                                                                                                  "
  },
  {
    "villagecode": "168",
    "villagename": "Keezhmannur",
    "villagetname": "கீழ்மண்ணூர்                                                                                                                  "
  },
  {
    "villagecode": "021",
    "villagename": "Keezhmavilangai",
    "villagetname": "கீழ்மாவிலங்கை                                                                                                                "
  },
  {
    "villagecode": "166",
    "villagename": "Keezhnemili",
    "villagetname": "கீழ்நெமிலி                                                                                                                   "
  },
  {
    "villagecode": "172",
    "villagename": "Keezhpasar",
    "villagetname": "கீழ்பசார்                                                                                                                    "
  },
  {
    "villagecode": "096",
    "villagename": "Keezhperadikuppam",
    "villagetname": "கீழ்பேரடிக்குப்பம்                                                                                                           "
  },
  {
    "villagecode": "163",
    "villagename": "Keezhsevur               ",
    "villagetname": "கீழ்சேவுர்                                                                                                                   "
  },
  {
    "villagecode": "092",
    "villagename": "Keezhsithamur",
    "villagetname": "கீழ்சித்தாமூர்                                                                                                               "
  },
  {
    "villagecode": "121",
    "villagename": "Kezhkaranai              ",
    "villagetname": "கீழ்காரணை                                                                                                                    "
  },
  {
    "villagecode": "033",
    "villagename": "Kirandipuram             ",
    "villagetname": "கிராண்டிபுரம்                                                                                                                "
  },
  {
    "villagecode": "057",
    "villagename": "Kodima",
    "villagetname": "கொடிமா                                                                                                                       "
  },
  {
    "villagecode": "027",
    "villagename": "Kodiyam                  ",
    "villagetname": "கொடியம்                                                                                                                      "
  },
  {
    "villagecode": "040",
    "villagename": "Kollaar",
    "villagetname": "கொள்ளார்                                                                                                                     "
  },
  {
    "villagecode": "084",
    "villagename": "Kolliyankunam            ",
    "villagetname": "கொல்லியங்குணம்                                                                                                               "
  },
  {
    "villagecode": "003",
    "villagename": "Konalur                  ",
    "villagetname": "கோணலூர்"
  },
  {
    "villagecode": "073",
    "villagename": "Konamangalam",
    "villagetname": "கொணமங்கலம்                                                                                                                   "
  },
  {
    "villagecode": "154",
    "villagename": "Koochikulathoor",
    "villagetname": "கூச்சிகொளத்தூர்                                                                                                              "
  },
  {
    "villagecode": "986",
    "villagename": "Kootteripattu",
    "villagetname": "கூட்டேரிபட்டு                                                                                                                "
  },
  {
    "villagecode": "078",
    "villagename": "Koralur",
    "villagetname": "கொரளுர்                                                                                                                      "
  },
  {
    "villagecode": "104",
    "villagename": "Kovadi                   ",
    "villagetname": "கோவடி"
  },
  {
    "villagecode": "156",
    "villagename": "Kunnapakkam              ",
    "villagetname": "குன்னப்பாக்கம்                                                                                                               "
  },
  {
    "villagecode": "107",
    "villagename": "Kuruvammapettai          ",
    "villagetname": "குருவம்மாபேட்டை                                                                                                              "
  },
  {
    "villagecode": "083",
    "villagename": "Mailam                   ",
    "villagetname": "மயிலம்"
  },
  {
    "villagecode": "025",
    "villagename": "Malaathanoor             ",
    "villagetname": "மேலாதனூர்                                                                                                                    "
  },
  {
    "villagecode": "024",
    "villagename": "Malayanur (Keezh)",
    "villagetname": "கீழ்மலையனூர்                                                                                                                 "
  },
  {
    "villagecode": "001",
    "villagename": "Mampakkam                ",
    "villagetname": "மாம்பாக்கம்                                                                                                                  "
  },
  {
    "villagecode": "155",
    "villagename": "Mandaperumpakkam         ",
    "villagetname": "மண்டபெரும்பாக்கம்                                                                                                            "
  },
  {
    "villagecode": "136",
    "villagename": "Mangalam                 ",
    "villagetname": "மங்களம்"
  },
  {
    "villagecode": "012",
    "villagename": "Mannampoondi             ",
    "villagetname": "மன்னம்பூண்டி                                                                                                                 "
  },
  {
    "villagecode": "110",
    "villagename": "Manoor                   ",
    "villagetname": "மானூர்                                                                                                                       "
  },
  {
    "villagecode": "020",
    "villagename": "Melmavilangai            ",
    "villagetname": "மேல்மாவிலங்கை                                                                                                                "
  },
  {
    "villagecode": "124",
    "villagename": "Melpakkam                ",
    "villagetname": "மேல்பாக்கம்                                                                                                                  "
  },
  {
    "villagecode": "042",
    "villagename": "Melperadikuppam          ",
    "villagetname": "மேல்பேரடிகுப்பம்                                                                                                             "
  },
  {
    "villagecode": "129",
    "villagename": "Melpettai                ",
    "villagetname": "மேல்பேட்டை                                                                                                                   "
  },
  {
    "villagecode": "004",
    "villagename": "Melsiviri",
    "villagetname": "மேல்சிவிரி                                                                                                                   "
  },
  {
    "villagecode": "103",
    "villagename": "Molasur                  ",
    "villagetname": "மொளசூர்                                                                                                                      "
  },
  {
    "villagecode": "053",
    "villagename": "Muppuli                  ",
    "villagetname": "முப்புளி                                                                                                                     "
  },
  {
    "villagecode": "047",
    "villagename": "Muttiyur",
    "villagetname": "முட்டியூர்                                                                                                                   "
  },
  {
    "villagecode": "017",
    "villagename": "Naduvananthal",
    "villagetname": "நடுவனந்தல்"
  },
  {
    "villagecode": "019",
    "villagename": "Nagavaram",
    "villagetname": "நாகவரம்                                                                                                                      "
  },
  {
    "villagecode": "088",
    "villagename": "Nallamur                 ",
    "villagetname": "நல்லாமூர்                                                                                                                    "
  },
  {
    "villagecode": "133",
    "villagename": "Nallathur                ",
    "villagetname": "நல்லாத்தூர்                                                                                                                  "
  },
  {
    "villagecode": "132",
    "villagename": "Nangunam                 ",
    "villagetname": "நங்குணம்                                                                                                                     "
  },
  {
    "villagecode": "185",
    "villagename": "Naramakani               ",
    "villagetname": "நரமாகாணி                                                                                                                     "
  },
  {
    "villagecode": "275",
    "villagename": "Nedimozhiyanoor",
    "villagetname": "நெடிமோழியனூர்                                                                                                                "
  },
  {
    "villagecode": "007",
    "villagename": "Nedunthondi              ",
    "villagetname": "நெடுந்தோண்டி                                                                                                                 "
  },
  {
    "villagecode": "029",
    "villagename": "Neikuppi                 ",
    "villagetname": "நெய்குப்பி"
  },
  {
    "villagecode": "142",
    "villagename": "Nolampoor                ",
    "villagetname": "நொளம்பூர்                                                                                                                    "
  },
  {
    "villagecode": "991",
    "villagename": "Olakkur Kilpathi         ",
    "villagetname": "ஒலக்கூர் கீழ்பாதி                                                                                                            "
  },
  {
    "villagecode": "125",
    "villagename": "Olakur Melpathy          ",
    "villagetname": "ஒலக்கூர்மேல்பாதி                                                                                                             "
  },
  {
    "villagecode": "090",
    "villagename": "Omanthur                 ",
    "villagetname": "ஓமந்தூர்                                                                                                                     "
  },
  {
    "villagecode": "178",
    "villagename": "Ongkur                   ",
    "villagetname": "ஓங்கூர்                                                                                                                      "
  },
  {
    "villagecode": "035",
    "villagename": "Ooral",
    "villagetname": "ஊரல்                                                                                                                         "
  },
  {
    "villagecode": "080",
    "villagename": "Palappattu",
    "villagetname": "பாலப்பட்டு                                                                                                                   "
  },
  {
    "villagecode": "134",
    "villagename": "Pallipakkam              ",
    "villagetname": "பள்ளிப்பாக்கம்                                                                                                               "
  },
  {
    "villagecode": "034",
    "villagename": "Pampoondi",
    "villagetname": "பாம்பூண்டி                                                                                                                   "
  },
  {
    "villagecode": "174",
    "villagename": "Panaiyur                 ",
    "villagetname": "பனையூர்                                                                                                                      "
  },
  {
    "villagecode": "175",
    "villagename": "Pangkulathur             ",
    "villagetname": "பாங்கொளத்தூர்                                                                                                                "
  },
  {
    "villagecode": "055",
    "villagename": "Panthamangalam           ",
    "villagetname": "பந்தமங்கலம்                                                                                                                  "
  },
  {
    "villagecode": "079",
    "villagename": "Pathirappuliyur          ",
    "villagetname": "பாதிராப்புலியூர்                                                                                                             "
  },
  {
    "villagecode": "131",
    "villagename": "Pathiri                  ",
    "villagetname": "பாதிரி                                                                                                                       "
  },
  {
    "villagecode": "036",
    "villagename": "Pattanam                 ",
    "villagetname": "பட்டணம்                                                                                                                      "
  },
  {
    "villagecode": "037",
    "villagename": "Pelakuppam",
    "villagetname": "பெலாகுப்பம்                                                                                                                  "
  },
  {
    "villagecode": "046",
    "villagename": "Peramandoor East         ",
    "villagetname": "பெரமண்டூர் கிழக்கு                                                                                                           "
  },
  {
    "villagecode": "994",
    "villagename": "Peramandoor West         ",
    "villagetname": "பெரமண்டூர் மேற்கு                                                                                                            "
  },
  {
    "villagecode": "066",
    "villagename": "Perani                   ",
    "villagetname": "பேரணி                                                                                                                        "
  },
  {
    "villagecode": "030",
    "villagename": "Peraperi                 ",
    "villagetname": "பெரப்பேரி                                                                                                                    "
  },
  {
    "villagecode": "064",
    "villagename": "Periathatchur North      ",
    "villagetname": "பெரியதச்சூர் வடக்கு                                                                                                          "
  },
  {
    "villagecode": "999",
    "villagename": "Periathatchur (South)",
    "villagetname": "பெரியதச்சூர் தெற்கு"
  },
  {
    "villagecode": "011",
    "villagename": "Puliyanur                ",
    "villagetname": "புலியனூர்                                                                                                                    "
  },
  {
    "villagecode": "028",
    "villagename": "Puliyur                  ",
    "villagetname": "புலியூர்                                                                                                                     "
  },
  {
    "villagecode": "126",
    "villagename": "Purangkarai              ",
    "villagetname": "புறங்கரை"
  },
  {
    "villagecode": "008",
    "villagename": "Puthananthal             ",
    "villagetname": "புத்தநந்தல்                                                                                                                  "
  },
  {
    "villagecode": "045",
    "villagename": "Rettanai (West)",
    "villagetname": "ரெட்டணை மேற்கு                                                                                                               "
  },
  {
    "villagecode": "992",
    "villagename": "Rettani East",
    "villagetname": "ரெட்டணை கிழக்கு                                                                                                              "
  },
  {
    "villagecode": "127",
    "villagename": "Sa.Kadur",
    "villagetname": "ச.கடூர்"
  },
  {
    "villagecode": "041",
    "villagename": "Salai                    ",
    "villagetname": "சாலை                                                                                                                         "
  },
  {
    "villagecode": "113",
    "villagename": "Salavathi                ",
    "villagetname": "சலவாதி                                                                                                                       "
  },
  {
    "villagecode": "137",
    "villagename": "Saram                    ",
    "villagetname": "சாரம்                                                                                                                        "
  },
  {
    "villagecode": "920",
    "villagename": "Sathanoor",
    "villagetname": "சாத்தனூர்                                                                                                                    "
  },
  {
    "villagecode": "277",
    "villagename": "Se.Kothamangalam",
    "villagetname": "செ.கொத்தமங்கலம்"
  },
  {
    "villagecode": "002",
    "villagename": "Sempakkam",
    "villagetname": "செம்பாக்கம்                                                                                                                  "
  },
  {
    "villagecode": "065",
    "villagename": "Sendiyampakkam           ",
    "villagetname": "செண்டியம்பாக்கம்                                                                                                             "
  },
  {
    "villagecode": "063",
    "villagename": "Sendur                   ",
    "villagetname": "செண்டூர்                                                                                                                     "
  },
  {
    "villagecode": "183",
    "villagename": "Senthamangalam           ",
    "villagetname": "சேந்தமங்கலம்"
  },
  {
    "villagecode": "023",
    "villagename": "Singanikuppam            ",
    "villagetname": "சிங்காணிகுப்பம்                                                                                                              "
  },
  {
    "villagecode": "051",
    "villagename": "Singanur                 ",
    "villagetname": "சிங்கனூர்                                                                                                                    "
  },
  {
    "villagecode": "009",
    "villagename": "Siruvalur (North)        ",
    "villagetname": "வடசிறுவளுர்                                                                                                                  "
  },
  {
    "villagecode": "925",
    "villagename": "Sitheripattu             ",
    "villagetname": "சித்தேரிப்பட்டு                                                                                                              "
  },
  {
    "villagecode": "058",
    "villagename": "Sozhi Sokkunam",
    "villagetname": "சோழி சொக்குணம்"
  },
  {
    "villagecode": "075",
    "villagename": "Tazhuthali",
    "villagetname": "தழுதாளி                                                                                                                      "
  },
  {
    "villagecode": "010",
    "villagename": "Thanial",
    "villagetname": "தணியல்                                                                                                                       "
  },
  {
    "villagecode": "077",
    "villagename": "Thenalapakkam            ",
    "villagetname": "தென்ஆலப்பாக்கம்"
  },
  {
    "villagecode": "924",
    "villagename": "Thengaipakkam",
    "villagetname": "தேங்காய்பாக்கம்"
  },
  {
    "villagecode": "099",
    "villagename": "Thenkalavai",
    "villagetname": "தென்களவாய்                                                                                                                   "
  },
  {
    "villagecode": "076",
    "villagename": "Thenkolapakkam",
    "villagetname": "தென்கொளப்பாக்கம்"
  },
  {
    "villagecode": "165",
    "villagename": "Thennampoondi            ",
    "villagetname": "தென்னம்பூண்டி"
  },
  {
    "villagecode": "105",
    "villagename": "Thennerkunam             ",
    "villagetname": "தென்நெற்குணம்                                                                                                                "
  },
  {
    "villagecode": "052",
    "villagename": "Thenpasiyar              ",
    "villagetname": "தென்பசியார்                                                                                                                  "
  },
  {
    "villagecode": "056",
    "villagename": "T.Kanipattu              ",
    "villagetname": "தி.கேணிப்பட்டு"
  },
  {
    "villagecode": "119",
    "villagename": "T.Panchalam",
    "villagetname": "தி.பாஞ்சாலம்"
  },
  {
    "villagecode": "120",
    "villagename": "Vada Alapakkam",
    "villagetname": "வடஆலப்பாக்கம்"
  },
  {
    "villagecode": "180",
    "villagename": "Vadakalavai",
    "villagetname": "வடகளவாய்                                                                                                                     "
  },
  {
    "villagecode": "031",
    "villagename": "Vadampoondi",
    "villagetname": "வடம்பூண்டி                                                                                                                   "
  },
  {
    "villagecode": "144",
    "villagename": "Vairapuram               ",
    "villagetname": "வைரபுரம்                                                                                                                     "
  },
  {
    "villagecode": "167",
    "villagename": "Vandarampundi            ",
    "villagetname": "வண்டராம்பூண்டி                                                                                                               "
  },
  {
    "villagecode": "102",
    "villagename": "Varagupattu              ",
    "villagetname": "வரகுப்பட்டு                                                                                                                  "
  },
  {
    "villagecode": "995",
    "villagename": "Veedur East              ",
    "villagetname": "வீடூர் கிழக்கு                                                                                                               "
  },
  {
    "villagecode": "072",
    "villagename": "Veedur West              ",
    "villagetname": "வீடூர் மேற்கு                                                                                                                "
  },
  {
    "villagecode": "086",
    "villagename": "Veliyanur                ",
    "villagetname": "வெளியனூர்"
  },
  {
    "villagecode": "006",
    "villagename": "Vellimeduppettai",
    "villagetname": "வெள்ளிமேடுபேட்டை                                                                                                             "
  },
  {
    "villagecode": "048",
    "villagename": "Vempoondi                ",
    "villagetname": "வேம்பூண்டி                                                                                                                   "
  },
  {
    "villagecode": "095",
    "villagename": "Vengai                   ",
    "villagetname": "வேங்கை                                                                                                                       "
  },
  {
    "villagecode": "044",
    "villagename": "Venganthur               ",
    "villagetname": "வெங்கந்தூர்                                                                                                                  "
  },
  {
    "villagecode": "038",
    "villagename": "Venmaniyathur",
    "villagetname": "வெண்மணியாத்தூர்"
  },
  {
    "villagecode": "061",
    "villagename": "Vilankampadi",
    "villagetname": "விளங்கம்பாடி                                                                                                                 "
  },
  {
    "villagecode": "139",
    "villagename": "Vittalapuram             ",
    "villagetname": "விட்டலாபுரம்                                                                                                                 "
  },
  {
    "villagecode": "014",
    "villagename": "Vizhukkam                ",
    "villagetname": "விழுக்கம்                                                                                                                    "
  },
  {
    "villagecode": "062",
    "villagename": "V.Nallalam",
    "villagetname": "வி நல்லாளம்                                                                                                                  "
  },
  {
    "villagecode": "963",
    "villagename": "V.Panchalam              ",
    "villagetname": "வி பாஞ்சாலம்                                                                                                                 "
  }
]
