[
  {
    "villagecode": "049",
    "villagename": "Arasankulam              ",
    "villagetname": "அரசன்குளம்                                                                                                                   "
  },
  {
    "villagecode": "057",
    "villagename": "Athalanallur             ",
    "villagetname": "அத்தாளநல்லூர்                                                                                                                "
  },
  {
    "villagecode": "071",
    "villagename": "Cheran Kovil Pathu       ",
    "villagetname": "சேரன் கோவில்பத்து                                                                                                            "
  },
  {
    "villagecode": "073",
    "villagename": "Chernmahadevi            ",
    "villagetname": "சேர்மாதேவி                                                                                                                   "
  },
  {
    "villagecode": "083",
    "villagename": "Chokkalingapuram         ",
    "villagetname": "சொக்கலிங்கபுரம்                                                                                                              "
  },
  {
    "villagecode": "077",
    "villagename": "Desamanickam             ",
    "villagetname": "தேசமாணிக்கம்                                                                                                                 "
  },
  {
    "villagecode": "052",
    "villagename": "Giriyammalpuram          ",
    "villagetname": "கிரியம்மாள்புரம்                                                                                                             "
  },
  {
    "villagecode": "080",
    "villagename": "Gobalasamudram           ",
    "villagetname": "கோபாலசமுத்திரம்                                                                                                              "
  },
  {
    "villagecode": "056",
    "villagename": "Harikesavanallur         ",
    "villagetname": "அரகேசவநல்லூர்                                                                                                                "
  },
  {
    "villagecode": "041",
    "villagename": "Illuppaikurichi          ",
    "villagetname": "இலுப்பைக்குறிச்சி                                                                                                            "
  },
  {
    "villagecode": "042",
    "villagename": "Kabaliparai              ",
    "villagetname": "கபாலிப்பாறை                                                                                                                  "
  },
  {
    "villagecode": "088",
    "villagename": "Karisalpatti             ",
    "villagetname": "கரிசல்பட்டி                                                                                                                  "
  },
  {
    "villagecode": "076",
    "villagename": "Karisoolnthamangalam     ",
    "villagetname": "கரிசூழ்ந்தமங்கலம்                                                                                                            "
  },
  {
    "villagecode": "045",
    "villagename": "Kasi Dharmam             ",
    "villagetname": "காசி தர்மம்                                                                                                                  "
  },
  {
    "villagecode": "079",
    "villagename": "Keela Cheval             ",
    "villagetname": "கீழச்செவல்                                                                                                                   "
  },
  {
    "villagecode": "086",
    "villagename": "Kesavasamudram           ",
    "villagetname": "கேசவசமுத்திரம்                                                                                                               "
  },
  {
    "villagecode": "072",
    "villagename": "Kooniyur                 ",
    "villagetname": "கூனியூர்                                                                                                                     "
  },
  {
    "villagecode": "085",
    "villagename": "Kozhumadai               ",
    "villagetname": "கொழுமடை                                                                                                                      "
  },
  {
    "villagecode": "062",
    "villagename": "Malaiyankulam            ",
    "villagetname": "மலையான்குளம்                                                                                                                 "
  },
  {
    "villagecode": "054",
    "villagename": "Manparanallur            ",
    "villagetname": "மானாபுரநல்லூர்                                                                                                               "
  },
  {
    "villagecode": "841",
    "villagename": "Mela Cheval - 1          ",
    "villagetname": "மேலச்செவல்-1                                                                                                                 "
  },
  {
    "villagecode": "842",
    "villagename": "Mela Cheval - 2          ",
    "villagetname": "மேலச்செவல்-2                                                                                                                 "
  },
  {
    "villagecode": "047",
    "villagename": "Mukkudal                 ",
    "villagetname": "முக்கூடல்                                                                                                                    "
  },
  {
    "villagecode": "078",
    "villagename": "Nainarkualam             ",
    "villagetname": "நயினார்குளம்                                                                                                                 "
  },
  {
    "villagecode": "081",
    "villagename": "Omanallur                ",
    "villagetname": "ஓமநல்லுார                                                                                                                    "
  },
  {
    "villagecode": "461",
    "villagename": "Papakudi - 1             ",
    "villagetname": "பாப்பாக்குடி-1                                                                                                               "
  },
  {
    "villagecode": "462",
    "villagename": "Papakudi - 2             ",
    "villagetname": "பாப்பாக்குடி-2                                                                                                               "
  },
  {
    "villagecode": "070",
    "villagename": "Pathamadai               ",
    "villagetname": "பத்தமடை                                                                                                                      "
  },
  {
    "villagecode": "082",
    "villagename": "Pirancheri               ",
    "villagetname": "பிராஞ்சேரி                                                                                                                   "
  },
  {
    "villagecode": "087",
    "villagename": "Poongudaiyarkulam        ",
    "villagetname": "புங்குடையாரகுளம்                                                                                                             "
  },
  {
    "villagecode": "067",
    "villagename": "Pudhukudi                ",
    "villagetname": "புதுக்குடி                                                                                                                   "
  },
  {
    "villagecode": "043",
    "villagename": "Senkulam                 ",
    "villagetname": "செங்குளம்                                                                                                                    "
  },
  {
    "villagecode": "053",
    "villagename": "Then Thiruppuvanam       ",
    "villagetname": "தென்திருப்புவனம்                                                                                                             "
  },
  {
    "villagecode": "050",
    "villagename": "Therkku Ariyanayagipuram ",
    "villagetname": "தெற்கு அரியநாயகிபுரம்                                                                                                        "
  },
  {
    "villagecode": "068",
    "villagename": "Therkku Karukurichi      ",
    "villagetname": "தெற்கு காருகுறிச்சி                                                                                                          "
  },
  {
    "villagecode": "631",
    "villagename": "Therkku Veeravanallur - 1",
    "villagetname": "தெற்குவீரவநல்லூர்-1                                                                                                          "
  },
  {
    "villagecode": "632",
    "villagename": "Therkku Veeravanallur - 2",
    "villagetname": "தெற்குவீரவநல்லூர்-2                                                                                                          "
  },
  {
    "villagecode": "055",
    "villagename": "Thiruppudaimaruthur      ",
    "villagetname": "திருப்புடைமருதூர்                                                                                                            "
  },
  {
    "villagecode": "074",
    "villagename": "Thiruthu                 ",
    "villagetname": "திருத்து                                                                                                                     "
  },
  {
    "villagecode": "691",
    "villagename": "Thiruviruthanpulli - 1   ",
    "villagetname": "திருவிருந்தான்புள்ளி-1                                                                                                       "
  },
  {
    "villagecode": "692",
    "villagename": "Thiruviruthanpulli - 2   ",
    "villagetname": "திருவிருந்தான்புள்ளி-2                                                                                                       "
  },
  {
    "villagecode": "051",
    "villagename": "Udhayamarthandapuram     ",
    "villagetname": "உதயமாரத்தாண்டபுரம்                                                                                                           "
  },
  {
    "villagecode": "089",
    "villagename": "Ulagankulam              ",
    "villagetname": "உலகன்குளம்                                                                                                                   "
  },
  {
    "villagecode": "075",
    "villagename": "Umaiyammalpuram          ",
    "villagetname": "உமையம்மாள்புரம்                                                                                                              "
  },
  {
    "villagecode": "481",
    "villagename": "Vadakkuariyanayagipuram-1",
    "villagetname": "வடக்கு அரியநாயகிபுரம்-1                                                                                                      "
  },
  {
    "villagecode": "482",
    "villagename": "Vadakkuariyanayagipuram-2",
    "villagetname": "வடக்கு அரியநாயகிபுரம்-2                                                                                                      "
  },
  {
    "villagecode": "066",
    "villagename": "Vadakku Karukurichi      ",
    "villagetname": "வடக்கு காருகுறிச்சி                                                                                                          "
  },
  {
    "villagecode": "651",
    "villagename": "Vadakku Veeravanallur - 1",
    "villagetname": "வடக்கு வீரவநல்லூர்-1                                                                                                         "
  },
  {
    "villagecode": "652",
    "villagename": "Vadakku Veeravanallur - 2",
    "villagetname": "வடக்கு வீரவநல்லூர்-2                                                                                                         "
  },
  {
    "villagecode": "064",
    "villagename": "Veetriunthankulam        ",
    "villagetname": "வீற்றிருந்தான்குளம்                                                                                                          "
  },
  {
    "villagecode": "090",
    "villagename": "Venkatrengapuram         ",
    "villagetname": "வெங்கடரங்கபுரம்                                                                                                              "
  }
]
