[
  {
    "villagecode": "144",
    "villagename": "Alavandan                     ",
    "villagetname": "100 ஆளவந்தான்                                                                                                                "
  },
  {
    "villagecode": "148",
    "villagename": "Ananjiyur                     ",
    "villagetname": "104 அனஞ்சியூர்                                                                                                               "
  },
  {
    "villagecode": "215",
    "villagename": "Andaman Velliyankundram-4     ",
    "villagetname": "17 அண்டமான்-வெள்ளியங்குன்றம்-4                                                                                               "
  },
  {
    "villagecode": "104",
    "villagename": "Andarkottaram                 ",
    "villagetname": "59 ஆண்டார்கொட்டாரம்                                                                                                          "
  },
  {
    "villagecode": "149",
    "villagename": "Angadimangalam Bit 1          ",
    "villagetname": "105 அங்காடிமங்கலம் பிட் 1                                                                                                    "
  },
  {
    "villagecode": "207",
    "villagename": "Angadimangalam Bit 2          ",
    "villagetname": "106 அங்காடிமங்கலம் பிட் 2                                                                                                    "
  },
  {
    "villagecode": "212",
    "villagename": "Appantirupathi Vellnkundram-6 ",
    "villagetname": "15 அப்பன்திருப்பதி-வெள்ளியங்குன்றம்-6                                                                                        "
  },
  {
    "villagecode": "046",
    "villagename": "Arumbanur Bit 1               ",
    "villagetname": "26 அரும்பனூர் பிட் 1                                                                                                         "
  },
  {
    "villagecode": "231",
    "villagename": "Arumbanur Bit 2               ",
    "villagetname": "25 அரும்பனூர் பிட் 2                                                                                                         "
  },
  {
    "villagecode": "082",
    "villagename": "Ayilangudi                    ",
    "villagetname": "22 அயிலாங்குடி                                                                                                               "
  },
  {
    "villagecode": "107",
    "villagename": "Echaneri                      ",
    "villagetname": "47 ஈச்சனேரி                                                                                                                  "
  },
  {
    "villagecode": "076",
    "villagename": "G.Pappankulam                 ",
    "villagetname": "03 ஜி.பாப்பான்குளம்                                                                                                          "
  },
  {
    "villagecode": "123",
    "villagename": "Idaiyapatti                   ",
    "villagetname": "91 இடையபட்டி                                                                                                                 "
  },
  {
    "villagecode": "134",
    "villagename": "Ilamanur                      ",
    "villagetname": "68 இளமனூர்                                                                                                                   "
  },
  {
    "villagecode": "093",
    "villagename": "Ilandaikkulam                 ",
    "villagetname": "38 இலந்தைக்குளம்                                                                                                             "
  },
  {
    "villagecode": "113",
    "villagename": "Ilangiendal                   ",
    "villagetname": "80 இலங்கியேந்தல்                                                                                                             "
  },
  {
    "villagecode": "124",
    "villagename": "Isalani                       ",
    "villagetname": "94 இசலானி                                                                                                                    "
  },
  {
    "villagecode": "075",
    "villagename": "Jothiyapatti                  ",
    "villagetname": "21 ஜோதியாபட்டி                                                                                                               "
  },
  {
    "villagecode": "042",
    "villagename": "Kadakkinaru                   ",
    "villagetname": "30 காதக்கிணறு                                                                                                                "
  },
  {
    "villagecode": "203",
    "villagename": "Kalikappan Bit 1              ",
    "villagetname": "49 காளிகாப்பான் பிட் 1                                                                                                       "
  },
  {
    "villagecode": "103",
    "villagename": "Kalikappan Bit 2              ",
    "villagetname": "50 காளிகாப்பான் பிட் 2                                                                                                       "
  },
  {
    "villagecode": "147",
    "villagename": "Kalimangalam                  ",
    "villagetname": "103 களிமங்கலம்                                                                                                               "
  },
  {
    "villagecode": "077",
    "villagename": "Kallandiri Bit 1              ",
    "villagetname": "04 கள்ளந்திரி பிட் 1                                                                                                         "
  },
  {
    "villagecode": "234",
    "villagename": "Kallandiri Bit 2              ",
    "villagetname": "05 கள்ளந்திரி பிட் 2                                                                                                         "
  },
  {
    "villagecode": "139",
    "villagename": "Karseri                       ",
    "villagetname": "65 கார்சேரி                                                                                                                  "
  },
  {
    "villagecode": "136",
    "villagename": "Karuppapillaiyendal           ",
    "villagetname": "61 கருப்பபிள்ளையேந்தல்                                                                                                       "
  },
  {
    "villagecode": "127",
    "villagename": "Karuppukkal                   ",
    "villagetname": "92 கருப்புகால்                                                                                                               "
  },
  {
    "villagecode": "101",
    "villagename": "Kaththavanendal               ",
    "villagetname": "56 காத்தவனேந்தல்                                                                                                             "
  },
  {
    "villagecode": "085",
    "villagename": "Kodikulam Bit 1               ",
    "villagetname": "41 கொடிக்குளம் பிட் 1                                                                                                        "
  },
  {
    "villagecode": "777",
    "villagename": "Kodikulam Bit 2               ",
    "villagetname": "42 கொடிக்குளம் பிட் 2                                                                                                        "
  },
  {
    "villagecode": "080",
    "villagename": "Kollangulam                   ",
    "villagetname": "11 கொல்லங்குளம்                                                                                                              "
  },
  {
    "villagecode": "141",
    "villagename": "Kollikkudi                    ",
    "villagetname": "67 கோழிக்குடி                                                                                                                "
  },
  {
    "villagecode": "135",
    "villagename": "Kondapethan                   ",
    "villagetname": "60 கொண்டபெத்தான்                                                                                                             "
  },
  {
    "villagecode": "109",
    "villagename": "Kosavikulam                   ",
    "villagetname": "73 கொசவிகுளம்                                                                                                                "
  },
  {
    "villagecode": "043",
    "villagename": "K.Pappankulam                 ",
    "villagetname": "29 கே.பாப்பான்குளம்                                                                                                          "
  },
  {
    "villagecode": "116",
    "villagename": "Kundukulam                    ",
    "villagetname": "85 குண்டுகுளம்                                                                                                               "
  },
  {
    "villagecode": "143",
    "villagename": "Kunnathur Bit 1               ",
    "villagetname": "98 குன்னத்தூர் பிட் 1                                                                                                        "
  },
  {
    "villagecode": "206",
    "villagename": "Kunnathur Bit 2               ",
    "villagetname": "99 குன்னத்தூர் பிட் 2                                                                                                        "
  },
  {
    "villagecode": "219",
    "villagename": "Kuruthur                      ",
    "villagetname": "10 குருத்தூர்                                                                                                                "
  },
  {
    "villagecode": "087",
    "villagename": "Mangalakkudi                  ",
    "villagetname": "36 மங்களக்குடி                                                                                                               "
  },
  {
    "villagecode": "073",
    "villagename": "Mangulam Bit 1                ",
    "villagetname": "06 மாங்குளம் பிட் 1                                                                                                          "
  },
  {
    "villagecode": "232",
    "villagename": "Mangulam Bit 2                ",
    "villagetname": "07 மாங்குளம் பிட் 2                                                                                                          "
  },
  {
    "villagecode": "221",
    "villagename": "Mathur Velliyankundram-5      ",
    "villagetname": "18 மாத்தூர்-வெள்ளியங்குன்றம்-5                                                                                               "
  },
  {
    "villagecode": "074",
    "villagename": "Meenatchipuram Bit 1          ",
    "villagetname": "08 மீனாட்சிபுரம் பிட் 1                                                                                                      "
  },
  {
    "villagecode": "229",
    "villagename": "Meenatchipuram Bit 2          ",
    "villagetname": "09 மீனாட்சிபுரம் பிட் 2                                                                                                      "
  },
  {
    "villagecode": "091",
    "villagename": "Melamadai Bit 1               ",
    "villagetname": "51 மேலமடை பிட் 1                                                                                                             "
  },
  {
    "villagecode": "225",
    "villagename": "Melamadai Bit 2               ",
    "villagetname": "52 மேலமடை பிட் 2                                                                                                             "
  },
  {
    "villagecode": "108",
    "villagename": "Mundanayagam                  ",
    "villagetname": "75 முண்டநாயகம்                                                                                                               "
  },
  {
    "villagecode": "908",
    "villagename": "Mylangundu                    ",
    "villagetname": "74 மயிலங்குண்டு                                                                                                              "
  },
  {
    "villagecode": "086",
    "villagename": "Narasingam Bit 1              ",
    "villagetname": "32 நரசிங்கம் பிட் 1                                                                                                          "
  },
  {
    "villagecode": "208",
    "villagename": "Narasingam Bit 2              ",
    "villagetname": "33 நரசிங்கம் பிட் 2                                                                                                          "
  },
  {
    "villagecode": "213",
    "villagename": "Narasingam Bit 3              ",
    "villagetname": "34 நரசிங்கம் பிட் 3                                                                                                          "
  },
  {
    "villagecode": "216",
    "villagename": "Narasingam Bit 4              ",
    "villagetname": "35 நரசிங்கம் பிட் 4                                                                                                          "
  },
  {
    "villagecode": "112",
    "villagename": "Nattarmangalam                ",
    "villagetname": "78 நாட்டார்மங்கலம்                                                                                                           "
  },
  {
    "villagecode": "072",
    "villagename": "Nayakkanpatti                 ",
    "villagetname": "02 நாயக்கன்பட்டி                                                                                                             "
  },
  {
    "villagecode": "146",
    "villagename": "Ovalur                        ",
    "villagetname": "102 ஓவலூர்                                                                                                                   "
  },
  {
    "villagecode": "115",
    "villagename": "Panaikulam                    ",
    "villagetname": "88 பனைக்குளம்                                                                                                                "
  },
  {
    "villagecode": "106",
    "villagename": "Pappakkudi                    ",
    "villagetname": "57 பாப்பாக்குடி                                                                                                              "
  },
  {
    "villagecode": "125",
    "villagename": "Paraiyankulam                 ",
    "villagetname": "95 பறையன்குளம்                                                                                                               "
  },
  {
    "villagecode": "084",
    "villagename": "Perakkur                      ",
    "villagetname": "81 பேராக்கூர்                                                                                                                "
  },
  {
    "villagecode": "211",
    "villagename": "Pilluseri-Velliyankundram-7   ",
    "villagetname": "14 பில்லுசேரி - வெள்ளியங்குன்றம்-7                                                                                           "
  },
  {
    "villagecode": "096",
    "villagename": "Podasapatti                   ",
    "villagetname": "43 பொடசபட்டி                                                                                                                 "
  },
  {
    "villagecode": "078",
    "villagename": "Poovakkudi                    ",
    "villagetname": "13 பூவக்குடி                                                                                                                 "
  },
  {
    "villagecode": "226",
    "villagename": "Porusupatti Velliyankundram-2 ",
    "villagetname": "19 பொருசுபட்டி-வெள்ளியங்குன்றம்-2                                                                                            "
  },
  {
    "villagecode": "142",
    "villagename": "Pottapanaiyur                 ",
    "villagetname": "69 பொட்டபனையூர்                                                                                                              "
  },
  {
    "villagecode": "071",
    "villagename": "Poyakkaraipatti               ",
    "villagetname": "01 பொய்யக்கரைபட்டி                                                                                                           "
  },
  {
    "villagecode": "044",
    "villagename": "Puduppatti                    ",
    "villagetname": "31 புதுப்பட்டி                                                                                                               "
  },
  {
    "villagecode": "117",
    "villagename": "Pulampatti                    ",
    "villagetname": "82 பூலாம்பட்டி                                                                                                               "
  },
  {
    "villagecode": "102",
    "villagename": "Pulangulam                    ",
    "villagetname": "55 பூலாங்குளம்                                                                                                               "
  },
  {
    "villagecode": "095",
    "villagename": "Rajagambiram                  ",
    "villagetname": "40 ராஜகம்பீரம்                                                                                                               "
  },
  {
    "villagecode": "110",
    "villagename": "Rajakkur                      ",
    "villagetname": "76 இராஜாக்கூர்                                                                                                               "
  },
  {
    "villagecode": "236",
    "villagename": "Sakkimangalam Bit 1           ",
    "villagetname": "62 சக்கிமங்கலம் பிட் 1                                                                                                       "
  },
  {
    "villagecode": "222",
    "villagename": "Sakkimangalam Bit 2           ",
    "villagetname": "63 சக்கிமங்கலம் பிட் 2                                                                                                       "
  },
  {
    "villagecode": "138",
    "villagename": "Sakkudi                       ",
    "villagetname": "64 சக்குடி                                                                                                                   "
  },
  {
    "villagecode": "079",
    "villagename": "Savalakarayan                 ",
    "villagetname": "12 சவளக்கரையான்                                                                                                              "
  },
  {
    "villagecode": "105",
    "villagename": "Seegankulam                   ",
    "villagetname": "58 சீகன்குளம்                                                                                                                "
  },
  {
    "villagecode": "045",
    "villagename": "Sembiyanendal                 ",
    "villagetname": "28 செம்பியனேந்தல்                                                                                                            "
  },
  {
    "villagecode": "145",
    "villagename": "Senkottai                     ",
    "villagetname": "101 செங்கோட்டை                                                                                                               "
  },
  {
    "villagecode": "081",
    "villagename": "Settikulam-Velliyankundram-3  ",
    "villagetname": "20 செட்டிகுளம்-வெள்ளியங்குன்றம்-3                                                                                            "
  },
  {
    "villagecode": "114",
    "villagename": "Sithakkur                     ",
    "villagetname": "79 சித்தாக்கூர்                                                                                                              "
  },
  {
    "villagecode": "111",
    "villagename": "Sivalingam                    ",
    "villagetname": "77 சிவலிங்கம்                                                                                                                "
  },
  {
    "villagecode": "120",
    "villagename": "S.Nedungulam                  ",
    "villagetname": "86 எஸ்.நெடுங்குளம்                                                                                                           "
  },
  {
    "villagecode": "132",
    "villagename": "T.Athikulam                   ",
    "villagetname": "72 டி.ஆத்திகுளம்                                                                                                             "
  },
  {
    "villagecode": "099",
    "villagename": "Thadankulam                   ",
    "villagetname": "45 தாதன்குளம்                                                                                                                "
  },
  {
    "villagecode": "083",
    "villagename": "Thamaraipatti Bit 1           ",
    "villagetname": "24 தாமரைபட்டி பிட் 1                                                                                                         "
  },
  {
    "villagecode": "204",
    "villagename": "Thamaraipatti Bit 2           ",
    "villagetname": "23 தாமரைபட்டி பிட் 2                                                                                                         "
  },
  {
    "villagecode": "126",
    "villagename": "Thatchanendal                 ",
    "villagetname": "93 தச்சனேந்தல்                                                                                                               "
  },
  {
    "villagecode": "098",
    "villagename": "Thindiyur                     ",
    "villagetname": "46 திண்டியூர்                                                                                                                "
  },
  {
    "villagecode": "119",
    "villagename": "Thirukkanai                   ",
    "villagetname": "84 திருக்கானை                                                                                                                "
  },
  {
    "villagecode": "097",
    "villagename": "Thirumohur                    ",
    "villagetname": "44 திருமோகூர்                                                                                                                "
  },
  {
    "villagecode": "047",
    "villagename": "Thuyyaneri                    ",
    "villagetname": "27 துய்யனேரி                                                                                                                 "
  },
  {
    "villagecode": "140",
    "villagename": "Udankundu                     ",
    "villagetname": "66 உடன்குண்டு                                                                                                                "
  },
  {
    "villagecode": "094",
    "villagename": "Ulaganeri                     ",
    "villagetname": "39 உலகனேரி                                                                                                                   "
  },
  {
    "villagecode": "088",
    "villagename": "Uththangudi                   ",
    "villagetname": "37 உத்தங்குடி                                                                                                                "
  },
  {
    "villagecode": "118",
    "villagename": "Valachikulam                  ",
    "villagetname": "83 வலச்சிகுளம்                                                                                                               "
  },
  {
    "villagecode": "130",
    "villagename": "Vallakkundu                   ",
    "villagetname": "97 வல்லக்குண்டு                                                                                                              "
  },
  {
    "villagecode": "092",
    "villagename": "Vandiyur Bit 1                ",
    "villagetname": "53 வண்டியூர் பிட் 1                                                                                                          "
  },
  {
    "villagecode": "224",
    "villagename": "Vandiyur Bit 2                ",
    "villagetname": "54 வண்டியூர் பிட் 2                                                                                                          "
  },
  {
    "villagecode": "121",
    "villagename": "Varaganeri                    ",
    "villagetname": "87 வரகனேரி                                                                                                                   "
  },
  {
    "villagecode": "129",
    "villagename": "Varichchiyur                  ",
    "villagetname": "96 வரிச்சியூர்                                                                                                               "
  },
  {
    "villagecode": "100",
    "villagename": "Veerapanjan                   ",
    "villagetname": "48 வீரபாஞ்சான்                                                                                                               "
  },
  {
    "villagecode": "122",
    "villagename": "Vellakuppan                   ",
    "villagetname": "90 வெள்ளகுப்பான்                                                                                                             "
  },
  {
    "villagecode": "128",
    "villagename": "Vellankulam                   ",
    "villagetname": "89 வெள்ளாங்குளம்                                                                                                             "
  },
  {
    "villagecode": "230",
    "villagename": "Velliyankundram -1            ",
    "villagetname": "16 வெள்ளியங்குன்றம்-1                                                                                                        "
  },
  {
    "villagecode": "131",
    "villagename": "Vidathakulam                  ",
    "villagetname": "71 விடத்தகுளம்                                                                                                               "
  },
  {
    "villagecode": "133",
    "villagename": "Villatthur                    ",
    "villagetname": "70 விளத்தூர்                                                                                                                 "
  }
]
