[
  {
    "villagecode": "054",
    "villagename": "Aliyur                   ",
    "villagetname": "ஆளியூர்"
  },
  {
    "villagecode": "042",
    "villagename": "Alliyandal               ",
    "villagetname": "அல்லியந்தல்"
  },
  {
    "villagecode": "010",
    "villagename": "Anadimangalam            ",
    "villagetname": "அனாதிமங்கலம்"
  },
  {
    "villagecode": "003",
    "villagename": "Anmaruthai               ",
    "villagetname": "அன்மருந்தை"
  },
  {
    "villagecode": "160",
    "villagename": "Appedu                   ",
    "villagetname": "அப்பேடு"
  },
  {
    "villagecode": "026",
    "villagename": "Arasampattu              ",
    "villagetname": "அரசம்பட்டு"
  },
  {
    "villagecode": "147",
    "villagename": "Aththurai                ",
    "villagetname": "ஆத்துரை"
  },
  {
    "villagecode": "037",
    "villagename": "Avaniyapuram             ",
    "villagetname": "ஆவணியாபுரம்"
  },
  {
    "villagecode": "041",
    "villagename": "Chandirampadi            ",
    "villagetname": "சந்திரம்பாடி"
  },
  {
    "villagecode": "155",
    "villagename": "Chetpet                  ",
    "villagetname": "சேத்துப்பட்டு"
  },
  {
    "villagecode": "051",
    "villagename": "Devikapuram              ",
    "villagetname": "தேவிகாபுரம்"
  },
  {
    "villagecode": "153",
    "villagename": "Devimangalam             ",
    "villagetname": "தேவிமங்கலம்"
  },
  {
    "villagecode": "154",
    "villagename": "Ediyakulathur            ",
    "villagetname": "இடையங்குளத்தூர்"
  },
  {
    "villagecode": "052",
    "villagename": "Enthal                   ",
    "villagetname": "ஏந்தல்"
  },
  {
    "villagecode": "187",
    "villagename": "Gengaisoodamani          ",
    "villagetname": "கெங்கசூடாமணி"
  },
  {
    "villagecode": "007",
    "villagename": "Gengapuram               ",
    "villagetname": "கெங்காபுரம்"
  },
  {
    "villagecode": "034",
    "villagename": "Imapuram                 ",
    "villagetname": "இமாபுரம்"
  },
  {
    "villagecode": "161",
    "villagename": "Indiravanam              ",
    "villagetname": "இந்திரவணம்"
  },
  {
    "villagecode": "022",
    "villagename": "Isakolathur              ",
    "villagetname": "இசாகொளத்தூர்"
  },
  {
    "villagecode": "027",
    "villagename": "Jeganathapuram           ",
    "villagetname": "ஜெகநாதபுரம்"
  },
  {
    "villagecode": "053",
    "villagename": "Kalyanapuram             ",
    "villagetname": "கல்யாணபுரம்"
  },
  {
    "villagecode": "156",
    "villagename": "Kannanoor                ",
    "villagetname": "கண்ணணூர்"
  },
  {
    "villagecode": "040",
    "villagename": "Kattamangalam            ",
    "villagetname": "கட்டமங்கலம்"
  },
  {
    "villagecode": "151",
    "villagename": "Kolakkaravadi            ",
    "villagetname": "கொளக்கரவாடி"
  },
  {
    "villagecode": "008",
    "villagename": "Kolappalur               ",
    "villagetname": "கொழப்பலூர்"
  },
  {
    "villagecode": "006",
    "villagename": "Konaiyur                 ",
    "villagetname": "கோனையூர்"
  },
  {
    "villagecode": "030",
    "villagename": "Konamangalam             ",
    "villagetname": "கோனாமங்கலம்"
  },
  {
    "villagecode": "159",
    "villagename": "Koththanthavadi          ",
    "villagetname": "கொத்தந்தவாடி"
  },
  {
    "villagecode": "024",
    "villagename": "Kottupakkam              ",
    "villagetname": "கோட்டுபாக்கம்"
  },
  {
    "villagecode": "51A",
    "villagename": "Kozhipuliyur             ",
    "villagetname": "கோழிபுலியூர்"
  },
  {
    "villagecode": "055",
    "villagename": "Madam                    ",
    "villagetname": "மடம்"
  },
  {
    "villagecode": "121",
    "villagename": "Mansurapath              ",
    "villagetname": "மன்சுராபாத்"
  },
  {
    "villagecode": "032",
    "villagename": "Marakkunam               ",
    "villagetname": "மரக்குணம்"
  },
  {
    "villagecode": "157",
    "villagename": "Maruthuvampadi           ",
    "villagetname": "மருத்துவாம்பாடி"
  },
  {
    "villagecode": "025",
    "villagename": "Melacherry               ",
    "villagetname": "மேலச்சேரி"
  },
  {
    "villagecode": "001",
    "villagename": "Melanoor                 ",
    "villagetname": "மேலானூர்"
  },
  {
    "villagecode": "011",
    "villagename": "Melapoondi               ",
    "villagetname": "மேலப்பூண்டி"
  },
  {
    "villagecode": "028",
    "villagename": "Melaththangal            ",
    "villagetname": "மேலத்தாங்கல்"
  },
  {
    "villagecode": "018",
    "villagename": "Melnandiyempadi          ",
    "villagetname": "மேல்நந்தியம்பாடி"
  },
  {
    "villagecode": "036",
    "villagename": "Melsatthamangalam        ",
    "villagetname": "மேல்சாத்தமங்கலம்"
  },
  {
    "villagecode": "016",
    "villagename": "Melvillivalam            ",
    "villagetname": "மேல்வில்லிவலம்"
  },
  {
    "villagecode": "014",
    "villagename": "Morakaniyanur            ",
    "villagetname": "மோரக்கனியனூர்"
  },
  {
    "villagecode": "142",
    "villagename": "Mothanpalayam            ",
    "villagetname": "மோதனபாளையம்"
  },
  {
    "villagecode": "050",
    "villagename": "Murukamangalam           ",
    "villagetname": "முருகமங்கலம்"
  },
  {
    "villagecode": "048",
    "villagename": "Murukkananthal           ",
    "villagetname": "முருக்கனந்தல்"
  },
  {
    "villagecode": "049",
    "villagename": "Nachapuram               ",
    "villagetname": "நாச்சாபுரம்"
  },
  {
    "villagecode": "023",
    "villagename": "Nalladisennai            ",
    "villagetname": "நல்லடிசேனை"
  },
  {
    "villagecode": "033",
    "villagename": "Namathodu                ",
    "villagetname": "நாமதோடு"
  },
  {
    "villagecode": "152",
    "villagename": "Nambedu                  ",
    "villagetname": "நம்பேடு"
  },
  {
    "villagecode": "145",
    "villagename": "Narasingapuram           ",
    "villagetname": "நரசிங்கபுரம்"
  },
  {
    "villagecode": "035",
    "villagename": "Narayanamangalam         ",
    "villagetname": "நாராயணமங்கலம்"
  },
  {
    "villagecode": "004",
    "villagename": "Nariyampadi              ",
    "villagetname": "நரியம்பாடி"
  },
  {
    "villagecode": "015",
    "villagename": "Nedungunam               ",
    "villagetname": "நெடுங்குணம்"
  },
  {
    "villagecode": "141",
    "villagename": "Othalavadi               ",
    "villagetname": "ஓதலவாடி"
  },
  {
    "villagecode": "185",
    "villagename": "Otthur                   ",
    "villagetname": "ஊத்தூர்"
  },
  {
    "villagecode": "013",
    "villagename": "Peranapakkam             ",
    "villagetname": "பெரணபாக்கம்"
  },
  {
    "villagecode": "122",
    "villagename": "Pernampakkam             ",
    "villagetname": "பெரணம்பாக்கம்"
  },
  {
    "villagecode": "020",
    "villagename": "Poongunam                ",
    "villagetname": "பூங்குணம்"
  },
  {
    "villagecode": "009",
    "villagename": "Semmambadi               ",
    "villagetname": "செம்மாம்பாடி"
  },
  {
    "villagecode": "186",
    "villagename": "Sevarpoondi              ",
    "villagetname": "செவரப்பூண்டி"
  },
  {
    "villagecode": "149",
    "villagename": "Seyananthal              ",
    "villagetname": "செய்யானந்தல்"
  },
  {
    "villagecode": "148",
    "villagename": "Siththarai               ",
    "villagetname": "சித்தாத்துரை"
  },
  {
    "villagecode": "002",
    "villagename": "S.Katteri                ",
    "villagetname": "சு. காட்டேரி"
  },
  {
    "villagecode": "056",
    "villagename": "Solaiarugavoor           ",
    "villagetname": "சோலை அருகாவூர்"
  },
  {
    "villagecode": "038",
    "villagename": "Sozhavaram               ",
    "villagetname": "சோழவரம்"
  },
  {
    "villagecode": "150",
    "villagename": "Thachchampadi            ",
    "villagetname": "தச்சாம்பாடி"
  },
  {
    "villagecode": "031",
    "villagename": "Thellarampattu           ",
    "villagetname": "தெள்ளாரம்பட்டு"
  },
  {
    "villagecode": "047",
    "villagename": "Thellur                  ",
    "villagetname": "தெள்ளுர்"
  },
  {
    "villagecode": "012",
    "villagename": "Thenkadapanthanagal      ",
    "villagetname": "தென்கடப்பந்தாங்கல்"
  },
  {
    "villagecode": "143",
    "villagename": "Thumbur                  ",
    "villagetname": "தும்பூர்"
  },
  {
    "villagecode": "158",
    "villagename": "Ulagampattu              ",
    "villagetname": "உலகம்பட்டு"
  },
  {
    "villagecode": "019",
    "villagename": "Vayaloor                 ",
    "villagetname": "வயலூர்"
  },
  {
    "villagecode": "017",
    "villagename": "Veppampattu              ",
    "villagetname": "வேப்பம்பட்டு"
  },
  {
    "villagecode": "144",
    "villagename": "Verrasambanur            ",
    "villagetname": "வீரசம்பனூர்"
  },
  {
    "villagecode": "005",
    "villagename": "Vinayagapuram            ",
    "villagetname": "விநாயகபுரம்"
  },
  {
    "villagecode": "029",
    "villagename": "Visamangalam             ",
    "villagetname": "விசாமங்கலம்"
  }
]
