[
  {
    "villagecode": "021",
    "villagename": "Agarharamel              ",
    "villagetname": "அக்ரஹாரமேல்                                                                                                                  "
  },
  {
    "villagecode": "002",
    "villagename": "Alathur                  ",
    "villagetname": "ஆலத்தூர்                                                                                                                     "
  },
  {
    "villagecode": "004",
    "villagename": "Arukkambakkam            ",
    "villagetname": "அரக்கம்பாக்கம்                                                                                                               "
  },
  {
    "villagecode": "017",
    "villagename": "Ayapakkam                ",
    "villagetname": "அயப்பாக்கம்                                                                                                                  "
  },
  {
    "villagecode": "007",
    "villagename": "Kadavoor                 ",
    "villagetname": "கதவுர்                                                                                                                       "
  },
  {
    "villagecode": "022",
    "villagename": "Karunakaracheri          ",
    "villagetname": "கருணாகரச்சேரி                                                                                                                "
  },
  {
    "villagecode": "001",
    "villagename": "Kilkondaiyur             ",
    "villagetname": "கீழ்க்கொண்டையார்                                                                                                             "
  },
  {
    "villagecode": "012",
    "villagename": "Koilpadagai              ",
    "villagetname": "கோயில்பதாகை                                                                                                                  "
  },
  {
    "villagecode": "006",
    "villagename": "Melpakkam                ",
    "villagetname": "மேல்பாக்கம்                                                                                                                  "
  },
  {
    "villagecode": "011",
    "villagename": "Mitnamallee              ",
    "villagetname": "மிட்னமல்லி                                                                                                                   "
  },
  {
    "villagecode": "005",
    "villagename": "Morai                    ",
    "villagetname": "மோரை                                                                                                                         "
  },
  {
    "villagecode": "080",
    "villagename": "Morai 2                  ",
    "villagetname": "மோரை 2                                                                                                                       "
  },
  {
    "villagecode": "010",
    "villagename": "Muthapudhupattu          ",
    "villagetname": "முக்தாபுதுப்பட்டு                                                                                                            "
  },
  {
    "villagecode": "019",
    "villagename": "Nadukuthagai             ",
    "villagetname": "நடுகுத்தகை                                                                                                                   "
  },
  {
    "villagecode": "018",
    "villagename": "Nemilicheri              ",
    "villagetname": "நெமிலிச்சேரி                                                                                                                 "
  },
  {
    "villagecode": "009",
    "villagename": "Palavodeu                ",
    "villagetname": "பாலவேடு                                                                                                                      "
  },
  {
    "villagecode": "024",
    "villagename": "Paleripattu              ",
    "villagetname": "பாலேரிபட்டு                                                                                                                  "
  },
  {
    "villagecode": "014",
    "villagename": "Pammadukulam             ",
    "villagetname": "பம்மதுகுளம்                                                                                                                  "
  },
  {
    "villagecode": "003",
    "villagename": "Pandeswaram              ",
    "villagetname": "பாண்டேஸ்வரம்                                                                                                                 "
  },
  {
    "villagecode": "023",
    "villagename": "Paruthipattu             ",
    "villagetname": "பருத்திபட்டு                                                                                                                 "
  },
  {
    "villagecode": "015",
    "villagename": "Pothur                   ",
    "villagetname": "பொத்தூர்                                                                                                                     "
  },
  {
    "villagecode": "026",
    "villagename": "Soranjeri B              ",
    "villagetname": "சோராஞ்சேரி                                                                                                                   "
  },
  {
    "villagecode": "027",
    "villagename": "Thandurai                ",
    "villagetname": "தண்டுரை                                                                                                                      "
  },
  {
    "villagecode": "016",
    "villagename": "Thirumullaivoyal-1       ",
    "villagetname": "திருமுல்லைவாயல்-1                                                                                                            "
  },
  {
    "villagecode": "020",
    "villagename": "Thiruninravur A          ",
    "villagetname": "திருநின்றவுர் அ                                                                                                              "
  },
  {
    "villagecode": "050",
    "villagename": "Thiruninravur B          ",
    "villagetname": "திருநின்றவுர் ஆ                                                                                                              "
  },
  {
    "villagecode": "008",
    "villagename": "Vellacheri               ",
    "villagetname": "வெள்ளச்சேரி                                                                                                                  "
  },
  {
    "villagecode": "013",
    "villagename": "Vellanur                 ",
    "villagetname": "வெள்ளானூர்                                                                                                                   "
  },
  {
    "villagecode": "079",
    "villagename": "Vellanur 2               ",
    "villagetname": "வெள்ளானூர் 2                                                                                                                 "
  },
  {
    "villagecode": "025",
    "villagename": "Vilingiampakkam          ",
    "villagetname": "விளிஞ்சியம்பாக்கம்                                                                                                           "
  }
]
