[
  {
    "villagecode": "028",
    "villagename": "Ammapettai               ",
    "villagetname": "028  அம்மாப்பேட்டை                                                                                                           "
  },
  {
    "villagecode": "011",
    "villagename": "Anthiyur                 ",
    "villagetname": "011  அந்தியூர்                                                                                                               "
  },
  {
    "villagecode": "029",
    "villagename": "Ariyagoundanur           ",
    "villagetname": "029  ஆரியகவுண்டனூர்                                                                                                          "
  },
  {
    "villagecode": "013",
    "villagename": "Athani                   ",
    "villagetname": "013  அத்தாணி                                                                                                                 "
  },
  {
    "villagecode": "023",
    "villagename": "Attavanipudur            ",
    "villagetname": "023  அட்டவணைப்புதூர்                                                                                                         "
  },
  {
    "villagecode": "001",
    "villagename": "Bargur                   ",
    "villagetname": "001  பர்கூர்                                                                                                                 "
  },
  {
    "villagecode": "019",
    "villagename": "Brammadesam              ",
    "villagetname": "019  பிரம்மதேசம்                                                                                                             "
  },
  {
    "villagecode": "027",
    "villagename": "Budhapadi                ",
    "villagetname": "027  பூதப்பாடி                                                                                                               "
  },
  {
    "villagecode": "008",
    "villagename": "Ennamangalam             ",
    "villagetname": "008  எண்ணமங்கலம்                                                                                                             "
  },
  {
    "villagecode": "005",
    "villagename": "Ilipplili                ",
    "villagetname": "005  இலிப்பிலி                                                                                                               "
  },
  {
    "villagecode": "026",
    "villagename": "Kannappalli              ",
    "villagetname": "026  கண்ணப்பள்ளி                                                                                                             "
  },
  {
    "villagecode": "010",
    "villagename": "Kettisamudram            ",
    "villagetname": "010  கெட்டிசமுத்திரம்                                                                                                        "
  },
  {
    "villagecode": "016",
    "villagename": "Kilvani                  ",
    "villagetname": "016  கீழ்வாணி                                                                                                                "
  },
  {
    "villagecode": "002",
    "villagename": "Komarayanur              ",
    "villagetname": "002  கொமராயனூர்                                                                                                              "
  },
  {
    "villagecode": "017",
    "villagename": "Koothampoondi            ",
    "villagetname": "017  கூத்தம்பூண்டி                                                                                                           "
  },
  {
    "villagecode": "014",
    "villagename": "Kuppandampalayam         ",
    "villagetname": "014  குப்பாண்டாம்பாளையம்                                                                                                     "
  },
  {
    "villagecode": "007",
    "villagename": "Mathur                   ",
    "villagetname": "007  மாத்தூர்                                                                                                                "
  },
  {
    "villagecode": "024",
    "villagename": "Mugasipudur              ",
    "villagetname": "024  முகாசிப்புதூர்                                                                                                          "
  },
  {
    "villagecode": "015",
    "villagename": "Mungilpatti              ",
    "villagetname": "015  மூங்கில்பட்டி                                                                                                           "
  },
  {
    "villagecode": "012",
    "villagename": "Nagalur                  ",
    "villagetname": "012  நகலூர்                                                                                                                  "
  },
  {
    "villagecode": "030",
    "villagename": "Nerunjipettai            ",
    "villagetname": "030  நெரிஞ்சிப்பேட்டை                                                                                                        "
  },
  {
    "villagecode": "020",
    "villagename": "Ottappalayam             ",
    "villagetname": "020  ஒட்டபாளையம்                                                                                                             "
  },
  {
    "villagecode": "021",
    "villagename": "Pachampalayam            ",
    "villagetname": "021  பச்சாம்பாளையம்                                                                                                          "
  },
  {
    "villagecode": "022",
    "villagename": "Patlur                   ",
    "villagetname": "022  பட்லூர்                                                                                                                 "
  },
  {
    "villagecode": "025",
    "villagename": "Poonachi                 ",
    "villagetname": "025  பூனாச்சி                                                                                                                "
  },
  {
    "villagecode": "003",
    "villagename": "Puthur                   ",
    "villagetname": "003  புதூர்                                                                                                                  "
  },
  {
    "villagecode": "009",
    "villagename": "Sangarapalayam           ",
    "villagetname": "009  சங்கராபாளையம்                                                                                                           "
  },
  {
    "villagecode": "004",
    "villagename": "Sennampatti              ",
    "villagetname": "004  சென்னம்பட்டி                                                                                                            "
  },
  {
    "villagecode": "006",
    "villagename": "Vellitiruppur            ",
    "villagetname": "006  வெள்ளித்திருப்பூர்                                                                                                      "
  },
  {
    "villagecode": "018",
    "villagename": "Vempathi                 ",
    "villagetname": "018  வேம்பத்தி                                                                                                               "
  }
]
