[
  {
    "villagecode": "007",
    "villagename": "Agarapatti               ",
    "villagetname": "அகரப்பட்டி                                                                                                                   "
  },
  {
    "villagecode": "024",
    "villagename": "Akkalnayaganpatti        ",
    "villagetname": "அக்கல்நாயக்கன்பட்டி                                                                                                          "
  },
  {
    "villagecode": "036",
    "villagename": "Alangudi                 ",
    "villagetname": "ஆலங்குடி                                                                                                                     "
  },
  {
    "villagecode": "033",
    "villagename": "Amburpatti               ",
    "villagetname": "ஆம்புர்பட்டி                                                                                                                 "
  },
  {
    "villagecode": "034",
    "villagename": "Chenkalakkudi            ",
    "villagetname": "செங்களாக்குடி                                                                                                                "
  },
  {
    "villagecode": "020",
    "villagename": "Gomangalam               ",
    "villagetname": "கோமங்களம்                                                                                                                    "
  },
  {
    "villagecode": "018",
    "villagename": "Kalgudi                  ",
    "villagetname": "கல்குடி                                                                                                                      "
  },
  {
    "villagecode": "006",
    "villagename": "Kasavanur                ",
    "villagetname": "கசவனூர்                                                                                                                      "
  },
  {
    "villagecode": "028",
    "villagename": "Kathalur                 ",
    "villagetname": "கத்தலூர்                                                                                                                     "
  },
  {
    "villagecode": "011",
    "villagename": "Kodumpalur               ",
    "villagetname": "கொடும்பாளுார்                                                                                                                "
  },
  {
    "villagecode": "027",
    "villagename": "Kumarapatti              ",
    "villagetname": "குமரப்பட்டி                                                                                                                  "
  },
  {
    "villagecode": "026",
    "villagename": "Kunnathur                ",
    "villagetname": "குன்னத்தூர்                                                                                                                  "
  },
  {
    "villagecode": "032",
    "villagename": "Mathayanaippatti         ",
    "villagetname": "மதயானைப்பட்டி                                                                                                                "
  },
  {
    "villagecode": "008",
    "villagename": "Meenaveli                ",
    "villagetname": "மீனவேலி                                                                                                                      "
  },
  {
    "villagecode": "025",
    "villagename": "Melapachakudi            ",
    "villagetname": "மேலபச்சகுடி                                                                                                                  "
  },
  {
    "villagecode": "016",
    "villagename": "Meppoothakudi            ",
    "villagetname": "மேப்புதகுடி                                                                                                                  "
  },
  {
    "villagecode": "029",
    "villagename": "Mullaiyur                ",
    "villagetname": "முல்லையூர்                                                                                                                   "
  },
  {
    "villagecode": "002",
    "villagename": "Nammanpatti              ",
    "villagetname": "நம்மன்பட்டி                                                                                                                  "
  },
  {
    "villagecode": "035",
    "villagename": "Neerpalani               ",
    "villagetname": "நீர்ப்பழனி                                                                                                                   "
  },
  {
    "villagecode": "031",
    "villagename": "Perambur                 ",
    "villagetname": "பேராம்பூர்                                                                                                                   "
  },
  {
    "villagecode": "021",
    "villagename": "Poothagudi               ",
    "villagetname": "புதகுடி                                                                                                                      "
  },
  {
    "villagecode": "017",
    "villagename": "Poruvoi                  ",
    "villagetname": "பொருவாய்                                                                                                                     "
  },
  {
    "villagecode": "005",
    "villagename": "Poyyamani                ",
    "villagetname": "பொய்யாமணி                                                                                                                    "
  },
  {
    "villagecode": "013",
    "villagename": "Rajagiri                 ",
    "villagetname": "ராஜகிரி                                                                                                                      "
  },
  {
    "villagecode": "001",
    "villagename": "Rasalipatti              ",
    "villagetname": "ராசாளிப்பட்டி                                                                                                                "
  },
  {
    "villagecode": "030",
    "villagename": "Sooriyur                 ",
    "villagetname": "சூரியூர்                                                                                                                     "
  },
  {
    "villagecode": "004",
    "villagename": "Thengathinnipatti        ",
    "villagetname": "தேங்காய்தின்னிபட்டி                                                                                                          "
  },
  {
    "villagecode": "010",
    "villagename": "Thennampadi              ",
    "villagetname": "தென்னம்பாடி                                                                                                                  "
  },
  {
    "villagecode": "009",
    "villagename": "Theravur                 ",
    "villagetname": "தேராவுர்                                                                                                                     "
  },
  {
    "villagecode": "022",
    "villagename": "Vadugapatti              ",
    "villagetname": "வடுகப்பட்டி                                                                                                                  "
  },
  {
    "villagecode": "015",
    "villagename": "Vanathirayanpatti        ",
    "villagetname": "வானதிரையன்பட்டி                                                                                                              "
  },
  {
    "villagecode": "023",
    "villagename": "Vellur                   ",
    "villagetname": "வேலூர்                                                                                                                       "
  },
  {
    "villagecode": "037",
    "villagename": "Vemmani                  ",
    "villagetname": "வெம்மணி                                                                                                                      "
  },
  {
    "villagecode": "014",
    "villagename": "Viralimalai              ",
    "villagetname": "விராலிமலை                                                                                                                    "
  },
  {
    "villagecode": "012",
    "villagename": "Viralur                  ",
    "villagetname": "விராலூர்                                                                                                                     "
  },
  {
    "villagecode": "003",
    "villagename": "Viruthapatti             ",
    "villagetname": "விருதாப்பட்டி                                                                                                                "
  },
  {
    "villagecode": "019",
    "villagename": "Vittamapatti             ",
    "villagetname": "விட்டமாபட்டி                                                                                                                 "
  }
]
