[
  {
    "villagecode": "523",
    "villagename": "Agrahara Ayyampalayam    ",
    "villagetname": "அக்ரஹார அய்யம்பாளையம                                                                                                         "
  },
  {
    "villagecode": "004",
    "villagename": "Agrahara Nattamangalam   ",
    "villagetname": "அக்ரஹார நாட்டாமங்கலம்                                                                                                        "
  },
  {
    "villagecode": "013",
    "villagename": "Agrahara Uduppam         ",
    "villagetname": "அக்ரஹார உடுப்பம்                                                                                                             "
  },
  {
    "villagecode": "021",
    "villagename": "A.K.Samudhiram           ",
    "villagetname": "அனந்த கிருஷ்ணராய சமுத்திரம்                                                                                                  "
  },
  {
    "villagecode": "042",
    "villagename": "Avalnaickenpatty         ",
    "villagetname": "ஆவல்நாய்க்கன்பட்டி                                                                                                           "
  },
  {
    "villagecode": "511",
    "villagename": "Chinnamuthalaipatty      ",
    "villagetname": "சின்னமுதலைப்பட்டி                                                                                                            "
  },
  {
    "villagecode": "217",
    "villagename": "Elayapuram Agraharam     ",
    "villagetname": "இளையாபுரம் அக்ரஹாரம்                                                                                                         "
  },
  {
    "villagecode": "117",
    "villagename": "Elayapuram Ayan          ",
    "villagetname": "இளையாபுரம் அயன்                                                                                                              "
  },
  {
    "villagecode": "002",
    "villagename": "Elur                     ",
    "villagetname": "ஏளூர்                                                                                                                        "
  },
  {
    "villagecode": "059",
    "villagename": "Ernapuram                ",
    "villagetname": "எர்ணாபுரம்                                                                                                                   "
  },
  {
    "villagecode": "022",
    "villagename": "Jeggalnanickenpatty      ",
    "villagetname": "ஜெக்கல்நாயக்கன்பட்டி                                                                                                         "
  },
  {
    "villagecode": "551",
    "villagename": "Jodikai Aniyar           ",
    "villagetname": "ஜோடிகை அணியார்                                                                                                               "
  },
  {
    "villagecode": "024",
    "villagename": "Kadanthapatty            ",
    "villagetname": "கடந்தப்பட்டி                                                                                                                 "
  },
  {
    "villagecode": "014",
    "villagename": "Kalangani                ",
    "villagetname": "களங்காணி                                                                                                                     "
  },
  {
    "villagecode": "005",
    "villagename": "Kalyani                  ",
    "villagetname": "கல்யாணி                                                                                                                      "
  },
  {
    "villagecode": "017",
    "villagename": "Kannurpatty              ",
    "villagetname": "கண்ணூர்பட்டி                                                                                                                 "
  },
  {
    "villagecode": "009",
    "villagename": "Karadipatthanathampatti  ",
    "villagetname": "கரடிபட்டி தானத்தம்பட்டி                                                                                                      "
  },
  {
    "villagecode": "010",
    "villagename": "Karadipatty              ",
    "villagetname": "கரடிபட்டி                                                                                                                    "
  },
  {
    "villagecode": "015",
    "villagename": "Karaikurichi             ",
    "villagetname": "காரைக்குறிச்சி                                                                                                               "
  },
  {
    "villagecode": "040",
    "villagename": "Kathapalli               ",
    "villagetname": "காதப்பள்ளி                                                                                                                   "
  },
  {
    "villagecode": "025",
    "villagename": "Kathiranallur            ",
    "villagetname": "கதிராநல்லுார்                                                                                                                "
  },
  {
    "villagecode": "061",
    "villagename": "Keelsathampur            ",
    "villagetname": "கீழ்சாத்தம்பூர்                                                                                                              "
  },
  {
    "villagecode": "060",
    "villagename": "Keerambur                ",
    "villagetname": "கீரம்பூர்                                                                                                                    "
  },
  {
    "villagecode": "067",
    "villagename": "Kondichetty Patty        ",
    "villagetname": "கொண்டிசெட்டிப்பட்டி                                                                                                          "
  },
  {
    "villagecode": "062",
    "villagename": "Konur                    ",
    "villagetname": "கோனுார்                                                                                                                      "
  },
  {
    "villagecode": "003",
    "villagename": "Lakkapuram               ",
    "villagetname": "லக்கபுரம்                                                                                                                    "
  },
  {
    "villagecode": "531",
    "villagename": "Malapatty Melmugam       ",
    "villagetname": "மேலபட்டி மேல்முகம்                                                                                                           "
  },
  {
    "villagecode": "541",
    "villagename": "Marappanaickanpatty      ",
    "villagetname": "மாரப்பநாயக்கன்பட்டி                                                                                                          "
  },
  {
    "villagecode": "421",
    "villagename": "Marurpatti               ",
    "villagetname": "மரூர்பட்டி                                                                                                                   "
  },
  {
    "villagecode": "037",
    "villagename": "Minnampalli              ",
    "villagetname": "மின்னாம்பள்ளி                                                                                                                "
  },
  {
    "villagecode": "055",
    "villagename": "Mitta Aniyar             ",
    "villagetname": "மிட்டா அணியார்                                                                                                               "
  },
  {
    "villagecode": "521",
    "villagename": "Muthalaipatty            ",
    "villagetname": "முதலைபட்டி                                                                                                                   "
  },
  {
    "villagecode": "581",
    "villagename": "Nallakoundanpalaym       ",
    "villagetname": "நல்லாகவுண்டன்பாளையம்                                                                                                         "
  },
  {
    "villagecode": "052",
    "villagename": " Nallipalayam            ",
    "villagetname": "நல்லிபாளையம்                                                                                                                 "
  },
  {
    "villagecode": "051",
    "villagename": "Namakkal                 ",
    "villagetname": "நாமக்கல்                                                                                                                     "
  },
  {
    "villagecode": "057",
    "villagename": "Naravalur Agraharam      ",
    "villagetname": "நரவலூர் அக்ரஹாரம்                                                                                                            "
  },
  {
    "villagecode": "006",
    "villagename": "Navani                   ",
    "villagetname": "நவணி                                                                                                                         "
  },
  {
    "villagecode": "512",
    "villagename": "N Kosavampatty           ",
    "villagetname": "என் கொசவம்பட்டி                                                                                                              "
  },
  {
    "villagecode": "020",
    "villagename": "Pachal                   ",
    "villagetname": "பாச்சல்                                                                                                                      "
  },
  {
    "villagecode": "041",
    "villagename": "Pappinaickenpatty        ",
    "villagetname": "பாப்பிநாய்க்கன்பட்டி                                                                                                         "
  },
  {
    "villagecode": "066",
    "villagename": "Periapatty               ",
    "villagetname": "பெரியப்பட்டி                                                                                                                 "
  },
  {
    "villagecode": "058",
    "villagename": "Periyagoundampalayam     ",
    "villagetname": "பெரியாகவுண்டன்பாளையம்                                                                                                        "
  },
  {
    "villagecode": "019",
    "villagename": "Pidaripatty              ",
    "villagetname": "பிடாரிபட்டி                                                                                                                  "
  },
  {
    "villagecode": "018",
    "villagename": "Podangam                 ",
    "villagetname": "பொடங்கம்                                                                                                                     "
  },
  {
    "villagecode": "023",
    "villagename": "Ramanaickenpatty         ",
    "villagetname": "ராமநாய்க்கன்பட்டி                                                                                                            "
  },
  {
    "villagecode": "591",
    "villagename": " Rangappanaickanpalayam  ",
    "villagetname": "ரங்கப்பநாய்க்கன்பாளையம்                                                                                                      "
  },
  {
    "villagecode": "063",
    "villagename": "Rasampalayam             ",
    "villagetname": "ராசாம்பாளையம்                                                                                                                "
  },
  {
    "villagecode": "555",
    "villagename": "R. Puliyampatti          ",
    "villagetname": "ஆர். புளியம்பட்டி                                                                                                            "
  },
  {
    "villagecode": "001",
    "villagename": "Sarkar Nattamangalam     ",
    "villagetname": "சர்க்கார் நாட்டாமங்கலம்                                                                                                      "
  },
  {
    "villagecode": "011",
    "villagename": "Sarkar Uduppam           ",
    "villagetname": "சர்க்கார் உடுப்பம்                                                                                                           "
  },
  {
    "villagecode": "552",
    "villagename": "Sarvamaniya Aniyar       ",
    "villagetname": "சர்வமானிய அணியார்                                                                                                            "
  },
  {
    "villagecode": "038",
    "villagename": "Sellppampatty            ",
    "villagetname": "செல்லப்பம்பட்டி                                                                                                              "
  },
  {
    "villagecode": "542",
    "villagename": "Siluvampatty             ",
    "villagetname": "சிலுவம்பட்டி                                                                                                                 "
  },
  {
    "villagecode": "054",
    "villagename": "Singilipatty             ",
    "villagetname": "சிங்கிலிபட்டி                                                                                                                "
  },
  {
    "villagecode": "039",
    "villagename": "Thalampadi               ",
    "villagetname": "தாளம்பாடி                                                                                                                    "
  },
  {
    "villagecode": "056",
    "villagename": "Thaligai                 ",
    "villagetname": "தளிகை                                                                                                                        "
  },
  {
    "villagecode": "012",
    "villagename": "Thanathampatti           ",
    "villagetname": "தானத்தம்பட்டி                                                                                                                "
  },
  {
    "villagecode": "016",
    "villagename": "Thathaiyangarpatty       ",
    "villagetname": "தாத்தையங்கார்பட்டி                                                                                                           "
  },
  {
    "villagecode": "007",
    "villagename": "Thathathiripuram         ",
    "villagetname": "தத்தாத்திரிபுரம்                                                                                                             "
  },
  {
    "villagecode": "008",
    "villagename": "Thathithiripuram Karadipa",
    "villagetname": "தத்தாத்திரிபுரம் கரடிபட்டி                                                                                                   "
  },
  {
    "villagecode": "582",
    "villagename": "Thindamangalam           ",
    "villagetname": "திண்டமங்கலம்                                                                                                                 "
  },
  {
    "villagecode": "571",
    "villagename": "Thottipalayam            ",
    "villagetname": "தொட்டிபாளையம்                                                                                                                "
  },
  {
    "villagecode": "064",
    "villagename": "Thottipatti              ",
    "villagetname": "தொட்டிபட்டி                                                                                                                  "
  },
  {
    "villagecode": "053",
    "villagename": "Thummankurichi           ",
    "villagetname": "தும்மங்குறிச்சி                                                                                                              "
  },
  {
    "villagecode": "068",
    "villagename": "Vagurampatty             ",
    "villagetname": "வகுரம்பட்டி                                                                                                                  "
  },
  {
    "villagecode": "065",
    "villagename": "Vallipuram               ",
    "villagetname": "வள்ளிபுரம்                                                                                                                   "
  },
  {
    "villagecode": "078",
    "villagename": "Vasanthapuram            ",
    "villagetname": "வசந்தபுரம்                                                                                                                   "
  },
  {
    "villagecode": "050",
    "villagename": "Veesanam                 ",
    "villagetname": "வீசாணம்                                                                                                                      "
  },
  {
    "villagecode": "070",
    "villagename": "Vettambadi               ",
    "villagetname": "வேட்டாம்பாடி                                                                                                                 "
  },
  {
    "villagecode": "501",
    "villagename": "Vittamanaickanpatti      ",
    "villagetname": "விட்டமநாய்க்கன்பட்டி                                                                                                         "
  }
]
