[
  {
    "villagecode": "003",
    "villagename": "Cherangode1              ",
    "villagetname": "சேரங்கோடு - 1                                                                                                                "
  },
  {
    "villagecode": "018",
    "villagename": "Cherangode-1jenmam       ",
    "villagetname": "சேரங்கோடு - 1 ஜென்மம்                                                                                                        "
  },
  {
    "villagecode": "008",
    "villagename": "Cherangode-2             ",
    "villagetname": "சேரங்கோடு - 2                                                                                                                "
  },
  {
    "villagecode": "019",
    "villagename": "Cherangode-2jenmam       ",
    "villagetname": "சேரங்கோடு - 2 ஜென்மம்                                                                                                        "
  },
  {
    "villagecode": "004",
    "villagename": "Erumad 1                 ",
    "villagetname": "எருமாடு 1                                                                                                                    "
  },
  {
    "villagecode": "011",
    "villagename": "Erumad-2                 ",
    "villagetname": "எருமாடு - 2                                                                                                                  "
  },
  {
    "villagecode": "007",
    "villagename": "Moonad-2                 ",
    "villagetname": "மூனனாடு - 2                                                                                                                  "
  },
  {
    "villagecode": "024",
    "villagename": "Moonanad-1jenmam         ",
    "villagetname": "மூனனாடு - 1 - ஜென்மம்                                                                                                        "
  },
  {
    "villagecode": "025",
    "villagename": "Moonanad-2jenmam         ",
    "villagetname": "மூனனாடு - 2 ஜென்மம்                                                                                                          "
  },
  {
    "villagecode": "001",
    "villagename": "Moonnad 1                ",
    "villagetname": "மூனனாடு 1                                                                                                                    "
  },
  {
    "villagecode": "002",
    "villagename": " Nelliyalam 1            ",
    "villagetname": "நெல்லியாளம் 1                                                                                                                "
  },
  {
    "villagecode": "012",
    "villagename": "Nelliyalam-1ca           ",
    "villagetname": "நெல்லியாளம் - 1 - சீ ஏ                                                                                                       "
  },
  {
    "villagecode": "014",
    "villagename": "Nelliyalam-1janmam       ",
    "villagetname": "நெல்லியாளம் - 1 - ஜென்மம்                                                                                                    "
  },
  {
    "villagecode": "005",
    "villagename": "Nelliyalam-2             ",
    "villagetname": "நெல்லியாளம் - 2                                                                                                              "
  },
  {
    "villagecode": "015",
    "villagename": "Nelliyalam-2jenman       ",
    "villagetname": "நெல்லியாளம் - 2 ஜென்மம்                                                                                                      "
  }
]
