[
  {
    "villagecode": "007",
    "villagename": "Adalur                   ",
    "villagetname": "ஆடலூர்                                                                                                                       "
  },
  {
    "villagecode": "025",
    "villagename": "Agaram                   ",
    "villagetname": "அகரம்                                                                                                                        "
  },
  {
    "villagecode": "021",
    "villagename": "Alagupatty               ",
    "villagetname": "அழகுபட்டி                                                                                                                    "
  },
  {
    "villagecode": "031",
    "villagename": "Alakkuvarpatty           ",
    "villagetname": "அலக்குவார்பட்டி                                                                                                              "
  },
  {
    "villagecode": "018",
    "villagename": "Ammapatty                ",
    "villagetname": "அம்மாப்பட்டி                                                                                                                 "
  },
  {
    "villagecode": "027",
    "villagename": "Anaipatty                ",
    "villagetname": "அணைப்பட்டி                                                                                                                   "
  },
  {
    "villagecode": "011",
    "villagename": "Chatrapatty              ",
    "villagetname": "சத்திரப்பட்டி                                                                                                                "
  },
  {
    "villagecode": "030",
    "villagename": "Chettinaickenpatty       ",
    "villagetname": "செட்டிநாயக்கன்பட்டி                                                                                                          "
  },
  {
    "villagecode": "023",
    "villagename": "Gurunathanaickanoor      ",
    "villagetname": "குருநாதநாயகனுர்                                                                                                              "
  },
  {
    "villagecode": "004",
    "villagename": "Kamatchipuram            ",
    "villagetname": "காமாட்சிபுரம்                                                                                                                "
  },
  {
    "villagecode": "010",
    "villagename": "Kannivadimalai North     ",
    "villagetname": "கன்னிவாடிமலை வடக்கு                                                                                                          "
  },
  {
    "villagecode": "013",
    "villagename": "Kasavanampatty           ",
    "villagetname": "கசவனம்பட்டி                                                                                                                  "
  },
  {
    "villagecode": "003",
    "villagename": "Kodalvavi                ",
    "villagetname": "கோடல்வாவி                                                                                                                    "
  },
  {
    "villagecode": "019",
    "villagename": "Kothapulli               ",
    "villagetname": "கொத்தப்புள்ளி                                                                                                                "
  },
  {
    "villagecode": "022",
    "villagename": "K.Pudukottai             ",
    "villagetname": "கெ.புதுக்கோட்டை                                                                                                              "
  },
  {
    "villagecode": "029",
    "villagename": "Kurumbapatty             ",
    "villagetname": "குரும்பபட்டி                                                                                                                 "
  },
  {
    "villagecode": "016",
    "villagename": "Kuttathupatty            ",
    "villagetname": "குட்டத்துப்பட்டி                                                                                                             "
  },
  {
    "villagecode": "017",
    "villagename": "Mangarai                 ",
    "villagetname": "மாங்கரை                                                                                                                      "
  },
  {
    "villagecode": "002",
    "villagename": "Neelamalaikottai         ",
    "villagetname": "நீலமலைக்கோட்டை                                                                                                               "
  },
  {
    "villagecode": "001",
    "villagename": "Palakkanoothu            ",
    "villagetname": "பலக்கநூத்து                                                                                                                  "
  },
  {
    "villagecode": "012",
    "villagename": "Palayakannivadi          ",
    "villagetname": "பழையகன்னிவாடி                                                                                                                "
  },
  {
    "villagecode": "028",
    "villagename": "Pallapatty               ",
    "villagetname": "பள்ளப்பட்டி                                                                                                                  "
  },
  {
    "villagecode": "008",
    "villagename": "Pandrimalai              ",
    "villagetname": "பன்றிமலை                                                                                                                     "
  },
  {
    "villagecode": "032",
    "villagename": "Seelapadi                ",
    "villagetname": "சீலப்பாடி                                                                                                                    "
  },
  {
    "villagecode": "020",
    "villagename": "Silvarpatty              ",
    "villagetname": "சில்வார்பட்டி                                                                                                                "
  },
  {
    "villagecode": "014",
    "villagename": "Sinthalakundu            ",
    "villagetname": "சிந்தலக்குண்டு                                                                                                               "
  },
  {
    "villagecode": "006",
    "villagename": "Sirankadu                ",
    "villagetname": "சிரங்காடு                                                                                                                    "
  },
  {
    "villagecode": "024",
    "villagename": "Sullarumbu               ",
    "villagetname": "சுள்ளறும்பு                                                                                                                  "
  },
  {
    "villagecode": "026",
    "villagename": "Thadicombu               ",
    "villagetname": "தாடிக்கொம்பு                                                                                                                 "
  },
  {
    "villagecode": "015",
    "villagename": "Thamaraidkulam           ",
    "villagetname": "தாமரைக்குளம்                                                                                                                 "
  },
  {
    "villagecode": "005",
    "villagename": "Thethupatty              ",
    "villagetname": "தெத்துப்பட்டி                                                                                                                "
  },
  {
    "villagecode": "009",
    "villagename": "Thonimalai               ",
    "villagetname": "தோணிமலை                                                                                                                      "
  }
]
