[
  {
    "villagecode": "032",
    "villagename": "Alangudi",
    "villagetname": "ஆலங்குடி"
  },
  {
    "villagecode": "088",
    "villagename": "Ananthanallur",
    "villagetname": "அனந்தநல்லூர்"
  },
  {
    "villagecode": "147",
    "villagename": "Arivaloor",
    "villagetname": "அரிவளூர்"
  },
  {
    "villagecode": "068",
    "villagename": "Asikadu",
    "villagetname": "அசிக்காடு"
  },
  {
    "villagecode": "511",
    "villagename": "Enam Kuttalam",
    "villagetname": "இனாம் குத்தாலம்"
  },
  {
    "villagecode": "711",
    "villagename": "Enam Senniyanullur",
    "villagetname": "இனாம் சென்னியநல்லூர்"
  },
  {
    "villagecode": "731",
    "villagename": "Enam Thiruvalangadu",
    "villagetname": "இனாம் திருவாலங்காடு"
  },
  {
    "villagecode": "512",
    "villagename": "Enam Umambalpuram",
    "villagetname": "இனாம் உமாம்பாள்புரம்"
  },
  {
    "villagecode": "106",
    "villagename": "Ezhumagalur",
    "villagetname": "எழுமகளூர்"
  },
  {
    "villagecode": "105",
    "villagename": "Gangadharapuram",
    "villagetname": "கங்கதரபுரம்"
  },
  {
    "villagecode": "092",
    "villagename": "Kaanchivoi",
    "villagetname": "காஞ்சிவாய்"
  },
  {
    "villagecode": "049",
    "villagename": "Kadalangudi",
    "villagetname": "கடலங்குடி"
  },
  {
    "villagecode": "159",
    "villagename": "Kalanivasal",
    "villagetname": "கழனிவாசல்"
  },
  {
    "villagecode": "086",
    "villagename": "Kappur",
    "villagetname": "கப்பூர்"
  },
  {
    "villagecode": "076",
    "villagename": "Karuppur",
    "villagetname": "கருப்பூர்"
  },
  {
    "villagecode": "100",
    "villagename": "Kizhaparuthikudi",
    "villagetname": "கீழப் பருத்திக்குடி"
  },
  {
    "villagecode": "095",
    "villagename": "Kodimangalam",
    "villagetname": "கோடிமங்கலம்"
  },
  {
    "villagecode": "079",
    "villagename": "Kokkur",
    "villagetname": "கொக்கூர்"
  },
  {
    "villagecode": "091",
    "villagename": "Komal Kizhasethi",
    "villagetname": "கோமல் கிழக்கு"
  },
  {
    "villagecode": "911",
    "villagename": "Komal Melasethi",
    "villagetname": "கோமல் மேற்கு"
  },
  {
    "villagecode": "981",
    "villagename": "Konerirajapuram-1",
    "villagetname": "கோனேரிராஜபுரம்-1"
  },
  {
    "villagecode": "982",
    "villagename": "Konerirajapuram-2",
    "villagetname": "கோனேரிராஜபுரம்-2"
  },
  {
    "villagecode": "102",
    "villagename": "Kothangudi",
    "villagetname": "கொத்தங்குடி"
  },
  {
    "villagecode": "087",
    "villagename": "Kozhaiyur",
    "villagetname": "கொழையூர்"
  },
  {
    "villagecode": "051",
    "villagename": "Kuthalam",
    "villagetname": "குத்தாலம்"
  },
  {
    "villagecode": "104",
    "villagename": "Maanthai",
    "villagetname": "மாந்தை"
  },
  {
    "villagecode": "089",
    "villagename": "Manganallur",
    "villagetname": "மங்கநல்லூர்"
  },
  {
    "villagecode": "080",
    "villagename": "Marudhur",
    "villagetname": "மருதூர்"
  },
  {
    "villagecode": "072",
    "villagename": "Mathirimangalam",
    "villagetname": "மாதிரிமங்கலம்"
  },
  {
    "villagecode": "074",
    "villagename": "Mekkirimangalam",
    "villagetname": "மேக்கிரிமங்கலம்"
  },
  {
    "villagecode": "096",
    "villagename": "Melahalangan",
    "villagetname": "மேலாகலங்கன்"
  },
  {
    "villagecode": "070",
    "villagename": "Melaiyur",
    "villagetname": "மேலையூர்"
  },
  {
    "villagecode": "701",
    "villagename": "Melaiyur Thulasenthirapuram",
    "villagetname": "மேலையூர் துளசேந்திரபுரம்"
  },
  {
    "villagecode": "099",
    "villagename": "Melaparuthikudi",
    "villagetname": "மேலபருத்திக்குடி"
  },
  {
    "villagecode": "103",
    "villagename": "Nakkambadi",
    "villagetname": "நக்கம்பாடி"
  },
  {
    "villagecode": "094",
    "villagename": "Nallavoor",
    "villagetname": "நல்லாவூர்"
  },
  {
    "villagecode": "093",
    "villagename": "Paalaiyur",
    "villagetname": "பாலையூர்"
  },
  {
    "villagecode": "078",
    "villagename": "Palayakudalur",
    "villagetname": "பழையகூடலூர்"
  },
  {
    "villagecode": "085",
    "villagename": "Pandaravadai",
    "villagetname": "பண்டாரவாடை"
  },
  {
    "villagecode": "077",
    "villagename": "Peravoor",
    "villagetname": "பேராவூர்"
  },
  {
    "villagecode": "081",
    "villagename": "Perumalkoil",
    "villagetname": "பெருமாள்கோவில்"
  },
  {
    "villagecode": "148",
    "villagename": "Peruncheri",
    "villagetname": "பெருஞ்சேரி"
  },
  {
    "villagecode": "090",
    "villagename": "Porumpur",
    "villagetname": "பொரும்பூர்"
  },
  {
    "villagecode": "083",
    "villagename": "Sengudi",
    "villagetname": "செங்குடி"
  },
  {
    "villagecode": "071",
    "villagename": "Senniyanallur",
    "villagetname": "சென்னியநல்லூர்"
  },
  {
    "villagecode": "052",
    "villagename": "Sethirabalapuram",
    "villagetname": "சேத்திரபாலபுரம்"
  },
  {
    "villagecode": "097",
    "villagename": "Sivanaraharam",
    "villagetname": "சிவனாரகரம்"
  },
  {
    "villagecode": "101",
    "villagename": "Sri Kandapuram",
    "villagetname": "ஸ்ரீகண்டபுரம்"
  },
  {
    "villagecode": "058",
    "villagename": "Thathangudi",
    "villagetname": "தத்தங்குடி"
  },
  {
    "villagecode": "082",
    "villagename": "Therezhandur",
    "villagetname": "தேரிழந்தூர்"
  },
  {
    "villagecode": "033",
    "villagename": "Thirumanamchery",
    "villagetname": "திருமணஞ்சேரி"
  },
  {
    "villagecode": "065",
    "villagename": "Thirunalkondachery",
    "villagetname": "திருநாள்கொண்டசேரி"
  },
  {
    "villagecode": "075",
    "villagename": "Thiruvaduthurai",
    "villagetname": "திருவாடுதுறை"
  },
  {
    "villagecode": "073",
    "villagename": "Thiruvalangadu",
    "villagetname": "திருவாலங்காடு"
  },
  {
    "villagecode": "069",
    "villagename": "Thozhudalangudi",
    "villagetname": "தொழுதாலங்குடி"
  },
  {
    "villagecode": "691",
    "villagename": "Thulasenthirapuram",
    "villagetname": "துளசேந்திரபுரம்"
  },
  {
    "villagecode": "048",
    "villagename": "Vanathirajapuram",
    "villagetname": "வானதிராஜபுரம்"
  },
  {
    "villagecode": "084",
    "villagename": "Vazhuvoor",
    "villagetname": "வழுவூர்"
  },
  {
    "villagecode": "050",
    "villagename": "Villiyanallur",
    "villagetname": "வில்லியநல்லூர்"
  }
]
