[
  {
    "villagecode": "068",
    "villagename": "Aathur-A                 ",
    "villagetname": "ஆத்தூர் அ                                                                                                                    "
  },
  {
    "villagecode": "241",
    "villagename": "Alapakkam                ",
    "villagetname": "ஆலப்பக்கம்                                                                                                                   "
  },
  {
    "villagecode": "216",
    "villagename": "Ammanambakkam            ",
    "villagetname": "அம்மனம்பாக்கம்                                                                                                               "
  },
  {
    "villagecode": "091",
    "villagename": "Anjur                    ",
    "villagetname": "அஞ்சூர்                                                                                                                      "
  },
  {
    "villagecode": "219",
    "villagename": "Anumanthai               ",
    "villagetname": "அனுமந்தை                                                                                                                     "
  },
  {
    "villagecode": "244",
    "villagename": "Anumanthaputheri",
    "villagetname": "அனுமந்தபுத்தேரி "
  },
  {
    "villagecode": "061",
    "villagename": "Appur                    ",
    "villagetname": "ஆப்பூர்                                                                                                                      "
  },
  {
    "villagecode": "168",
    "villagename": "Athur - B                ",
    "villagetname": "ஆத்தூர் ஆ                                                                                                                    "
  },
  {
    "villagecode": "057",
    "villagename": "Chatta Mangalam          ",
    "villagetname": "சட்டமங்கலம்                                                                                                                  "
  },
  {
    "villagecode": "212",
    "villagename": "Chenneri                 ",
    "villagetname": "சென்னேரி                                                                                                                     "
  },
  {
    "villagecode": "071",
    "villagename": "Chettypunniyam           ",
    "villagetname": "செட்டிபுண்ணியம்                                                                                                              "
  },
  {
    "villagecode": "078",
    "villagename": "Chithamanoor             ",
    "villagetname": "சித்தமனூர்                                                                                                                   "
  },
  {
    "villagecode": "079",
    "villagename": "Cuddaloor                ",
    "villagetname": "கூடலூர்                                                                                                                      "
  },
  {
    "villagecode": "092",
    "villagename": "Echankaranai             ",
    "villagetname": "ஈச்சங்கரணை                                                                                                                   "
  },
  {
    "villagecode": "222",
    "villagename": "Edayankodumanthankal     ",
    "villagetname": "எடையான் கொடுமந்தாங்கல்                                                                                                       "
  },
  {
    "villagecode": "247",
    "villagename": "Irunkundram Palli        ",
    "villagetname": "இருங்குன்றம் பள்ளி                                                                                                           "
  },
  {
    "villagecode": "089",
    "villagename": "Kachatimangalam          ",
    "villagetname": "காச்சாடிமங்கலம்                                                                                                              "
  },
  {
    "villagecode": "080",
    "villagename": "Kadambur                 ",
    "villagetname": "கடம்பூர்                                                                                                                     "
  },
  {
    "villagecode": "049",
    "villagename": "Kalivantha Pattu         ",
    "villagetname": "களிவந்தப்பட்டு                                                                                                               "
  },
  {
    "villagecode": "223",
    "villagename": "Kanthalur                ",
    "villagetname": "காந்தலுர்                                                                                                                    "
  },
  {
    "villagecode": "082",
    "villagename": "Karinilam                ",
    "villagetname": "கருநிலம்                                                                                                                     "
  },
  {
    "villagecode": "081",
    "villagename": "Karumbur                 ",
    "villagetname": "கரும்பூர்                                                                                                                    "
  },
  {
    "villagecode": "056",
    "villagename": "Kattankulathur           ",
    "villagetname": "காட்டாங்கொளத்தூர்                                                                                                            "
  },
  {
    "villagecode": "050",
    "villagename": "Kayarampadu              ",
    "villagetname": "காயரம்பேடு                                                                                                                   "
  },
  {
    "villagecode": "077",
    "villagename": "Kizhikaranai             ",
    "villagetname": "கீழக்கரணை                                                                                                                    "
  },
  {
    "villagecode": "073",
    "villagename": "Kolathur                 ",
    "villagetname": "கொளத்தூர்(73)                                                                                                                "
  },
  {
    "villagecode": "053",
    "villagename": "Konathi                  ",
    "villagetname": "கோனாதி                                                                                                                       "
  },
  {
    "villagecode": "090",
    "villagename": "Kondamangalam            ",
    "villagetname": "கொண்டமங்கலம்                                                                                                                 "
  },
  {
    "villagecode": "070",
    "villagename": "Kongadu                  ",
    "villagetname": "கோங்காடு                                                                                                                     "
  },
  {
    "villagecode": "214",
    "villagename": "Kovilanthankal           ",
    "villagetname": "கோவிலந்தாங்கல்                                                                                                               "
  },
  {
    "villagecode": "218",
    "villagename": "Kunnavakkam              ",
    "villagetname": "குன்னவாக்கம்                                                                                                                 "
  },
  {
    "villagecode": "064",
    "villagename": "Kuruvanmedu              ",
    "villagetname": "குருவன்மேடு                                                                                                                  "
  },
  {
    "villagecode": "229",
    "villagename": "Melamayur                ",
    "villagetname": "மேலமையுர்                                                                                                                    "
  },
  {
    "villagecode": "066",
    "villagename": "Melmanapakkam            ",
    "villagetname": "மேல்மணப்பாக்கம்                                                                                                              "
  },
  {
    "villagecode": "226",
    "villagename": "Natham A",
    "villagetname": "நத்தம் அ "
  },
  {
    "villagecode": "055",
    "villagename": "Ninnakarai               ",
    "villagetname": "நின்னகரை                                                                                                                     "
  },
  {
    "villagecode": "248",
    "villagename": "Ozhalur                  ",
    "villagetname": "ஒழலுர்                                                                                                                       "
  },
  {
    "villagecode": "065",
    "villagename": "Palur-A                  ",
    "villagetname": "பாலூர்-அ                                                                                                                     "
  },
  {
    "villagecode": "165",
    "villagename": "Palur-B                  ",
    "villagetname": "பாலூர் ஆ                                                                                                                     "
  },
  {
    "villagecode": "265",
    "villagename": "Palur - C                ",
    "villagetname": "பாலூர் இ                                                                                                                     "
  },
  {
    "villagecode": "075",
    "villagename": "Panankottur              ",
    "villagetname": "பனங்கோட்டூர்                                                                                                                 "
  },
  {
    "villagecode": "221",
    "villagename": "Paranur                  ",
    "villagetname": "பரனுர்                                                                                                                       "
  },
  {
    "villagecode": "087",
    "villagename": "Parari                   ",
    "villagetname": "பாரேரி                                                                                                                       "
  },
  {
    "villagecode": "217",
    "villagename": "Pattravakkam             ",
    "villagetname": "பட்டரவாக்கம்                                                                                                                 "
  },
  {
    "villagecode": "245",
    "villagename": "Pazhaveli                ",
    "villagetname": "பழவேலி                                                                                                                       "
  },
  {
    "villagecode": "076",
    "villagename": "Peramanur                ",
    "villagetname": "பேரமனூர்                                                                                                                     "
  },
  {
    "villagecode": "208",
    "villagename": "Periyaputherai           ",
    "villagetname": "பெரியபுத்தேரி                                                                                                                "
  },
  {
    "villagecode": "058",
    "villagename": "Perumalthankal           ",
    "villagetname": "பெருமாள்தாங்கல்                                                                                                              "
  },
  {
    "villagecode": "207",
    "villagename": "Porunthavakkam           ",
    "villagetname": "பொருந்தவாக்கம்                                                                                                               "
  },
  {
    "villagecode": "054",
    "villagename": "Potheri                  ",
    "villagetname": "பொத்தேரி                                                                                                                     "
  },
  {
    "villagecode": "225",
    "villagename": "Pulipakkam               ",
    "villagetname": "புலிபாக்கம்                                                                                                                  "
  },
  {
    "villagecode": "224",
    "villagename": "Rajakulipettai           ",
    "villagetname": "ரஜாகுளிப்பேட்டை                                                                                                              "
  },
  {
    "villagecode": "060",
    "villagename": "Santhamangalam           ",
    "villagetname": "சேந்தமங்கலம்                                                                                                                 "
  },
  {
    "villagecode": "069",
    "villagename": "Sasthirampakkam          ",
    "villagetname": "சாஸ்திரம்பாக்கம்                                                                                                             "
  },
  {
    "villagecode": "083",
    "villagename": "Senkuntram               ",
    "villagetname": "செங்குன்றம்                                                                                                                  "
  },
  {
    "villagecode": "084",
    "villagename": "Singaperumal Kovil       ",
    "villagetname": "சிங்கபெருமாள் கோயில்                                                                                                         "
  },
  {
    "villagecode": "052",
    "villagename": "Thailavaram              ",
    "villagetname": "தைலாவரம்                                                                                                                     "
  },
  {
    "villagecode": "059",
    "villagename": "Thalimangalam            ",
    "villagetname": "தாளிமங்கலம்                                                                                                                  "
  },
  {
    "villagecode": "062",
    "villagename": "Thasari Kunnathur        ",
    "villagetname": "தாசரி குன்னத்தூர்                                                                                                            "
  },
  {
    "villagecode": "215",
    "villagename": "Theanur                  ",
    "villagetname": "தேனுர்                                                                                                                       "
  },
  {
    "villagecode": "088",
    "villagename": "Thenmelpakkam            ",
    "villagetname": "தென்மேல்பாக்கம்                                                                                                              "
  },
  {
    "villagecode": "074",
    "villagename": "Thirukatchur             ",
    "villagetname": "திருக்கச்சூர்                                                                                                                "
  },
  {
    "villagecode": "086",
    "villagename": "Thirutheri               ",
    "villagetname": "திருத்தேரி                                                                                                                   "
  },
  {
    "villagecode": "213",
    "villagename": "Thiruvadisulam           ",
    "villagetname": "திருவடிசூலம்                                                                                                                 "
  },
  {
    "villagecode": "230",
    "villagename": "Vallam                   ",
    "villagetname": "வல்லம்                                                                                                                       "
  },
  {
    "villagecode": "051",
    "villagename": "Vallancheri              ",
    "villagetname": "வல்லாஞ்சேரி                                                                                                                  "
  },
  {
    "villagecode": "072",
    "villagename": "Vankadapuram             ",
    "villagetname": "வெங்கடாபுரம்                                                                                                                 "
  },
  {
    "villagecode": "246",
    "villagename": "Vedhanarayanapuram       ",
    "villagetname": "வேத நாராயணபுரம்                                                                                                              "
  },
  {
    "villagecode": "220",
    "villagename": "Veerapuram               ",
    "villagetname": "வீராபுரம்                                                                                                                    "
  },
  {
    "villagecode": "063",
    "villagename": "Venpakkam                ",
    "villagetname": "வெண்பாக்கம்                                                                                                                  "
  },
  {
    "villagecode": "243",
    "villagename": "Venpakkam                ",
    "villagetname": "வேண்பாக்கம்                                                                                                                  "
  },
  {
    "villagecode": "067",
    "villagename": "Villiyam Bakkam          ",
    "villagetname": "வில்லியம்பாக்கம்                                                                                                             "
  },
  {
    "villagecode": "085",
    "villagename": "Vinchiyambakkam          ",
    "villagetname": "விஞ்சியம்பாக்கம்                                                                                                             "
  }
]
