[
  {
    "villagecode": "125",
    "villagename": "Addagurukki",
    "villagetname": "அட்டகுறுக்கி                                                                                                                 "
  },
  {
    "villagecode": "133",
    "villagename": "Agaram Agraharam",
    "villagetname": "அகரம் அக்ரஹாரம்                                                                                                              "
  },
  {
    "villagecode": "038",
    "villagename": "Amuthukondapalli",
    "villagetname": "அமுதுகொண்டபள்ளி                                                                                                              "
  },
  {
    "villagecode": "068",
    "villagename": "Angondapalli",
    "villagetname": "அங்கொண்டபள்ளி                                                                                                                "
  },
  {
    "villagecode": "968",
    "villagename": "Angondapalli (S)",
    "villagetname": "அங்கொண்டப்பள்ளி (செ)                                                                                                         "
  },
  {
    "villagecode": "138",
    "villagename": "A.Settipalli",
    "villagetname": "ஏ.செட்டிப்பள்ளி                                                                                                              "
  },
  {
    "villagecode": "069",
    "villagename": "Athimugam",
    "villagetname": "அத்திமுகம்                                                                                                                   "
  },
  {
    "villagecode": "143",
    "villagename": "Ayarnapalli",
    "villagetname": "அயர்னபள்ளி                                                                                                                   "
  },
  {
    "villagecode": "169",
    "villagename": "Balagundarayandurgam",
    "villagetname": "பாலகவுண்டராயனதுர்கம்                                                                                                         "
  },
  {
    "villagecode": "163",
    "villagename": "Bedapalle",
    "villagetname": "பேடப்பள்ளி                                                                                                                   "
  },
  {
    "villagecode": "167",
    "villagename": "Beerepalli",
    "villagetname": "பீரேபள்ளி                                                                                                                    "
  },
  {
    "villagecode": "042",
    "villagename": "Berigai",
    "villagetname": "பேரிகை                                                                                                                       "
  },
  {
    "villagecode": "176",
    "villagename": "Bikkanapalli",
    "villagetname": "பிக்கனப்பள்ளி                                                                                                                "
  },
  {
    "villagecode": "046",
    "villagename": "B.Kurubarapalli",
    "villagetname": "பி.குருபரப்பள்ளி                                                                                                             "
  },
  {
    "villagecode": "039",
    "villagename": "B.S.Thimmasandiram",
    "villagetname": "B.S. திம்மசந்திரம                                                                                                            "
  },
  {
    "villagecode": "158",
    "villagename": "Bukkanakkanapalli",
    "villagetname": "புக்கநக்கனபள்ளி                                                                                                              "
  },
  {
    "villagecode": "124",
    "villagename": "Bukkasagaram",
    "villagetname": "புக்கசாகரம்                                                                                                                  "
  },
  {
    "villagecode": "924",
    "villagename": "Bukkasagaram (A)",
    "villagetname": "புக்கசாகரம் (அ)                                                                                                              "
  },
  {
    "villagecode": "146",
    "villagename": "Chennappalli",
    "villagetname": "சென்னப்பள்ளி                                                                                                                 "
  },
  {
    "villagecode": "161",
    "villagename": "Chinnabalinaikkanpalayam",
    "villagetname": "சின்னபாலிநாயக்கன்பாளையம்                                                                                                     "
  },
  {
    "villagecode": "171",
    "villagename": "Chinnakudibala",
    "villagetname": "சின்னகுதிபாலா                                                                                                                "
  },
  {
    "villagecode": "057",
    "villagename": "Chinnarandhoddi",
    "villagetname": "சின்னாரன்தொட்டி                                                                                                              "
  },
  {
    "villagecode": "050",
    "villagename": "Chokkapuram",
    "villagetname": "சொக்காபுரம்                                                                                                                  "
  },
  {
    "villagecode": "165",
    "villagename": "Devaraguddapalli",
    "villagetname": "தேவர்குட்டபள்ளி                                                                                                              "
  },
  {
    "villagecode": "137",
    "villagename": "Dhoripalli",
    "villagetname": "தோரிப்பள்ளி                                                                                                                  "
  },
  {
    "villagecode": "063",
    "villagename": "Doddegavunipalli",
    "villagetname": "தொட்டேகவுணிப்பள்ளி                                                                                                           "
  },
  {
    "villagecode": "154",
    "villagename": "Doddur",
    "villagetname": "தொட்டூர்                                                                                                                     "
  },
  {
    "villagecode": "043",
    "villagename": "Eluvapalli (Berigai)",
    "villagetname": "எலுவபள்ளி (பேரிகை)                                                                                                           "
  },
  {
    "villagecode": "141",
    "villagename": "Enusonai",
    "villagetname": "ஏனுசோனை                                                                                                                      "
  },
  {
    "villagecode": "166",
    "villagename": "Errandapalli",
    "villagetname": "எர்ராண்டபள்ளி                                                                                                                "
  },
  {
    "villagecode": "056",
    "villagename": "Gedalandoddi",
    "villagetname": "கெடலன்தொட்டி                                                                                                                 "
  },
  {
    "villagecode": "170",
    "villagename": "Gudusalapalli",
    "villagetname": "குடுசாலபள்ளி                                                                                                                 "
  },
  {
    "villagecode": "164",
    "villagename": "Gundalappalli",
    "villagetname": "குண்டலபள்ளி                                                                                                                  "
  },
  {
    "villagecode": "128",
    "villagename": "Halekotta",
    "villagetname": "அளேகோட்டா                                                                                                                    "
  },
  {
    "villagecode": "145",
    "villagename": "Hosahalli",
    "villagetname": "ஒசஹள்ளி                                                                                                                      "
  },
  {
    "villagecode": "945",
    "villagename": "Hosahalli (U)",
    "villagetname": "ஒசஹள்ளி (உ)                                                                                                                  "
  },
  {
    "villagecode": "173",
    "villagename": "Immidinaikkanahalli",
    "villagetname": "இம்மிடிநாயக்கனஹள்ளி                                                                                                          "
  },
  {
    "villagecode": "152",
    "villagename": "Kalingavaram",
    "villagetname": "காளிங்காவரம்                                                                                                                 "
  },
  {
    "villagecode": "126",
    "villagename": "Kamandhoddi",
    "villagetname": "காமன்தொட்டி                                                                                                                  "
  },
  {
    "villagecode": "053",
    "villagename": "Karikalupalli",
    "villagetname": "கரிகாலுப்பள்ளி                                                                                                               "
  },
  {
    "villagecode": "051",
    "villagename": "Kariyasandiram",
    "villagetname": "கரியசந்திரம்                                                                                                                 "
  },
  {
    "villagecode": "041",
    "villagename": "Kattinaikkandhoddi",
    "villagetname": "காட்டிநாய்க்கன்தொட்டி                                                                                                        "
  },
  {
    "villagecode": "150",
    "villagename": "Kodikathimmannapalli",
    "villagetname": "கொடிகதிம்மனபள்ளி                                                                                                             "
  },
  {
    "villagecode": "052",
    "villagename": "Kollappalli",
    "villagetname": "கொல்லப்பள்ளி                                                                                                                 "
  },
  {
    "villagecode": "062",
    "villagename": "Kottasadanapalli",
    "villagetname": "கோட்டசாதனப்பள்ளி                                                                                                             "
  },
  {
    "villagecode": "061",
    "villagename": "Kudisadanapalli",
    "villagetname": "குடிசாதனப்பள்ளி                                                                                                              "
  },
  {
    "villagecode": "059",
    "villagename": "Kullu",
    "villagetname": "குள்ளு                                                                                                                       "
  },
  {
    "villagecode": "066",
    "villagename": "Kumbalam",
    "villagetname": "கும்பளம்                                                                                                                     "
  },
  {
    "villagecode": "045",
    "villagename": "Mahadevapuram",
    "villagetname": "மஹாதேவபுரம்                                                                                                                  "
  },
  {
    "villagecode": "058",
    "villagename": "Malakalakki",
    "villagetname": "மலகலக்கி                                                                                                                     "
  },
  {
    "villagecode": "162",
    "villagename": "Mallanakottur",
    "villagetname": "மல்லனகோட்டூர்                                                                                                                "
  },
  {
    "villagecode": "168",
    "villagename": "Mallasandiram",
    "villagetname": "மல்லசந்தரம்                                                                                                                  "
  },
  {
    "villagecode": "147",
    "villagename": "Marandapalli",
    "villagetname": "மாரண்டபள்ளி                                                                                                                  "
  },
  {
    "villagecode": "139",
    "villagename": "Marudhandapalli",
    "villagetname": "மருதாண்டபள்ளி                                                                                                                "
  },
  {
    "villagecode": "160",
    "villagename": "Mathinayakkanpalayam",
    "villagetname": "மதிநாயக்கன்பாளையம்                                                                                                           "
  },
  {
    "villagecode": "153",
    "villagename": "Mattampalli",
    "villagetname": "மட்டம்பள்ளி                                                                                                                  "
  },
  {
    "villagecode": "049",
    "villagename": "Meenandoddi",
    "villagetname": "மீனந்தொட்டி                                                                                                                  "
  },
  {
    "villagecode": "174",
    "villagename": "Melumalai",
    "villagetname": "மேலுமலை                                                                                                                      "
  },
  {
    "villagecode": "172",
    "villagename": "Mettubandanapalli",
    "villagetname": "மேட்டுபண்டனபள்ளி                                                                                                             "
  },
  {
    "villagecode": "070",
    "villagename": "Midithepalli",
    "villagetname": "மிடிதேபள்ளி                                                                                                                  "
  },
  {
    "villagecode": "159",
    "villagename": "Muduppinayakanpalayam",
    "villagetname": "முடிப்பிநாயகன்பாளையம்                                                                                                        "
  },
  {
    "villagecode": "064",
    "villagename": "Mutturayanipudur",
    "villagetname": "முத்துராயனிபுதூர்                                                                                                            "
  },
  {
    "villagecode": "136",
    "villagename": "Nallakanakothapalli",
    "villagetname": "நல்லகானகொத்தபள்ளி                                                                                                            "
  },
  {
    "villagecode": "060",
    "villagename": "Nerigam",
    "villagetname": "நெரிகம்                                                                                                                      "
  },
  {
    "villagecode": "048",
    "villagename": "Pannapalli",
    "villagetname": "பண்ணப்பள்ளி                                                                                                                  "
  },
  {
    "villagecode": "157",
    "villagename": "Pasthalapalli",
    "villagetname": "பஸ்தலபள்ளி                                                                                                                   "
  },
  {
    "villagecode": "149",
    "villagename": "Pattagurubarapalli",
    "villagetname": "பட்டாகுருபரப்பள்ளி                                                                                                           "
  },
  {
    "villagecode": "949",
    "villagename": "Pattagurubarapalli (P)",
    "villagetname": "பட்டாகுருபரப்பள்ளி (பெ)                                                                                                      "
  },
  {
    "villagecode": "067",
    "villagename": "Peddchigarlapalli",
    "villagetname": "பெத்தசிகரலப்பள்ளி                                                                                                            "
  },
  {
    "villagecode": "151",
    "villagename": "Podur",
    "villagetname": "போடூர்                                                                                                                       "
  },
  {
    "villagecode": "065",
    "villagename": "Ramandoddi",
    "villagetname": "ராமன்தொட்டி                                                                                                                  "
  },
  {
    "villagecode": "155",
    "villagename": "Sahadevapuram",
    "villagetname": "சகாதேவபுரம்                                                                                                                  "
  },
  {
    "villagecode": "134",
    "villagename": "Sammanapalli",
    "villagetname": "சாமனபள்ளி                                                                                                                    "
  },
  {
    "villagecode": "129",
    "villagename": "Sanamavu",
    "villagetname": "சானமாவு                                                                                                                      "
  },
  {
    "villagecode": "055",
    "villagename": "Saprapalli",
    "villagetname": "சாபரபள்ளி                                                                                                                    "
  },
  {
    "villagecode": "175",
    "villagename": "Seekkalapalli",
    "villagetname": "சீக்கலபள்ளி                                                                                                                  "
  },
  {
    "villagecode": "047",
    "villagename": "Seekkanapalli",
    "villagetname": "சீக்கனபள்ளி                                                                                                                  "
  },
  {
    "villagecode": "054",
    "villagename": "Seluvandoddi",
    "villagetname": "செலவந்தொட்டி                                                                                                                 "
  },
  {
    "villagecode": "148",
    "villagename": "Sembarsanapalli",
    "villagetname": "செம்பரசனபள்ளி                                                                                                                "
  },
  {
    "villagecode": "140",
    "villagename": "Shoolagiri",
    "villagetname": "சூளகிரி                                                                                                                      "
  },
  {
    "villagecode": "940",
    "villagename": "Shoolagiri (T)",
    "villagetname": "சூளகிரி (தி)                                                                                                                 "
  },
  {
    "villagecode": "156",
    "villagename": "Sorakayalupalli",
    "villagetname": "சொரகாயலுபள்ளி                                                                                                                "
  },
  {
    "villagecode": "127",
    "villagename": "Subbagiri",
    "villagetname": "சுப்பகிரி                                                                                                                    "
  },
  {
    "villagecode": "044",
    "villagename": "Suligunda",
    "villagetname": "சூலிகுண்டா                                                                                                                   "
  },
  {
    "villagecode": "135",
    "villagename": "Thiyagarasanapalli",
    "villagetname": "தியாகரசனப்பள்ளி                                                                                                              "
  },
  {
    "villagecode": "130",
    "villagename": "Thiyarana Durgam",
    "villagetname": "தியாரனதுர்கம்                                                                                                                "
  },
  {
    "villagecode": "131",
    "villagename": "Thuppuganapalli",
    "villagetname": "துப்புகானபள்ளி                                                                                                               "
  },
  {
    "villagecode": "132",
    "villagename": "Uddanapalli",
    "villagetname": "உத்தனப்பள்ளி                                                                                                                 "
  },
  {
    "villagecode": "144",
    "villagename": "Ulagam",
    "villagetname": "உலகம்                                                                                                                        "
  },
  {
    "villagecode": "142",
    "villagename": "Ullatti",
    "villagetname": "உள்ளட்டி                                                                                                                     "
  },
  {
    "villagecode": "040",
    "villagename": "Vanamangalam",
    "villagetname": "வானமங்கலம்                                                                                                                   "
  },
  {
    "villagecode": "123",
    "villagename": "Venkatesapuram",
    "villagetname": "வெங்டேசபுரம்                                                                                                                 "
  }
]
