[
  {
    "villagecode": "001",
    "villagename": "Aathupollachi            ",
    "villagetname": "ஆத்துப்பெள்ளாச்சி                                                                                                            "
  },
  {
    "villagecode": "003",
    "villagename": "Ambarampalayam.          ",
    "villagetname": "அம்பராம்பாளையம்                                                                                                              "
  },
  {
    "villagecode": "022",
    "villagename": "Anaimalai.               ",
    "villagetname": "ஆனைமலை                                                                                                                       "
  },
  {
    "villagecode": "028",
    "villagename": "Angalakurichi.           ",
    "villagetname": "அங்கலக்குறிச்சி                                                                                                              "
  },
  {
    "villagecode": "031",
    "villagename": "Arthanaripalayam.        ",
    "villagetname": "அர்த்தநாரிபாளையம்                                                                                                            "
  },
  {
    "villagecode": "030",
    "villagename": "Jallipatty.              ",
    "villagetname": "ஜல்லிப்பட்டி                                                                                                                 "
  },
  {
    "villagecode": "026",
    "villagename": "Kaliyapuram.             ",
    "villagetname": "காளியாபுரம்                                                                                                                  "
  },
  {
    "villagecode": "017",
    "villagename": "Kambalapatty.            ",
    "villagetname": "கம்பாலபட்டி                                                                                                                  "
  },
  {
    "villagecode": "018",
    "villagename": "Kariyamcheittipalayam.   ",
    "villagetname": "கரயாஞ்செட்டிபாளையம்                                                                                                          "
  },
  {
    "villagecode": "027",
    "villagename": "Kottur.                  ",
    "villagetname": "கோட்டூர்                                                                                                                     "
  },
  {
    "villagecode": "002",
    "villagename": "Marchanaickenpalayam.    ",
    "villagetname": "மார்ச்சநாயக்கன்பாளையம்                                                                                                       "
  },
  {
    "villagecode": "005",
    "villagename": "Naickenpalayam.          ",
    "villagetname": "நாயக்கன்பாளையம்                                                                                                              "
  },
  {
    "villagecode": "015",
    "villagename": "Nallur.                  ",
    "villagetname": "நல்லூர்                                                                                                                      "
  },
  {
    "villagecode": "023",
    "villagename": "Odayakulam.              ",
    "villagetname": "ஒடையகுளம்                                                                                                                    "
  },
  {
    "villagecode": "012",
    "villagename": "Pazhayur                 ",
    "villagetname": "பழையுர் (பொள்ளாச்சி-தெ)                                                                                                      "
  },
  {
    "villagecode": "024",
    "villagename": "Periyapodu.              ",
    "villagetname": "பெரியபோது                                                                                                                    "
  },
  {
    "villagecode": "007",
    "villagename": "Pethanaickenur.          ",
    "villagetname": "பெத்தநாயக்கனூர்                                                                                                              "
  },
  {
    "villagecode": "009",
    "villagename": "Pilisinampalayam.        ",
    "villagetname": "பில்சின்னாம்பாளையம்                                                                                                          "
  },
  {
    "villagecode": "008",
    "villagename": "Samathur.                ",
    "villagetname": "சமத்தூர்                                                                                                                     "
  },
  {
    "villagecode": "004",
    "villagename": "Singanallur.             ",
    "villagetname": "சிங்காநல்லூர்                                                                                                                "
  },
  {
    "villagecode": "020",
    "villagename": "Somanthurai.             ",
    "villagetname": "சோமந்துறை                                                                                                                    "
  },
  {
    "villagecode": "010",
    "villagename": "S. Ponnapuram.           ",
    "villagetname": "எஸ்.பொன்னாபுரம்                                                                                                              "
  },
  {
    "villagecode": "011",
    "villagename": "Thalavaipalayam.         ",
    "villagetname": "தளவாய்பாளையம்                                                                                                                "
  },
  {
    "villagecode": "013",
    "villagename": "Thenkumarapalayam.       ",
    "villagetname": "தென்குமாரபாளையம்                                                                                                             "
  },
  {
    "villagecode": "021",
    "villagename": "Thensangampalayam.       ",
    "villagetname": "தென்சங்கம்பாளையம்                                                                                                            "
  },
  {
    "villagecode": "019",
    "villagename": "Thensittor.              ",
    "villagetname": "தென்சித்தூர்                                                                                                                 "
  },
  {
    "villagecode": "016",
    "villagename": "Thondamuthur.            ",
    "villagetname": "தொண்டாமுத்தூர்                                                                                                               "
  },
  {
    "villagecode": "029",
    "villagename": "Thuraiyur.               ",
    "villagetname": "தொறையுர்                                                                                                                     "
  },
  {
    "villagecode": "006",
    "villagename": "Vakkampalayam.           ",
    "villagetname": "வக்கம்பாளையம்                                                                                                                "
  },
  {
    "villagecode": "014",
    "villagename": "Veeralpathy.             ",
    "villagetname": "வீரல்பட்டி                                                                                                                   "
  },
  {
    "villagecode": "025",
    "villagename": "Vettaikaranputhur.       ",
    "villagetname": "வேட்டைக்காரன்புதூர்                                                                                                          "
  }
]
