[
  {
    "villagecode": "028",
    "villagename": "Alanthur                 ",
    "villagetname": "028  ஆலத்தூர்                                                                                                                "
  },
  {
    "villagecode": "012",
    "villagename": "Andikulam                ",
    "villagetname": "012  ஆண்டிகுளம்                                                                                                              "
  },
  {
    "villagecode": "017",
    "villagename": "Appakudal                ",
    "villagetname": "017  ஆப்பகூடல்                                                                                                               "
  },
  {
    "villagecode": "013",
    "villagename": "Bhavani                  ",
    "villagetname": "013  பவானி                                                                                                                   "
  },
  {
    "villagecode": "029",
    "villagename": "Chettipalayam            ",
    "villagetname": "029  செட்டிபாளையம்                                                                                                           "
  },
  {
    "villagecode": "020",
    "villagename": "Chinnapuliyur            ",
    "villagetname": "020  சின்னப்புலியூர்                                                                                                         "
  },
  {
    "villagecode": "019",
    "villagename": "Jambai                   ",
    "villagetname": "019  ஜம்பை                                                                                                                   "
  },
  {
    "villagecode": "006",
    "villagename": "Kadapanallur             ",
    "villagetname": "006  காடப்பநல்லுார்                                                                                                          "
  },
  {
    "villagecode": "002",
    "villagename": "Kalpavi                  ",
    "villagetname": "002  கல்பாவி                                                                                                                 "
  },
  {
    "villagecode": "026",
    "villagename": "Kavundapadi              ",
    "villagetname": "026  கவுந்தப்பாடி                                                                                                            "
  },
  {
    "villagecode": "007",
    "villagename": "Kesarimangalam           ",
    "villagetname": "007  கேசரிமங்கலம்                                                                                                            "
  },
  {
    "villagecode": "003",
    "villagename": "Kurichi                  ",
    "villagetname": "003  குறிச்சி                                                                                                                "
  },
  {
    "villagecode": "014",
    "villagename": "Maylambadi               ",
    "villagetname": "014  மைலம்பாடி                                                                                                               "
  },
  {
    "villagecode": "024",
    "villagename": "Odathurai                ",
    "villagetname": "024  ஓடத்துறை                                                                                                                "
  },
  {
    "villagecode": "001",
    "villagename": "Olagadam                 ",
    "villagetname": "001  ஒலகடம்                                                                                                                  "
  },
  {
    "villagecode": "018",
    "villagename": "Oricheri                 ",
    "villagetname": "018  ஓரிச்சேரி                                                                                                               "
  },
  {
    "villagecode": "004",
    "villagename": "Padavalkalvai            ",
    "villagetname": "004  படவல்கால்வாய்                                                                                                           "
  },
  {
    "villagecode": "015",
    "villagename": "Paruvachi                ",
    "villagetname": "015  பருவாச்சி                                                                                                               "
  },
  {
    "villagecode": "030",
    "villagename": "Periyapuliyur            ",
    "villagetname": "030  பெரியபுலியூர்                                                                                                           "
  },
  {
    "villagecode": "022",
    "villagename": "Perunthalayur            ",
    "villagetname": "022  பெருந்தலையூர்                                                                                                           "
  },
  {
    "villagecode": "023",
    "villagename": "P.Mettupalayam           ",
    "villagetname": "023  பி. மேட்டுப்பாளையம் அ                                                                                                   "
  },
  {
    "villagecode": "223",
    "villagename": "P.Mettupalayam (B)       ",
    "villagetname": "023  பி.மேட்டுப்பாளையம் ஆ.                                                                                                   "
  },
  {
    "villagecode": "016",
    "villagename": "Punnam                   ",
    "villagetname": "016  புன்னம்                                                                                                                 "
  },
  {
    "villagecode": "027",
    "villagename": "Salangapalayam           ",
    "villagetname": "027  சலங்கபாளையம்                                                                                                            "
  },
  {
    "villagecode": "008",
    "villagename": "Saniyasipatti            ",
    "villagetname": "008  சன்னியாசிபட்டி                                                                                                          "
  },
  {
    "villagecode": "005",
    "villagename": "Singampettai             ",
    "villagetname": "005  சிங்கம்பேட்டை                                                                                                           "
  },
  {
    "villagecode": "010",
    "villagename": "Thalakulam               ",
    "villagetname": "010  தாளகுளம்                                                                                                                "
  },
  {
    "villagecode": "011",
    "villagename": "Urachikottai             ",
    "villagetname": "011  ஊராச்சிக்கோட்டை                                                                                                         "
  },
  {
    "villagecode": "021",
    "villagename": "Vairamangalam            ",
    "villagetname": "021  வைரமங்கலம்                                                                                                              "
  },
  {
    "villagecode": "009",
    "villagename": "Varadhanallur            ",
    "villagetname": "009  வரதநல்லுார்                                                                                                             "
  }
]
