[
  {
    "villagecode": "193",
    "villagename": "Aalangkupam              ",
    "villagetname": "ஆலங்குப்பம்                                                                                                                  "
  },
  {
    "villagecode": "911",
    "villagename": "Aalapakkam               ",
    "villagetname": "ஆலப்பாக்கம்                                                                                                                  "
  },
  {
    "villagecode": "206",
    "villagename": "Aalathur                 ",
    "villagetname": "ஆலத்தூர்                                                                                                                     "
  },
  {
    "villagecode": "912",
    "villagename": "Aatchikadu               ",
    "villagetname": "ஆட்சிக்காடு                                                                                                                  "
  },
  {
    "villagecode": "202",
    "villagename": "Adasal                   ",
    "villagetname": "அடசல்                                                                                                                        "
  },
  {
    "villagecode": "200",
    "villagename": "Adavallikoothan",
    "villagetname": "ஆடவல்லிகூத்தான்                                                                                                              "
  },
  {
    "villagecode": "212",
    "villagename": "Anumanthai               ",
    "villagetname": "அனுமந்தை                                                                                                                     "
  },
  {
    "villagecode": "153",
    "villagename": "Ariyanthankal            ",
    "villagetname": "அரியந்தாங்கல்                                                                                                                "
  },
  {
    "villagecode": "207",
    "villagename": "Asappur                  ",
    "villagetname": "அசப்பூர்                                                                                                                     "
  },
  {
    "villagecode": "159",
    "villagename": "Azhagiapakkam            ",
    "villagetname": "அழகியபாக்கம்                                                                                                                 "
  },
  {
    "villagecode": "236",
    "villagename": "Brammadesam",
    "villagetname": "பிரம்மதேசம்                                                                                                                  "
  },
  {
    "villagecode": "223",
    "villagename": "Chettykuppam             ",
    "villagetname": "செட்டிக்குப்பம்                                                                                                              "
  },
  {
    "villagecode": "158",
    "villagename": "Chokkanthangal",
    "villagetname": "சொக்கந்தாங்கல்                                                                                                               "
  },
  {
    "villagecode": "152",
    "villagename": "Enthoor                  ",
    "villagetname": "எந்தூர்"
  },
  {
    "villagecode": "209",
    "villagename": "Kanthadu (East)          ",
    "villagetname": "கந்தாடு கிழக்கு                                                                                                              "
  },
  {
    "villagecode": "201",
    "villagename": "Kanthadu (West)          ",
    "villagetname": "கந்தாடு மேற்கு                                                                                                               "
  },
  {
    "villagecode": "211",
    "villagename": "Keelpettai               ",
    "villagetname": "கீழ்பேட்டை                                                                                                                   "
  },
  {
    "villagecode": "225",
    "villagename": "Keezhputhupattu",
    "villagetname": "கீழ்புத்துப்பட்டு                                                                                                            "
  },
  {
    "villagecode": "220",
    "villagename": "Kesavanayakanpalayam     ",
    "villagetname": "கேசவநாயக்கன்பாளையம்                                                                                                          "
  },
  {
    "villagecode": "148",
    "villagename": "Kezhsiviri",
    "villagetname": "கீழ்சிவிரி                                                                                                                   "
  },
  {
    "villagecode": "160",
    "villagename": "Kilarungunam             ",
    "villagetname": "கீழ்அருங்குணம்                                                                                                               "
  },
  {
    "villagecode": "203",
    "villagename": "Kolathur                 ",
    "villagetname": "கொளத்தூர்                                                                                                                    "
  },
  {
    "villagecode": "224",
    "villagename": "Koonimedu                ",
    "villagetname": "கூனிமேடு                                                                                                                     "
  },
  {
    "villagecode": "208",
    "villagename": "Kurumparam               ",
    "villagetname": "குரும்பரம்                                                                                                                   "
  },
  {
    "villagecode": "182",
    "villagename": "Kurur                    ",
    "villagetname": "குருர்                                                                                                                       "
  },
  {
    "villagecode": "993",
    "villagename": "Madavanthangal           ",
    "villagetname": "மடவந்தாங்கல்                                                                                                                 "
  },
  {
    "villagecode": "998",
    "villagename": "Marakanam South          ",
    "villagetname": "மரக்காணம் தெற்கு                                                                                                             "
  },
  {
    "villagecode": "210",
    "villagename": "Marakkanam (North)",
    "villagetname": "மரக்காணம் வடக்கு                                                                                                             "
  },
  {
    "villagecode": "218",
    "villagename": "M.Puthuppakkam",
    "villagetname": "எம்.புதுப்பாக்கம்"
  },
  {
    "villagecode": "198",
    "villagename": "Munnur North",
    "villagetname": "முன்னூர் வடக்கு                                                                                                              "
  },
  {
    "villagecode": "234",
    "villagename": "Munnur South",
    "villagetname": "முன்னூர் தெற்கு                                                                                                              "
  },
  {
    "villagecode": "196",
    "villagename": "Murukeri                 ",
    "villagetname": "முருக்கேரி                                                                                                                   "
  },
  {
    "villagecode": "221",
    "villagename": "Nadukuppam East",
    "villagetname": "நடுகுப்பம் கிழக்கு                                                                                                           "
  },
  {
    "villagecode": "921",
    "villagename": "Nadukuppam  West         ",
    "villagetname": "நடுக்குப்பம் மேற்கு                                                                                                          "
  },
  {
    "villagecode": "188",
    "villagename": "Nagalpakkam              ",
    "villagetname": "நாகல்பாக்கம்                                                                                                                 "
  },
  {
    "villagecode": "190",
    "villagename": "Nagar                    ",
    "villagetname": "நகர்                                                                                                                         "
  },
  {
    "villagecode": "186",
    "villagename": "Nalloor",
    "villagetname": "நல்லூர்                                                                                                                      "
  },
  {
    "villagecode": "157",
    "villagename": "Nalmukkal                ",
    "villagetname": "நல்முக்கல்                                                                                                                   "
  },
  {
    "villagecode": "197",
    "villagename": "Omiper                   ",
    "villagetname": "ஓமிப்பேர்                                                                                                                    "
  },
  {
    "villagecode": "216",
    "villagename": "Oorani                   ",
    "villagetname": "ஊரணி                                                                                                                         "
  },
  {
    "villagecode": "213",
    "villagename": "Panichamedu              ",
    "villagetname": "பனிச்சமேடு                                                                                                                   "
  },
  {
    "villagecode": "187",
    "villagename": "Panthadu                 ",
    "villagetname": "பந்தாடு                                                                                                                      "
  },
  {
    "villagecode": "146",
    "villagename": "Pazhamukkal              ",
    "villagetname": "பழமுக்கல்                                                                                                                    "
  },
  {
    "villagecode": "145",
    "villagename": "Perumukkal               ",
    "villagetname": "பெருமுக்கல்                                                                                                                  "
  },
  {
    "villagecode": "189",
    "villagename": "Rayanallur               ",
    "villagetname": "ராயநல்லூர்                                                                                                                   "
  },
  {
    "villagecode": "997",
    "villagename": "Sathamangalam            ",
    "villagetname": "சாத்தமங்கலம்                                                                                                                 "
  },
  {
    "villagecode": "222",
    "villagename": "Seiyangkuppam",
    "villagetname": "செய்யாங்குப்பம்                                                                                                              "
  },
  {
    "villagecode": "195",
    "villagename": "Singananthal             ",
    "villagetname": "சிங்கநந்தல்                                                                                                                  "
  },
  {
    "villagecode": "204",
    "villagename": "Siruvadi                 ",
    "villagetname": "சிறுவாடி                                                                                                                     "
  },
  {
    "villagecode": "199",
    "villagename": "Sorapattu                ",
    "villagetname": "சொரப்பட்டு                                                                                                                   "
  },
  {
    "villagecode": "147",
    "villagename": "Theneri                  ",
    "villagetname": "தென்னேரி                                                                                                                     "
  },
  {
    "villagecode": "219",
    "villagename": "Thirukanur               ",
    "villagetname": "திருக்கனூர்                                                                                                                  "
  },
  {
    "villagecode": "149",
    "villagename": "T.Nallalam",
    "villagetname": "தி.நல்லாளம்"
  },
  {
    "villagecode": "217",
    "villagename": "Vada Agaram",
    "villagetname": "வடஅகரம்                                                                                                                      "
  },
  {
    "villagecode": "205",
    "villagename": "Vadakodippakkam",
    "villagetname": "வடகோடிபாக்கம்                                                                                                                "
  },
  {
    "villagecode": "961",
    "villagename": "Vadakolappakkam",
    "villagetname": "வடகொளப்பாக்கம்"
  },
  {
    "villagecode": "184",
    "villagename": "Vadanerkunam             ",
    "villagetname": "வடநெற்குணம்                                                                                                                  "
  },
  {
    "villagecode": "191",
    "villagename": "Vaidappakkam",
    "villagetname": "வைடப்பாக்கம்                                                                                                                 "
  },
  {
    "villagecode": "151",
    "villagename": "Vanniper                 ",
    "villagetname": "வன்னிப்பேர்                                                                                                                  "
  },
  {
    "villagecode": "194",
    "villagename": "Veppery                  ",
    "villagetname": "வேப்பேரி                                                                                                                     "
  }
]
