[
  {
    "villagecode": "007",
    "villagename": "Anaimallur               ",
    "villagetname": "ஆணைமல்லூர்                                                                                                                   "
  },
  {
    "villagecode": "037",
    "villagename": "Arcot                    ",
    "villagetname": "ஆற்காடு                                                                                                                      "
  },
  {
    "villagecode": "055",
    "villagename": "Arumpakkam               ",
    "villagetname": "அரும்பாக்கம்                                                                                                                 "
  },
  {
    "villagecode": "044",
    "villagename": "Athithangal              ",
    "villagetname": "அத்தித்தாங்கால்                                                                                                              "
  },
  {
    "villagecode": "051",
    "villagename": "Chakkaramallur           ",
    "villagetname": "சக்கரமல்லூர்                                                                                                                 "
  },
  {
    "villagecode": "011",
    "villagename": "Dhurgam                  ",
    "villagetname": "துர்கம்                                                                                                                      "
  },
  {
    "villagecode": "053",
    "villagename": "Esaiyanur                ",
    "villagetname": "எசையனூர்                                                                                                                     "
  },
  {
    "villagecode": "056",
    "villagename": "Gurumudithangal          ",
    "villagetname": "குருமுடித்தாங்கல்                                                                                                            "
  },
  {
    "villagecode": "059",
    "villagename": "Kadappanthangal          ",
    "villagetname": "கடப்பந்தாங்கல்                                                                                                               "
  },
  {
    "villagecode": "063",
    "villagename": "Karikkanthangal          ",
    "villagetname": "கரிக்கந்தாங்கல்                                                                                                              "
  },
  {
    "villagecode": "046",
    "villagename": "Karivedu                 ",
    "villagetname": "கரிவேடு                                                                                                                      "
  },
  {
    "villagecode": "006",
    "villagename": "Kavanoor                 ",
    "villagetname": "காவனூர்                                                                                                                      "
  },
  {
    "villagecode": "061",
    "villagename": "Keerampadi               ",
    "villagetname": "கீராம்பாடி                                                                                                                   "
  },
  {
    "villagecode": "049",
    "villagename": "Kilambadi                ",
    "villagetname": "கிளாம்பாடி                                                                                                                   "
  },
  {
    "villagecode": "062",
    "villagename": "Kilanthangal             ",
    "villagetname": "கிளாந்தாங்கல்                                                                                                                "
  },
  {
    "villagecode": "050",
    "villagename": "Kukundi                  ",
    "villagetname": "குக்குண்டி                                                                                                                   "
  },
  {
    "villagecode": "042",
    "villagename": "Kuncharappantgl.         ",
    "villagetname": "குஞ்சரப்பந்தாங்கல்                                                                                                           "
  },
  {
    "villagecode": "002",
    "villagename": "Kuppam                   ",
    "villagetname": "குப்பம்                                                                                                                      "
  },
  {
    "villagecode": "047",
    "villagename": "Ladavaram                ",
    "villagetname": "லாடாவரம்                                                                                                                     "
  },
  {
    "villagecode": "040",
    "villagename": "Mangadu                  ",
    "villagetname": "மாங்காடு                                                                                                                     "
  },
  {
    "villagecode": "032",
    "villagename": "Maruthuvambadi           ",
    "villagetname": "மருத்துவம்பாடி                                                                                                               "
  },
  {
    "villagecode": "057",
    "villagename": "Mecheri                  ",
    "villagetname": "மேச்சேரி                                                                                                                     "
  },
  {
    "villagecode": "012",
    "villagename": "Melaththangal            ",
    "villagetname": "மேலத்தாங்கல்                                                                                                                 "
  },
  {
    "villagecode": "008",
    "villagename": "Mel Nckm.Plym.           ",
    "villagetname": "மேல்நாயக்கன்பாளையம்                                                                                                          "
  },
  {
    "villagecode": "015",
    "villagename": "Mosur                    ",
    "villagetname": "மோசூர்                                                                                                                       "
  },
  {
    "villagecode": "058",
    "villagename": "Mulluvadi                ",
    "villagetname": "முள்ளுவாடி                                                                                                                   "
  },
  {
    "villagecode": "038",
    "villagename": "Muppathuvetti            ",
    "villagetname": "முப்பதுவெட்டி                                                                                                                "
  },
  {
    "villagecode": "010",
    "villagename": "Nambarai                 ",
    "villagetname": "நம்பரை                                                                                                                       "
  },
  {
    "villagecode": "045",
    "villagename": "Ozhalai                  ",
    "villagetname": "ஒழலை                                                                                                                         "
  },
  {
    "villagecode": "009",
    "villagename": "Padi                     ",
    "villagetname": "பாடி                                                                                                                         "
  },
  {
    "villagecode": "014",
    "villagename": "Palayam                  ",
    "villagetname": "பாளையம்                                                                                                                      "
  },
  {
    "villagecode": "060",
    "villagename": "Papperi                  ",
    "villagetname": "பாப்பேரி                                                                                                                     "
  },
  {
    "villagecode": "013",
    "villagename": "Paradarami               ",
    "villagetname": "பரதராமி                                                                                                                      "
  },
  {
    "villagecode": "005",
    "villagename": "Pattanam                 ",
    "villagetname": "பட்டணம்                                                                                                                      "
  },
  {
    "villagecode": "052",
    "villagename": "Perungalmedu             ",
    "villagetname": "பெருங்கல்மேடு                                                                                                                "
  },
  {
    "villagecode": "039",
    "villagename": "Poonkodu                 ",
    "villagetname": "பூங்கோடு                                                                                                                     "
  },
  {
    "villagecode": "048",
    "villagename": "Pudupadi                 ",
    "villagetname": "புதுப்பாடி                                                                                                                   "
  },
  {
    "villagecode": "003",
    "villagename": "Punganur                 ",
    "villagetname": "புங்கனூர்                                                                                                                    "
  },
  {
    "villagecode": "043",
    "villagename": "Punnappadi               ",
    "villagetname": "புன்னப்பாடி                                                                                                                  "
  },
  {
    "villagecode": "041",
    "villagename": "Sarvanthangal            ",
    "villagetname": "சர்வந்தாங்கல்                                                                                                                "
  },
  {
    "villagecode": "035",
    "villagename": "Sathur                   ",
    "villagetname": "சாத்தூர்                                                                                                                     "
  },
  {
    "villagecode": "065",
    "villagename": "Sembedu                  ",
    "villagetname": "செம்பேடு                                                                                                                     "
  },
  {
    "villagecode": "036",
    "villagename": "Tajpura                  ",
    "villagetname": "தாஜ்புரா                                                                                                                     "
  },
  {
    "villagecode": "017",
    "villagename": "Thamaraipakkam           ",
    "villagetname": "தாமரைப்பாக்கம்                                                                                                               "
  },
  {
    "villagecode": "031",
    "villagename": "Thimiri                  ",
    "villagetname": "திமிரி                                                                                                                       "
  },
  {
    "villagecode": "054",
    "villagename": "Valavanur                ",
    "villagetname": "வளவனூர்                                                                                                                      "
  },
  {
    "villagecode": "016",
    "villagename": "Vanakkampadi             ",
    "villagetname": "வணக்கம்பாடி                                                                                                                  "
  },
  {
    "villagecode": "004",
    "villagename": "Varagur                  ",
    "villagetname": "வரகூர்                                                                                                                       "
  },
  {
    "villagecode": "064",
    "villagename": "Vellur                   ",
    "villagetname": "வேளுர்                                                                                                                       "
  },
  {
    "villagecode": "001",
    "villagename": "Venkatapuram             ",
    "villagetname": "வெங்கடாபுரம்                                                                                                                 "
  },
  {
    "villagecode": "034",
    "villagename": "Vilappakkam              ",
    "villagetname": "விளாபாக்கம்                                                                                                                  "
  },
  {
    "villagecode": "033",
    "villagename": "Vilari                   ",
    "villagetname": "விளாரி                                                                                                                       "
  }
]
