[
  {
    "villagecode": "022",
    "villagename": "Alanganeri               ",
    "villagetname": "ஆலங்கனேரி                                                                                                                    "
  },
  {
    "villagecode": "020",
    "villagename": "Angarankuppam            ",
    "villagetname": "அங்காரங்குப்பம்                                                                                                              "
  },
  {
    "villagecode": "038",
    "villagename": "Annangudi                ",
    "villagetname": "அன்னங்குடி                                                                                                                   "
  },
  {
    "villagecode": "044",
    "villagename": "Arumpakkam               ",
    "villagetname": "அரும்பாக்கம்                                                                                                                 "
  },
  {
    "villagecode": "039",
    "villagename": "Bomminaickanpalayam      ",
    "villagetname": "பொம்மிநாயக்கன்பாளையம்                                                                                                        "
  },
  {
    "villagecode": "041",
    "villagename": "Chengee                  ",
    "villagetname": "செஞ்சி                                                                                                                       "
  },
  {
    "villagecode": "096",
    "villagename": "Chennakuppam             ",
    "villagetname": "சென்னங்குப்பம்                                                                                                               "
  },
  {
    "villagecode": "090",
    "villagename": "Devarishikuppam          ",
    "villagetname": "தேவரிஷிகுப்பம்                                                                                                               "
  },
  {
    "villagecode": "040",
    "villagename": "Kalampattu               ",
    "villagetname": "காளாம்பட்டு                                                                                                                  "
  },
  {
    "villagecode": "014",
    "villagename": "Kanguppam                ",
    "villagetname": "காங்குப்பம்                                                                                                                  "
  },
  {
    "villagecode": "095",
    "villagename": "Kavanur                  ",
    "villagetname": "காவனூர்                                                                                                                      "
  },
  {
    "villagecode": "092",
    "villagename": "Kilalathur               ",
    "villagetname": "கீழாலத்தூர்                                                                                                                  "
  },
  {
    "villagecode": "019",
    "villagename": "Kilmuttukur              ",
    "villagetname": "கீழ்முட்டூகூர்                                                                                                               "
  },
  {
    "villagecode": "027",
    "villagename": "Kilur                    ",
    "villagetname": "கீழுர்                                                                                                                       "
  },
  {
    "villagecode": "023",
    "villagename": "Kilvaithnankuppam        ",
    "villagetname": "கீழ்வைத்துணாங்குப்பம்                                                                                                        "
  },
  {
    "villagecode": "030",
    "villagename": "Kilvilachur              ",
    "villagetname": "கீழ்விலாச்சுர்                                                                                                               "
  },
  {
    "villagecode": "036",
    "villagename": "Kothamanglam             ",
    "villagetname": "கொத்தமங்கலம்                                                                                                                 "
  },
  {
    "villagecode": "045",
    "villagename": "Latteri                  ",
    "villagetname": "லத்தேரி                                                                                                                      "
  },
  {
    "villagecode": "012",
    "villagename": "Machanur                 ",
    "villagetname": "மாச்சனூர்                                                                                                                    "
  },
  {
    "villagecode": "017",
    "villagename": "Malayapattu              ",
    "villagetname": "மாளியாப்பட்டு                                                                                                                "
  },
  {
    "villagecode": "015",
    "villagename": "Melmangkuppam            ",
    "villagetname": "மேல்மாங்குப்பம்                                                                                                              "
  },
  {
    "villagecode": "018",
    "villagename": "Melmoil                  ",
    "villagetname": "மேல்மாயில்                                                                                                                   "
  },
  {
    "villagecode": "026",
    "villagename": "Melur                    ",
    "villagetname": "மேலூர்                                                                                                                       "
  },
  {
    "villagecode": "031",
    "villagename": "Melvillachur             ",
    "villagetname": "மேல்விலாச்சுர்                                                                                                               "
  },
  {
    "villagecode": "029",
    "villagename": "Mudinambattu             ",
    "villagetname": "முடினாம்பட்டு                                                                                                                "
  },
  {
    "villagecode": "013",
    "villagename": "Murukkambattu            ",
    "villagetname": "முருக்கம்பட்டு                                                                                                               "
  },
  {
    "villagecode": "091",
    "villagename": "Nagal                    ",
    "villagetname": "நாகல்                                                                                                                        "
  },
  {
    "villagecode": "093",
    "villagename": "Netteri                  ",
    "villagetname": "நெட்டேரி                                                                                                                     "
  },
  {
    "villagecode": "047",
    "villagename": "Oolaiyathur              ",
    "villagetname": "ஒழையாத்தூர்                                                                                                                  "
  },
  {
    "villagecode": "097",
    "villagename": "Palayakrishnapuram       ",
    "villagetname": "பழையகிருஷ்ணாபுரம்                                                                                                            "
  },
  {
    "villagecode": "016",
    "villagename": "Panamadangi              ",
    "villagetname": "பனமடங்கி                                                                                                                     "
  },
  {
    "villagecode": "094",
    "villagename": "Pasumathur               ",
    "villagetname": "பசுமாத்தூர்                                                                                                                  "
  },
  {
    "villagecode": "025",
    "villagename": "Pillanthipattu           ",
    "villagetname": "பில்லாந்திபட்டு                                                                                                              "
  },
  {
    "villagecode": "037",
    "villagename": "Shozhamur                ",
    "villagetname": "சோழமூர்                                                                                                                      "
  },
  {
    "villagecode": "048",
    "villagename": "Thirumani                ",
    "villagetname": "திருமணி                                                                                                                      "
  },
  {
    "villagecode": "042",
    "villagename": "Thondanthulasi           ",
    "villagetname": "தொண்டான்துளசி                                                                                                                "
  },
  {
    "villagecode": "021",
    "villagename": "Thuthithangal            ",
    "villagetname": "துத்தித்தாங்கல்                                                                                                              "
  },
  {
    "villagecode": "028",
    "villagename": "Vadavirinchipuram        ",
    "villagetname": "வடவிரிஞ்சிபுரம்                                                                                                              "
  },
  {
    "villagecode": "032",
    "villagename": "Vaduganthangal           ",
    "villagetname": "வடுகந்தாங்கல்                                                                                                                "
  },
  {
    "villagecode": "035",
    "villagename": "Valvankundram            ",
    "villagetname": "வாழ்வாங்குன்றம்                                                                                                              "
  },
  {
    "villagecode": "034",
    "villagename": "Velambattu               ",
    "villagetname": "வேலம்பட்டு                                                                                                                   "
  },
  {
    "villagecode": "024",
    "villagename": "Veppanganeri             ",
    "villagetname": "வேப்பங்கனேரி                                                                                                                 "
  },
  {
    "villagecode": "033",
    "villagename": "Vikramachi               ",
    "villagetname": "விக்கிரமாச்சி                                                                                                                "
  },
  {
    "villagecode": "046",
    "villagename": "Vilunthakkal             ",
    "villagetname": "விழுந்தாகால்                                                                                                                 "
  }
]
