[
  {
    "villagecode": "045",
    "villagename": "Abisekapatti             ",
    "villagetname": "அபிஷேகப்பட்டி                                                                                                                "
  },
  {
    "villagecode": "017",
    "villagename": "Alaganeri                ",
    "villagetname": "அழகனேரி-க                                                                                                                    "
  },
  {
    "villagecode": "014",
    "villagename": "Alangaperi               ",
    "villagetname": "அலங்காரப்பேரி                                                                                                                "
  },
  {
    "villagecode": "024",
    "villagename": "Anantha Krishanapuram    ",
    "villagetname": "அனந்த கிருஷ்ணாபுரம்                                                                                                          "
  },
  {
    "villagecode": "050",
    "villagename": "Arugankulam              ",
    "villagetname": "அருகன்குளம்                                                                                                                  "
  },
  {
    "villagecode": "122",
    "villagename": "Gangaikondan             ",
    "villagetname": "கங்கைகொண்டான்-2                                                                                                              "
  },
  {
    "villagecode": "012",
    "villagename": "Gangaikondan             ",
    "villagetname": "கங்கைகொண்டான்-1                                                                                                              "
  },
  {
    "villagecode": "019",
    "villagename": "Kalkurichi               ",
    "villagetname": "கல்குறிச்சி                                                                                                                  "
  },
  {
    "villagecode": "081",
    "villagename": "Karunkadu                ",
    "villagetname": "கருங்காடு                                                                                                                    "
  },
  {
    "villagecode": "038",
    "villagename": "Karuvanallur             ",
    "villagetname": "கருவநல்லூர்                                                                                                                  "
  },
  {
    "villagecode": "020",
    "villagename": "Kattalai Udayaneri       ",
    "villagetname": "கட்டளை உதயனேரி                                                                                                               "
  },
  {
    "villagecode": "022",
    "villagename": "Kattampuli               ",
    "villagetname": "காட்டாம்புளி                                                                                                                 "
  },
  {
    "villagecode": "071",
    "villagename": "Kodaganallur             ",
    "villagetname": "கோடகநல்லூர்                                                                                                                  "
  },
  {
    "villagecode": "075",
    "villagename": "Kondanagaram             ",
    "villagetname": "கொண்டாநகரம்                                                                                                                  "
  },
  {
    "villagecode": "015",
    "villagename": "Kuppakurichi             ",
    "villagetname": "குப்பக்குறிச்சி                                                                                                              "
  },
  {
    "villagecode": "062",
    "villagename": "Megamudaiyarkulam        ",
    "villagetname": "மேகமுடையார்குளம்                                                                                                             "
  },
  {
    "villagecode": "070",
    "villagename": "Melakallur               ",
    "villagetname": "மேலக்கல்லூர்                                                                                                                 "
  },
  {
    "villagecode": "025",
    "villagename": "Naranammalpuram Part-1   ",
    "villagetname": "நாரணம்மாள்புரம் பகுதி-1                                                                                                      "
  },
  {
    "villagecode": "252",
    "villagename": "Naranammalpuram  Part-2  ",
    "villagetname": "நாரணம்மாள்புரம் பகுதி-2                                                                                                      "
  },
  {
    "villagecode": "080",
    "villagename": "Narasinga Nallur         ",
    "villagetname": "நரசிங்க நல்லூர்                                                                                                              "
  },
  {
    "villagecode": "021",
    "villagename": "Palamadai                ",
    "villagetname": "பாலாமடை                                                                                                                      "
  },
  {
    "villagecode": "072",
    "villagename": "Palavoor                 ",
    "villagetname": "பழவூர்                                                                                                                       "
  },
  {
    "villagecode": "013",
    "villagename": "Pathinalamperi           ",
    "villagetname": "பதினாலாம்பேரி                                                                                                                "
  },
  {
    "villagecode": "602",
    "villagename": "Pettai-1                 ",
    "villagetname": "பேட்டை-1                                                                                                                     "
  },
  {
    "villagecode": "060",
    "villagename": "Pettai-2                 ",
    "villagetname": "பேட்டை-2                                                                                                                     "
  },
  {
    "villagecode": "035",
    "villagename": "Pudur                    ",
    "villagetname": "புதூர்                                                                                                                       "
  },
  {
    "villagecode": "023",
    "villagename": "Rajavallipuram           ",
    "villagetname": "ராஜவல்லிபுரம்                                                                                                                "
  },
  {
    "villagecode": "063",
    "villagename": "Ramalinganeri            ",
    "villagetname": "ராமலிங்கனேரி                                                                                                                 "
  },
  {
    "villagecode": "046",
    "villagename": "Ramayanpatti             ",
    "villagetname": "ராமையன்பட்டி                                                                                                                 "
  },
  {
    "villagecode": "069",
    "villagename": "Sanganthiradu            ",
    "villagetname": "சங்கன்திரடு                                                                                                                  "
  },
  {
    "villagecode": "037",
    "villagename": "Seethaparpanallur        ",
    "villagetname": "சீதபற்பநல்லூர்                                                                                                               "
  },
  {
    "villagecode": "041",
    "villagename": "Sirukankurichi           ",
    "villagetname": "சிறுக்கன் குறிச்சி                                                                                                           "
  },
  {
    "villagecode": "016",
    "villagename": "Sivagurunathanthiruthu   ",
    "villagetname": "சிவகுருநாதன் திருத்து                                                                                                        "
  },
  {
    "villagecode": "068",
    "villagename": "Sivaniyarpuram           ",
    "villagetname": "சிவனியார்குளம்                                                                                                               "
  },
  {
    "villagecode": "076",
    "villagename": "Suthamalli               ",
    "villagetname": "சுத்தமல்லி                                                                                                                   "
  },
  {
    "villagecode": "059",
    "villagename": "Thenpathu                ",
    "villagetname": "தென்பத்து                                                                                                                    "
  },
  {
    "villagecode": "065",
    "villagename": "Thirupanikarisalkulam    ",
    "villagetname": "திருப்பணி கரிசல்குளம்                                                                                                        "
  },
  {
    "villagecode": "067",
    "villagename": "Thirupaninellaiyapuram   ",
    "villagetname": "திருப்பணி நெல்லையாபுரம்                                                                                                      "
  },
  {
    "villagecode": "066",
    "villagename": "Thulukarkulam            ",
    "villagetname": "துலுக்கர்குளம்                                                                                                               "
  },
  {
    "villagecode": "074",
    "villagename": "Thuvarasi                ",
    "villagetname": "துவராசி                                                                                                                      "
  },
  {
    "villagecode": "018",
    "villagename": "Udayaneri                ",
    "villagetname": "உதயனேரி                                                                                                                      "
  },
  {
    "villagecode": "036",
    "villagename": "Uganthanpatti            ",
    "villagetname": "உகந்தான்பட்டி                                                                                                                "
  },
  {
    "villagecode": "073",
    "villagename": "Vadugampatti             ",
    "villagetname": "வடுகன்பட்டி                                                                                                                  "
  },
  {
    "villagecode": "039",
    "villagename": "Velarkulam               ",
    "villagetname": "வேளார்குளம்                                                                                                                  "
  },
  {
    "villagecode": "047",
    "villagename": "Veppankulam              ",
    "villagetname": "வேப்பன்குளம்                                                                                                                 "
  },
  {
    "villagecode": "040",
    "villagename": "Vettuvankulam            ",
    "villagetname": "வெட்டுவான்குளம்                                                                                                              "
  }
]
