[
  {
    "villagecode": "006",
    "villagename": "Achampathu               ",
    "villagetname": "6 அச்சம்பத்து                                                                                                                "
  },
  {
    "villagecode": "008",
    "villagename": "Arappalayam              ",
    "villagetname": "ஆரப்பாளையம்                                                                                                                  "
  },
  {
    "villagecode": "011",
    "villagename": "Erkudi                   ",
    "villagetname": "7 ஏற்குடி                                                                                                                    "
  },
  {
    "villagecode": "014",
    "villagename": "Karadipatti              ",
    "villagetname": "15 கரடிப்பட்டி                                                                                                               "
  },
  {
    "villagecode": "023",
    "villagename": "Keelakuilkudi            ",
    "villagetname": "13 கீழக்குயில்குடி                                                                                                           "
  },
  {
    "villagecode": "003",
    "villagename": "Keelamathur              ",
    "villagetname": "3 கீழமாத்தூர்                                                                                                                "
  },
  {
    "villagecode": "004",
    "villagename": "Keelmathikaattinan       ",
    "villagetname": "4 கீழ்மதிகாட்டினான்                                                                                                          "
  },
  {
    "villagecode": "007",
    "villagename": "Kochadai                 ",
    "villagetname": "கோச்சடை                                                                                                                      "
  },
  {
    "villagecode": "001",
    "villagename": "Kodimangalam             ",
    "villagetname": "1 கொடிமங்கலம்                                                                                                                "
  },
  {
    "villagecode": "010",
    "villagename": "Kokkulappi               ",
    "villagetname": "கொக்குளப்பி                                                                                                                  "
  },
  {
    "villagecode": "022",
    "villagename": "Melakuilkudi             ",
    "villagetname": "14 மேலக்குயில்குடி                                                                                                           "
  },
  {
    "villagecode": "002",
    "villagename": "Melamathur               ",
    "villagetname": "2 மேலமாத்தூர்                                                                                                                "
  },
  {
    "villagecode": "091",
    "villagename": "Melmadurai               ",
    "villagetname": "மேல்மதுரை                                                                                                                    "
  },
  {
    "villagecode": "009",
    "villagename": "Ponmeni                  ",
    "villagetname": "பொன்மேனி                                                                                                                     "
  },
  {
    "villagecode": "026",
    "villagename": "Pudukulam Bit 1          ",
    "villagetname": "9 புதுக்குளம் பிட் 1                                                                                                         "
  },
  {
    "villagecode": "012",
    "villagename": "Sambakkudi               ",
    "villagetname": "8 சம்பக்குடி                                                                                                                 "
  },
  {
    "villagecode": "024",
    "villagename": "Thattanur                ",
    "villagetname": "12 தட்டானூர்                                                                                                                 "
  },
  {
    "villagecode": "005",
    "villagename": "Thuvariman               ",
    "villagetname": "5 துவரிமான்                                                                                                                  "
  },
  {
    "villagecode": "015",
    "villagename": "Vadapalanchi             ",
    "villagetname": "16 வடபழஞ்சி                                                                                                                  "
  },
  {
    "villagecode": "025",
    "villagename": "Vadivelkarai             ",
    "villagetname": "11 வடிவேல்கரை                                                                                                                "
  },
  {
    "villagecode": "013",
    "villagename": "Vilacheri                ",
    "villagetname": "10 விளாச்சேரி                                                                                                                "
  }
]
