[
  {
    "villagecode": "014",
    "villagename": "Athirmanjeri             ",
    "villagetname": "அத்திமஞ்சேரி                                                                                                                 "
  },
  {
    "villagecode": "003",
    "villagename": "Dalvaipattadai           ",
    "villagetname": "தளவாய்பட்டடை                                                                                                                 "
  },
  {
    "villagecode": "044",
    "villagename": "Eachampadi               ",
    "villagetname": "(003) ஈச்சம்பாடி                                                                                                             "
  },
  {
    "villagecode": "008",
    "villagename": "Gollalakuppaam           ",
    "villagetname": "கொல்லாலகுப்பம்                                                                                                               "
  },
  {
    "villagecode": "043",
    "villagename": "I.V.Pattadai             ",
    "villagetname": "(002) இருதலைவாரப்பட்டடை                                                                                                      "
  },
  {
    "villagecode": "052",
    "villagename": "Kakkalur                 ",
    "villagetname": "(010) காக்களுர                                                                                                               "
  },
  {
    "villagecode": "007",
    "villagename": "Karimbedu                ",
    "villagetname": "கரிம்பேடு                                                                                                                    "
  },
  {
    "villagecode": "013",
    "villagename": "Karlamnakkam             ",
    "villagetname": "கர்லம்பாக்கம்                                                                                                                "
  },
  {
    "villagecode": "018",
    "villagename": "Keechalam                ",
    "villagetname": "கீச்சலம்                                                                                                                     "
  },
  {
    "villagecode": "050",
    "villagename": "Kellpudi                 ",
    "villagetname": "(006) கீளப்புடி                                                                                                              "
  },
  {
    "villagecode": "015",
    "villagename": "Kodivalasa               ",
    "villagetname": "கொடிவலசா                                                                                                                     "
  },
  {
    "villagecode": "005",
    "villagename": "Kolathur                 ",
    "villagetname": "கொளத்தூர்                                                                                                                    "
  },
  {
    "villagecode": "012",
    "villagename": "Konasamudram             ",
    "villagetname": "கோணசமுத்திரம்                                                                                                                "
  },
  {
    "villagecode": "054",
    "villagename": "Kothakuppam              ",
    "villagetname": "(012) கொத்தகுப்பம்                                                                                                           "
  },
  {
    "villagecode": "020",
    "villagename": "Krishnamarajakuppam      ",
    "villagetname": "கிருஷ்ணமராஜகுப்பம்                                                                                                           "
  },
  {
    "villagecode": "047",
    "villagename": "Kumarajapettai           ",
    "villagetname": "(004) குமாராஜிபேட்டை                                                                                                         "
  },
  {
    "villagecode": "048",
    "villagename": "Mallpudi                 ",
    "villagetname": "(005) மேலப்புடி                                                                                                              "
  },
  {
    "villagecode": "006",
    "villagename": "Nediyam                  ",
    "villagetname": "நெடியம்                                                                                                                      "
  },
  {
    "villagecode": "017",
    "villagename": "Nedugal                  ",
    "villagetname": "நெடுகல்                                                                                                                      "
  },
  {
    "villagecode": "016",
    "villagename": "Nochili                  ",
    "villagetname": "நொச்சிலி                                                                                                                     "
  },
  {
    "villagecode": "055",
    "villagename": "Nochili (W)              ",
    "villagetname": "(016) நொச்சிலி (மே)                                                                                                          "
  },
  {
    "villagecode": "009",
    "villagename": "Pandaravedu              ",
    "villagetname": "பாண்டரவேடு                                                                                                                   "
  },
  {
    "villagecode": "004",
    "villagename": "Perumanallur             ",
    "villagetname": "பெருமாநல்லூர்                                                                                                                "
  },
  {
    "villagecode": "010",
    "villagename": "Pettaikandigai           ",
    "villagetname": "பேட்டைகண்டிகை                                                                                                                "
  },
  {
    "villagecode": "011",
    "villagename": "Podaturpet               ",
    "villagetname": "பொதட்டூர்பேட்டை                                                                                                              "
  },
  {
    "villagecode": "053",
    "villagename": "Podhaturpet (W)          ",
    "villagetname": "(011) பொதட்டுரபேட்டை(மே)                                                                                                     "
  },
  {
    "villagecode": "045",
    "villagename": "Pudupet                  ",
    "villagetname": "(003) புதுப்பட்டு                                                                                                            "
  },
  {
    "villagecode": "051",
    "villagename": "Puniyam                  ",
    "villagetname": "(007) புண்ணியம்                                                                                                              "
  },
  {
    "villagecode": "019",
    "villagename": "Ramasamudram             ",
    "villagetname": "ராமசமுத்திரம்                                                                                                                "
  },
  {
    "villagecode": "049",
    "villagename": "Samathawada              ",
    "villagetname": "(006) சாமந்தவாடா                                                                                                             "
  },
  {
    "villagecode": "046",
    "villagename": "Thirumalrajapettai       ",
    "villagetname": "(004) திருமல்ராஜிபேட்டை                                                                                                      "
  },
  {
    "villagecode": "002",
    "villagename": "Veliagaram               ",
    "villagetname": "வெளியகரம்                                                                                                                    "
  },
  {
    "villagecode": "001",
    "villagename": "Venkatarajakuppam        ",
    "villagetname": "வெங்கட்ராஜகுப்பம்                                                                                                            "
  }
]
