[
  {
    "townCode": "009",
    "townName": "Aminjikarai"
  },
  {
    "townCode": "011",
    "townName": "Arumbakkam"
  },
  {
    "townCode": "004",
    "townName": "Chinnakudal"
  },
  {
    "townCode": "007",
    "townName": "Koyembedu"
  },
  {
    "townCode": "002",
    "townName": "Mullam"
  },
  {
    "townCode": "006",
    "townName": "Naduvankarai"
  },
  {
    "townCode": "003",
    "townName": "Periyakudal"
  },
  {
    "townCode": "008",
    "townName": "Sencheri"
  },
  {
    "townCode": "005",
    "townName": "Thirumangalam"
  },
  {
    "townCode": "010",
    "townName": "Vada Agaram"
  },
  {
    "townCode": "001",
    "townName": "Villivakkam"
  }
]
