[
  {
    "townCode": "004",
    "townName": "Erukkencheri"
  },
  {
    "townCode": "001",
    "townName": "Jambuli"
  },
  {
    "townCode": "003",
    "townName": "Kondungaiyur"
  },
  {
    "townCode": "005",
    "townName": "Perambur (Part 1)"
  },
  {
    "townCode": "007",
    "townName": "Perambur (Part 2)"
  },
  {
    "townCode": "008",
    "townName": "Perambur (Part 3)"
  },
  {
    "townCode": "002",
    "townName": "Selavoyal"
  },
  {
    "townCode": "006",
    "townName": "Sembium"
  }
]
