[
  {
    "townCode": "013",
    "townName": "Nagercoil North"
  },
  {
    "townCode": "033",
    "townName": "Nagercoil South"
  },
  {
    "townCode": "038",
    "townName": "Neendakarai A East"
  },
  {
    "townCode": "014",
    "townName": "Vadasery East"
  },
  {
    "townCode": "037",
    "townName": "Vadasery South"
  },
  {
    "townCode": "036",
    "townName": "Vadasery West"
  },
  {
    "townCode": "030",
    "townName": "Vadeveeswaram North"
  },
  {
    "townCode": "031",
    "townName": "Vadeveeswaram South"
  }
]
