[
  {
    "townCode": "004",
    "townName": "Kaanagam"
  },
  {
    "townCode": "006",
    "townName": "Kalikundram"
  },
  {
    "townCode": "005",
    "townName": "Pallipattu"
  },
  {
    "townCode": "003",
    "townName": "Taramani"
  },
  {
    "townCode": "008",
    "townName": "Thiruvanmiyur"
  },
  {
    "townCode": "007",
    "townName": "Urur"
  },
  {
    "townCode": "001",
    "townName": "Velacheri (Part 1)"
  },
  {
    "townCode": "002",
    "townName": "Velacheri (Part 2)"
  }
]
