[
  {
    "townCode": "003",
    "townName": "Adayar (Part 1)"
  },
  {
    "townCode": "007",
    "townName": "Adayar (Part 2)"
  },
  {
    "townCode": "002",
    "townName": "Alandur"
  },
  {
    "townCode": "001",
    "townName": "Ekkatuthangal"
  },
  {
    "townCode": "005",
    "townName": "Govt.Farm"
  },
  {
    "townCode": "008",
    "townName": "Guindy Park"
  },
  {
    "townCode": "009",
    "townName": "Kottur"
  },
  {
    "townCode": "004",
    "townName": "T.Nagar"
  },
  {
    "townCode": "006",
    "townName": "Venkatapuram"
  }
]
