[
  {
    "tcode": "01",
    "tname": "Dharmapuri          ",
    "ttname": "தருமபுரி            ",
    "nflag": "Y"
  },
  {
    "tcode": "02",
    "tname": "Harur               ",
    "ttname": "அரூர்               ",
    "nflag": "Y"
  },
  {
    "tcode": "07",
    "tname": "Karimangalam",
    "ttname": "காரிமங்கலம்",
    "nflag": "Y"
  },
  {
    "tcode": "08",
    "tname": "Nallampalli",
    "ttname": "நல்லம்பள்ளி",
    "nflag": "Y"
  },
  {
    "tcode": "06",
    "tname": "Palacode            ",
    "ttname": "பாலக்கோடு           ",
    "nflag": "Y"
  },
  {
    "tcode": "04",
    "tname": "Pappireddipatty     ",
    "ttname": "பாப்பிரெட்டிப்பட்டி ",
    "nflag": "Y"
  },
  {
    "tcode": "03",
    "tname": "Pennagaram          ",
    "ttname": "பென்னாகரம்          ",
    "nflag": "Y"
  }
]
