[
  {
    "tcode": "09",
    "tname": "Ambur               ",
    "ttname": "ஆம்பூர்             ",
    "nflag": "Y"
  },
  {
    "tcode": "11",
    "tname": "Natarampalli",
    "ttname": "நாட்றம்பள்ளி",
    "nflag": "Y"
  },
  {
    "tcode": "07",
    "tname": "Tirupathur",
    "ttname": "திருப்பத்தூர்       ",
    "nflag": "Y"
  },
  {
    "tcode": "06",
    "tname": "Vaniyambadi         ",
    "ttname": "வாணியம்பாடி         ",
    "nflag": "Y"
  }
]
