[
  {
    "tcode": "04",
    "tname": "Chengalpattu        ",
    "ttname": "செங்கல்பட்டு        ",
    "nflag": "Y"
  },
  {
    "tcode": "08",
    "tname": "Cheyyur             ",
    "ttname": "செய்யூர்            ",
    "nflag": "Y"
  },
  {
    "tcode": "07",
    "tname": "Maduranthagam       ",
    "ttname": "மதுராந்தகம்         ",
    "nflag": "Y"
  },
  {
    "tcode": "13",
    "tname": "Pallavaram          ",
    "ttname": "பல்லாவரம்                     ",
    "nflag": "Y"
  },
  {
    "tcode": "05",
    "tname": "Tambaram            ",
    "ttname": "தாம்பரம்            ",
    "nflag": "Y"
  },
  {
    "tcode": "11",
    "tname": "Thiruporur          ",
    "ttname": "திருப்போரூர்        ",
    "nflag": "Y"
  },
  {
    "tcode": "06",
    "tname": "Tirukalukundram     ",
    "ttname": "திருக்கழுக்குன்றம்  ",
    "nflag": "Y"
  },
  {
    "tcode": "15",
    "tname": "Vandalur",
    "ttname": "வண்டலூர்",
    "nflag": "Y"
  }
]
