[
  {
    "tcode": "08",
    "tname": "Koothanallur",
    "ttname": "கூத்தாநல்லூர்",
    "nflag": "Y"
  },
  {
    "tcode": "03",
    "tname": "Kudavasal",
    "ttname": "குடவாசல்",
    "nflag": "Y"
  },
  {
    "tcode": "06",
    "tname": "Mannargudi",
    "ttname": "மன்னார்குடி",
    "nflag": "Y"
  },
  {
    "tcode": "09",
    "tname": "Muthpettai",
    "ttname": "முத்துப்பேட்டை",
    "nflag": "Y"
  },
  {
    "tcode": "02",
    "tname": "Nannilam",
    "ttname": "நன்னிலம்",
    "nflag": "Y"
  },
  {
    "tcode": "05",
    "tname": "Needamangalam",
    "ttname": "நீடாமங்கலம்",
    "nflag": "Y"
  },
  {
    "tcode": "07",
    "tname": "Thiruthuraipoondi",
    "ttname": "திருத்துறைப்பூண்டி",
    "nflag": "Y"
  },
  {
    "tcode": "01",
    "tname": "Thiruvarur",
    "ttname": "திருவாரூர்",
    "nflag": "Y"
  },
  {
    "tcode": "04",
    "tname": "Valangaiman",
    "ttname": "வலங்கைமான்",
    "nflag": "Y"
  }
]
