[
  {
    "tcode": "09",
    "tname": "Bhuvanagiri",
    "ttname": "புவனகிரி",
    "nflag": "Y"
  },
  {
    "tcode": "03",
    "tname": "Chidambaram",
    "ttname": "சிதம்பரம்",
    "nflag": "Y"
  },
  {
    "tcode": "01",
    "tname": "Cuddalore",
    "ttname": "கடலூர்",
    "nflag": "Y"
  },
  {
    "tcode": "04",
    "tname": "Kattumannarkoil",
    "ttname": "காட்டுமன்னாரகோயில்",
    "nflag": "Y"
  },
  {
    "tcode": "07",
    "tname": "Kurinjipadi",
    "ttname": "குறிஞ்சிப்பாடி",
    "nflag": "Y"
  },
  {
    "tcode": "02",
    "tname": "Panruti",
    "ttname": "பண்ருட்டி",
    "nflag": "Y"
  },
  {
    "tcode": "10",
    "tname": "Srimushnam",
    "ttname": "ஸ்ரீமுஷ்ணம் ",
    "nflag": "Y"
  },
  {
    "tcode": "06",
    "tname": "Titagudi",
    "ttname": "திட்டக்குடி",
    "nflag": "Y"
  },
  {
    "tcode": "08",
    "tname": "Veppur",
    "ttname": "வேப்பூர்            ",
    "nflag": "Y"
  },
  {
    "tcode": "05",
    "tname": "Vridhachalam",
    "ttname": "விருத்தாசலம்",
    "nflag": "Y"
  }
]
