[
  {
    "tcode": "08",
    "tname": "Kuthalam            ",
    "ttname": "குத்தாலம            ",
    "nflag": "Y"
  },
  {
    "tcode": "05",
    "tname": "Mayiladuthurai      ",
    "ttname": "மயிலாடுதுறை         ",
    "nflag": "Y"
  },
  {
    "tcode": "06",
    "tname": "Sirkazhi            ",
    "ttname": "சீர்காழி            ",
    "nflag": "Y"
  },
  {
    "tcode": "04",
    "tname": "Tharangambadi       ",
    "ttname": "தரங்கம்பாடி         ",
    "nflag": "Y"
  }
]
