[
  {
    "tcode": "21",
    "tname": "Devakottai          ",
    "ttname": "தேவகோட்டை           ",
    "nflag": "Y"
  },
  {
    "tcode": "13",
    "tname": "Ilayankudi          ",
    "ttname": "இளையான்குடி         ",
    "nflag": "Y"
  },
  {
    "tcode": "15",
    "tname": "Kalaiyarkovil       ",
    "ttname": "காளையார்கோவில்      ",
    "nflag": "Y"
  },
  {
    "tcode": "22",
    "tname": "Karaikudi           ",
    "ttname": "காரைக்குடி          ",
    "nflag": "Y"
  },
  {
    "tcode": "12",
    "tname": "Manamadurai         ",
    "ttname": "மானாமதுரை           ",
    "nflag": "Y"
  },
  {
    "tcode": "24",
    "tname": "Singampunari        ",
    "ttname": "சிங்கம்புணரி                  ",
    "nflag": "Y"
  },
  {
    "tcode": "11",
    "tname": "Sivaganga           ",
    "ttname": "சிவகங்கை            ",
    "nflag": "Y"
  },
  {
    "tcode": "23",
    "tname": "Thiruppattur        ",
    "ttname": "திருப்பத்தூர்       ",
    "nflag": "Y"
  },
  {
    "tcode": "14",
    "tname": "Thiruppuvanam       ",
    "ttname": "திருப்புவனம்        ",
    "nflag": "Y"
  }
]
