[
  {
    "tcode": "10",
    "tname": "Anaicut             ",
    "ttname": "அணைக்கட்டு          ",
    "nflag": "Y"
  },
  {
    "tcode": "05",
    "tname": "Gudiyatham          ",
    "ttname": "குடியாத்தம்         ",
    "nflag": "Y"
  },
  {
    "tcode": "08",
    "tname": "Katpadi             ",
    "ttname": "காட்பாடி            ",
    "nflag": "Y"
  },
  {
    "tcode": "14",
    "tname": "K.V. Kuppam",
    "ttname": "கே.வி. குப்பம்",
    "nflag": "Y"
  },
  {
    "tcode": "13",
    "tname": "Pernambut           ",
    "ttname": "பேரனாம்பட்டு        ",
    "nflag": "Y"
  },
  {
    "tcode": "01",
    "tname": "Vellore             ",
    "ttname": "வேலூர்              ",
    "nflag": "Y"
  }
]
