[
  {
    "tcode": "24",
    "tname": "Kalligudi",
    "ttname": "கள்ளிக்குடி         ",
    "nflag": "Y"
  },
  {
    "tcode": "15",
    "tname": "Madurai East",
    "ttname": "மதுரை கிழக்கு",
    "nflag": "Y"
  },
  {
    "tcode": "11",
    "tname": "Madurai North",
    "ttname": "மதுரை வடக்கு",
    "nflag": "Y"
  },
  {
    "tcode": "12",
    "tname": "Madurai South       ",
    "ttname": "மதுரை தெற்கு        ",
    "nflag": "Y"
  },
  {
    "tcode": "16",
    "tname": "Madurai West        ",
    "ttname": "மதுரை மேற்கு        ",
    "nflag": "Y"
  },
  {
    "tcode": "13",
    "tname": "Melur               ",
    "ttname": "மேலூர்              ",
    "nflag": "Y"
  },
  {
    "tcode": "22",
    "tname": "Peraiyur            ",
    "ttname": "பேரையூர்",
    "nflag": "Y"
  },
  {
    "tcode": "17",
    "tname": "Thirupparankundram  ",
    "ttname": "திருப்பரங்குன்றம்   ",
    "nflag": "Y"
  },
  {
    "tcode": "23",
    "tname": "Tirumangalam        ",
    "ttname": "திருமங்கலம்         ",
    "nflag": "Y"
  },
  {
    "tcode": "21",
    "tname": "Usilampatti         ",
    "ttname": "உசிலம்பட்டி         ",
    "nflag": "Y"
  },
  {
    "tcode": "14",
    "tname": "Vadipatti           ",
    "ttname": "வாடிப்பட்டி         ",
    "nflag": "Y"
  }
]
