[
  {
    "tcode": "09",
    "tname": "Chinnasalem         ",
    "ttname": "சின்னசேலம்          ",
    "nflag": "Y"
  },
  {
    "tcode": "07",
    "tname": "Kallakurichi        ",
    "ttname": "கள்ளக்குறிச்சி      ",
    "nflag": "Y"
  },
  {
    "tcode": "10",
    "tname": "Kalvarayan Hills",
    "ttname": "கல்வராயன் மலை",
    "nflag": "Y"
  },
  {
    "tcode": "08",
    "tname": "Sankarapuram        ",
    "ttname": "சங்கராபுரம்         ",
    "nflag": "Y"
  },
  {
    "tcode": "05",
    "tname": "Tirukkoilur         ",
    "ttname": "திருக்கோயிலூர்      ",
    "nflag": "Y"
  },
  {
    "tcode": "06",
    "tname": "Ulundurpet          ",
    "ttname": "உளுந்தூர்பேட்டை     ",
    "nflag": "Y"
  },
  {
    "tcode": "11",
    "tname": "Vanapuram",
    "ttname": "வாணாபுரம்",
    "nflag": "Y"
  }
]
