[
  {
    "dcode": "17",
    "dname": "Ariyalur",
    "dtname": "அரியலூர்"
  },
  {
    "dcode": "35",
    "dname": "Chengalpattu",
    "dtname": "செங்கல்பட்டு"
  },
  {
    "dcode": "02",
    "dname": "Chennai",
    "dtname": "சென்னை"
  },
  {
    "dcode": "12",
    "dname": "Coimbatore                    ",
    "dtname": "கோயம்புத்தூர்"
  },
  {
    "dcode": "18",
    "dname": "Cuddalore                     ",
    "dtname": "கடலூர்"
  },
  {
    "dcode": "05",
    "dname": "Dharmapuri",
    "dtname": "தர்மபுரி"
  },
  {
    "dcode": "13",
    "dname": "Dindigul                      ",
    "dtname": "திண்டுக்கல்"
  },
  {
    "dcode": "10",
    "dname": "Erode",
    "dtname": "ஈரோடு"
  },
  {
    "dcode": "33",
    "dname": "Kallakurichi",
    "dtname": "கள்ளக்குறிச்சி"
  },
  {
    "dcode": "03",
    "dname": "Kancheepuram",
    "dtname": "காஞ்சிபுரம்"
  },
  {
    "dcode": "30",
    "dname": "Kanniyakumari",
    "dtname": "கன்னியாகுமரி"
  },
  {
    "dcode": "14",
    "dname": "Karur                         ",
    "dtname": "கரூர்"
  },
  {
    "dcode": "31",
    "dname": "Krishnagiri                   ",
    "dtname": "கிருஷ்ணகிரி"
  },
  {
    "dcode": "24",
    "dname": "Madurai                       ",
    "dtname": "மதுரை"
  },
  {
    "dcode": "38",
    "dname": "Mayiladuthurai",
    "dtname": "மயிலாடுதுறை"
  },
  {
    "dcode": "19",
    "dname": "Nagapattinam                  ",
    "dtname": "நாகப்பட்டினம்"
  },
  {
    "dcode": "09",
    "dname": "Namakkal                      ",
    "dtname": "நாமக்கல்"
  },
  {
    "dcode": "16",
    "dname": "Perambalur                    ",
    "dtname": "பெரம்பலூர்"
  },
  {
    "dcode": "22",
    "dname": "Pudukkottai                   ",
    "dtname": "புதுக்கோட்டை"
  },
  {
    "dcode": "27",
    "dname": "Ramanathapuram                ",
    "dtname": "ராமநாதபுரம்"
  },
  {
    "dcode": "37",
    "dname": "Ranipet",
    "dtname": "இராணிப்பேட்டை"
  },
  {
    "dcode": "08",
    "dname": "Salem                         ",
    "dtname": "சேலம்"
  },
  {
    "dcode": "23",
    "dname": "Sivagangai                    ",
    "dtname": "சிவகங்கை"
  },
  {
    "dcode": "34",
    "dname": "Tenkasi",
    "dtname": "தென்காசி"
  },
  {
    "dcode": "21",
    "dname": "Thanjavur                     ",
    "dtname": "தஞ்சாவூர்"
  },
  {
    "dcode": "25",
    "dname": "Theni                         ",
    "dtname": "தேனி"
  },
  {
    "dcode": "11",
    "dname": "The Nilgiris",
    "dtname": "நீலகிரி"
  },
  {
    "dcode": "20",
    "dname": "Thiruvarur",
    "dtname": "தி௫வாரூர்"
  },
  {
    "dcode": "28",
    "dname": "Thoothukkudi                  ",
    "dtname": "தூத்துக்குடி"
  },
  {
    "dcode": "15",
    "dname": "Tiruchirappalli",
    "dtname": "திருச்சிராப்பள்ளி"
  },
  {
    "dcode": "29",
    "dname": "Tirunelveli                   ",
    "dtname": "திருநெல்வேலி"
  },
  {
    "dcode": "36",
    "dname": "Tirupathur",
    "dtname": "திருப்பத்தூர்"
  },
  {
    "dcode": "32",
    "dname": "Tiruppur",
    "dtname": "திருப்பூர்"
  },
  {
    "dcode": "01",
    "dname": "Tiruvallur                    ",
    "dtname": "திருவள்ளூர்"
  },
  {
    "dcode": "06",
    "dname": "Tiruvannamalai                ",
    "dtname": "திருவண்ணாமலை"
  },
  {
    "dcode": "04",
    "dname": "Vellore                       ",
    "dtname": "வேலூர்"
  },
  {
    "dcode": "07",
    "dname": "Viluppuram",
    "dtname": "விழுப்புரம்"
  },
  {
    "dcode": "26",
    "dname": "Virudhunagar                  ",
    "dtname": "விருதுநகர்"
  }
]
